order_id,customer_city,customer_pincode,package_amount,product_sku,warehouse_address,warehouse_pincode,warehouse_city,order_date,pickup_date,first_attempt_date,delivery_date,edd,ndr_reason,payment_mode,current_status,shipment_uid,customer_name_masked,customer_phone_masked,customer_address_masked,dq_flags,data_confidence_core
111114979029,CHENNAI,600119,399,SYE-2456815,"ABC, Bhiwandi, Mumbai, Maharashtra",400016,Mumbai,2026-01-01,2026-01-02,2026-01-09,2026-01-09,2026-01-06,Not Applicable,Cod,Delivered,2A28A39873,J*** C***,XXXXXX4635,[REDACTED - CHENNAI],,ACTUAL
110214873915,Varanasi,221010,686,YGS-2543899,"ABC, Bhiwandi, Mumbai, Maharashtra",400016,Mumbai,2026-01-01,2026-01-03,2026-01-07,,2026-01-06,Customer refused delivery,Cod,RTO,194402498E,M*** C***,XXXXXX2702,[REDACTED - Varanasi],,ACTUAL
111014972463,Bhopal,462023,1304,SN-2139922,"ABC, Bhiwandi, Mumbai, Maharashtra",400016,Mumbai,2026-01-01,2026-01-03,2026-01-07,,2026-01-05,Landmark missing,Prepaid,RTO,CC6E508FE7,K*** C***,XXXXXX2499,[REDACTED - Bhopal],,ACTUAL
110714930704,Nagaon,782136,1079,YTS-2688042,"ABC, Bhiwandi, Mumbai, Maharashtra",400016,Mumbai,2026-01-01,2026-01-03,2026-01-06,,2026-01-05,Customer not available,Cod,RTO,817DA542EA,A*** C***,XXXXXX7262,[REDACTED - Nagaon],,ACTUAL
110814941550,Warangal,506001,1019,SRS-2069367,"ABC, Bhiwandi, Mumbai, Maharashtra",400016,Mumbai,2026-01-01,2026-01-02,2026-01-05,2026-01-05,2026-01-05,Not Applicable,Prepaid,Delivered,113C263F7F,B*** C***,XXXXXX3722,[REDACTED - Warangal],,ACTUAL
111014969635,Pune,411057,752,ADX-2405647,"ABC, Bhiwandi, Mumbai, Maharashtra",400016,Mumbai,2026-01-01,2026-01-03,2026-01-04,2026-01-04,2026-01-05,Not Applicable,Cod,Delivered,FDC2C56E28,P*** C***,XXXXXX7379,[REDACTED - Pune],,ACTUAL
111214992875,Mumbai,400080,2540,SRS-2692923,"ABC, Bhiwandi, Mumbai, Maharashtra",400016,Mumbai,2026-01-01,2026-01-02,2026-01-06,,2026-01-05,COD payment declined,Cod,RTO,2D526F1593,A*** C***,XXXXXX1019,[REDACTED - Mumbai],,ACTUAL
110814942794,Chandigarh,160018,389,YBS-2221881,"ABC, Bhiwandi, Mumbai, Maharashtra",400016,Mumbai,2026-01-01,2026-01-03,2026-01-06,2026-01-08,2026-01-05,Delivery postponed by customer,Prepaid,Delivered,3C7B61F08F,S*** C***,XXXXXX3551,[REDACTED - Chandigarh],,ACTUAL
111114983022,New Delhi,110089,839,LSM-2739098,"ABC, Bhiwandi, Mumbai, Maharashtra",400016,Mumbai,2026-01-01,2026-01-02,2026-01-05,2026-01-05,2026-01-07,Not Applicable,Cod,Delivered,E2E43D5E54,D*** C***,XXXXXX6616,[REDACTED - New Delhi],,ACTUAL
111014972296,Pune,411028,752,THD-1642628,"ABC, Bhiwandi, Mumbai, Maharashtra",400016,Mumbai,2026-01-01,2026-01-02,2026-01-02,2026-01-02,2026-01-03,Customer requested re-attempt,Prepaid,Delivered,F41476D4D4,P*** C***,XXXXXX8321,[REDACTED - Pune],,ACTUAL
110414892085,Karnal,132001,819,XHZ-2690348,"ABC, Bhiwandi, Mumbai, Maharashtra",400016,Mumbai,2026-01-01,2026-01-03,2026-01-07,2026-01-07,2026-01-07,Not Applicable,Cod,Delivered,2310EF8E27,N*** C***,XXXXXX3478,[REDACTED - Karnal],,ACTUAL
110514910930,Kendujhar,758035,1589,SRS-2363489,"ABC, Bhiwandi, Mumbai, Maharashtra",400016,Mumbai,2026-01-01,2026-01-01,2026-01-02,2026-01-02,2026-01-03,Not Applicable,Cod,Delivered,4277BCF6E1,A*** C***,XXXXXX1247,[REDACTED - Kendujhar],,ACTUAL
111114972942,Ghaziabad,201010,1058,ADX-2041455,"ABC, Bhiwandi, Mumbai, Maharashtra",400016,Mumbai,2026-01-01,2026-01-02,2026-01-07,,2026-01-05,Customer not available,Cod,RTO,732A2E486C,K*** C***,XXXXXX6061,[REDACTED - Ghaziabad],,ACTUAL
110514909909,Jalandhar,144007,1247,BUC-2765550,"ABC, Bhiwandi, Mumbai, Maharashtra",400016,Mumbai,2026-01-01,2026-01-02,2026-01-02,2026-01-03,2026-01-04,Customer not available,Cod,Delivered,E4DDEFEC3D,J*** C***,XXXXXX2333,[REDACTED - Jalandhar],,ACTUAL
110614917619,Bangalore,560082,559,KRU-2645937,"ABC, Bhiwandi, Mumbai, Maharashtra",400016,Mumbai,2026-01-01,2026-01-02,2026-01-02,2026-01-02,2026-01-04,Not Applicable,Cod,Delivered,BFFE6D1D85,Z*** C***,XXXXXX1052,[REDACTED - Bangalore],,ACTUAL
111014969453,Ghaziabad,201010,1049,MP9-2492808,"ABC, Bhiwandi, Mumbai, Maharashtra",400016,Mumbai,2026-01-01,2026-01-02,2026-01-05,2026-01-05,2026-01-06,Not Applicable,Cod,Delivered,0BF0590CBF,P*** C***,XXXXXX5430,[REDACTED - Ghaziabad],,ACTUAL
110914961162,Bangalore,560066,587,THD-1804130,"ABC, Bhiwandi, Mumbai, Maharashtra",400016,Mumbai,2026-01-01,2026-01-02,2026-01-06,2026-01-06,2026-01-04,Not Applicable,Cod,Delivered,D249194303,B*** C***,XXXXXX2855,[REDACTED - Bangalore],,ACTUAL
101114601395,Mumbai,400080,1359,SRS-2752085,"ABC, Bhiwandi, Mumbai, Maharashtra",400016,Mumbai,2026-01-01,2026-01-03,2026-01-05,,2026-01-04,COD payment declined,Prepaid,RTO,FE52ABA6ED,T*** C***,XXXXXX6429,[REDACTED - Mumbai],,ACTUAL
111114974751,Thane,401105,685,QMB-2413643,"ABC, Bhiwandi, Mumbai, Maharashtra",400016,Mumbai,2026-01-01,2026-01-02,2026-01-03,2026-01-03,2026-01-04,Not Applicable,Cod,Delivered,B13085119A,A*** C***,XXXXXX6754,[REDACTED - Thane],,ACTUAL
110914958357,Patiala,147001,647,THD-1585039,"ABC, Bhiwandi, Mumbai, Maharashtra",400016,Mumbai,2026-01-01,2026-01-02,2026-01-06,2026-01-06,2026-01-05,Not Applicable,Cod,Delivered,9D9F20F956,I*** C***,XXXXXX7735,[REDACTED - Patiala],,ACTUAL
110914958338,Patiala,147001,449,YWB-2321711,"ABC, Bhiwandi, Mumbai, Maharashtra",400016,Mumbai,2026-01-01,2026-01-02,2026-01-07,2026-01-07,2026-01-09,Not Applicable,Prepaid,Delivered,120F92A453,I*** C***,XXXXXX7735,[REDACTED - Patiala],,ACTUAL
110914955467,West Delhi,110059,584,MBC-2786575,"ABC, Bhiwandi, Mumbai, Maharashtra",400016,Mumbai,2026-01-01,2026-01-02,2026-01-08,,2026-01-06,Customer refused delivery,Cod,RTO,5D3B9109E0,G*** C***,XXXXXX1863,[REDACTED - West Delhi],,ACTUAL
103114848462,Thane,421201,930,BCC-1837491,"ABC, Bhiwandi, Mumbai, Maharashtra",400016,Mumbai,2026-01-01,2026-01-02,2026-01-02,2026-01-02,2026-01-04,Not Applicable,Cod,Delivered,FB0A10E69A,P*** C***,XXXXXX4458,[REDACTED - Thane],,ACTUAL
110914952531,Hisar,125004,599,BUC-2734159,"ABC, Bhiwandi, Mumbai, Maharashtra",400016,Mumbai,2026-01-01,2026-01-02,2026-01-09,2026-01-09,2026-01-06,Not Applicable,Prepaid,Delivered,2DEF28409B,P*** C***,XXXXXX7379,[REDACTED - Hisar],,ACTUAL
110914950248,Noida,201301,808,WNX-2555175,"ABC, Bhiwandi, Mumbai, Maharashtra",400016,Mumbai,2026-01-01,2026-01-01,2026-01-04,2026-01-05,2026-01-05,Customer not available,Prepaid,Delivered,5F744262A6,S*** C***,XXXXXX5803,[REDACTED - Noida],,ACTUAL
110814942557,New Delhi,110027,777,RUO-2562848,"ABC, Bhiwandi, Mumbai, Maharashtra",400016,Mumbai,2026-01-01,2026-01-03,2026-01-05,2026-01-05,2026-01-06,Not Applicable,Prepaid,Delivered,DB6651830E,A*** C***,XXXXXX5978,[REDACTED - New Delhi],,ACTUAL
110214870821,Lucknow,226028,557,DUE-1510929,"ABC, Bhiwandi, Mumbai, Maharashtra",400016,Mumbai,2026-01-01,2026-01-02,,,2026-01-04,Not Applicable,Prepaid,In-Transit,A2C1837EA7,P*** C***,XXXXXX7310,[REDACTED - Lucknow],not_yet_attempted,ACTUAL
111114976506,North 24 Parganas,700055,848,JJS-2721412,"ABC, Bhiwandi, Mumbai, Maharashtra",400016,Mumbai,2026-01-01,2026-01-02,2026-01-04,2026-01-04,2026-01-04,Not Applicable,Prepaid,Delivered,837A9067E8,S*** C***,XXXXXX7749,[REDACTED - North 24 Parganas],,ACTUAL
110614917516,South Delhi,110017,782,YZK-2746256,"ABC, Bhiwandi, Mumbai, Maharashtra",400016,Mumbai,2026-01-01,2026-01-03,2026-01-06,2026-01-08,2026-01-06,Landmark missing,Prepaid,Delivered,5850B769F1,G*** C***,XXXXXX4600,[REDACTED - South Delhi],,ACTUAL
110714927383,Kanchipuram,600130,1559,HBM-2301309,"ABC, Bhiwandi, Mumbai, Maharashtra",400016,Mumbai,2026-01-01,2026-01-03,2026-01-05,,2026-01-05,COD payment declined,Cod,RTO,78525C3B13,R*** C***,XXXXXX6061,[REDACTED - Kanchipuram],,ACTUAL
110614917515,South Delhi,110017,1047,YZK-2736784,"ABC, Bhiwandi, Mumbai, Maharashtra",400016,Mumbai,2026-01-01,2026-01-01,,,2026-01-04,Not Applicable,Prepaid,Order Packed,2F374FE0F6,G*** C***,XXXXXX4600,[REDACTED - South Delhi],not_yet_attempted,ACTUAL
103014836345,Shimoga,577204,256,ETZ-2364677,"ABC, Bhiwandi, Mumbai, Maharashtra",400016,Mumbai,2026-01-01,2026-01-03,2026-01-07,2026-01-07,2026-01-07,Not Applicable,Cod,Delivered,8F9FAF0DB8,S*** C***,XXXXXX0992,[REDACTED - Shimoga],,ACTUAL
111014970832,North Delhi,110085,649,YWB-2626892,"ABC, Bhiwandi, Mumbai, Maharashtra",400016,Mumbai,2026-01-01,2026-01-02,2026-01-09,,2026-01-07,Customer not available,Prepaid,RTO,6AB4AF2A6F,D*** C***,XXXXXX2464,[REDACTED - North Delhi],,ACTUAL
111014969651,Hyderabad,500080,1008,THD-1584999,"ABC, Bhiwandi, Mumbai, Maharashtra",400016,Mumbai,2026-01-01,2026-01-02,2026-01-03,2026-01-03,2026-01-05,Not Applicable,Prepaid,Delivered,A03FE1A9AA,H*** C***,XXXXXX1135,[REDACTED - Hyderabad],,ACTUAL
111114983178,Thane,421301,956,VBB-2747427,"ABC, Bhiwandi, Mumbai, Maharashtra",400016,Mumbai,2026-01-01,2026-01-02,2026-01-07,2026-01-10,2026-01-09,Phone not reachable,Cod,Delivered,CF9B201D47,K*** C***,XXXXXX7739,[REDACTED - Thane],,ACTUAL
111114975378,Gurgaon,122002,604,QZY-2749996,"ABC, Bhiwandi, Mumbai, Maharashtra",400016,Mumbai,2026-01-01,2026-01-01,2026-01-05,2026-01-06,2026-01-06,Customer requested re-attempt,Cod,Delivered,F152FFB79E,A*** C***,XXXXXX7265,[REDACTED - Gurgaon],,ACTUAL
110714927197,Sambalpur,768006,899,BYN-2544700,"ABC, Bhiwandi, Mumbai, Maharashtra",400016,Mumbai,2026-01-01,2026-01-02,2026-01-05,,2026-01-04,COD payment declined,Cod,RTO,2965D69DF4,S*** C***,XXXXXX9300,[REDACTED - Sambalpur],,ACTUAL
111114974676,Ananthapur,515001,717,XHC-2706963,"ABC, Bhiwandi, Mumbai, Maharashtra",400016,Mumbai,2026-01-01,2026-01-02,2026-01-08,,2026-01-06,Landmark missing,Cod,RTO,7F9A62A88E,K*** C***,XXXXXX6564,[REDACTED - Ananthapur],,ACTUAL
110714926718,Thane,421503,661,YYG-2700912,"ABC, Bhiwandi, Mumbai, Maharashtra",400016,Mumbai,2026-01-01,2026-01-02,2026-01-05,2026-01-05,2026-01-05,Not Applicable,Cod,Delivered,5EA8345CAF,S*** C***,XXXXXX8150,[REDACTED - Thane],,ACTUAL
111014971217,Gautam Buddha Nagar,201301,821,CBS-2461098,"ABC, Bhiwandi, Mumbai, Maharashtra",400016,Mumbai,2026-01-01,2026-01-03,2026-01-05,2026-01-05,2026-01-05,Not Applicable,Prepaid,Delivered,0046FDC6A8,S*** C***,XXXXXX7566,[REDACTED - Gautam Buddha Nagar],,ACTUAL
111114974767,Gurgaon,122018,299,TSX-2717106,"ABC, Bhiwandi, Mumbai, Maharashtra",400016,Mumbai,2026-01-01,2026-01-01,2026-01-02,2026-01-03,2026-01-03,Customer not available,Cod,Delivered,11D6420AC6,S*** C***,XXXXXX3970,[REDACTED - Gurgaon],,ACTUAL
110714929267,Gurgaon,122506,899,ZIQ-2689934,"ABC, Bhiwandi, Mumbai, Maharashtra",400016,Mumbai,2026-01-01,2026-01-03,2026-01-06,2026-01-06,2026-01-06,Not Applicable,Cod,Delivered,E31C11E2C7,M*** C***,XXXXXX9501,[REDACTED - Gurgaon],,ACTUAL
110214874260,Tinsukia,786125,589,YUB-2555803,"ABC, Bhiwandi, Mumbai, Maharashtra",400016,Mumbai,2026-01-01,2026-01-02,2026-01-03,2026-01-03,2026-01-04,Not Applicable,Cod,Delivered,4F784F6B78,N*** C***,XXXXXX7031,[REDACTED - Tinsukia],,ACTUAL
110714934994,Jhujhunu,333031,479,PS5-2785148,"ABC, Bhiwandi, Mumbai, Maharashtra",400016,Mumbai,2026-01-01,2026-01-03,2026-01-05,,2026-01-04,Landmark missing,Cod,RTO,BCD485AD10,R*** C***,XXXXXX8123,[REDACTED - Jhujhunu],,ACTUAL
101914712917,Pune,411052,1968,XHZ-2715059,"ABC, Bhiwandi, Mumbai, Maharashtra",400016,Mumbai,2026-01-01,2026-01-03,2026-01-03,2026-01-04,2026-01-06,Delivery postponed by customer,Prepaid,Delivered,8A9EBD707D,S*** C***,XXXXXX0702,[REDACTED - Pune],,ACTUAL
110514906834,Erode,638701,549,FUF-2589297,"ABC, Bhiwandi, Mumbai, Maharashtra",400016,Mumbai,2026-01-01,2026-01-02,2026-03-04,,2026-01-06,Landmark missing,Cod,Out of delivery,B6A483289C,B*** C***,XXXXXX5969,[REDACTED - Erode],,ACTUAL
111014969916,Gurgaon,122001,449,DCH-2663884,"ABC, Bhiwandi, Mumbai, Maharashtra",400016,Mumbai,2026-01-01,2026-01-03,2026-01-03,2026-01-04,2026-01-06,Landmark missing,Prepaid,Delivered,AF71EC3ECC,V*** C***,XXXXXX0338,[REDACTED - Gurgaon],,ACTUAL
110514902428,Bhilwara,311001,859,WER-1506644,"ABC, Bhiwandi, Mumbai, Maharashtra",400016,Mumbai,2026-01-01,2026-01-02,2026-01-05,,2026-01-04,Customer cancelled order,Cod,RTO,26BB58B7BD,P*** C***,XXXXXX7505,[REDACTED - Bhilwara],,ACTUAL
111014965801,South West Delhi,110043,928,XHZ-1671428,"ABC, Bhiwandi, Mumbai, Maharashtra",400016,Mumbai,2026-01-01,2026-01-02,2026-01-03,2026-01-03,2026-01-03,Not Applicable,Cod,Delivered,B82CF538B9,P*** C***,XXXXXX6797,[REDACTED - South West Delhi],,ACTUAL
110514909440,East Khasi Hills,793001,911,MOP-2657377,"ABC, Bhiwandi, Mumbai, Maharashtra",400016,Mumbai,2026-01-01,2026-01-02,2026-01-04,,2026-01-04,Address issue,Cod,RTO,CF9D3A5D37,R*** C***,XXXXXX8519,[REDACTED - East Khasi Hills],,ACTUAL
111114976674,South West Delhi,110075,1613,0PQ-2071906,"ABC, Bhiwandi, Mumbai, Maharashtra",400016,Mumbai,2026-01-01,2026-01-03,2026-01-04,2026-01-06,2026-01-06,Address issue,Prepaid,Delivered,03E3C34674,S*** C***,XXXXXX0035,[REDACTED - South West Delhi],,ACTUAL
110914960624,Bangalore,560078,717,XXC-1948340,"ABC, Bhiwandi, Mumbai, Maharashtra",400016,Mumbai,2026-01-01,2026-01-02,2026-01-08,,2026-01-07,Customer refused delivery,Cod,RTO,82752B7DDC,P*** C***,XXXXXX0952,[REDACTED - Bangalore],,ACTUAL
110814948596,Panchkula,134109,956,VBB-2747421,"ABC, Bhiwandi, Mumbai, Maharashtra",400016,Mumbai,2026-01-01,2026-01-02,2026-01-06,,2026-01-05,Address issue,Cod,RTO,F19659DA89,B*** C***,XXXXXX2000,[REDACTED - Panchkula],,ACTUAL
110914951600,Jaipur,302018,1144,ADX-2041452,"ABC, Bhiwandi, Mumbai, Maharashtra",400016,Mumbai,2026-01-01,2026-01-03,2026-01-04,2026-01-05,2026-01-06,Customer not available,Cod,Delivered,D81181727F,A*** C***,XXXXXX4651,[REDACTED - Jaipur],,ACTUAL
111114978187,Bangalore,560066,499,JJS-2769446,"ABC, Bhiwandi, Mumbai, Maharashtra",400016,Mumbai,2026-01-01,2026-01-02,2026-01-03,2026-01-04,2026-01-04,Customer requested re-attempt,Cod,Delivered,4DF2E9EA16,C*** C***,XXXXXX7587,[REDACTED - Bangalore],,ACTUAL
111114977718,Bangalore,562149,979,SN-2002282,"ABC, Bhiwandi, Mumbai, Maharashtra",400016,Mumbai,2026-01-01,2026-01-02,,,2026-01-04,Not Applicable,Cod,In-Transit,9E544CCE0E,A*** C***,XXXXXX6211,[REDACTED - Bangalore],not_yet_attempted,ACTUAL
101814699937,Bangalore,560076,1699,0PT-2693797,"ABC, Bhiwandi, Mumbai, Maharashtra",400016,Mumbai,2026-01-01,2026-01-02,2026-01-04,2026-01-04,2026-01-05,Not Applicable,Cod,Delivered,701F66EE84,A*** C***,XXXXXX3421,[REDACTED - Bangalore],,ACTUAL
110914951960,Mohali,160071,824,THD-2637355,"ABC, Bhiwandi, Mumbai, Maharashtra",400016,Mumbai,2026-01-01,2026-01-02,2026-01-02,2026-01-02,2026-01-04,Phone not reachable,Prepaid,Delivered,D623F7EF99,H*** C***,XXXXXX0001,[REDACTED - Mohali],,ACTUAL
110714936330,Indore,452010,869,HMJ-2721730,"ABC, Bhiwandi, Mumbai, Maharashtra",400016,Mumbai,2026-01-01,2026-01-03,2026-01-03,2026-01-04,2026-01-05,Customer not available,Cod,Delivered,771A5E2628,S*** C***,XXXXXX1302,[REDACTED - Indore],,ACTUAL
110814947665,Koraput,763008,1530,YGS-2734959,"ABC, Bhiwandi, Mumbai, Maharashtra",400016,Mumbai,2026-01-01,2026-01-02,2026-01-05,,2026-01-04,Landmark missing,Cod,RTO,81DE88C14D,S*** C***,XXXXXX1034,[REDACTED - Koraput],,ACTUAL
110914958131,Thrissur,680685,648,ABL-1884269,"ABC, Bhiwandi, Mumbai, Maharashtra",400016,Mumbai,2026-01-01,2026-01-03,2026-01-05,2026-01-05,2026-01-06,Not Applicable,Cod,Delivered,DAA32450E0,N*** C***,XXXXXX7408,[REDACTED - Thrissur],,ACTUAL
110814942444,Lucknow,226006,885,YZK-2746207,"ABC, Bhiwandi, Mumbai, Maharashtra",400016,Mumbai,2026-01-01,2026-01-02,2026-01-09,,2026-01-09,Customer refused delivery,Cod,RTO,1A85E86433,S*** C***,XXXXXX9413,[REDACTED - Lucknow],,ACTUAL
111114975963,Gautam Buddha Nagar,201309,1198,VNT-2332165,"ABC, Bhiwandi, Mumbai, Maharashtra",400016,Mumbai,2026-01-01,2026-01-03,2026-01-04,2026-01-04,2026-01-04,Not Applicable,Cod,Delivered,69F7481EBB,P*** C***,XXXXXX8644,[REDACTED - Gautam Buddha Nagar],,ACTUAL
110914956584,Haridwar,249403,525,JUV-2524419,"ABC, Bhiwandi, Mumbai, Maharashtra",400016,Mumbai,2026-01-01,2026-01-02,2026-01-03,2026-01-03,2026-01-05,Not Applicable,Cod,Delivered,31A637D7A6,R*** C***,XXXXXX9990,[REDACTED - Haridwar],,ACTUAL
92614724584,West Siang,791125,1029,YTS-2724057,"ABC, Bhiwandi, Mumbai, Maharashtra",400016,Mumbai,2026-01-01,2026-01-03,2026-01-05,2026-01-05,2026-01-07,Not Applicable,Cod,Delivered,A4322CD280,A*** C***,XXXXXX3034,[REDACTED - West Siang],,ACTUAL
111014970616,Mumbai,400022,1384,0PQ-1893146,"ABC, Bhiwandi, Mumbai, Maharashtra",400016,Mumbai,2026-01-01,2026-01-03,2026-01-05,2026-01-07,2026-01-07,Landmark missing,Cod,Delivered,0417FFDAD8,A*** C***,XXXXXX9434,[REDACTED - Mumbai],,ACTUAL
110914956085,East Khasi Hills,793006,779,AL2-2731290,"ABC, Bhiwandi, Mumbai, Maharashtra",400016,Mumbai,2026-01-01,2026-01-03,2026-01-07,2026-01-07,2026-01-06,Not Applicable,Cod,Delivered,4DF08A79C0,E*** C***,XXXXXX2535,[REDACTED - East Khasi Hills],,ACTUAL
111114979894,Gautam Buddha Nagar,201301,210,SCV-2274985,"ABC, Bhiwandi, Mumbai, Maharashtra",400016,Mumbai,2026-01-01,2026-01-02,2026-01-05,2026-01-05,2026-01-05,Not Applicable,Prepaid,Delivered,E0F9A0B598,M*** C***,XXXXXX6232,[REDACTED - Gautam Buddha Nagar],,ACTUAL
110414887922,Mumbai,400072,669,YUB-2562035,"ABC, Bhiwandi, Mumbai, Maharashtra",400016,Mumbai,2026-01-01,2026-01-02,2026-01-04,2026-01-04,2026-01-06,Not Applicable,Cod,Delivered,52558F6DEC,N*** C***,XXXXXX5145,[REDACTED - Mumbai],,ACTUAL
110914953242,Bangalore,560068,1123,WER-2669739,"ABC, Bhiwandi, Mumbai, Maharashtra",400016,Mumbai,2026-01-01,2026-01-02,2026-01-02,2026-01-02,2026-01-04,Customer not available,Cod,Delivered,E3B3E122BC,A*** C***,XXXXXX3676,[REDACTED - Bangalore],,ACTUAL
111114981104,Central Delhi,110060,699,AMZ-2321553,"ABC, Bhiwandi, Mumbai, Maharashtra",400016,Mumbai,2026-01-01,2026-01-02,2026-01-04,2026-01-05,2026-01-06,Delivery postponed by customer,Cod,Delivered,3ABD80EAA5,B*** C***,XXXXXX4927,[REDACTED - Central Delhi],,ACTUAL
110914953255,Bangalore,560068,896,ABL-1683511,"ABC, Bhiwandi, Mumbai, Maharashtra",400016,Mumbai,2026-01-01,2026-01-02,2026-01-05,2026-01-05,2026-01-05,Not Applicable,Prepaid,Delivered,DA5265037A,A*** C***,XXXXXX3676,[REDACTED - Bangalore],,ACTUAL
110714929039,Jabalpur,482001,749,KNO-2488480,"ABC, Bhiwandi, Mumbai, Maharashtra",400016,Mumbai,2026-01-01,2026-01-02,2026-01-02,2026-01-02,2026-01-03,Not Applicable,Cod,Delivered,3F66A80F24,S*** C***,XXXXXX3998,[REDACTED - Jabalpur],,ACTUAL
111214991589,Gurgaon,122011,539,PUV-2673825,"ABC, Bhiwandi, Mumbai, Maharashtra",400016,Mumbai,2026-01-01,2026-01-02,2026-01-05,,2026-01-04,Customer refused delivery,Cod,RTO,4FF50E2C9F,L*** C***,XXXXXX2561,[REDACTED - Gurgaon],,ACTUAL
102314763758,K.V.Rangareddy,500048,839,EWE-2765631,"ABC, Bhiwandi, Mumbai, Maharashtra",400016,Mumbai,2026-01-01,2026-01-02,2026-01-05,2026-01-06,2026-01-06,Customer not available,Prepaid,Delivered,4CFC55F1BA,S*** C***,XXXXXX1882,[REDACTED - K.V.Rangareddy],,ACTUAL
111014969620,North East Delhi,110094,1071,SN-2139851,"ABC, Bhiwandi, Mumbai, Maharashtra",400016,Mumbai,2026-01-01,2026-01-04,2026-01-06,2026-01-06,2026-01-08,Not Applicable,Cod,Delivered,08679D7DC7,G*** C***,XXXXXX5900,[REDACTED - North East Delhi],,ACTUAL
110814936984,Dakshina Kannada,575006,499,JJS-2777305,"ABC, Bhiwandi, Mumbai, Maharashtra",400016,Mumbai,2026-01-01,2026-01-02,2026-01-04,2026-01-05,2026-01-05,Landmark missing,Cod,Delivered,6E37B00C25,S*** C***,XXXXXX1999,[REDACTED - Dakshina Kannada],,ACTUAL
111214990305,Mumbai,400051,499,YAP-2413003,"ABC, Bhiwandi, Mumbai, Maharashtra",400016,Mumbai,2026-01-01,2026-01-02,2026-01-03,2026-01-03,2026-01-05,Not Applicable,Cod,Delivered,EF8FCFE0F1,J*** C***,XXXXXX0581,[REDACTED - Mumbai],,ACTUAL
111214985486,Mumbai,400064,1264,LNS-1863378,"ABC, Bhiwandi, Mumbai, Maharashtra",400016,Mumbai,2026-01-01,2026-01-02,2026-01-07,,2026-01-06,Landmark missing,Cod,RTO,25F5606E8B,P*** C***,XXXXXX6527,[REDACTED - Mumbai],,ACTUAL
110914957768,Gautam Buddha Nagar,201301,257,DOP-2080844,"ABC, Bhiwandi, Mumbai, Maharashtra",400016,Mumbai,2026-01-01,2026-01-02,2026-01-06,,2026-01-06,COD payment declined,Cod,RTO,4CA253BD4C,A*** C***,XXXXXX9544,[REDACTED - Gautam Buddha Nagar],,ACTUAL
111214986508,Pune,412101,1365,SRS-1650329,"ABC, Bhiwandi, Mumbai, Maharashtra",400016,Mumbai,2026-01-01,2026-01-02,,,2026-01-06,Not Applicable,Cod,In-Transit,0D93AD750E,S*** C***,XXXXXX4707,[REDACTED - Pune],not_yet_attempted,ACTUAL
110714935868,Nizamabad,503185,936,SN-2620686,"ABC, Bhiwandi, Mumbai, Maharashtra",400016,Mumbai,2026-01-01,2026-01-03,2026-01-03,2026-01-04,2026-01-05,Address issue,Prepaid,Delivered,B875731F58,N*** C***,XXXXXX3790,[REDACTED - Nizamabad],,ACTUAL
110814940876,Bangalore,560078,2425,JJD-2340627,"ABC, Bhiwandi, Mumbai, Maharashtra",400016,Mumbai,2026-01-01,2026-01-02,2026-01-06,,2026-01-05,Customer refused delivery,Cod,RTO,E57CED97EE,A*** C***,XXXXXX4653,[REDACTED - Bangalore],,ACTUAL
110714932488,Mumbai,400016,1198,BYG-2683075,"ABC, Bhiwandi, Mumbai, Maharashtra",400016,Mumbai,2026-01-01,2026-01-01,2026-01-01,2026-01-01,2026-01-02,Not Applicable,Prepaid,Delivered,0FAA48AEF4,N*** C***,XXXXXX8019,[REDACTED - Mumbai],,ACTUAL
110814943479,Gurgaon,122103,799,FB3-2658130,"ABC, Bhiwandi, Mumbai, Maharashtra",400016,Mumbai,2026-01-01,2026-01-02,2026-01-06,,2026-01-04,Customer not available,Cod,RTO,6A85F6693E,V*** C***,XXXXXX1521,[REDACTED - Gurgaon],,ACTUAL
111214986995,Bangalore,560059,1145,ADX-2681914,"ABC, Bhiwandi, Mumbai, Maharashtra",400016,Mumbai,2026-01-01,2026-01-03,2026-01-06,2026-01-06,2026-01-05,Not Applicable,Cod,Delivered,8FCEA2B6D8,S*** C***,XXXXXX7273,[REDACTED - Bangalore],,ACTUAL
111114978821,Mumbai,400097,599,XHC-2629225,"ABC, Bhiwandi, Mumbai, Maharashtra",400016,Mumbai,2026-01-01,2026-01-02,2026-01-03,2026-01-03,2026-01-05,Not Applicable,Prepaid,Delivered,47C85E4D4A,S*** C***,XXXXXX8094,[REDACTED - Mumbai],,ACTUAL
110614921639,BANGALORE,560103,599,TCA-2469095,"ABC, Bhiwandi, Mumbai, Maharashtra",400016,Mumbai,2026-01-01,2026-01-02,2026-01-02,2026-01-02,2026-01-04,Not Applicable,Cod,Delivered,8EF0B6DFAF,B*** C***,XXXXXX3451,[REDACTED - BANGALORE],,ACTUAL
110614915945,Mumbai,400067,499,DCH-2583543,"ABC, Bhiwandi, Mumbai, Maharashtra",400016,Mumbai,2026-01-01,2026-01-01,2026-01-04,2026-01-04,2026-01-04,Not Applicable,Prepaid,Delivered,5700EE461D,B*** C***,XXXXXX2663,[REDACTED - Mumbai],,ACTUAL
111214991490,Pune,412207,199,JJS-2686666,"ABC, Bhiwandi, Mumbai, Maharashtra",400016,Mumbai,2026-01-01,2026-01-02,2026-01-02,2026-01-02,2026-01-03,Not Applicable,Prepaid,Delivered,540A990C32,G*** C***,XXXXXX7273,[REDACTED - Pune],,ACTUAL
111114983339,Bangalore,560036,657,YTS-1465894,"ABC, Bhiwandi, Mumbai, Maharashtra",400016,Mumbai,2026-01-01,2026-01-03,2026-01-06,2026-01-06,2026-01-06,Not Applicable,Prepaid,Delivered,DBD84C9256,A*** C***,XXXXXX9186,[REDACTED - Bangalore],,ACTUAL
111014970654,Gurgaon,122001,867,MHH-2202652,"ABC, Bhiwandi, Mumbai, Maharashtra",400016,Mumbai,2026-01-01,2026-01-02,2026-01-08,,2026-01-07,Phone not reachable,Cod,RTO,B55D72BC28,m*** C***,XXXXXX1889,[REDACTED - Gurgaon],,ACTUAL
111014970329,North West Delhi,110086,499,JJS-2754524,"ABC, Bhiwandi, Mumbai, Maharashtra",400016,Mumbai,2026-01-01,2026-01-02,2026-01-02,2026-01-02,2026-01-03,Address issue,Cod,Delivered,6347C8CC1D,V*** C***,XXXXXX8818,[REDACTED - North West Delhi],,ACTUAL
110614920626,Ratnagiri,415639,1493,DYZ-2744952,"ABC, Bhiwandi, Mumbai, Maharashtra",400016,Mumbai,2026-01-01,2026-01-02,2026-01-02,2026-01-02,2026-01-04,Not Applicable,Prepaid,Delivered,0FEF45AFA8,S*** C***,XXXXXX5262,[REDACTED - Ratnagiri],,ACTUAL
110914954129,Tumkur,572102,950,YGL-2271967,"ABC, Bhiwandi, Mumbai, Maharashtra",400016,Mumbai,2026-01-01,2026-01-03,2026-01-04,2026-01-04,2026-01-04,Not Applicable,Cod,Delivered,6CDD22C386,C*** C***,XXXXXX1918,[REDACTED - Tumkur],,ACTUAL
110614915466,Nagaur,341001,749,XHZ-1619579,"ABC, Bhiwandi, Mumbai, Maharashtra",400016,Mumbai,2026-01-01,2026-01-02,2026-01-02,2026-01-02,2026-01-03,Not Applicable,Prepaid,Delivered,C6371E076D,M*** C***,XXXXXX1896,[REDACTED - Nagaur],,ACTUAL
102514785286,Bhopal,462011,1048,DCH-2012281,"ABC, Bhiwandi, Mumbai, Maharashtra",400016,Mumbai,2026-01-01,2026-01-02,2026-01-03,2026-01-03,2026-01-04,Not Applicable,Prepaid,Delivered,3C79E2FE7B,M*** C***,XXXXXX4203,[REDACTED - Bhopal],,ACTUAL
111114977978,South West Delhi,110075,998,SDB-2770681,"ABC, Bhiwandi, Mumbai, Maharashtra",400016,Mumbai,2026-01-01,2026-01-02,2026-01-02,2026-01-02,2026-01-04,Not Applicable,Cod,Delivered,C8153ADA90,r*** C***,XXXXXX6881,[REDACTED - South West Delhi],,ACTUAL
103014837117,Porvorim,403521,859,XHZ-1671431,"ABC, Bhiwandi, Mumbai, Maharashtra",400016,Mumbai,2026-01-01,2026-01-04,2026-01-06,2026-01-06,2026-01-07,Not Applicable,Prepaid,Delivered,83DF437964,L*** C***,XXXXXX5678,[REDACTED - Porvorim],,ACTUAL
110914958637,Hyderabad,500050,1734,BD8-2591588,"ABC, Bhiwandi, Mumbai, Maharashtra",400016,Mumbai,2026-01-02,2026-01-03,2026-01-06,2026-01-06,2026-01-05,Not Applicable,Prepaid,Delivered,3321BD12F6,S*** C***,XXXXXX2349,[REDACTED - Hyderabad],,ACTUAL
110914953399,Raigarh(MH),410206,465,YZK-1886913,"ABC, Bhiwandi, Mumbai, Maharashtra",400016,Mumbai,2026-01-02,2026-01-03,2026-01-05,2026-01-05,2026-01-07,Not Applicable,Cod,Delivered,3FC3A89785,D*** C***,XXXXXX1963,[REDACTED - Raigarh(MH)],,ACTUAL
110414897502,Moradabad,244001,660,OJO-2703809,"ABC, Bhiwandi, Mumbai, Maharashtra",400016,Mumbai,2026-01-02,2026-01-03,2026-01-03,2026-01-04,2026-01-06,Landmark missing,Cod,Delivered,760C9C41B9,S*** C***,XXXXXX9098,[REDACTED - Moradabad],,ACTUAL
110614915465,Nagaur,341001,1488,FB3-2087412,"ABC, Bhiwandi, Mumbai, Maharashtra",400016,Mumbai,2026-01-02,2026-01-03,2026-01-07,2026-01-08,2026-01-05,Customer requested re-attempt,Cod,Delivered,22C34EA90D,M*** C***,XXXXXX1896,[REDACTED - Nagaur],,ACTUAL
110614914125,Raigarh(MH),410210,632,QYN-2207904,"ABC, Bhiwandi, Mumbai, Maharashtra",400016,Mumbai,2026-01-02,2026-01-05,2026-01-12,,2026-01-11,Customer not available,Cod,RTO,EB201DB6BD,H*** C***,XXXXXX1556,[REDACTED - Raigarh(MH)],,ACTUAL
110914957803,Hyderabad,500016,723,JML-2677025,"ABC, Bhiwandi, Mumbai, Maharashtra",400016,Mumbai,2026-01-02,2026-01-04,2026-01-08,2026-01-08,2026-01-08,Not Applicable,Cod,Delivered,465452B5F8,I*** C***,XXXXXX4533,[REDACTED - Hyderabad],,ACTUAL
110114858449,Erode,638701,349,DCH-2602240,"ABC, Bhiwandi, Mumbai, Maharashtra",400016,Mumbai,2026-01-02,2026-01-03,2026-01-07,2026-01-07,2026-01-09,Not Applicable,Cod,Delivered,0C9AC19216,B*** C***,XXXXXX5969,[REDACTED - Erode],,ACTUAL
110514899035,Faridabad,121010,694,OJO-2680232,"ABC, Bhiwandi, Mumbai, Maharashtra",400016,Mumbai,2026-01-02,2026-01-03,2026-01-07,,2026-01-06,Customer refused delivery,Cod,RTO,AD91E488ED,A*** C***,XXXXXX1442,[REDACTED - Faridabad],,ACTUAL
111014964482,K.V.Rangareddy,500008,1414,YNG-2037117,"ABC, Bhiwandi, Mumbai, Maharashtra",400016,Mumbai,2026-01-02,2026-01-04,2026-01-05,2026-01-05,2026-01-05,Not Applicable,Prepaid,Delivered,D5280781D5,A*** C***,XXXXXX5035,[REDACTED - K.V.Rangareddy],,ACTUAL
110814948510,North Delhi,110085,1029,ADX-2363098,"ABC, Bhiwandi, Mumbai, Maharashtra",400016,Mumbai,2026-01-02,2026-01-03,2026-01-07,2026-01-07,2026-01-09,Not Applicable,Cod,Delivered,A103DC102D,S*** C***,XXXXXX4998,[REDACTED - North Delhi],,ACTUAL
110814936842,Patiala,147002,655,YSY-2462295,"ABC, Bhiwandi, Mumbai, Maharashtra",400016,Mumbai,2026-01-02,2026-01-04,2026-01-07,2026-01-07,2026-01-07,Not Applicable,Prepaid,Delivered,82A600220B,V*** C***,XXXXXX4261,[REDACTED - Patiala],,ACTUAL
110914953011,Thane,421204,889,DDS-2117778,"ABC, Bhiwandi, Mumbai, Maharashtra",400016,Mumbai,2026-01-02,2026-01-05,2026-01-08,,2026-01-08,Address issue,Cod,RTO,D7E0FD161A,A*** C***,XXXXXX2479,[REDACTED - Thane],,ACTUAL
110914958737,Coimbatore,641401,859,WER-1506645,"ABC, Bhiwandi, Mumbai, Maharashtra",400016,Mumbai,2026-01-02,2026-01-04,2026-01-07,2026-01-07,2026-01-09,Not Applicable,Prepaid,Delivered,D6EE20DEF2,O*** C***,XXXXXX6306,[REDACTED - Coimbatore],,ACTUAL
110414890426,Gurgaon,122002,499,JJS-2721392,"ABC, Bhiwandi, Mumbai, Maharashtra",400016,Mumbai,2026-01-02,2026-01-04,2026-01-06,2026-01-06,2026-01-06,Not Applicable,Prepaid,Delivered,865F5C62A6,R*** C***,XXXXXX2935,[REDACTED - Gurgaon],,ACTUAL
110514908258,Bangalore,560048,839,XHZ-2690299,"ABC, Bhiwandi, Mumbai, Maharashtra",400016,Mumbai,2026-01-02,2026-01-04,2026-01-08,2026-01-08,2026-01-10,Not Applicable,Cod,Delivered,4F1B51B3D2,A*** C***,XXXXXX7681,[REDACTED - Bangalore],,ACTUAL
110614913752,Bangalore,560062,1919,MUC-1693034,"ABC, Bhiwandi, Mumbai, Maharashtra",400016,Mumbai,2026-01-02,2026-01-03,2026-01-06,2026-01-06,2026-01-06,Not Applicable,Cod,Delivered,064078D0DF,S*** C***,XXXXXX5664,[REDACTED - Bangalore],,ACTUAL
110114853755,K.V.Rangareddy,500008,482,AJ-2446599,"ABC, Bhiwandi, Mumbai, Maharashtra",400016,Mumbai,2026-01-02,2026-01-03,2026-01-05,2026-01-05,2026-01-06,Not Applicable,Cod,Delivered,A80D4B4EF8,M*** C***,XXXXXX2280,[REDACTED - K.V.Rangareddy],,ACTUAL
111014972719,Hyderabad,500038,342,KRU-2407776,"ABC, Bhiwandi, Mumbai, Maharashtra",400016,Mumbai,2026-01-02,2026-01-04,2026-01-07,,2026-01-06,Phone not reachable,Cod,RTO,78FBB5A419,A*** C***,XXXXXX5555,[REDACTED - Hyderabad],,ACTUAL
111114975395,Faridabad,121008,299,SCM-2716139,"ABC, Bhiwandi, Mumbai, Maharashtra",400016,Mumbai,2026-01-02,2026-01-03,2026-01-04,2026-01-04,2026-01-05,Not Applicable,Prepaid,Delivered,DE984CDEA2,N*** C***,XXXXXX6560,[REDACTED - Faridabad],,ACTUAL
111114975260,West Delhi,110058,729,EWE-2750612,"ABC, Bhiwandi, Mumbai, Maharashtra",400016,Mumbai,2026-01-02,2026-01-04,2026-01-09,,2026-01-07,Address issue,Cod,RTO,515903FBCD,J*** C***,XXXXXX7448,[REDACTED - West Delhi],,ACTUAL
110214874391,Surguja,497001,782,HMJ-2730197,"ABC, Bhiwandi, Mumbai, Maharashtra",400016,Mumbai,2026-01-02,2026-01-03,2026-01-03,2026-01-04,2026-01-05,Customer requested re-attempt,Prepaid,Delivered,C2A5E4F04D,J*** C***,XXXXXX6971,[REDACTED - Surguja],,ACTUAL
111014972142,Mysore,570023,749,BYN-2544738,"ABC, Bhiwandi, Mumbai, Maharashtra",400016,Mumbai,2026-01-02,2026-01-03,2026-01-05,,2026-01-05,Landmark missing,Cod,In-Transit,98157A5528,H*** C***,XXXXXX0273,[REDACTED - Mysore],,ACTUAL
111014971427,Hyderabad,500015,1031,HHS-1901237,"ABC, Bhiwandi, Mumbai, Maharashtra",400016,Mumbai,2026-01-02,2026-01-04,2026-01-04,2026-01-04,2026-01-06,Not Applicable,Cod,Delivered,CCF99C9FEB,A*** C***,XXXXXX7467,[REDACTED - Hyderabad],,ACTUAL
110914959867,Ananthapur,515001,399,FWS-2502548,"ABC, Bhiwandi, Mumbai, Maharashtra",400016,Mumbai,2026-01-02,2026-01-03,2026-01-06,2026-01-06,2026-01-07,Not Applicable,Prepaid,Delivered,821554D053,N*** C***,XXXXXX1055,[REDACTED - Ananthapur],,ACTUAL
101714687926,Mandsaur,458001,749,BCC-2744505,"ABC, Bhiwandi, Mumbai, Maharashtra",400016,Mumbai,2026-01-02,2026-01-03,2026-01-05,2026-01-05,2026-01-05,Not Applicable,Cod,Delivered,E426BC5897,S*** C***,XXXXXX9704,[REDACTED - Mandsaur],,ACTUAL
110914952891,Ajmer,305022,275,SLF-2277193,"ABC, Bhiwandi, Mumbai, Maharashtra",400016,Mumbai,2026-01-02,2026-01-03,2026-01-05,,2026-01-05,Phone not reachable,Cod,RTO,86955EE490,R*** C***,XXXXXX2556,[REDACTED - Ajmer],,ACTUAL
111214989851,South West Delhi,110046,1144,ADX-2041462,"ABC, Bhiwandi, Mumbai, Maharashtra",400016,Mumbai,2026-01-02,2026-01-03,2026-01-04,2026-01-04,2026-01-06,Not Applicable,Prepaid,Delivered,071287B83A,S*** C***,XXXXXX1487,[REDACTED - South West Delhi],,ACTUAL
111114980159,North Delhi,110085,907,CB9-2423123,"ABC, Bhiwandi, Mumbai, Maharashtra",400016,Mumbai,2026-01-02,2026-01-05,2026-01-06,2026-01-06,2026-01-08,Not Applicable,Prepaid,Delivered,96808A8966,S*** C***,XXXXXX7976,[REDACTED - North Delhi],,ACTUAL
110614921394,Raipur,492001,899,AMG-2726986,"ABC, Bhiwandi, Mumbai, Maharashtra",400016,Mumbai,2026-01-02,2026-01-03,2026-01-04,2026-01-04,2026-01-06,Not Applicable,Prepaid,Delivered,BC0EF30ED7,M*** C***,XXXXXX1000,[REDACTED - Raipur],,ACTUAL
111114976389,Gautam Buddha Nagar,201301,249,CIV-2314881,"ABC, Bhiwandi, Mumbai, Maharashtra",400016,Mumbai,2026-01-02,2026-01-03,2026-01-05,2026-01-05,2026-01-05,Not Applicable,Cod,Delivered,35D3E0C254,G*** C***,XXXXXX8901,[REDACTED - Gautam Buddha Nagar],,ACTUAL
110914952110,Raipur,492001,830,YGS-2752314,"ABC, Bhiwandi, Mumbai, Maharashtra",400016,Mumbai,2026-01-02,2026-01-03,2026-01-04,2026-01-04,2026-01-06,Not Applicable,Cod,Delivered,2BE43FBDA5,M*** C***,XXXXXX1000,[REDACTED - Raipur],,ACTUAL
111114975960,Pune,411014,603,YGS-2667492,"ABC, Bhiwandi, Mumbai, Maharashtra",400016,Mumbai,2026-01-02,2026-01-03,2026-01-04,2026-01-04,2026-01-06,Not Applicable,Cod,Delivered,479334A9EE,A*** C***,XXXXXX6594,[REDACTED - Pune],,ACTUAL
110814945059,Thiruvananthapuram,695032,636,YGS-1979856,"ABC, Bhiwandi, Mumbai, Maharashtra",400016,Mumbai,2026-01-02,2026-01-04,2026-01-05,2026-01-05,2026-01-06,Not Applicable,Cod,Delivered,9D69F33A42,S*** C***,XXXXXX0035,[REDACTED - Thiruvananthapuram],,ACTUAL
110414898031,Jodhpur,342005,589,YC-2740594,"ABC, Bhiwandi, Mumbai, Maharashtra",400016,Mumbai,2026-01-02,2026-01-03,2026-01-09,,2026-01-08,Landmark missing,Cod,RTO,6FEA1738C0,m*** C***,XXXXXX8908,[REDACTED - Jodhpur],,ACTUAL
110114863550,Kullu,175126,899,KMX-2406490,"ABC, Bhiwandi, Mumbai, Maharashtra",400016,Mumbai,2026-01-02,2026-01-04,2026-03-04,,2026-01-08,Customer requested re-attempt,Cod,Out of delivery,CF63240F6F,B*** C***,XXXXXX8054,[REDACTED - Kullu],,ACTUAL
110714931813,Jhansi,284135,709,YTS-2724013,"ABC, Bhiwandi, Mumbai, Maharashtra",400016,Mumbai,2026-01-02,2026-01-03,2026-01-07,,2026-01-06,Customer not available,Cod,RTO,7E6D4CC7E4,S*** C***,XXXXXX3020,[REDACTED - Jhansi],,ACTUAL
102014727933,Jodhpur,342011,2079,SRS-2692649,"ABC, Bhiwandi, Mumbai, Maharashtra",400016,Mumbai,2026-01-02,2026-01-03,2026-01-03,2026-01-05,2026-01-06,Customer requested re-attempt,Prepaid,Delivered,635F075B44,M*** C***,XXXXXX1501,[REDACTED - Jodhpur],,ACTUAL
111114979373,Mumbai,400054,1612,OUI-2387937,"ABC, Bhiwandi, Mumbai, Maharashtra",400016,Mumbai,2026-01-02,2026-01-03,2026-01-06,2026-01-07,2026-01-04,Address issue,Prepaid,Delivered,9EC78CBBCF,N*** C***,XXXXXX6802,[REDACTED - Mumbai],,ACTUAL
110414892174,Chennai,600094,2999,ZIN-563572,"ABC, Bhiwandi, Mumbai, Maharashtra",400016,Mumbai,2026-01-02,2026-01-03,2026-01-06,2026-01-06,2026-01-06,Not Applicable,Cod,Delivered,E1A56FB7AE,D*** C***,XXXXXX7329,[REDACTED - Chennai],high_value_order,ACTUAL
102114744729,Kalahandi,766001,1498,HP8-2762417,"ABC, Bhiwandi, Mumbai, Maharashtra",400016,Mumbai,2026-01-02,2026-01-04,2026-01-07,2026-01-08,2026-01-07,Delivery postponed by customer,Cod,Delivered,D4ACE8AF64,P*** C***,XXXXXX7533,[REDACTED - Kalahandi],,ACTUAL
111014965924,Gurgaon,122003,2253,THD-1584792,"ABC, Bhiwandi, Mumbai, Maharashtra",400016,Mumbai,2026-01-02,2026-01-03,2026-01-03,2026-01-04,2026-01-04,Phone not reachable,Prepaid,Delivered,94A0A762AE,M*** C***,XXXXXX2720,[REDACTED - Gurgaon],,ACTUAL
111014961917,South Delhi,110025,549,BUC-2734140,"ABC, Bhiwandi, Mumbai, Maharashtra",400016,Mumbai,2026-01-02,2026-01-03,2026-01-07,,2026-01-06,Address issue,Cod,RTO,FDC6E6FD6A,C*** C***,XXXXXX0067,[REDACTED - South Delhi],,ACTUAL
110814945670,Ludhiana,141012,549,JUQ-2727052,"ABC, Bhiwandi, Mumbai, Maharashtra",400016,Mumbai,2026-01-02,2026-01-03,2026-01-06,2026-01-06,2026-01-06,Not Applicable,Cod,Delivered,9ACC7762F1,S*** C***,XXXXXX1787,[REDACTED - Ludhiana],,ACTUAL
110814939905,Jaipur,302004,634,WKT-2324217,"ABC, Bhiwandi, Mumbai, Maharashtra",400016,Mumbai,2026-01-02,2026-01-03,2026-01-03,2026-01-03,2026-01-05,Not Applicable,Cod,Delivered,D1BF8759ED,S*** C***,XXXXXX4897,[REDACTED - Jaipur],,ACTUAL
110814938509,Hyderabad,500034,629,MBC-2728022,"ABC, Bhiwandi, Mumbai, Maharashtra",400016,Mumbai,2026-01-02,2026-01-04,2026-01-06,2026-01-06,2026-01-08,Not Applicable,Cod,Delivered,DBD5030A8F,S*** C***,XXXXXX2995,[REDACTED - Hyderabad],,ACTUAL
110814947162,Shimla,171002,648,WNX-2531081,"ABC, Bhiwandi, Mumbai, Maharashtra",400016,Mumbai,2026-01-02,2026-01-03,2026-01-07,,2026-01-06,Customer refused delivery,Cod,RTO,2496520E47,n*** C***,XXXXXX7900,[REDACTED - Shimla],,ACTUAL
110714925338,Ernakulam,682034,1157,KDP-2605215,"ABC, Bhiwandi, Mumbai, Maharashtra",400016,Mumbai,2026-01-02,2026-01-03,2026-01-05,2026-01-05,2026-01-05,Not Applicable,Prepaid,Delivered,94611A7284,D*** C***,XXXXXX2332,[REDACTED - Ernakulam],,ACTUAL
111014970023,Dimapur,797113,987,SIX-2205667,"ABC, Bhiwandi, Mumbai, Maharashtra",400016,Mumbai,2026-01-02,2026-01-03,2026-01-08,2026-01-08,2026-01-08,Not Applicable,Prepaid,Delivered,DEE88BD5E9,A*** C***,XXXXXX0251,[REDACTED - Dimapur],,ACTUAL
110714935355,Ghaziabad,201012,836,DDS-2550057,"ABC, Bhiwandi, Mumbai, Maharashtra",400016,Mumbai,2026-01-02,2026-01-03,2026-01-04,2026-01-05,2026-01-06,Customer not available,Cod,Delivered,60F900D107,K*** C***,XXXXXX1245,[REDACTED - Ghaziabad],,ACTUAL
110814937082,Sundergarh,769001,561,XXC-1948343,"ABC, Bhiwandi, Mumbai, Maharashtra",400016,Mumbai,2026-01-02,2026-01-05,2026-01-07,2026-01-07,2026-01-07,Not Applicable,Prepaid,Delivered,F85148B4ED,H*** C***,XXXXXX5787,[REDACTED - Sundergarh],,ACTUAL
110414891597,Jodhpur,342003,1499,JJD-1761869,"ABC, Bhiwandi, Mumbai, Maharashtra",400016,Mumbai,2026-01-03,2026-01-04,2026-01-08,2026-01-08,2026-01-10,Not Applicable,Cod,Delivered,06A6FFE256,R*** C***,XXXXXX0514,[REDACTED - Jodhpur],,ACTUAL
111214990353,Pune,411001,559,DUE-2414083,"ABC, Bhiwandi, Mumbai, Maharashtra",400016,Mumbai,2026-01-03,2026-01-04,2026-01-05,2026-01-05,2026-01-07,Not Applicable,Cod,Delivered,F78B8BA955,G*** C***,XXXXXX8189,[REDACTED - Pune],,ACTUAL
110914960993,Jalna,431203,1589,SRS-2363486,"ABC, Bhiwandi, Mumbai, Maharashtra",400016,Mumbai,2026-01-03,2026-01-04,2026-01-08,2026-01-09,2026-01-10,Customer requested re-attempt,Cod,Delivered,AC7E012670,A*** C***,XXXXXX8677,[REDACTED - Jalna],,ACTUAL
110514901060,Nainital,263139,499,JJS-2777293,"ABC, Bhiwandi, Mumbai, Maharashtra",400016,Mumbai,2026-01-03,2026-01-04,2026-01-09,2026-01-09,2026-01-10,Not Applicable,Prepaid,Delivered,12620E5FC6,P*** C***,XXXXXX5802,[REDACTED - Nainital],,ACTUAL
110914955299,Mumbai,400070,3567,YZK-2055794,"ABC, Bhiwandi, Mumbai, Maharashtra",400016,Mumbai,2026-01-03,2026-01-04,,,2026-01-08,Not Applicable,Cod,Lost,1C9F0B39C0,F*** C***,XXXXXX4566,[REDACTED - Mumbai],high_value_order,ACTUAL
110814949083,Nellore,524001,1770,ASU-2739271,"ABC, Bhiwandi, Mumbai, Maharashtra",400016,Mumbai,2026-01-03,2026-01-03,2026-01-04,2026-01-05,2026-01-05,Delivery postponed by customer,Prepaid,Delivered,3F0014E1C8,S*** C***,XXXXXX4999,[REDACTED - Nellore],,ACTUAL
102114737466,Lucknow,226010,959,YZK-2764037,"ABC, Bhiwandi, Mumbai, Maharashtra",400016,Mumbai,2026-01-03,2026-01-05,2026-01-09,2026-01-09,2026-01-09,Not Applicable,Prepaid,Delivered,67C6811EAD,i*** C***,XXXXXX8747,[REDACTED - Lucknow],,ACTUAL
101114906569,Nainital,263139,1399,EWE-2750799,"ABC, Bhiwandi, Mumbai, Maharashtra",400016,Mumbai,2026-01-03,2026-01-04,2026-01-11,2026-01-11,2026-01-11,Not Applicable,Cod,Delivered,ECF6210E7F,J*** C***,XXXXXX3647,[REDACTED - Nainital],,ACTUAL
110914956981,North Delhi,110007,501,YKL-2200625,"ABC, Bhiwandi, Mumbai, Maharashtra",400016,Mumbai,2026-01-03,2026-01-03,,,2026-01-06,Not Applicable,Prepaid,Pickup done,670A152043,S*** C***,XXXXXX2507,[REDACTED - North Delhi],not_yet_attempted,ACTUAL
110714929619,Cachar,788030,683,YIB-2458028,"ABC, Bhiwandi, Mumbai, Maharashtra",400016,Mumbai,2026-01-03,2026-01-06,2026-01-09,2026-01-09,2026-01-10,Not Applicable,Prepaid,Delivered,3AA721D286,N*** C***,XXXXXX9308,[REDACTED - Cachar],,ACTUAL
110514904527,Cachar,788151,2303,QTH-2264587,"ABC, Bhiwandi, Mumbai, Maharashtra",400016,Mumbai,2026-01-03,2026-01-05,2026-01-10,2026-01-10,2026-01-08,Not Applicable,Cod,Delivered,9838F1FB54,R*** C***,XXXXXX5503,[REDACTED - Cachar],,ACTUAL
111214988385,Ghaziabad,201016,1409,SRS-1688217,"ABC, Bhiwandi, Mumbai, Maharashtra",400016,Mumbai,2026-01-03,2026-01-04,2026-01-05,2026-01-05,2026-01-06,Not Applicable,Prepaid,Delivered,CFCEA3C4FE,A*** C***,XXXXXX3401,[REDACTED - Ghaziabad],,ACTUAL
110614923215,Ghaziabad,201016,738,OTH-2138789,"ABC, Bhiwandi, Mumbai, Maharashtra",400016,Mumbai,2026-01-03,2026-01-05,2026-01-07,2026-01-08,2026-01-08,Customer not available,Cod,Delivered,8F0FB717ED,A*** C***,XXXXXX3401,[REDACTED - Ghaziabad],,ACTUAL
111014972308,Raigarh(MH),410210,2093,AEL-2654639,"ABC, Bhiwandi, Mumbai, Maharashtra",400016,Mumbai,2026-01-03,2026-01-06,2026-01-11,2026-01-11,2026-01-08,Not Applicable,Prepaid,Delivered,14751F3310,S*** C***,XXXXXX4219,[REDACTED - Raigarh(MH)],,ACTUAL
111114973168,Gurgaon,122018,659,FKS-2703747,"ABC, Bhiwandi, Mumbai, Maharashtra",400016,Mumbai,2026-01-03,2026-01-04,2026-01-08,2026-01-08,2026-01-05,Not Applicable,Cod,Delivered,743C3A0EDA,M*** C***,XXXXXX7464,[REDACTED - Gurgaon],,ACTUAL
110814942868,Gautam Buddha Nagar,201305,1360,SYB-2057041,"ABC, Bhiwandi, Mumbai, Maharashtra",400016,Mumbai,2026-01-03,2026-01-04,2026-01-07,,2026-01-05,Landmark missing,Cod,RTO,2220BE0CBA,G*** C***,XXXXXX0615,[REDACTED - Gautam Buddha Nagar],,ACTUAL
110414898481,Rohtak,124001,1497,JJS-2777328,"ABC, Bhiwandi, Mumbai, Maharashtra",400016,Mumbai,2026-01-03,2026-01-04,2026-01-05,2026-01-06,2026-01-06,Landmark missing,Cod,Delivered,DD62FB1DE3,G*** C***,XXXXXX2318,[REDACTED - Rohtak],,ACTUAL
111114981346,Faridabad,121003,999,ZON-2775473,"ABC, Bhiwandi, Mumbai, Maharashtra",400016,Mumbai,2026-01-03,2026-01-05,2026-01-08,2026-01-08,2026-01-08,Not Applicable,Cod,Delivered,FC851373ED,D*** C***,XXXXXX1565,[REDACTED - Faridabad],,ACTUAL
111014972325,Raigarh(MH),410210,1155,AJ-2446591,"ABC, Bhiwandi, Mumbai, Maharashtra",400016,Mumbai,2026-01-03,2026-01-04,2026-01-07,2026-01-07,2026-01-08,Not Applicable,Prepaid,Delivered,9AA72933B0,S*** C***,XXXXXX4219,[REDACTED - Raigarh(MH)],,ACTUAL
111014963936,Gautam Buddha Nagar,201301,405,OJO-2741656,"ABC, Bhiwandi, Mumbai, Maharashtra",400016,Mumbai,2026-01-03,2026-01-05,2026-01-09,2026-01-09,2026-01-09,Not Applicable,Prepaid,Delivered,40C8601BEF,N*** C***,XXXXXX0107,[REDACTED - Gautam Buddha Nagar],,ACTUAL
111014965687,Mumbai,400076,1136,WHA-2745621,"ABC, Bhiwandi, Mumbai, Maharashtra",400016,Mumbai,2026-01-03,2026-01-04,2026-01-09,,2026-01-08,Phone not reachable,Cod,RTO,542573D90A,V*** C***,XXXXXX3587,[REDACTED - Mumbai],,ACTUAL
111114976066,Patna,800020,3652,BYX-1875724,"ABC, Bhiwandi, Mumbai, Maharashtra",400016,Mumbai,2026-01-03,2026-01-03,2026-01-06,,2026-01-06,Phone not reachable,Cod,In-Transit,AFBB31FB52,s*** C***,XXXXXX3370,[REDACTED - Patna],high_value_order,ACTUAL
110814939599,Hoshiarpur,146001,399,SCM-2716098,"ABC, Bhiwandi, Mumbai, Maharashtra",400016,Mumbai,2026-01-03,2026-01-04,2026-01-04,2026-01-04,2026-01-06,Not Applicable,Cod,Delivered,6CF8D5C3D1,P*** C***,XXXXXX9924,[REDACTED - Hoshiarpur],,ACTUAL
102214755790,Gurgaon,122003,749,MKB-1550116,"ABC, Bhiwandi, Mumbai, Maharashtra",400016,Mumbai,2026-01-03,2026-01-05,2026-01-08,2026-01-10,2026-01-08,Address issue,Prepaid,Delivered,1C96B0085B,n*** C***,XXXXXX1595,[REDACTED - Gurgaon],,ACTUAL
110414890457,Ahmedabad,380004,399,SKV-2745980,"ABC, Bhiwandi, Mumbai, Maharashtra",400016,Mumbai,2026-01-03,2026-01-06,2026-01-11,,2026-01-10,Landmark missing,Cod,RTO,3B673575EB,P*** C***,XXXXXX8252,[REDACTED - Ahmedabad],,ACTUAL
110514905665,Gautam Buddha Nagar,201301,1619,SRS-2561107,"ABC, Bhiwandi, Mumbai, Maharashtra",400016,Mumbai,2026-01-03,2026-01-05,2026-01-07,2026-01-07,2026-01-08,Not Applicable,Prepaid,Delivered,87B8006616,V*** C***,XXXXXX2515,[REDACTED - Gautam Buddha Nagar],,ACTUAL
110914958277,Agra,282001,435,OJO-2741684,"ABC, Bhiwandi, Mumbai, Maharashtra",400016,Mumbai,2026-01-03,2026-01-05,2026-01-05,2026-01-05,2026-01-06,Not Applicable,Cod,Delivered,C52B9A1FD1,S*** C***,XXXXXX8807,[REDACTED - Agra],,ACTUAL
111214992638,Mumbai,400071,130,SC-2627219,"ABC, Bhiwandi, Mumbai, Maharashtra",400016,Mumbai,2026-01-03,2026-01-04,2026-01-11,,2026-01-09,Phone not reachable,Cod,RTO,37783A09E8,N*** C***,XXXXXX1516,[REDACTED - Mumbai],,ACTUAL
110614921430,Gurgaon,122001,599,DCH-2643916,"ABC, Bhiwandi, Mumbai, Maharashtra",400016,Mumbai,2026-01-03,2026-01-04,2026-01-09,,2026-01-09,Phone not reachable,Cod,RTO,1475A425D6,C*** C***,XXXXXX2026,[REDACTED - Gurgaon],,ACTUAL
110914951130,SURAT,395002,723,XHC-2666463,"ABC, Bhiwandi, Mumbai, Maharashtra",400016,Mumbai,2026-01-03,2026-01-03,2026-01-06,2026-01-06,2026-01-07,Not Applicable,Cod,Delivered,D9CA64E455,D*** C***,XXXXXX9152,[REDACTED - SURAT],,ACTUAL
110714935651,Alappuzha,690533,1990,TIB-2643119,"ABC, Bhiwandi, Mumbai, Maharashtra",400016,Mumbai,2026-01-03,2026-01-04,2026-01-09,2026-01-09,2026-01-09,Not Applicable,Cod,Delivered,B649EBB01B,S*** C***,XXXXXX1374,[REDACTED - Alappuzha],,ACTUAL
102214757597,Gautam Buddha Nagar,201310,1739,SRS-2758256,"ABC, Bhiwandi, Mumbai, Maharashtra",400016,Mumbai,2026-01-03,2026-01-05,2026-01-06,2026-01-06,2026-01-07,Not Applicable,Prepaid,Delivered,C7E7ABC948,S*** C***,XXXXXX7964,[REDACTED - Gautam Buddha Nagar],,ACTUAL
110814938288,Belgaum,590001,747,0PQ-1893143,"ABC, Bhiwandi, Mumbai, Maharashtra",400016,Mumbai,2026-01-03,2026-01-03,2026-01-06,,2026-01-05,Phone not reachable,Cod,RTO,E2EEE1FDE8,T*** C***,XXXXXX7591,[REDACTED - Belgaum],,ACTUAL
110714934392,Nellore,524126,499,JJS-2754411,"ABC, Bhiwandi, Mumbai, Maharashtra",400016,Mumbai,2026-01-03,2026-01-04,2026-01-09,2026-01-09,2026-01-09,Not Applicable,Cod,Delivered,D7C84419C8,L*** C***,XXXXXX5705,[REDACTED - Nellore],,ACTUAL
111114977522,North Delhi,110085,613,FKS-2695257,"ABC, Bhiwandi, Mumbai, Maharashtra",400016,Mumbai,2026-01-03,2026-01-04,2026-01-08,2026-01-09,2026-01-10,Phone not reachable,Prepaid,Delivered,0C738FEE71,N*** C***,XXXXXX6226,[REDACTED - North Delhi],,ACTUAL
102714807454,East Khasi Hills,793002,675,YGL-2271877,"ABC, Bhiwandi, Mumbai, Maharashtra",400016,Mumbai,2026-01-03,2026-01-04,2026-01-06,2026-01-06,2026-01-07,Not Applicable,Cod,Delivered,4D0A021274,D*** C***,XXXXXX0763,[REDACTED - East Khasi Hills],,ACTUAL
111114977162,West Delhi,110015,499,BUC-2765510,"ABC, Bhiwandi, Mumbai, Maharashtra",400016,Mumbai,2026-01-03,2026-01-06,2026-01-10,2026-01-10,2026-01-12,Not Applicable,Cod,Delivered,B3F23F5F94,V*** C***,XXXXXX9911,[REDACTED - West Delhi],,ACTUAL
102914824700,Howrah,711102,834,WER-2719073,"ABC, Bhiwandi, Mumbai, Maharashtra",400016,Mumbai,2026-01-03,2026-01-04,2026-01-04,2026-01-05,2026-01-06,Address issue,Cod,Delivered,5BC761AF23,P*** C***,XXXXXX2723,[REDACTED - Howrah],,ACTUAL
110914960750,Kolkata,700086,1082,SN-2607413,"ABC, Bhiwandi, Mumbai, Maharashtra",400016,Mumbai,2026-01-03,2026-01-04,2026-01-08,,2026-01-07,COD payment declined,Cod,RTO,DE60BB0F5A,S*** C***,XXXXXX5248,[REDACTED - Kolkata],,ACTUAL
100114747530,Kota,324005,779,YZK-2731870,"ABC, Bhiwandi, Mumbai, Maharashtra",400016,Mumbai,2026-01-03,2026-01-04,,,2026-01-07,Not Applicable,Prepaid,Pickup done,BB85574EC0,K*** C***,XXXXXX4733,[REDACTED - Kota],not_yet_attempted,ACTUAL
110814947889,Bangalore,560048,499,YWB-2527713,"ABC, Bhiwandi, Mumbai, Maharashtra",400016,Mumbai,2026-01-03,2026-01-04,2026-01-07,2026-01-08,2026-01-07,Customer not available,Prepaid,Delivered,B67DCF4096,A*** C***,XXXXXX1331,[REDACTED - Bangalore],,ACTUAL
110714936239,jodhpur,342002,499,JJS-2777336,"ABC, Bhiwandi, Mumbai, Maharashtra",400016,Mumbai,2026-01-03,2026-01-04,,,2026-01-10,Not Applicable,Cod,In-Transit,73B33125A4,P*** C***,XXXXXX5589,[REDACTED - jodhpur],not_yet_attempted,ACTUAL
110714932662,East Khasi Hills,793006,757,CLZ-2721661,"ABC, Bhiwandi, Mumbai, Maharashtra",400016,Mumbai,2026-01-03,2026-01-04,2026-01-07,,2026-01-05,COD payment declined,Cod,RTO,8DB69F2AD2,S*** C***,XXXXXX9795,[REDACTED - East Khasi Hills],,ACTUAL
110814936936,Tirunelveli,627802,1517,0PQ-1963805,"ABC, Bhiwandi, Mumbai, Maharashtra",400016,Mumbai,2026-01-03,2026-01-04,2026-01-08,,2026-01-07,Customer not available,Cod,RTO,5B48314088,A*** C***,XXXXXX9346,[REDACTED - Tirunelveli],,ACTUAL
110814949482,Kottayam,686613,742,FKS-1690659,"ABC, Bhiwandi, Mumbai, Maharashtra",400016,Mumbai,2026-01-03,2026-01-05,2026-01-07,2026-01-08,2026-01-08,Customer not available,Prepaid,Delivered,CF7830A2F2,J*** C***,XXXXXX4720,[REDACTED - Kottayam],,ACTUAL
100114457679,Jaipur,302020,599,VNT-2684539,"ABC, Bhiwandi, Mumbai, Maharashtra",400016,Mumbai,2026-01-03,2026-01-03,2026-01-03,2026-01-03,2026-01-04,Customer requested re-attempt,Cod,Delivered,A7BACF57E2,K*** C***,XXXXXX2004,[REDACTED - Jaipur],,ACTUAL
110514901109,North 24 Parganas,700135,698,BUV-2618237,"ABC, Bhiwandi, Mumbai, Maharashtra",400016,Mumbai,2026-01-03,2026-01-04,2026-01-07,2026-01-07,2026-01-08,Not Applicable,Prepaid,Delivered,457484342E,M*** C***,XXXXXX2815,[REDACTED - North 24 Parganas],,ACTUAL
110814936935,Tirunelveli,627802,1696,JUB-2511955,"ABC, Bhiwandi, Mumbai, Maharashtra",400016,Mumbai,2026-01-03,2026-01-04,2026-01-09,2026-01-09,2026-01-07,Not Applicable,Cod,Delivered,7B62993BAC,A*** C***,XXXXXX9346,[REDACTED - Tirunelveli],,ACTUAL
110814943164,K.V.Rangareddy,500005,689,WEY-2680329,"ABC, Bhiwandi, Mumbai, Maharashtra",400016,Mumbai,2026-01-03,2026-01-05,2026-01-06,2026-01-06,2026-01-07,Not Applicable,Prepaid,Delivered,6CC0C4B73F,s*** C***,XXXXXX4472,[REDACTED - K.V.Rangareddy],,ACTUAL
110814949180,Ananthapur,515401,1271,ADL-2117318,"ABC, Bhiwandi, Mumbai, Maharashtra",400016,Mumbai,2026-01-03,2026-01-04,2026-01-09,,2026-01-08,Landmark missing,Cod,RTO,5223F8DB24,P*** C***,XXXXXX6424,[REDACTED - Ananthapur],,ACTUAL
111114976682,Jaipur,302019,689,EWE-2751222,"ABC, Bhiwandi, Mumbai, Maharashtra",400016,Mumbai,2026-01-04,2026-01-04,2026-03-05,,2026-01-06,Phone not reachable,Prepaid,Out of delivery,333E574912,S*** C***,XXXXXX4333,[REDACTED - Jaipur],,ACTUAL
110914958498,Shimoga,577201,519,YKL-2266967,"ABC, Bhiwandi, Mumbai, Maharashtra",400016,Mumbai,2026-01-04,2026-01-04,2026-01-08,2026-01-08,2026-01-07,Not Applicable,Prepaid,Delivered,11A88B1BB5,A*** C***,XXXXXX1334,[REDACTED - Shimoga],,ACTUAL
111014969526,Mumbai,400007,1145,ADX-2681913,"ABC, Bhiwandi, Mumbai, Maharashtra",400016,Mumbai,2026-01-04,2026-01-05,2026-01-09,2026-01-09,2026-01-09,Not Applicable,Prepaid,Delivered,0F9B73F7B1,t*** C***,XXXXXX9686,[REDACTED - Mumbai],,ACTUAL
110614922431,Bhopal,462001,1199,RJF-2758473,"ABC, Bhiwandi, Mumbai, Maharashtra",400016,Mumbai,2026-01-04,2026-01-05,2026-01-10,,2026-01-08,Phone not reachable,Cod,RTO,F3255C1AAF,R*** C***,XXXXXX0444,[REDACTED - Bhopal],,ACTUAL
111014965388,Bangalore,560078,549,ZIQ-2558400,"ABC, Bhiwandi, Mumbai, Maharashtra",400016,Mumbai,2026-01-04,2026-01-05,2026-01-10,,2026-01-09,Phone not reachable,Cod,RTO,BC2F5FE5C1,D*** C***,XXXXXX5380,[REDACTED - Bangalore],,ACTUAL
110614922432,Bhopal,462001,550,VNT-2543829,"ABC, Bhiwandi, Mumbai, Maharashtra",400016,Mumbai,2026-01-04,2026-01-05,2026-01-07,2026-01-08,2026-01-08,Phone not reachable,Cod,Delivered,06D3CE8E7B,R*** C***,XXXXXX0444,[REDACTED - Bhopal],,ACTUAL
100914567676,Vadodara,390002,1679,SRS-2737450,"ABC, Bhiwandi, Mumbai, Maharashtra",400016,Mumbai,2026-01-04,2026-01-06,2026-01-15,,2026-01-13,Customer refused delivery,Cod,RTO,F53EC69CFA,A*** C***,XXXXXX6881,[REDACTED - Vadodara],,ACTUAL
110814947053,West Godavari,534201,665,ADX-2061639,"ABC, Bhiwandi, Mumbai, Maharashtra",400016,Mumbai,2026-01-04,2026-01-05,2026-01-06,2026-01-06,2026-01-08,Not Applicable,Cod,Delivered,211CC83D03,P*** C***,XXXXXX1176,[REDACTED - West Godavari],,ACTUAL
111014970437,K.V.Rangareddy,500032,538,THD-2222821,"ABC, Bhiwandi, Mumbai, Maharashtra",400016,Mumbai,2026-01-04,2026-01-05,2026-01-11,2026-01-11,2026-01-11,Not Applicable,Cod,Delivered,E1395C9B5E,D*** C***,XXXXXX2222,[REDACTED - K.V.Rangareddy],,ACTUAL
111214993188,Navi Mumbai,400703,899,FWS-2684668,"ABC, Bhiwandi, Mumbai, Maharashtra",400016,Mumbai,2026-01-04,2026-01-05,2026-01-09,2026-01-09,2026-01-09,Not Applicable,Cod,Delivered,5821B14B22,S*** C***,XXXXXX8084,[REDACTED - Navi Mumbai],,ACTUAL
111014963942,Gurgaon,122009,796,ETZ-2356793,"ABC, Bhiwandi, Mumbai, Maharashtra",400016,Mumbai,2026-01-04,2026-01-05,2026-01-06,2026-01-06,2026-01-08,Not Applicable,Cod,Delivered,DACA17C233,C*** C***,XXXXXX3910,[REDACTED - Gurgaon],,ACTUAL
103114851085,Kamrup,781001,1008,VBB-2699337,"ABC, Bhiwandi, Mumbai, Maharashtra",400016,Mumbai,2026-01-04,2026-01-05,2026-01-11,,2026-01-10,COD payment declined,Cod,RTO,A3BADD66FD,R*** C***,XXXXXX2812,[REDACTED - Kamrup],,ACTUAL
111214988138,Thane,400606,946,JL-2316921,"ABC, Bhiwandi, Mumbai, Maharashtra",400016,Mumbai,2026-01-04,2026-01-04,2026-01-09,2026-01-09,2026-01-11,Not Applicable,Prepaid,Delivered,30DBD3B37B,A*** C***,XXXXXX4718,[REDACTED - Thane],,ACTUAL
111114978312,East Delhi,110092,729,TNV-2691320,"ABC, Bhiwandi, Mumbai, Maharashtra",400016,Mumbai,2026-01-04,2026-01-05,2026-01-08,2026-01-08,2026-01-08,Not Applicable,Prepaid,Delivered,F9A4621FAD,N*** C***,XXXXXX1102,[REDACTED - East Delhi],,ACTUAL
110914956185,Nagpur,440017,1437,PS5-2785130,"ABC, Bhiwandi, Mumbai, Maharashtra",400016,Mumbai,2026-01-04,2026-01-04,2026-01-08,,2026-01-07,COD payment declined,Cod,RTO,C68AF95195,F*** C***,XXXXXX1257,[REDACTED - Nagpur],,ACTUAL
111114979960,Bangalore,560102,691,QMB-2413662,"ABC, Bhiwandi, Mumbai, Maharashtra",400016,Mumbai,2026-01-04,2026-01-06,2026-01-10,2026-01-10,2026-01-08,Not Applicable,Cod,Delivered,CF6AE05694,V*** C***,XXXXXX5339,[REDACTED - Bangalore],,ACTUAL
102114866006,Katni,483503,1918,EWE-2763091,"ABC, Bhiwandi, Mumbai, Maharashtra",400016,Mumbai,2026-01-04,2026-01-04,2026-01-08,,2026-01-06,COD payment declined,Cod,RTO,1782F87E0F,M*** C***,XXXXXX8844,[REDACTED - Katni],,ACTUAL
110714935822,Aurangabad,431136,1007,ABL-1546796,"ABC, Bhiwandi, Mumbai, Maharashtra",400016,Mumbai,2026-01-04,2026-01-06,2026-01-10,,2026-01-10,Landmark missing,Cod,RTO,9CAAFA9378,N*** C***,XXXXXX4480,[REDACTED - Aurangabad],,ACTUAL
111114977539,Bangalore,560035,921,BNO-1564695,"ABC, Bhiwandi, Mumbai, Maharashtra",400016,Mumbai,2026-01-04,2026-01-06,2026-01-07,2026-01-07,2026-01-08,Not Applicable,Cod,Delivered,811730C6A8,S*** C***,XXXXXX7446,[REDACTED - Bangalore],,ACTUAL
103114840407,Kanyakumari,629180,399,DCH-2583329,"ABC, Bhiwandi, Mumbai, Maharashtra",400016,Mumbai,2026-01-04,2026-01-05,2026-01-08,2026-01-08,2026-01-10,Not Applicable,Cod,Delivered,9F8E20F79E,K*** C***,XXXXXX1967,[REDACTED - Kanyakumari],,ACTUAL
110814942116,Dehradun,248140,700,WKT-2324271,"ABC, Bhiwandi, Mumbai, Maharashtra",400016,Mumbai,2026-01-04,2026-01-07,2026-01-08,2026-01-10,2026-01-10,Delivery postponed by customer,Cod,Delivered,278C1AD2A6,P*** C***,XXXXXX0663,[REDACTED - Dehradun],,ACTUAL
111114975611,Bangalore,560099,1079,0PQ-2666855,"ABC, Bhiwandi, Mumbai, Maharashtra",400016,Mumbai,2026-01-04,2026-01-05,2026-01-10,2026-01-11,2026-01-10,Delivery postponed by customer,Cod,Delivered,501DF84D97,A*** C***,XXXXXX1210,[REDACTED - Bangalore],,ACTUAL
110814941960,North 24 Parganas,700135,1047,XHZ-2715059,"ABC, Bhiwandi, Mumbai, Maharashtra",400016,Mumbai,2026-01-04,2026-01-06,2026-01-09,2026-01-09,2026-01-10,Not Applicable,Cod,Delivered,D4C336E4DF,M*** C***,XXXXXX2815,[REDACTED - North 24 Parganas],,ACTUAL
111114983923,South West Delhi,110070,799,MBC-2786534,"ABC, Bhiwandi, Mumbai, Maharashtra",400016,Mumbai,2026-01-04,2026-01-06,2026-01-06,2026-01-06,2026-01-08,Not Applicable,Cod,Delivered,9279F2FA64,M*** C***,XXXXXX6078,[REDACTED - South West Delhi],,ACTUAL
110714928926,Navi Mumbai,400701,899,PCL-2416246,"ABC, Bhiwandi, Mumbai, Maharashtra",400016,Mumbai,2026-01-04,2026-01-06,2026-01-09,2026-01-09,2026-01-09,Not Applicable,Cod,Delivered,40426CDFE4,s*** C***,XXXXXX1615,[REDACTED - Navi Mumbai],,ACTUAL
110914959039,ERNAKULAMKochi,682021,868,EWE-2681680,"ABC, Bhiwandi, Mumbai, Maharashtra",400016,Mumbai,2026-01-04,2026-01-06,2026-01-07,2026-01-07,2026-01-07,Not Applicable,Cod,Delivered,BFD7FCFD89,D*** C***,XXXXXX2493,[REDACTED - ERNAKULAMKochi],,ACTUAL
111114977228,Kanchipuram,600096,244,DHB-2625422,"ABC, Bhiwandi, Mumbai, Maharashtra",400016,Mumbai,2026-01-04,2026-01-05,2026-01-08,2026-01-08,2026-01-06,Not Applicable,Cod,Delivered,B48B710CDC,P*** C***,XXXXXX8292,[REDACTED - Kanchipuram],,ACTUAL
110414891572,Tarn Taran,143401,1079,XHZ-2720863,"ABC, Bhiwandi, Mumbai, Maharashtra",400016,Mumbai,2026-01-04,2026-01-05,2026-01-08,,2026-01-07,Phone not reachable,Cod,RTO,D52CE9D8D9,S*** C***,XXXXXX8768,[REDACTED - Tarn Taran],,ACTUAL
111214993102,Mumbai,400067,856,MSW-2587341,"ABC, Bhiwandi, Mumbai, Maharashtra",400016,Mumbai,2026-01-04,2026-01-05,2026-01-09,2026-01-09,2026-01-10,Not Applicable,Prepaid,Delivered,0C7010E20A,P*** C***,XXXXXX3080,[REDACTED - Mumbai],,ACTUAL
110914957466,Hyderabad,500081,788,EWE-2717463,"ABC, Bhiwandi, Mumbai, Maharashtra",400016,Mumbai,2026-01-04,2026-01-05,2026-01-07,2026-01-07,2026-01-07,Not Applicable,Cod,Delivered,D410C7BCF9,A*** C***,XXXXXX3137,[REDACTED - Hyderabad],,ACTUAL
111114984707,Mumbai,400008,1711,AJ-2369244,"ABC, Bhiwandi, Mumbai, Maharashtra",400016,Mumbai,2026-01-04,2026-01-06,2026-01-07,2026-01-07,2026-01-07,Not Applicable,Cod,Delivered,48B0FBCE8B,E*** C***,XXXXXX1119,[REDACTED - Mumbai],,ACTUAL
110714932203,Ahmedabad,380013,522,THD-1584794,"ABC, Bhiwandi, Mumbai, Maharashtra",400016,Mumbai,2026-01-04,2026-01-05,2026-01-09,,2026-01-07,Customer cancelled order,Cod,RTO,041256BF8E,M*** C***,XXXXXX9233,[REDACTED - Ahmedabad],,ACTUAL
110314883584,Nizamabad,503002,646,MXH-2541945,"ABC, Bhiwandi, Mumbai, Maharashtra",400016,Mumbai,2026-01-04,2026-01-06,2026-01-14,,2026-01-12,Landmark missing,Cod,RTO,34CECC79D9,R*** C***,XXXXXX9595,[REDACTED - Nizamabad],,ACTUAL
110714933198,Kanpur Dehat,209202,799,FB3-2658130,"ABC, Bhiwandi, Mumbai, Maharashtra",400016,Mumbai,2026-01-04,2026-01-05,2026-01-09,2026-01-09,2026-01-11,Not Applicable,Cod,Delivered,C476C63A4F,A*** C***,XXXXXX0622,[REDACTED - Kanpur Dehat],,ACTUAL
111114973286,Mumbai,400092,811,YGS-2072266,"ABC, Bhiwandi, Mumbai, Maharashtra",400016,Mumbai,2026-01-04,2026-01-05,2026-01-10,2026-01-10,2026-01-12,Not Applicable,Cod,Delivered,9EF634024D,J*** C***,XXXXXX6889,[REDACTED - Mumbai],,ACTUAL
111114974684,Solan,173212,499,YWB-2626890,"ABC, Bhiwandi, Mumbai, Maharashtra",400016,Mumbai,2026-01-04,2026-01-05,2026-01-09,2026-01-09,2026-01-06,Not Applicable,Cod,Delivered,FB506D0EB5,v*** C***,XXXXXX6585,[REDACTED - Solan],,ACTUAL
110814941267,Hyderabad,500025,882,XLN-1841988,"ABC, Bhiwandi, Mumbai, Maharashtra",400016,Mumbai,2026-01-04,2026-01-05,2026-01-12,2026-01-12,2026-01-09,Not Applicable,Prepaid,Delivered,30C69401DA,T*** C***,XXXXXX7668,[REDACTED - Hyderabad],,ACTUAL
111114974875,Gautam Buddha Nagar,201301,899,YWB-2352723,"ABC, Bhiwandi, Mumbai, Maharashtra",400016,Mumbai,2026-01-04,2026-01-06,2026-01-11,2026-01-11,2026-01-10,Not Applicable,Cod,Delivered,C1C7F3A59C,N*** C***,XXXXXX7575,[REDACTED - Gautam Buddha Nagar],,ACTUAL
111014961410,Bangalore,560043,750,TKS-2111423,"ABC, Bhiwandi, Mumbai, Maharashtra",400016,Mumbai,2026-01-04,2026-01-05,2026-01-11,,2026-01-10,COD payment declined,Cod,RTO,0B3EC5CA18,S*** C***,XXXXXX6111,[REDACTED - Bangalore],,ACTUAL
110914959692,Panna,488001,928,CMW-2624377,"ABC, Bhiwandi, Mumbai, Maharashtra",400016,Mumbai,2026-01-04,2026-01-05,2026-01-09,2026-01-09,2026-01-09,Not Applicable,Prepaid,Delivered,FEDB98C550,J*** C***,XXXXXX7745,[REDACTED - Panna],,ACTUAL
110714934482,Nagpur,440002,1017,LUY-1491670,"ABC, Bhiwandi, Mumbai, Maharashtra",400016,Mumbai,2026-01-04,2026-01-05,2026-01-11,2026-01-12,2026-01-10,Phone not reachable,Prepaid,Delivered,E50C2A20F4,S*** C***,XXXXXX3881,[REDACTED - Nagpur],,ACTUAL
101514655176,Tirap,792130,1079,YZK-2756473,"ABC, Bhiwandi, Mumbai, Maharashtra",400016,Mumbai,2026-01-04,2026-01-04,2026-01-06,2026-01-06,2026-01-07,Not Applicable,Cod,Delivered,365055A9B1,T*** C***,XXXXXX7081,[REDACTED - Tirap],,ACTUAL
110614921165,Muzaffarpur,842002,889,0PQ-2025523,"ABC, Bhiwandi, Mumbai, Maharashtra",400016,Mumbai,2026-01-04,2026-01-07,2026-01-10,2026-01-10,2026-01-11,Not Applicable,Cod,Delivered,A24F89E203,S*** C***,XXXXXX3079,[REDACTED - Muzaffarpur],,ACTUAL
111114975402,Ahmedabad,382330,409,MSR-2720664,"ABC, Bhiwandi, Mumbai, Maharashtra",400016,Mumbai,2026-01-04,2026-01-04,2026-03-05,,2026-01-07,Landmark missing,Prepaid,Out of delivery,859434B4AD,H*** C***,XXXXXX1124,[REDACTED - Ahmedabad],,ACTUAL
110614921166,Muzaffarpur,842002,1020,BM7-1951095,"ABC, Bhiwandi, Mumbai, Maharashtra",400016,Mumbai,2026-01-04,2026-01-05,2026-01-08,,2026-01-07,Customer cancelled order,Cod,RTO,6BCAB3C084,S*** C***,XXXXXX3079,[REDACTED - Muzaffarpur],,ACTUAL
110714932884,Gautam Buddha Nagar,201307,349,KJD-2229794,"ABC, Bhiwandi, Mumbai, Maharashtra",400016,Mumbai,2026-01-04,2026-01-05,2026-01-07,2026-01-07,2026-01-09,Not Applicable,Cod,Delivered,2ED2599162,A*** C***,XXXXXX6311,[REDACTED - Gautam Buddha Nagar],,ACTUAL
110514908730,Nagaon,782002,428,PPV-1984380,"ABC, Bhiwandi, Mumbai, Maharashtra",400016,Mumbai,2026-01-04,2026-01-05,2026-01-06,2026-01-06,2026-01-06,Not Applicable,Cod,Delivered,BDAEBE4952,S*** C***,XXXXXX8850,[REDACTED - Nagaon],,ACTUAL
111114978168,West Delhi,110059,1759,FUF-2588333,"ABC, Bhiwandi, Mumbai, Maharashtra",400016,Mumbai,2026-01-04,2026-01-05,2026-01-08,,2026-01-08,Landmark missing,Cod,RTO,B38AEC17F1,V*** C***,XXXXXX8400,[REDACTED - West Delhi],,ACTUAL
101814706421,Vaishali,844101,948,BP4-2672397,"ABC, Bhiwandi, Mumbai, Maharashtra",400016,Mumbai,2026-01-04,2026-01-05,2026-01-08,,2026-01-06,Landmark missing,Cod,RTO,1B62B14B33,B*** C***,XXXXXX0231,[REDACTED - Vaishali],,ACTUAL
111114980504,Pune,412101,748,AAD-2719566,"ABC, Bhiwandi, Mumbai, Maharashtra",400016,Mumbai,2026-01-04,2026-01-06,2026-01-08,,2026-01-08,Landmark missing,Cod,RTO,948BFB2192,R*** C***,XXXXXX0372,[REDACTED - Pune],,ACTUAL
111114979818,Pune,411038,663,SB9-2294710,"ABC, Bhiwandi, Mumbai, Maharashtra",400016,Mumbai,2026-01-05,2026-01-06,2026-01-11,2026-01-11,2026-01-10,Not Applicable,Cod,Delivered,FDE77EC01F,D*** C***,XXXXXX2666,[REDACTED - Pune],,ACTUAL
110714935229,Amritsar,143001,689,EWE-2751221,"ABC, Bhiwandi, Mumbai, Maharashtra",400016,Mumbai,2026-01-05,2026-01-06,2026-01-09,,2026-01-08,Phone not reachable,Cod,RTO,37ED54089B,A*** C***,XXXXXX6837,[REDACTED - Amritsar],,ACTUAL
110914960009,Bangalore,560035,516,YWW-2489350,"ABC, Bhiwandi, Mumbai, Maharashtra",400016,Mumbai,2026-01-05,2026-01-06,2026-01-09,2026-01-10,2026-01-12,Customer requested re-attempt,Cod,Delivered,14B5329BEB,P*** C***,XXXXXX1378,[REDACTED - Bangalore],,ACTUAL
111114980617,Bangalore,560103,1805,ADX-2363098,"ABC, Bhiwandi, Mumbai, Maharashtra",400016,Mumbai,2026-01-05,2026-01-06,2026-01-11,2026-01-11,2026-01-12,Not Applicable,Cod,Delivered,3E712B544D,S*** C***,XXXXXX8880,[REDACTED - Bangalore],,ACTUAL
110914959980,Bangalore,560035,494,WNX-2566720,"ABC, Bhiwandi, Mumbai, Maharashtra",400016,Mumbai,2026-01-05,2026-01-06,2026-01-09,2026-01-09,2026-01-10,Not Applicable,Cod,Delivered,DF1BE54D27,P*** C***,XXXXXX1378,[REDACTED - Bangalore],,ACTUAL
111014969889,Bangalore,560100,779,AL2-2731291,"ABC, Bhiwandi, Mumbai, Maharashtra",400016,Mumbai,2026-01-05,2026-01-05,2026-01-10,2026-01-11,2026-01-08,Landmark missing,Cod,Delivered,B0CF5ED7E9,K*** C***,XXXXXX6185,[REDACTED - Bangalore],,ACTUAL
110614914773,Pune,411037,349,YWB-2321723,"ABC, Bhiwandi, Mumbai, Maharashtra",400016,Mumbai,2026-01-05,2026-01-07,2026-01-08,2026-01-08,2026-01-09,Not Applicable,Cod,Delivered,CB3542AE83,B*** C***,XXXXXX0909,[REDACTED - Pune],,ACTUAL
111014966268,Vizianagaram,535546,345,OJO-2703893,"ABC, Bhiwandi, Mumbai, Maharashtra",400016,Mumbai,2026-01-05,2026-01-06,2026-01-07,2026-01-07,2026-01-07,Not Applicable,Cod,Delivered,00D14059AA,P*** C***,XXXXXX6775,[REDACTED - Vizianagaram],,ACTUAL
111114978241,Hyderabad,500039,969,YTS-2688139,"ABC, Bhiwandi, Mumbai, Maharashtra",400016,Mumbai,2026-01-05,2026-01-06,2026-01-07,2026-01-07,2026-01-09,Not Applicable,Cod,Delivered,FE50021B5A,K*** C***,XXXXXX2478,[REDACTED - Hyderabad],,ACTUAL
110714931898,K.V.Rangareddy,500035,639,YC-2533769,"ABC, Bhiwandi, Mumbai, Maharashtra",400016,Mumbai,2026-01-05,2026-01-07,2026-01-08,2026-01-08,2026-01-08,Not Applicable,Cod,Delivered,5CFF82B143,S*** C***,XXXXXX7101,[REDACTED - K.V.Rangareddy],,ACTUAL
110914955267,Gwalior,474003,1436,WBR-2657548,"ABC, Bhiwandi, Mumbai, Maharashtra",400016,Mumbai,2026-01-05,2026-01-07,2026-01-10,2026-01-10,2026-01-11,Not Applicable,Cod,Delivered,C98F48C31D,P*** C***,XXXXXX9393,[REDACTED - Gwalior],,ACTUAL
110714928374,South Delhi,110017,491,THD-1804086,"ABC, Bhiwandi, Mumbai, Maharashtra",400016,Mumbai,2026-01-05,2026-01-07,2026-01-12,2026-01-12,2026-01-12,Not Applicable,Cod,Delivered,D88018F93B,A*** C***,XXXXXX3101,[REDACTED - South Delhi],,ACTUAL
102914821485,Ghaziabad,201014,1699,PCE-2751370,"ABC, Bhiwandi, Mumbai, Maharashtra",400016,Mumbai,2026-01-05,2026-01-07,2026-01-10,2026-01-10,2026-01-10,Not Applicable,Cod,Delivered,448B932292,A*** C***,XXXXXX8269,[REDACTED - Ghaziabad],,ACTUAL
110914957242,Sonipat,131001,491,THD-1804086,"ABC, Bhiwandi, Mumbai, Maharashtra",400016,Mumbai,2026-01-05,2026-01-07,2026-01-11,2026-01-11,2026-01-13,Not Applicable,Prepaid,Delivered,ED8E2914D0,H*** C***,XXXXXX3470,[REDACTED - Sonipat],,ACTUAL
111114976835,Patna,800003,1036,YZK-2736799,"ABC, Bhiwandi, Mumbai, Maharashtra",400016,Mumbai,2026-01-05,2026-01-06,2026-01-06,2026-01-06,2026-01-08,Phone not reachable,Prepaid,Delivered,1ED46F5719,C*** C***,XXXXXX6242,[REDACTED - Patna],,ACTUAL
111114979171,Ahmedabad,382350,594,MXH-2404490,"ABC, Bhiwandi, Mumbai, Maharashtra",400016,Mumbai,2026-01-05,2026-01-08,2026-01-08,2026-01-08,2026-01-09,Not Applicable,Cod,Delivered,C712E0E234,A*** C***,XXXXXX0184,[REDACTED - Ahmedabad],,ACTUAL
110314886575,Jaipur,302018,738,YGS-2667596,"ABC, Bhiwandi, Mumbai, Maharashtra",400016,Mumbai,2026-01-05,2026-01-07,,,2026-01-10,Not Applicable,Cod,Lost,56D4151309,H*** C***,XXXXXX0605,[REDACTED - Jaipur],,ACTUAL
102014732289,Indore,452014,725,YGS-1957889,"ABC, Bhiwandi, Mumbai, Maharashtra",400016,Mumbai,2026-01-05,2026-01-06,2026-01-06,2026-01-06,2026-01-08,Not Applicable,Prepaid,Delivered,6FAC173F16,M*** C***,XXXXXX4000,[REDACTED - Indore],,ACTUAL
110614922030,Ernakulam,682023,1274,YYG-2630399,"ABC, Bhiwandi, Mumbai, Maharashtra",400016,Mumbai,2026-01-05,2026-01-06,2026-01-07,2026-01-07,2026-01-09,Not Applicable,Cod,Delivered,0CE7B2C811,A*** C***,XXXXXX0608,[REDACTED - Ernakulam],,ACTUAL
110914959762,Gurgaon,122011,736,FBO-1977218,"ABC, Bhiwandi, Mumbai, Maharashtra",400016,Mumbai,2026-01-05,2026-01-06,2026-01-08,2026-01-08,2026-01-09,Not Applicable,Cod,Delivered,88B1CEC499,M*** C***,XXXXXX2868,[REDACTED - Gurgaon],,ACTUAL
110814940469,North Delhi,110084,1487,ADX-2060438,"ABC, Bhiwandi, Mumbai, Maharashtra",400016,Mumbai,2026-01-05,2026-01-06,2026-01-08,2026-01-08,2026-01-08,Not Applicable,Cod,Delivered,25386C306B,S*** C***,XXXXXX8750,[REDACTED - North Delhi],,ACTUAL
110914959739,K.V.Rangareddy,500084,1088,KRU-2645931,"ABC, Bhiwandi, Mumbai, Maharashtra",400016,Mumbai,2026-01-05,2026-01-07,2026-01-07,2026-01-07,2026-01-09,Not Applicable,Cod,Delivered,A6AF895929,D*** C***,XXXXXX7594,[REDACTED - K.V.Rangareddy],,ACTUAL
111014961482,Mumbai,400081,499,JJS-2769470,"ABC, Bhiwandi, Mumbai, Maharashtra",400016,Mumbai,2026-01-05,2026-01-06,2026-01-10,2026-01-10,2026-01-09,Not Applicable,Cod,Delivered,65097AB209,K*** C***,XXXXXX9197,[REDACTED - Mumbai],,ACTUAL
110914953545,Mumbai,400101,2198,SRS-1868934,"ABC, Bhiwandi, Mumbai, Maharashtra",400016,Mumbai,2026-01-05,2026-01-06,2026-01-09,2026-01-09,2026-01-10,Not Applicable,Prepaid,Delivered,929FD224C2,N*** C***,XXXXXX2820,[REDACTED - Mumbai],,ACTUAL
111114981098,Bangalore,560035,2183,SRS-2660407,"ABC, Bhiwandi, Mumbai, Maharashtra",400016,Mumbai,2026-01-05,2026-01-06,2026-01-10,2026-01-11,2026-01-08,Phone not reachable,Cod,Delivered,6EFC597918,P*** C***,XXXXXX0091,[REDACTED - Bangalore],,ACTUAL
110714929801,Haridwar,249407,989,YTS-2724104,"ABC, Bhiwandi, Mumbai, Maharashtra",400016,Mumbai,2026-01-05,2026-01-06,2026-01-10,,2026-01-08,Customer refused delivery,Cod,RTO,17AF864EFF,M*** C***,XXXXXX3968,[REDACTED - Haridwar],,ACTUAL
110714934921,Jaipur,302006,399,BUC-2765563,"ABC, Bhiwandi, Mumbai, Maharashtra",400016,Mumbai,2026-01-05,2026-01-07,2026-01-10,,2026-01-09,Customer cancelled order,Cod,RTO,4379B1E093,D*** C***,XXXXXX0037,[REDACTED - Jaipur],,ACTUAL
92514374988,South Delhi,110065,699,SN-2716806,"ABC, Bhiwandi, Mumbai, Maharashtra",400016,Mumbai,2026-01-05,2026-01-06,2026-01-10,2026-01-10,2026-01-12,Not Applicable,Cod,Delivered,5E8A2D8E51,P*** C***,XXXXXX0931,[REDACTED - South Delhi],,ACTUAL
110814944727,Pune,411021,1499,PCL-2609323,"ABC, Bhiwandi, Mumbai, Maharashtra",400016,Mumbai,2026-01-05,2026-01-07,2026-01-07,2026-01-07,2026-01-08,Not Applicable,Prepaid,Delivered,53E301807E,K*** C***,XXXXXX9561,[REDACTED - Pune],,ACTUAL
110414889235,Lucknow,226010,960,WNX-2109908,"ABC, Bhiwandi, Mumbai, Maharashtra",400016,Mumbai,2026-01-05,2026-01-06,2026-01-07,2026-01-07,2026-01-09,Not Applicable,Prepaid,Delivered,8BE4572ECF,p*** C***,XXXXXX9555,[REDACTED - Lucknow],,ACTUAL
110914951880,Bangalore,560058,509,XXC-1948342,"ABC, Bhiwandi, Mumbai, Maharashtra",400016,Mumbai,2026-01-05,2026-01-06,2026-01-08,2026-01-08,2026-01-10,Not Applicable,Cod,Delivered,096B2DE486,C*** C***,XXXXXX6218,[REDACTED - Bangalore],,ACTUAL
111014962156,North West Delhi,110034,999,RKD-2761785,"ABC, Bhiwandi, Mumbai, Maharashtra",400016,Mumbai,2026-01-05,2026-01-07,2026-01-07,2026-01-07,2026-01-09,Customer not available,Cod,Delivered,7B4A90E0B0,G*** C***,XXXXXX2389,[REDACTED - North West Delhi],,ACTUAL
111014969065,North East Delhi,110032,1487,ADX-2060445,"ABC, Bhiwandi, Mumbai, Maharashtra",400016,Mumbai,2026-01-05,2026-01-05,2026-01-05,2026-01-05,2026-01-06,Not Applicable,Prepaid,Delivered,AA9603A949,R*** C***,XXXXXX9461,[REDACTED - North East Delhi],,ACTUAL
101914710255,Gautam Buddha Nagar,201301,709,YZK-2756598,"ABC, Bhiwandi, Mumbai, Maharashtra",400016,Mumbai,2026-01-05,2026-01-06,2026-01-09,2026-01-10,2026-01-11,Customer requested re-attempt,Cod,Delivered,79AA718828,N*** C***,XXXXXX7584,[REDACTED - Gautam Buddha Nagar],,ACTUAL
110914958201,Mumbai,400004,584,GEI-2547592,"ABC, Bhiwandi, Mumbai, Maharashtra",400016,Mumbai,2026-01-05,2026-01-06,2026-01-13,,2026-01-11,COD payment declined,Cod,RTO,D29097EA79,K*** C***,XXXXXX5005,[REDACTED - Mumbai],,ACTUAL
110614914925,Darbhanga,846004,492,BM7-1951097,"ABC, Bhiwandi, Mumbai, Maharashtra",400016,Mumbai,2026-01-05,2026-01-07,2026-01-08,2026-01-08,2026-01-10,Not Applicable,Cod,Delivered,2BF68AB801,D*** C***,XXXXXX5591,[REDACTED - Darbhanga],,ACTUAL
110814944439,Navi Mumbai,400709,708,CDG-2166389,"ABC, Bhiwandi, Mumbai, Maharashtra",400016,Mumbai,2026-01-05,2026-01-08,2026-01-11,,2026-01-10,Customer not available,Cod,RTO,E9D3E0725D,A*** C***,XXXXXX5560,[REDACTED - Navi Mumbai],,ACTUAL
111014963488,Ghaziabad,201009,799,MBC-2786548,"ABC, Bhiwandi, Mumbai, Maharashtra",400016,Mumbai,2026-01-05,2026-01-06,2026-01-09,2026-01-09,2026-01-11,Not Applicable,Cod,Delivered,4B6DF57E02,G*** C***,XXXXXX2515,[REDACTED - Ghaziabad],,ACTUAL
110814938954,Ranchi,834005,787,YAH-2688742,"ABC, Bhiwandi, Mumbai, Maharashtra",400016,Mumbai,2026-01-05,2026-01-06,,,2026-01-09,Not Applicable,Cod,In-Transit,290E0E249D,D*** C***,XXXXXX9503,[REDACTED - Ranchi],not_yet_attempted,ACTUAL
111114978351,Bangalore,562157,499,XHZ-2698233,"ABC, Bhiwandi, Mumbai, Maharashtra",400016,Mumbai,2026-01-05,2026-01-06,2026-01-09,2026-01-09,2026-01-07,Not Applicable,Cod,Delivered,86D53A3DA1,S*** C***,XXXXXX1803,[REDACTED - Bangalore],,ACTUAL
111114983851,Mumbai,400097,2802,LSM-2715377,"ABC, Bhiwandi, Mumbai, Maharashtra",400016,Mumbai,2026-01-05,2026-01-07,2026-01-08,2026-01-08,2026-01-09,Not Applicable,Cod,Delivered,B5771ACE50,p*** C***,XXXXXX9907,[REDACTED - Mumbai],high_value_order,ACTUAL
111014966585,Hyderabad,500010,2576,HBZ-2635369,"ABC, Bhiwandi, Mumbai, Maharashtra",400016,Mumbai,2026-01-05,2026-01-07,2026-01-08,2026-01-08,2026-01-08,Not Applicable,Prepaid,Delivered,5330CDFE89,V*** C***,XXXXXX2054,[REDACTED - Hyderabad],,ACTUAL
111014965859,Kolhapur,416003,399,SCM-2716117,"ABC, Bhiwandi, Mumbai, Maharashtra",400016,Mumbai,2026-01-05,2026-01-07,2026-01-12,2026-01-12,2026-01-09,Not Applicable,Cod,Delivered,47AB8359FE,S*** C***,XXXXXX7772,[REDACTED - Kolhapur],,ACTUAL
110214873207,Jabalpur,482001,720,THD-2614033,"ABC, Bhiwandi, Mumbai, Maharashtra",400016,Mumbai,2026-01-05,2026-01-05,2026-01-06,2026-01-07,2026-01-07,Delivery postponed by customer,Cod,Delivered,B7986564EA,V*** C***,XXXXXX7477,[REDACTED - Jabalpur],,ACTUAL
110914957797,Visakhapatnam,530011,599,BM7-2714912,"ABC, Bhiwandi, Mumbai, Maharashtra",400016,Mumbai,2026-01-05,2026-01-06,2026-01-06,2026-01-06,2026-01-08,Phone not reachable,Cod,Delivered,32BD4AB807,A*** C***,XXXXXX0777,[REDACTED - Visakhapatnam],,ACTUAL
111014969142,Raigarh(MH),410206,385,YAP-2412982,"ABC, Bhiwandi, Mumbai, Maharashtra",400016,Mumbai,2026-01-05,2026-01-07,2026-01-10,2026-01-10,2026-01-10,Not Applicable,Prepaid,Delivered,1EBD3E43C3,U*** C***,XXXXXX4414,[REDACTED - Raigarh(MH)],,ACTUAL
102414783804,Mumbai,400049,747,CB9-2484795,"ABC, Bhiwandi, Mumbai, Maharashtra",400016,Mumbai,2026-01-05,2026-01-06,2026-01-11,2026-01-11,2026-01-11,Not Applicable,Cod,Delivered,15520F8224,A*** C***,XXXXXX9679,[REDACTED - Mumbai],,ACTUAL
101314629228,Bathinda,151001,989,WER-2749988,"ABC, Bhiwandi, Mumbai, Maharashtra",400016,Mumbai,2026-01-05,2026-01-06,2026-01-10,2026-01-10,2026-01-08,Not Applicable,Prepaid,Delivered,010C5DDF89,V*** C***,XXXXXX2519,[REDACTED - Bathinda],,ACTUAL
111014969115,Surat,395009,1420,SRS-2110932,"ABC, Bhiwandi, Mumbai, Maharashtra",400016,Mumbai,2026-01-05,2026-01-06,2026-01-09,2026-01-09,2026-01-09,Not Applicable,Prepaid,Delivered,7246DCDA93,J*** C***,XXXXXX4000,[REDACTED - Surat],,ACTUAL
110814943547,Sonitpur,784176,1507,THD-2069969,"ABC, Bhiwandi, Mumbai, Maharashtra",400016,Mumbai,2026-01-05,2026-01-06,2026-01-12,,2026-01-11,Customer refused delivery,Cod,RTO,2646E217D8,G*** C***,XXXXXX3629,[REDACTED - Sonitpur],,ACTUAL
110414898409,Noida (Greater Noida),201304,935,YGS-2437107,"ABC, Bhiwandi, Mumbai, Maharashtra",400016,Mumbai,2026-01-08,2026-01-08,2026-01-10,2026-01-10,2026-01-10,Not Applicable,Prepaid,Delivered,0B711EABB7,A*** C***,XXXXXX8001,[REDACTED - Noida (Greater Noida)],,ACTUAL
111214991601,Mumbai,400076,1599,K1-2727295,"ABC, Bhiwandi, Mumbai, Maharashtra",400016,Mumbai,2026-01-08,2026-01-10,,,2026-01-14,Not Applicable,Cod,In-Transit,C696EE67CF,D*** C***,XXXXXX8333,[REDACTED - Mumbai],not_yet_attempted,ACTUAL
111214987160,East Delhi,110051,1529,CDY-2622114,"ABC, Bhiwandi, Mumbai, Maharashtra",400016,Mumbai,2026-01-08,2026-01-09,2026-01-10,,2026-01-10,Customer refused delivery,Prepaid,RTO,2B6C556834,N*** C***,XXXXXX4609,[REDACTED - East Delhi],,ACTUAL
111014968557,Bangalore,560077,449,CRH-2676224,"ABC, Bhiwandi, Mumbai, Maharashtra",400016,Mumbai,2026-01-08,2026-01-11,2026-01-13,2026-01-13,2026-01-14,Not Applicable,Prepaid,Delivered,D987FB64EA,S*** C***,XXXXXX4864,[REDACTED - Bangalore],,ACTUAL
102214756817,Jammu,180007,699,DHB-2663046,"ABC, Bhiwandi, Mumbai, Maharashtra",400016,Mumbai,2026-01-08,2026-01-09,2026-01-10,2026-01-12,2026-01-12,Phone not reachable,Cod,Delivered,977808ACCF,S*** C***,XXXXXX2222,[REDACTED - Jammu],,ACTUAL
111114978407,Hyderabad,500045,770,YGS-1963253,"ABC, Bhiwandi, Mumbai, Maharashtra",400016,Mumbai,2026-01-08,2026-01-09,2026-01-14,2026-01-14,2026-01-14,Not Applicable,Cod,Delivered,F06419DF0C,S*** C***,XXXXXX3322,[REDACTED - Hyderabad],,ACTUAL
111214988831,Mumbai,400007,699,RZR-2472522,"ABC, Bhiwandi, Mumbai, Maharashtra",400016,Mumbai,2026-01-08,2026-01-09,2026-01-10,2026-01-11,2026-01-12,Customer not available,Cod,Delivered,785B360D17,n*** C***,XXXXXX4611,[REDACTED - Mumbai],,ACTUAL
91614251582,Aligarh,202001,779,BM7-2714891,"ABC, Bhiwandi, Mumbai, Maharashtra",400016,Mumbai,2026-01-08,2026-01-08,2026-01-12,2026-01-12,2026-01-13,Not Applicable,Cod,Delivered,0324B95BCB,A*** C***,XXXXXX5444,[REDACTED - Aligarh],,ACTUAL
110914953203,Haridwar,249408,499,CB9-2165721,"ABC, Bhiwandi, Mumbai, Maharashtra",400016,Mumbai,2026-01-08,2026-01-11,2026-01-17,2026-01-17,2026-01-16,Not Applicable,Prepaid,Delivered,8D7890E468,N*** C***,XXXXXX7627,[REDACTED - Haridwar],,ACTUAL
110114859070,Srikakulam,532201,906,INM-1316918,"ABC, Bhiwandi, Mumbai, Maharashtra",400016,Mumbai,2026-01-08,2026-01-09,2026-01-14,,2026-01-13,Customer refused delivery,Cod,RTO,AF9D9B5474,L*** C***,XXXXXX9666,[REDACTED - Srikakulam],,ACTUAL
110814943694,Bangalore,560064,2183,SRS-2692634,"ABC, Bhiwandi, Mumbai, Maharashtra",400016,Mumbai,2026-01-08,2026-01-10,2026-01-16,2026-01-16,2026-01-16,Not Applicable,Prepaid,Delivered,6382E0D4A7,T*** C***,XXXXXX1838,[REDACTED - Bangalore],,ACTUAL
111114974082,Chennai,600082,618,OHM-2786287,"ABC, Bhiwandi, Mumbai, Maharashtra",400016,Mumbai,2026-01-08,2026-01-09,2026-01-14,2026-01-15,2026-01-15,Customer requested re-attempt,Cod,Delivered,B438E0B83B,S*** C***,XXXXXX6995,[REDACTED - Chennai],,ACTUAL
110914961168,Bangalore,560066,479,PS5-2785219,"ABC, Bhiwandi, Mumbai, Maharashtra",400016,Mumbai,2026-01-08,2026-01-10,2026-01-10,2026-01-10,2026-01-12,Not Applicable,Prepaid,Delivered,99B5AD6EE7,T*** C***,XXXXXX9955,[REDACTED - Bangalore],,ACTUAL
110714927080,Bidar,585401,749,YYX-2603819,"ABC, Bhiwandi, Mumbai, Maharashtra",400016,Mumbai,2026-01-08,2026-01-11,2026-01-16,2026-01-16,2026-01-16,Not Applicable,Cod,Delivered,C7EAD731EA,P*** C***,XXXXXX4565,[REDACTED - Bidar],,ACTUAL
110714934184,Bhavnagar,364001,840,SRS-1551760,"ABC, Bhiwandi, Mumbai, Maharashtra",400016,Mumbai,2026-01-08,2026-01-09,2026-01-10,2026-01-11,2026-01-13,Customer requested re-attempt,Prepaid,Delivered,3F56DCF0B8,P*** C***,XXXXXX9068,[REDACTED - Bhavnagar],,ACTUAL
111014972741,Roorkee,247667,779,GGH-2642689,"ABC, Bhiwandi, Mumbai, Maharashtra",400016,Mumbai,2026-01-08,2026-01-09,2026-01-10,2026-01-10,2026-01-12,Not Applicable,Cod,Delivered,3283CA0526,M*** C***,XXXXXX9838,[REDACTED - Roorkee],,ACTUAL
111114973578,Ernakulam,682018,688,AJ-2446596,"ABC, Bhiwandi, Mumbai, Maharashtra",400016,Mumbai,2026-01-08,2026-01-09,2026-01-14,,2026-01-12,Customer cancelled order,Cod,RTO,66C8F4E955,L*** C***,XXXXXX3106,[REDACTED - Ernakulam],,ACTUAL
101514920705,Bathinda,151103,719,FKS-2751398,"ABC, Bhiwandi, Mumbai, Maharashtra",400016,Mumbai,2026-01-08,2026-01-10,2026-01-10,2026-01-10,2026-01-11,Not Applicable,Prepaid,Delivered,28F9432175,N*** C***,XXXXXX4480,[REDACTED - Bathinda],,ACTUAL
110714934183,Bhavnagar,364001,819,EWE-2730983,"ABC, Bhiwandi, Mumbai, Maharashtra",400016,Mumbai,2026-01-08,2026-01-09,2026-01-12,,2026-01-11,Customer not available,Cod,RTO,CDA386D353,P*** C***,XXXXXX9068,[REDACTED - Bhavnagar],,ACTUAL
102214752019,East Godavari,533437,969,YTS-2688141,"ABC, Bhiwandi, Mumbai, Maharashtra",400016,Mumbai,2026-01-08,2026-01-10,2026-01-12,2026-01-13,2026-01-13,Customer requested re-attempt,Cod,Delivered,84485E0A3E,J*** C***,XXXXXX2422,[REDACTED - East Godavari],,ACTUAL
110714927605,Lucknow,226101,199,PUS-2266473,"ABC, Bhiwandi, Mumbai, Maharashtra",400016,Mumbai,2026-01-08,2026-01-09,2026-01-12,,2026-01-12,Address issue,Prepaid,In-Transit,960CF0B0B3,T*** C***,XXXXXX2109,[REDACTED - Lucknow],,ACTUAL
110914949855,Malappuram,676302,1036,XYX-2660635,"ABC, Bhiwandi, Mumbai, Maharashtra",400016,Mumbai,2026-01-08,2026-01-09,2026-01-10,2026-01-10,2026-01-10,Not Applicable,Prepaid,Delivered,21026CDD80,J*** C***,XXXXXX2701,[REDACTED - Malappuram],,ACTUAL
110914953377,Pune,411057,809,XHZ-2685455,"ABC, Bhiwandi, Mumbai, Maharashtra",400016,Mumbai,2026-01-08,2026-01-09,2026-01-11,2026-01-11,2026-01-12,Not Applicable,Cod,Delivered,A44B4F26F4,P*** C***,XXXXXX1652,[REDACTED - Pune],,ACTUAL
111114976956,Amritsar,143001,689,EWE-2751222,"ABC, Bhiwandi, Mumbai, Maharashtra",400016,Mumbai,2026-01-08,2026-01-09,2026-01-12,,2026-01-12,Delivery postponed by customer,Prepaid,In-Transit,AC8F5F8006,A*** C***,XXXXXX7780,[REDACTED - Amritsar],,ACTUAL
111214990183,Pune,411030,993,CDY-1457138,"ABC, Bhiwandi, Mumbai, Maharashtra",400016,Mumbai,2026-01-08,2026-01-10,2026-01-12,2026-01-13,2026-01-13,Customer requested re-attempt,Cod,Delivered,398E33A6DC,S*** C***,XXXXXX9978,[REDACTED - Pune],,ACTUAL
111014971259,Khorda,751012,2054,SMV-2373816,"ABC, Bhiwandi, Mumbai, Maharashtra",400016,Mumbai,2026-01-08,2026-01-09,2026-01-12,2026-01-12,2026-01-13,Not Applicable,Cod,Delivered,04687FCC89,S*** C***,XXXXXX3377,[REDACTED - Khorda],,ACTUAL
110514904458,Jaipur,302021,772,YGS-1687033,"ABC, Bhiwandi, Mumbai, Maharashtra",400016,Mumbai,2026-01-08,2026-01-09,2026-01-13,,2026-01-12,Customer refused delivery,Cod,RTO,5B0660BEAE,K*** C***,XXXXXX5636,[REDACTED - Jaipur],,ACTUAL
110814940620,Ganganagar,335001,654,XXC-1675480,"ABC, Bhiwandi, Mumbai, Maharashtra",400016,Mumbai,2026-01-08,2026-01-09,2026-01-10,2026-01-11,2026-01-13,Delivery postponed by customer,Prepaid,Delivered,E6D28A8F8B,P*** C***,XXXXXX2278,[REDACTED - Ganganagar],,ACTUAL
111214988056,Thane,401208,1567,ER-2142904,"ABC, Bhiwandi, Mumbai, Maharashtra",400016,Mumbai,2026-01-08,2026-01-09,2026-01-12,2026-01-12,2026-01-13,Not Applicable,Cod,Delivered,1D367208CD,A*** C***,XXXXXX2711,[REDACTED - Thane],,ACTUAL
111014961404,Pune,411036,696,DUE-1510928,"ABC, Bhiwandi, Mumbai, Maharashtra",400016,Mumbai,2026-01-08,2026-01-10,2026-01-12,2026-01-13,2026-01-13,Delivery postponed by customer,Cod,Delivered,17CBAA0F4F,J*** C***,XXXXXX0077,[REDACTED - Pune],,ACTUAL
101514937718,North Goa,403503,749,FKS-2755621,"ABC, Bhiwandi, Mumbai, Maharashtra",400016,Mumbai,2026-01-08,2026-01-10,2026-01-20,2026-01-20,2026-01-17,Not Applicable,Cod,Delivered,629AE994F9,D*** C***,XXXXXX6466,[REDACTED - North Goa],,ACTUAL
110914957844,Jaipur,302021,759,GGH-2616635,"ABC, Bhiwandi, Mumbai, Maharashtra",400016,Mumbai,2026-01-08,2026-01-08,2026-01-10,2026-01-10,2026-01-12,Not Applicable,Prepaid,Delivered,46A776DA60,K*** C***,XXXXXX5636,[REDACTED - Jaipur],,ACTUAL
110614919977,Dindigul,624001,2099,PCL-2609347,"ABC, Bhiwandi, Mumbai, Maharashtra",400016,Mumbai,2026-01-08,2026-01-10,2026-01-14,,2026-01-13,Customer refused delivery,Cod,RTO,6C50B2FE91,S*** C***,XXXXXX6559,[REDACTED - Dindigul],,ACTUAL
110714936405,Chandigarh,160036,1608,AL2-2731280,"ABC, Bhiwandi, Mumbai, Maharashtra",400016,Mumbai,2026-01-08,2026-01-10,2026-01-10,2026-01-11,2026-01-13,Customer requested re-attempt,Cod,Delivered,81B35C16C3,M*** C***,XXXXXX7484,[REDACTED - Chandigarh],,ACTUAL
111014966267,Jodhpur,342006,971,YBB-2378746,"ABC, Bhiwandi, Mumbai, Maharashtra",400016,Mumbai,2026-01-08,2026-01-10,2026-01-13,2026-01-13,2026-01-12,Not Applicable,Cod,Delivered,6A38B22732,A*** C***,XXXXXX5000,[REDACTED - Jodhpur],,ACTUAL
110714929178,Ahmedabad,382424,660,DOP-2729512,"ABC, Bhiwandi, Mumbai, Maharashtra",400016,Mumbai,2026-01-08,2026-01-08,2026-01-11,2026-01-11,2026-01-11,Not Applicable,Prepaid,Delivered,4B2AF1A254,U*** C***,XXXXXX4160,[REDACTED - Ahmedabad],,ACTUAL
110114877506,Jammu,181102,782,HMJ-2730205,"ABC, Bhiwandi, Mumbai, Maharashtra",400016,Mumbai,2026-01-08,2026-01-09,2026-01-10,2026-01-10,2026-01-10,Not Applicable,Prepaid,Delivered,6EF9585A95,R*** C***,XXXXXX3770,[REDACTED - Jammu],,ACTUAL
111014963387,Malout,152107,999,PCL-2712168,"ABC, Bhiwandi, Mumbai, Maharashtra",400016,Mumbai,2026-01-08,2026-01-11,2026-01-12,2026-01-12,2026-01-14,Not Applicable,Prepaid,Delivered,A2A2A6F79A,H*** C***,XXXXXX8850,[REDACTED - Malout],,ACTUAL
102014727687,East Sikkim,737102,1907,SRS-2660287,"ABC, Bhiwandi, Mumbai, Maharashtra",400016,Mumbai,2026-01-08,2026-01-10,2026-01-16,2026-01-16,2026-01-15,Not Applicable,Cod,Delivered,99A0047F50,D*** C***,XXXXXX2409,[REDACTED - East Sikkim],,ACTUAL
111014963345,Jabalpur,482001,399,BGT-2684985,"ABC, Bhiwandi, Mumbai, Maharashtra",400016,Mumbai,2026-01-08,2026-01-09,2026-01-13,2026-01-13,2026-01-13,Not Applicable,Cod,Delivered,49A90920DD,J*** C***,XXXXXX3807,[REDACTED - Jabalpur],,ACTUAL
111114977628,Hyderabad,500092,1008,DUE-1794506,"ABC, Bhiwandi, Mumbai, Maharashtra",400016,Mumbai,2026-01-08,2026-01-10,2026-01-13,2026-01-13,2026-01-13,Not Applicable,Cod,Delivered,180D189B14,M*** C***,XXXXXX1154,[REDACTED - Hyderabad],,ACTUAL
111214992578,West Delhi,110018,673,DDS-2550054,"ABC, Bhiwandi, Mumbai, Maharashtra",400016,Mumbai,2026-01-08,2026-01-09,2026-01-13,2026-01-13,2026-01-11,Not Applicable,Cod,Delivered,F137015FBE,A*** C***,XXXXXX4401,[REDACTED - West Delhi],,ACTUAL
100614828183,Jammu,180002,1159,MIH-2711623,"ABC, Bhiwandi, Mumbai, Maharashtra",400016,Mumbai,2026-01-08,2026-01-08,2026-01-10,2026-01-10,2026-01-12,Not Applicable,Cod,Delivered,E717B7EC85,A*** C***,XXXXXX2442,[REDACTED - Jammu],,ACTUAL
110114864507,Jammu,181102,782,HMJ-2730197,"ABC, Bhiwandi, Mumbai, Maharashtra",400016,Mumbai,2026-01-08,2026-01-09,2026-01-17,2026-01-18,2026-01-15,Customer not available,Prepaid,Delivered,DEEA727F13,R*** C***,XXXXXX3770,[REDACTED - Jammu],,ACTUAL
101614674353,Thiruvananthapuram,695023,349,KDL-2610158,"ABC, Bhiwandi, Mumbai, Maharashtra",400016,Mumbai,2026-01-08,2026-01-11,2026-01-13,,2026-01-13,Customer not available,Cod,RTO,FE6541B8F5,K*** C***,XXXXXX5750,[REDACTED - Thiruvananthapuram],,ACTUAL
111014969612,Ludhiana,142027,629,27K-2683988,"ABC, Bhiwandi, Mumbai, Maharashtra",400016,Mumbai,2026-01-08,2026-01-10,2026-01-11,2026-01-11,2026-01-13,Not Applicable,Cod,Delivered,F0F2BECE3E,M*** C***,XXXXXX3987,[REDACTED - Ludhiana],,ACTUAL
111014967889,Gurgaon,122101,410,DOP-2791436,"ABC, Bhiwandi, Mumbai, Maharashtra",400016,Mumbai,2026-01-08,2026-01-09,2026-01-11,2026-01-11,2026-01-11,Not Applicable,Prepaid,Delivered,91FCDD85CE,M*** C***,XXXXXX3875,[REDACTED - Gurgaon],,ACTUAL
111114974501,Vadodara,391310,498,XSM-2472255,"ABC, Bhiwandi, Mumbai, Maharashtra",400016,Mumbai,2026-01-08,2026-01-09,2026-01-12,2026-01-12,2026-01-12,Not Applicable,Cod,Delivered,7BEECEBC44,G*** C***,XXXXXX8288,[REDACTED - Vadodara],,ACTUAL
110314876494,Navi Mumbai,400703,1008,HBK-2233677,"ABC, Bhiwandi, Mumbai, Maharashtra",400016,Mumbai,2026-01-08,2026-01-09,2026-01-10,2026-01-10,2026-01-10,Not Applicable,Prepaid,Delivered,2E2DB19AB5,K*** C***,XXXXXX5268,[REDACTED - Navi Mumbai],,ACTUAL
111214990573,Bangalore,560076,1399,PCL-2609299,"ABC, Bhiwandi, Mumbai, Maharashtra",400016,Mumbai,2026-01-08,2026-01-11,2026-01-16,2026-01-16,2026-01-18,Not Applicable,Cod,Delivered,5D0A7A33B7,S*** C***,XXXXXX8096,[REDACTED - Bangalore],,ACTUAL
110814945948,Jhajjar,124103,469,YWW-2489165,"ABC, Bhiwandi, Mumbai, Maharashtra",400016,Mumbai,2026-01-08,2026-01-09,2026-01-13,,2026-01-12,Customer cancelled order,Cod,RTO,6F8B90D2B2,K*** C***,XXXXXX5242,[REDACTED - Jhajjar],,ACTUAL
111114976348,North West Delhi,110086,799,TKS-2642067,"ABC, Bhiwandi, Mumbai, Maharashtra",400016,Mumbai,2026-01-08,2026-01-10,2026-01-15,,2026-01-13,Customer refused delivery,Cod,RTO,17C8D5AD3C,P*** C***,XXXXXX6053,[REDACTED - North West Delhi],,ACTUAL
110814945334,Indore,452001,1229,KEF-2399607,"ABC, Bhiwandi, Mumbai, Maharashtra",400016,Mumbai,2026-01-08,2026-01-09,2026-01-13,2026-01-13,2026-01-10,Not Applicable,Prepaid,Delivered,E6360F1109,A*** C***,XXXXXX2163,[REDACTED - Indore],,ACTUAL
111014972147,Rewari,123110,1479,NYA-1665722,"ABC, Bhiwandi, Mumbai, Maharashtra",400016,Mumbai,2026-01-08,2026-01-09,2026-01-12,2026-01-12,2026-01-14,Not Applicable,Cod,Delivered,0B58F6E148,S*** C***,XXXXXX6237,[REDACTED - Rewari],,ACTUAL
110914958035,Gurdaspur,143520,1189,ADX-2074333,"ABC, Bhiwandi, Mumbai, Maharashtra",400016,Mumbai,2026-01-08,2026-01-09,2026-01-12,,2026-01-11,Landmark missing,Cod,RTO,C5D4BB8CC7,G*** C***,XXXXXX0090,[REDACTED - Gurdaspur],,ACTUAL
110414898035,Bangalore,560100,592,SJ3-2348919,"ABC, Bhiwandi, Mumbai, Maharashtra",400016,Mumbai,2026-01-08,2026-01-09,2026-01-13,2026-01-13,2026-01-14,Not Applicable,Cod,Delivered,ACDDCF1227,L*** C***,XXXXXX2531,[REDACTED - Bangalore],,ACTUAL
110214873698,West Godavari,534235,796,BYX-1875724,"ABC, Bhiwandi, Mumbai, Maharashtra",400016,Mumbai,2026-01-08,2026-01-09,2026-01-12,2026-01-12,2026-01-12,Not Applicable,Cod,Delivered,8557FD94AD,A*** C***,XXXXXX1515,[REDACTED - West Godavari],,ACTUAL
110614921251,South West Delhi,110077,1250,SE-2709075,"ABC, Bhiwandi, Mumbai, Maharashtra",400016,Mumbai,2026-01-08,2026-01-09,,,2026-01-12,Not Applicable,Prepaid,Lost,4844773E5A,S*** C***,XXXXXX8520,[REDACTED - South West Delhi],,ACTUAL
110714926175,East Khasi Hills,793006,875,MOP-2657440,"ABC, Bhiwandi, Mumbai, Maharashtra",400016,Mumbai,2026-01-08,2026-01-10,2026-01-18,2026-01-18,2026-01-17,Not Applicable,Cod,Delivered,DD5436166B,E*** C***,XXXXXX0253,[REDACTED - East Khasi Hills],,ACTUAL
110914953371,Gorakhpur,273003,844,YZK-2731953,"ABC, Bhiwandi, Mumbai, Maharashtra",400016,Mumbai,2026-01-08,2026-01-10,2026-01-12,2026-01-12,2026-01-12,Not Applicable,Prepaid,Delivered,D1E9F7ED23,N*** C***,XXXXXX0191,[REDACTED - Gorakhpur],,ACTUAL
110614923000,Kokrajhar,783370,759,EWE-2751172,"ABC, Bhiwandi, Mumbai, Maharashtra",400016,Mumbai,2026-01-08,2026-01-09,2026-01-13,2026-01-13,2026-01-14,Not Applicable,Cod,Delivered,868A1D10FE,R*** C***,XXXXXX0936,[REDACTED - Kokrajhar],,ACTUAL
111014968897,Sirsa,125055,839,YTS-2688019,"ABC, Bhiwandi, Mumbai, Maharashtra",400016,Mumbai,2026-01-08,2026-01-09,2026-01-11,,2026-01-11,Address issue,Prepaid,RTO,704C2C3C6F,D*** C***,XXXXXX6942,[REDACTED - Sirsa],,ACTUAL
111014961828,Dakshina Kannada,575004,1479,SRS-2027730,"ABC, Bhiwandi, Mumbai, Maharashtra",400016,Mumbai,2026-01-08,2026-01-09,2026-03-04,,2026-01-12,Phone not reachable,Cod,Out of delivery,CAAF292DE0,S*** C***,XXXXXX9033,[REDACTED - Dakshina Kannada],,ACTUAL
110914952324,Ratlam,457001,549,WHA-2765826,"ABC, Bhiwandi, Mumbai, Maharashtra",400016,Mumbai,2026-01-08,2026-01-09,,,2026-01-11,Not Applicable,Cod,In-Transit,25382B6D16,J*** C***,XXXXXX4604,[REDACTED - Ratlam],not_yet_attempted,ACTUAL
110714933476,Jaipur,302015,1000,TBF-2259332,"ABC, Bhiwandi, Mumbai, Maharashtra",400016,Mumbai,2026-01-08,2026-01-09,2026-01-12,2026-01-12,2026-01-12,Not Applicable,Cod,Delivered,2FC1B5B232,A*** C***,XXXXXX3177,[REDACTED - Jaipur],,ACTUAL
110814939384,Hailakandi,788163,699,RZR-1890269,"ABC, Bhiwandi, Mumbai, Maharashtra",400016,Mumbai,2026-01-08,2026-01-10,2026-01-12,2026-01-12,2026-01-13,Not Applicable,Cod,Delivered,E060D9D1B6,J*** C***,XXXXXX5575,[REDACTED - Hailakandi],,ACTUAL
110614914044,Cachar,788151,999,YLA-2189431,"ABC, Bhiwandi, Mumbai, Maharashtra",400016,Mumbai,2026-01-08,2026-01-09,2026-01-16,,2026-01-14,Phone not reachable,Cod,RTO,E761A57227,B*** C***,XXXXXX1537,[REDACTED - Cachar],,ACTUAL
110514898759,K.V.Rangareddy,500090,821,FKS-2216168,"ABC, Bhiwandi, Mumbai, Maharashtra",400016,Mumbai,2026-01-08,2026-01-08,2026-01-11,,2026-01-10,COD payment declined,Cod,RTO,AA767167FC,C*** C***,XXXXXX8648,[REDACTED - K.V.Rangareddy],,ACTUAL
111214991227,Bangalore Rural,562123,717,XXC-2631191,"ABC, Bhiwandi, Mumbai, Maharashtra",400016,Mumbai,2026-01-08,2026-01-09,2026-01-10,2026-01-10,2026-01-11,Not Applicable,Cod,Delivered,52242AB311,M*** C***,XXXXXX1619,[REDACTED - Bangalore Rural],,ACTUAL
111114980777,South West Delhi,110061,1238,JUQ-2727100,"ABC, Bhiwandi, Mumbai, Maharashtra",400016,Mumbai,2026-01-08,2026-01-10,2026-01-15,2026-01-15,2026-01-12,Not Applicable,Cod,Delivered,7E573C3146,p*** C***,XXXXXX4932,[REDACTED - South West Delhi],,ACTUAL
110614914043,Cachar,788151,788,EWE-2717463,"ABC, Bhiwandi, Mumbai, Maharashtra",400016,Mumbai,2026-01-08,2026-01-09,2026-01-11,2026-01-12,2026-01-10,Landmark missing,Cod,Delivered,340CC3153A,B*** C***,XXXXXX1537,[REDACTED - Cachar],,ACTUAL
110614913827,Jammu,180003,809,BP4-2628147,"ABC, Bhiwandi, Mumbai, Maharashtra",400016,Mumbai,2026-01-08,2026-01-09,2026-01-12,,2026-01-11,COD payment declined,Prepaid,RTO,BE8E5E2AB3,L*** C***,XXXXXX3899,[REDACTED - Jammu],,ACTUAL
110814943121,Patan,384220,519,KRU-2326644,"ABC, Bhiwandi, Mumbai, Maharashtra",400016,Mumbai,2026-01-08,2026-01-10,2026-01-11,2026-01-11,2026-01-12,Not Applicable,Prepaid,Delivered,DF56224138,H*** C***,XXXXXX6962,[REDACTED - Patan],,ACTUAL
110814939132,Bangalore,560066,799,YZK-2723593,"ABC, Bhiwandi, Mumbai, Maharashtra",400016,Mumbai,2026-01-08,2026-01-09,2026-01-15,,2026-01-14,Customer cancelled order,Cod,RTO,6C5E4657A0,C*** C***,XXXXXX3452,[REDACTED - Bangalore],,ACTUAL
110814938711,Hoshiarpur,146001,635,XUA-2448139,"ABC, Bhiwandi, Mumbai, Maharashtra",400016,Mumbai,2026-01-08,2026-01-09,2026-01-12,2026-01-12,2026-01-13,Not Applicable,Cod,Delivered,A886571976,K*** C***,XXXXXX2101,[REDACTED - Hoshiarpur],,ACTUAL
111114977967,Gautam Buddha Nagar,201306,949,SCR-2010095,"ABC, Bhiwandi, Mumbai, Maharashtra",400016,Mumbai,2026-01-08,2026-01-09,2026-01-12,2026-01-12,2026-01-13,Not Applicable,Cod,Delivered,A164442EF9,S*** C***,XXXXXX5343,[REDACTED - Gautam Buddha Nagar],,ACTUAL
111114980483,Ghaziabad,201016,549,CRH-2627531,"ABC, Bhiwandi, Mumbai, Maharashtra",400016,Mumbai,2026-01-08,2026-01-10,2026-01-13,,2026-01-12,Address issue,Cod,RTO,8D1F251028,J*** C***,XXXXXX8400,[REDACTED - Ghaziabad],,ACTUAL
110814949348,Prakasam,523155,848,LNS-2641181,"ABC, Bhiwandi, Mumbai, Maharashtra",400016,Mumbai,2026-01-08,2026-01-09,2026-01-12,2026-01-12,2026-01-10,Not Applicable,Prepaid,Delivered,183986D465,A*** C***,XXXXXX3105,[REDACTED - Prakasam],,ACTUAL
111114981625,Pune,411036,1496,ADX-2061638,"ABC, Bhiwandi, Mumbai, Maharashtra",400016,Mumbai,2026-01-08,2026-01-09,2026-01-16,,2026-01-14,Customer not available,Cod,RTO,93A8677A89,S*** C***,XXXXXX8708,[REDACTED - Pune],,ACTUAL
111114978581,Hyderabad,500098,818,TGX-2715431,"ABC, Bhiwandi, Mumbai, Maharashtra",400016,Mumbai,2026-01-08,2026-01-10,2026-01-10,2026-01-11,2026-01-12,Customer requested re-attempt,Cod,Delivered,8F38CC0B48,S*** C***,XXXXXX4202,[REDACTED - Hyderabad],,ACTUAL
110814948871,Prakasam,523155,1500,MBC-2728276,"ABC, Bhiwandi, Mumbai, Maharashtra",400016,Mumbai,2026-01-08,2026-01-09,2026-01-10,2026-01-10,2026-01-11,Not Applicable,Prepaid,Delivered,8B9AF51928,A*** C***,XXXXXX3105,[REDACTED - Prakasam],,ACTUAL
110414891252,Tumkur,572102,529,CIV-2314972,"ABC, Bhiwandi, Mumbai, Maharashtra",400016,Mumbai,2026-01-08,2026-01-10,2026-03-05,,2026-01-11,Address issue,Cod,Out of delivery,899D2419BB,P*** C***,XXXXXX0726,[REDACTED - Tumkur],,ACTUAL
110514910799,Jhajjar,124106,415,INM-2029921,"ABC, Bhiwandi, Mumbai, Maharashtra",400016,Mumbai,2026-01-08,2026-01-09,2026-01-11,2026-01-11,2026-01-11,Not Applicable,Cod,Delivered,2FB60484E7,R*** C***,XXXXXX6181,[REDACTED - Jhajjar],,ACTUAL
110614917714,Patna,803212,821,XHZ-2617761,"ABC, Bhiwandi, Mumbai, Maharashtra",400016,Mumbai,2026-01-08,2026-01-09,2026-01-09,2026-01-09,2026-01-11,Not Applicable,Prepaid,Delivered,01E4CC0B8B,R*** C***,XXXXXX4136,[REDACTED - Patna],,ACTUAL
102114733027,Faridabad,121002,1907,SRS-2660290,"ABC, Bhiwandi, Mumbai, Maharashtra",400016,Mumbai,2026-01-08,2026-01-09,2026-01-10,2026-01-10,2026-01-12,Not Applicable,Cod,Delivered,E106348961,M*** C***,XXXXXX7191,[REDACTED - Faridabad],,ACTUAL
110914952793,Nalgonda,508213,279,DCH-2407317,"ABC, Bhiwandi, Mumbai, Maharashtra",400016,Mumbai,2026-01-08,2026-01-10,2026-01-11,2026-01-12,2026-01-11,Customer not available,Cod,Delivered,DDEC2CBFD1,S*** C***,XXXXXX5404,[REDACTED - Nalgonda],,ACTUAL
110614914475,Hyderabad,500006,450,ATU-1799314,"ABC, Bhiwandi, Mumbai, Maharashtra",400016,Mumbai,2026-01-08,2026-01-09,2026-01-11,2026-01-11,2026-01-13,Not Applicable,Prepaid,Delivered,0C8C976753,S*** C***,XXXXXX1631,[REDACTED - Hyderabad],,ACTUAL
110214870308,Meerut,250004,699,LJA-2762389,"ABC, Bhiwandi, Mumbai, Maharashtra",400016,Mumbai,2026-01-08,2026-01-09,2026-01-13,,2026-01-12,Customer cancelled order,Prepaid,RTO,8F995627C9,P*** C***,XXXXXX3434,[REDACTED - Meerut],,ACTUAL
111014966936,Haridwar,247656,149,ASU-2739227,"ABC, Bhiwandi, Mumbai, Maharashtra",400016,Mumbai,2026-01-08,2026-01-08,2026-01-11,2026-01-11,2026-01-11,Not Applicable,Prepaid,Delivered,FB086884CD,V*** C***,XXXXXX7210,[REDACTED - Haridwar],,ACTUAL
110814941285,Daman,396210,639,LSB-2663813,"ABC, Bhiwandi, Mumbai, Maharashtra",400016,Mumbai,2026-01-08,2026-01-10,2026-03-05,,2026-01-12,Phone not reachable,Cod,Out of delivery,B0087C4ECE,S*** C***,XXXXXX4235,[REDACTED - Daman],,ACTUAL
110814940368,Panchkula,134116,509,XIC-2689269,"ABC, Bhiwandi, Mumbai, Maharashtra",400016,Mumbai,2026-01-08,2026-01-09,2026-01-11,,2026-01-11,Customer cancelled order,Cod,RTO,297B95735D,D*** C***,XXXXXX8287,[REDACTED - Panchkula],,ACTUAL
111114979456,Bangalore,560016,547,THD-2521785,"ABC, Bhiwandi, Mumbai, Maharashtra",400016,Mumbai,2026-01-08,2026-01-09,2026-01-11,2026-01-11,2026-01-12,Not Applicable,Cod,Delivered,14D2891680,S*** C***,XXXXXX9494,[REDACTED - Bangalore],,ACTUAL
110714932251,Patna,800001,748,YGS-2734857,"ABC, Bhiwandi, Mumbai, Maharashtra",400016,Mumbai,2026-01-08,2026-01-09,2026-01-12,2026-01-13,2026-01-13,Customer not available,Cod,Delivered,F061789497,J*** C***,XXXXXX0688,[REDACTED - Patna],,ACTUAL
110814942297,Hyderabad,501101,1399,PCL-2609291,"ABC, Bhiwandi, Mumbai, Maharashtra",400016,Mumbai,2026-01-08,2026-01-09,2026-01-12,2026-01-12,2026-01-12,Not Applicable,Cod,Delivered,25C0AF4926,S*** C***,XXXXXX2601,[REDACTED - Hyderabad],,ACTUAL
111114977346,Pune,411048,1318,SN-2139926,"ABC, Bhiwandi, Mumbai, Maharashtra",400016,Mumbai,2026-01-08,2026-01-09,2026-01-09,2026-01-10,2026-01-10,Delivery postponed by customer,Cod,Delivered,13A184BF5B,A*** C***,XXXXXX9758,[REDACTED - Pune],,ACTUAL
110414889093,Rupnagar,160071,1069,JIX-2718908,"ABC, Bhiwandi, Mumbai, Maharashtra",400016,Mumbai,2026-01-08,2026-01-10,2026-01-10,2026-01-10,2026-01-11,Customer not available,Cod,Delivered,A0C0C516C6,S*** C***,XXXXXX3906,[REDACTED - Rupnagar],,ACTUAL
110314882559,East Delhi,110091,689,EWE-2751219,"ABC, Bhiwandi, Mumbai, Maharashtra",400016,Mumbai,2026-01-08,2026-01-09,2026-01-10,2026-01-10,2026-01-11,Not Applicable,Cod,Delivered,CA1F41C20A,p*** C***,XXXXXX5393,[REDACTED - East Delhi],,ACTUAL
110614923642,West Kameng,790114,787,YAH-2688768,"ABC, Bhiwandi, Mumbai, Maharashtra",400016,Mumbai,2026-01-08,2026-01-09,2026-01-14,2026-01-14,2026-01-13,Not Applicable,Cod,Delivered,735F8F25D8,R*** C***,XXXXXX7116,[REDACTED - West Kameng],,ACTUAL
111114984139,Bangalore,560066,777,0PQ-2460939,"ABC, Bhiwandi, Mumbai, Maharashtra",400016,Mumbai,2026-01-08,2026-01-09,2026-01-11,2026-01-11,2026-01-12,Not Applicable,Cod,Delivered,274D2FA078,S*** C***,XXXXXX8862,[REDACTED - Bangalore],,ACTUAL
110514908143,Jaipur,302017,259,RRA-1284685,"ABC, Bhiwandi, Mumbai, Maharashtra",400016,Mumbai,2026-01-08,2026-01-10,2026-01-16,,2026-01-14,Address issue,Cod,RTO,F0DA80E1DE,N*** C***,XXXXXX0297,[REDACTED - Jaipur],,ACTUAL
111114978954,New Delhi,110016,603,YGS-2667549,"ABC, Bhiwandi, Mumbai, Maharashtra",400016,Mumbai,2026-01-09,2026-01-11,,,2026-01-15,Not Applicable,Cod,In-Transit,55313E820F,j*** C***,XXXXXX9054,[REDACTED - New Delhi],not_yet_attempted,ACTUAL
110914950106,Kota,324005,499,JJS-2754536,"ABC, Bhiwandi, Mumbai, Maharashtra",400016,Mumbai,2026-01-09,2026-01-10,2026-01-11,2026-01-11,2026-01-11,Not Applicable,Cod,Delivered,2ABB80C379,A*** C***,XXXXXX5353,[REDACTED - Kota],,ACTUAL
110714936359,Dehradun,248198,1544,LSM-2744750,"ABC, Bhiwandi, Mumbai, Maharashtra",400016,Mumbai,2026-01-09,2026-01-10,2026-01-11,2026-01-11,2026-01-11,Not Applicable,Cod,Delivered,B7708149D2,A*** C***,XXXXXX1456,[REDACTED - Dehradun],,ACTUAL
100514520410,Amravati,444606,729,LTY-2737612,"ABC, Bhiwandi, Mumbai, Maharashtra",400016,Mumbai,2026-01-09,2026-01-11,2026-01-11,2026-01-11,2026-01-13,Not Applicable,Prepaid,Delivered,DF2E51BA6B,Y*** C***,XXXXXX0622,[REDACTED - Amravati],,ACTUAL
111114977652,North Delhi,110085,125,PGS-1866001,"ABC, Bhiwandi, Mumbai, Maharashtra",400016,Mumbai,2026-01-09,2026-01-09,2026-01-09,2026-01-11,2026-01-12,Address issue,Cod,Delivered,53AC959399,S*** C***,XXXXXX6660,[REDACTED - North Delhi],,ACTUAL
110414889238,Chennai,600079,1123,WER-2669683,"ABC, Bhiwandi, Mumbai, Maharashtra",400016,Mumbai,2026-01-09,2026-01-10,2026-01-15,2026-01-15,2026-01-14,Not Applicable,Cod,Delivered,5D07209E78,M*** C***,XXXXXX3400,[REDACTED - Chennai],,ACTUAL
111214996152,Mumbai,400097,1082,SN-2392410,"ABC, Bhiwandi, Mumbai, Maharashtra",400016,Mumbai,2026-01-09,2026-01-10,2026-01-13,,2026-01-11,Customer refused delivery,Cod,RTO,F4C4BCFC3F,S*** C***,XXXXXX0678,[REDACTED - Mumbai],,ACTUAL
111114977288,Kanpur Nagar,208011,1144,ADX-2041461,"ABC, Bhiwandi, Mumbai, Maharashtra",400016,Mumbai,2026-01-09,2026-01-11,2026-01-15,,2026-01-15,COD payment declined,Cod,RTO,CB683029CB,A*** C***,XXXXXX6134,[REDACTED - Kanpur Nagar],,ACTUAL
111114974819,Bangalore,560013,639,TXY-2348461,"ABC, Bhiwandi, Mumbai, Maharashtra",400016,Mumbai,2026-01-09,2026-01-10,2026-01-12,2026-01-12,2026-01-12,Not Applicable,Cod,Delivered,CE3173B19C,M*** C***,XXXXXX5014,[REDACTED - Bangalore],,ACTUAL
111214985219,Pune,411016,928,XHZ-1671428,"ABC, Bhiwandi, Mumbai, Maharashtra",400016,Mumbai,2026-01-09,2026-01-10,,,2026-01-14,Not Applicable,Prepaid,In-Transit,5575BDE762,A*** C***,XXXXXX5060,[REDACTED - Pune],not_yet_attempted,ACTUAL
111014967667,Haridwar,247667,584,LCL-2379566,"ABC, Bhiwandi, Mumbai, Maharashtra",400016,Mumbai,2026-01-09,2026-01-10,2026-01-10,2026-01-10,2026-01-12,Customer not available,Prepaid,Delivered,931288727F,A*** C***,XXXXXX8482,[REDACTED - Haridwar],,ACTUAL
103014835261,Bulandshahr,203131,277,ETZ-2376319,"ABC, Bhiwandi, Mumbai, Maharashtra",400016,Mumbai,2026-01-09,2026-01-10,2026-01-15,,2026-01-13,Phone not reachable,Cod,RTO,1F9C93A79C,L*** C***,XXXXXX9491,[REDACTED - Bulandshahr],,ACTUAL
111014966651,Gautam Buddha Nagar,201306,950,MOP-2657380,"ABC, Bhiwandi, Mumbai, Maharashtra",400016,Mumbai,2026-01-09,2026-01-09,2026-01-12,2026-01-13,2026-01-13,Phone not reachable,Cod,Delivered,E0005BA403,N*** C***,XXXXXX0181,[REDACTED - Gautam Buddha Nagar],,ACTUAL
110414894272,Gurdaspur,143521,859,WER-1506645,"ABC, Bhiwandi, Mumbai, Maharashtra",400016,Mumbai,2026-01-09,2026-01-12,2026-01-14,2026-01-14,2026-01-16,Not Applicable,Prepaid,Delivered,F9926F59A2,N*** C***,XXXXXX1450,[REDACTED - Gurdaspur],,ACTUAL
111214985045,West Delhi,110015,904,LMS-2734653,"ABC, Bhiwandi, Mumbai, Maharashtra",400016,Mumbai,2026-01-09,2026-01-10,2026-01-13,2026-01-13,2026-01-13,Not Applicable,Cod,Delivered,99CDAEC0DB,B*** C***,XXXXXX8645,[REDACTED - West Delhi],,ACTUAL
110214864985,Pune,411048,890,YGL-2271839,"ABC, Bhiwandi, Mumbai, Maharashtra",400016,Mumbai,2026-01-09,2026-01-11,2026-01-11,2026-01-11,2026-01-13,Not Applicable,Cod,Delivered,BEC07F2D85,A*** C***,XXXXXX6611,[REDACTED - Pune],,ACTUAL
111114982003,Bangalore,560029,969,SRS-1707453,"ABC, Bhiwandi, Mumbai, Maharashtra",400016,Mumbai,2026-01-09,2026-01-10,2026-01-15,2026-01-15,2026-01-17,Not Applicable,Prepaid,Delivered,2BB2B16BA1,S*** C***,XXXXXX0671,[REDACTED - Bangalore],,ACTUAL
110514907519,Papum Pare,791110,1204,CMW-2624377,"ABC, Bhiwandi, Mumbai, Maharashtra",400016,Mumbai,2026-01-09,2026-01-12,2026-01-16,2026-01-16,2026-01-14,Not Applicable,Cod,Delivered,22D19DB7C5,Y*** C***,XXXXXX5563,[REDACTED - Papum Pare],,ACTUAL
111114972961,Bareilly,243122,2205,ADX-2060490,"ABC, Bhiwandi, Mumbai, Maharashtra",400016,Mumbai,2026-01-09,2026-01-10,2026-01-15,2026-01-15,2026-01-15,Not Applicable,Prepaid,Delivered,BB79DF2690,D*** C***,XXXXXX6621,[REDACTED - Bareilly],,ACTUAL
110914956402,Central Delhi,110008,1299,PCL-2736665,"ABC, Bhiwandi, Mumbai, Maharashtra",400016,Mumbai,2026-01-09,2026-01-10,2026-01-16,2026-01-16,2026-01-15,Not Applicable,Cod,Delivered,5C12D070B2,G*** C***,XXXXXX9465,[REDACTED - Central Delhi],,ACTUAL
110514907520,Papum Pare,791110,499,JJS-2754554,"ABC, Bhiwandi, Mumbai, Maharashtra",400016,Mumbai,2026-01-09,2026-01-10,2026-01-14,2026-01-15,2026-01-13,Address issue,Cod,Delivered,1DD4B645A5,Y*** C***,XXXXXX5563,[REDACTED - Papum Pare],,ACTUAL
110514905427,Azamgarh,276001,1047,YYX-2708602,"ABC, Bhiwandi, Mumbai, Maharashtra",400016,Mumbai,2026-01-09,2026-01-10,2026-01-12,,2026-01-11,Address issue,Cod,RTO,05B4A00D99,A*** C***,XXXXXX4096,[REDACTED - Azamgarh],,ACTUAL
111014967205,Ullal,575027,1083,IVE-2497219,"ABC, Bhiwandi, Mumbai, Maharashtra",400016,Mumbai,2026-01-09,2026-01-11,2026-01-15,,2026-01-14,Landmark missing,Cod,RTO,AB9DD5AF10,M*** C***,XXXXXX2450,[REDACTED - Ullal],,ACTUAL
110414896002,Faridabad,121001,854,MDX-2712013,"ABC, Bhiwandi, Mumbai, Maharashtra",400016,Mumbai,2026-01-09,2026-01-10,2026-01-15,2026-01-17,2026-01-17,Delivery postponed by customer,Cod,Delivered,C483EE9622,R*** C***,XXXXXX0109,[REDACTED - Faridabad],,ACTUAL
110914956125,Dharwad,580023,1439,CP7-2237821,"ABC, Bhiwandi, Mumbai, Maharashtra",400016,Mumbai,2026-01-09,2026-01-12,2026-01-14,2026-01-14,2026-01-14,Not Applicable,Cod,Delivered,2A8A0F944F,S*** C***,XXXXXX2523,[REDACTED - Dharwad],,ACTUAL
110914955387,Gautam Buddha Nagar,201304,1398,RZR-1890213,"ABC, Bhiwandi, Mumbai, Maharashtra",400016,Mumbai,2026-01-09,2026-01-11,2026-01-15,2026-01-16,2026-01-16,Delivery postponed by customer,Cod,Delivered,179E20EE19,P*** C***,XXXXXX9528,[REDACTED - Gautam Buddha Nagar],,ACTUAL
111114979452,Gurgaon,122001,1122,0PT-2013089,"ABC, Bhiwandi, Mumbai, Maharashtra",400016,Mumbai,2026-01-09,2026-01-10,2026-01-13,2026-01-13,2026-01-14,Not Applicable,Cod,Delivered,DEDFA17ECA,A*** C***,XXXXXX2824,[REDACTED - Gurgaon],,ACTUAL
111014965401,Coimbatore,641009,809,NAB-2378259,"ABC, Bhiwandi, Mumbai, Maharashtra",400016,Mumbai,2026-01-09,2026-01-10,2026-01-10,2026-01-10,2026-01-12,Customer requested re-attempt,Prepaid,Delivered,6D9BD7E7A7,S*** C***,XXXXXX5000,[REDACTED - Coimbatore],,ACTUAL
102114742298,CHANDIGARH,160008,909,EWE-2763100,"ABC, Bhiwandi, Mumbai, Maharashtra",400016,Mumbai,2026-01-09,2026-01-09,2026-01-10,2026-01-10,2026-01-11,Not Applicable,Cod,Delivered,1A9C888568,S*** C***,XXXXXX4777,[REDACTED - CHANDIGARH],,ACTUAL
111114973311,Mumbai,400004,1148,CRH-2745539,"ABC, Bhiwandi, Mumbai, Maharashtra",400016,Mumbai,2026-01-09,2026-01-12,2026-01-15,2026-01-15,2026-01-13,Not Applicable,Cod,Delivered,6449A1FF04,S*** C***,XXXXXX1242,[REDACTED - Mumbai],,ACTUAL
111014961358,Chennai,600017,3698,FRH-2769906,"ABC, Bhiwandi, Mumbai, Maharashtra",400016,Mumbai,2026-01-09,2026-01-10,2026-01-13,2026-01-13,2026-01-13,Not Applicable,Prepaid,Delivered,70911862EA,R*** C***,XXXXXX1300,[REDACTED - Chennai],high_value_order,ACTUAL
110914951612,Hyderabad,500089,1071,VBB-2747248,"ABC, Bhiwandi, Mumbai, Maharashtra",400016,Mumbai,2026-01-09,2026-01-10,2026-01-10,2026-01-10,2026-01-12,Not Applicable,Prepaid,Delivered,3ADF170491,R*** C***,XXXXXX5441,[REDACTED - Hyderabad],,ACTUAL
110314876979,Chennai,600041,1071,ADX-2233392,"ABC, Bhiwandi, Mumbai, Maharashtra",400016,Mumbai,2026-01-09,2026-01-10,2026-01-12,,2026-01-11,Phone not reachable,Cod,RTO,4BD8EC8175,M*** C***,XXXXXX0602,[REDACTED - Chennai],,ACTUAL
111114977283,Central Delhi,110001,859,WER-1506644,"ABC, Bhiwandi, Mumbai, Maharashtra",400016,Mumbai,2026-01-09,2026-01-10,2026-01-13,2026-01-13,2026-01-13,Not Applicable,Cod,Delivered,39E4C0452D,R*** C***,XXXXXX6077,[REDACTED - Central Delhi],,ACTUAL
110914949610,K.V.Rangareddy,500049,535,SKS-1798256,"ABC, Bhiwandi, Mumbai, Maharashtra",400016,Mumbai,2026-01-09,2026-01-10,2026-01-11,2026-01-11,2026-01-13,Not Applicable,Cod,Delivered,59DEE28266,S*** C***,XXXXXX0572,[REDACTED - K.V.Rangareddy],,ACTUAL
111014967861,Tiruvallur,600062,359,KEG-2640236,"ABC, Bhiwandi, Mumbai, Maharashtra",400016,Mumbai,2026-01-09,2026-01-10,2026-01-14,2026-01-14,2026-01-13,Not Applicable,Cod,Delivered,F153FDEF75,B*** C***,XXXXXX8043,[REDACTED - Tiruvallur],,ACTUAL
111014966921,Lucknow,226012,2143,SRS-2729971,"ABC, Bhiwandi, Mumbai, Maharashtra",400016,Mumbai,2026-01-09,2026-01-11,,,2026-01-13,Not Applicable,Prepaid,Pickup done,2CA2EDF283,L*** C***,XXXXXX3685,[REDACTED - Lucknow],not_yet_attempted,ACTUAL
111114984106,Alwar,301707,795,QZY-2411232,"ABC, Bhiwandi, Mumbai, Maharashtra",400016,Mumbai,2026-01-09,2026-01-11,,,2026-01-14,Not Applicable,Cod,Order Packed,71DB202580,N*** C***,XXXXXX7581,[REDACTED - Alwar],not_yet_attempted,ACTUAL
102014723483,Bhopal,462026,1369,ADX-2733290,"ABC, Bhiwandi, Mumbai, Maharashtra",400016,Mumbai,2026-01-09,2026-01-10,2026-01-15,,2026-01-14,COD payment declined,Cod,RTO,ED7B707837,N*** C***,XXXXXX3574,[REDACTED - Bhopal],,ACTUAL
110714925335,Hingoli,431513,606,BNO-2401117,"ABC, Bhiwandi, Mumbai, Maharashtra",400016,Mumbai,2026-01-09,2026-01-10,2026-01-10,2026-01-10,2026-01-12,Not Applicable,Cod,Delivered,7DDBF70207,R*** C***,XXXXXX1339,[REDACTED - Hingoli],,ACTUAL
110414889173,Dehradun,248197,1559,HBM-2301309,"ABC, Bhiwandi, Mumbai, Maharashtra",400016,Mumbai,2026-01-09,2026-01-10,2026-01-13,2026-01-13,2026-01-14,Not Applicable,Cod,Delivered,DADDB90375,S*** C***,XXXXXX2770,[REDACTED - Dehradun],,ACTUAL
111114982614,North West Delhi,110089,759,XHZ-2674242,"ABC, Bhiwandi, Mumbai, Maharashtra",400016,Mumbai,2026-01-09,2026-01-11,2026-01-13,2026-01-13,2026-01-13,Not Applicable,Cod,Delivered,57D1C929D9,D*** C***,XXXXXX5349,[REDACTED - North West Delhi],,ACTUAL
110414891114,Jaipur,302012,1089,GOE-2683740,"ABC, Bhiwandi, Mumbai, Maharashtra",400016,Mumbai,2026-01-09,2026-01-10,2026-01-14,2026-01-14,2026-01-14,Not Applicable,Cod,Delivered,3A2C619327,S*** C***,XXXXXX4688,[REDACTED - Jaipur],,ACTUAL
110114860506,Jaipur,302005,1950,JJD-2066272,"ABC, Bhiwandi, Mumbai, Maharashtra",400016,Mumbai,2026-01-09,2026-01-10,2026-01-12,2026-01-12,2026-01-14,Not Applicable,Cod,Delivered,08333E8AD3,C*** C***,XXXXXX3763,[REDACTED - Jaipur],,ACTUAL
111114979916,Nirmal,504105,1069,YTS-2688089,"ABC, Bhiwandi, Mumbai, Maharashtra",400016,Mumbai,2026-01-09,2026-01-11,2026-01-13,2026-01-13,2026-01-13,Not Applicable,Cod,Delivered,E13FFCAFA9,S*** C***,XXXXXX3243,[REDACTED - Nirmal],,ACTUAL
110914956416,Bangalore,560091,599,LED-1516001,"ABC, Bhiwandi, Mumbai, Maharashtra",400016,Mumbai,2026-01-09,2026-01-11,2026-01-15,2026-01-15,2026-01-14,Not Applicable,Cod,Delivered,9FB63BD870,S*** C***,XXXXXX3330,[REDACTED - Bangalore],,ACTUAL
110814941476,Cuddalore,608502,979,SN-2002282,"ABC, Bhiwandi, Mumbai, Maharashtra",400016,Mumbai,2026-01-09,2026-01-09,2026-01-10,2026-01-10,2026-01-11,Not Applicable,Cod,Delivered,7BF680FDCC,G*** C***,XXXXXX3136,[REDACTED - Cuddalore],,ACTUAL
111114975646,Kurukshetra,136131,917,EWE-2730960,"ABC, Bhiwandi, Mumbai, Maharashtra",400016,Mumbai,2026-01-09,2026-01-10,2026-01-19,2026-01-19,2026-01-17,Not Applicable,Cod,Delivered,63B3069C03,v*** C***,XXXXXX3736,[REDACTED - Kurukshetra],,ACTUAL
110914954920,Unnao,209801,1079,YTS-2688043,"ABC, Bhiwandi, Mumbai, Maharashtra",400016,Mumbai,2026-01-09,2026-01-11,2026-01-15,2026-01-16,2026-01-16,Phone not reachable,Prepaid,Delivered,80D022591E,H*** C***,XXXXXX6832,[REDACTED - Unnao],,ACTUAL
111014963010,Mahesana,384002,1652,ADX-2041476,"ABC, Bhiwandi, Mumbai, Maharashtra",400016,Mumbai,2026-01-09,2026-01-10,2026-01-15,2026-01-15,2026-01-14,Not Applicable,Prepaid,Delivered,071762EB41,T*** C***,XXXXXX9111,[REDACTED - Mahesana],,ACTUAL
110814943329,Bangalore,560091,1699,TRI-2661328,"ABC, Bhiwandi, Mumbai, Maharashtra",400016,Mumbai,2026-01-10,2026-01-11,2026-01-14,2026-01-14,2026-01-13,Not Applicable,Cod,Delivered,B0674F9EF4,S*** C***,XXXXXX3330,[REDACTED - Bangalore],,ACTUAL
110914961002,Thane,400604,809,YZK-1976548,"ABC, Bhiwandi, Mumbai, Maharashtra",400016,Mumbai,2026-01-10,2026-01-11,2026-01-11,2026-01-12,2026-01-12,Customer not available,Cod,Delivered,3A455552DF,R*** C***,XXXXXX4255,[REDACTED - Thane],,ACTUAL
110914954409,Hyderabad,500072,497,FY-2469209,"ABC, Bhiwandi, Mumbai, Maharashtra",400016,Mumbai,2026-01-10,2026-01-10,2026-01-10,2026-01-12,2026-01-12,Delivery postponed by customer,Prepaid,Delivered,D138B09856,D*** C***,XXXXXX2220,[REDACTED - Hyderabad],,ACTUAL
110714936289,North West Delhi,110034,769,WER-2644496,"ABC, Bhiwandi, Mumbai, Maharashtra",400016,Mumbai,2026-01-10,2026-01-11,2026-01-12,2026-01-12,2026-01-14,Not Applicable,Cod,Delivered,2D2F741D90,P*** C***,XXXXXX6857,[REDACTED - North West Delhi],,ACTUAL
110514905089,Hoshiarpur,146105,1068,ER-2142904,"ABC, Bhiwandi, Mumbai, Maharashtra",400016,Mumbai,2026-01-10,2026-01-12,2026-01-19,,2026-01-17,Customer refused delivery,Prepaid,RTO,1EFEA990F8,S*** C***,XXXXXX1414,[REDACTED - Hoshiarpur],,ACTUAL
110814944456,Patiala,147001,859,WER-1506645,"ABC, Bhiwandi, Mumbai, Maharashtra",400016,Mumbai,2026-01-10,2026-01-11,,,2026-01-13,Not Applicable,Cod,Order Packed,2254A83ECA,A*** C***,XXXXXX7470,[REDACTED - Patiala],not_yet_attempted,ACTUAL
110814948438,Malappuram,679585,1296,SN-2744007,"ABC, Bhiwandi, Mumbai, Maharashtra",400016,Mumbai,2026-01-10,2026-01-11,2026-01-13,2026-01-13,2026-01-14,Not Applicable,Prepaid,Delivered,BDC331B21F,B*** C***,XXXXXX5333,[REDACTED - Malappuram],,ACTUAL
110914957875,Malappuram,673632,2390,MDX-2212190,"ABC, Bhiwandi, Mumbai, Maharashtra",400016,Mumbai,2026-01-10,2026-01-11,2026-01-18,,2026-01-17,Landmark missing,Cod,RTO,7D751DF619,D*** C***,XXXXXX2729,[REDACTED - Malappuram],,ACTUAL
111114979214,Bangalore,560083,917,ATT-2686101,"ABC, Bhiwandi, Mumbai, Maharashtra",400016,Mumbai,2026-01-10,2026-01-12,2026-01-15,2026-01-15,2026-01-15,Not Applicable,Prepaid,Delivered,04FC70B42B,m*** C***,XXXXXX6321,[REDACTED - Bangalore],,ACTUAL
101814708449,K.V.Rangareddy,500030,929,FKS-2715136,"ABC, Bhiwandi, Mumbai, Maharashtra",400016,Mumbai,2026-01-10,2026-01-12,2026-01-14,2026-01-14,2026-01-15,Not Applicable,Cod,Delivered,A815CDB735,K*** C***,XXXXXX7764,[REDACTED - K.V.Rangareddy],,ACTUAL
111114980659,nashik,422005,447,BUC-2743675,"ABC, Bhiwandi, Mumbai, Maharashtra",400016,Mumbai,2026-01-10,2026-01-11,2026-01-13,2026-01-13,2026-01-13,Not Applicable,Cod,Delivered,5E8DB250EB,b*** C***,XXXXXX7925,[REDACTED - nashik],,ACTUAL
111114974870,K.V.Rangareddy,500090,689,CB9-2522488,"ABC, Bhiwandi, Mumbai, Maharashtra",400016,Mumbai,2026-01-10,2026-01-13,2026-01-14,2026-01-14,2026-01-16,Not Applicable,Cod,Delivered,E4F5889244,R*** C***,XXXXXX0733,[REDACTED - K.V.Rangareddy],,ACTUAL
110514911771,Gurgaon,122102,780,CIV-2709595,"ABC, Bhiwandi, Mumbai, Maharashtra",400016,Mumbai,2026-01-10,2026-01-13,2026-01-16,,2026-01-15,Customer not available,Cod,RTO,7582EBE903,M*** C***,XXXXXX6360,[REDACTED - Gurgaon],,ACTUAL
110914956401,Bangalore,560068,1429,SRS-1575144,"ABC, Bhiwandi, Mumbai, Maharashtra",400016,Mumbai,2026-01-10,2026-01-12,2026-01-16,2026-01-16,2026-01-17,Not Applicable,Prepaid,Delivered,044D5A40D2,R*** C***,XXXXXX3009,[REDACTED - Bangalore],,ACTUAL
111014962035,Hyderabad,500085,199,MBE-2310210,"ABC, Bhiwandi, Mumbai, Maharashtra",400016,Mumbai,2026-01-10,2026-01-12,2026-01-13,2026-01-14,2026-01-15,Phone not reachable,Cod,Delivered,8B892B4171,S*** C***,XXXXXX8712,[REDACTED - Hyderabad],,ACTUAL
110814944864,Bangalore,560077,909,FKS-2695275,"ABC, Bhiwandi, Mumbai, Maharashtra",400016,Mumbai,2026-01-10,2026-01-11,2026-01-17,,2026-01-16,COD payment declined,Cod,RTO,2E8949B86C,A*** C***,XXXXXX3953,[REDACTED - Bangalore],,ACTUAL
110814946885,Hyderabad,500076,439,YGS-2667587,"ABC, Bhiwandi, Mumbai, Maharashtra",400016,Mumbai,2026-01-10,2026-01-11,2026-01-17,2026-01-17,2026-01-18,Not Applicable,Prepaid,Delivered,46108E55D5,H*** C***,XXXXXX2532,[REDACTED - Hyderabad],,ACTUAL
110514911800,Gurgaon,122102,649,PNA-2028339,"ABC, Bhiwandi, Mumbai, Maharashtra",400016,Mumbai,2026-01-10,2026-01-11,2026-01-11,2026-01-11,2026-01-13,Not Applicable,Cod,Delivered,F755B78E14,M*** C***,XXXXXX6360,[REDACTED - Gurgaon],,ACTUAL
110114856853,Nagpur,440008,354,YSY-2333191,"ABC, Bhiwandi, Mumbai, Maharashtra",400016,Mumbai,2026-01-10,2026-01-12,2026-01-17,2026-01-17,2026-01-17,Not Applicable,Cod,Delivered,1800020DB1,S*** C***,XXXXXX4546,[REDACTED - Nagpur],,ACTUAL
110914955327,Mumbai,400005,629,DCH-2722015,"ABC, Bhiwandi, Mumbai, Maharashtra",400016,Mumbai,2026-01-10,2026-01-12,2026-01-14,2026-01-15,2026-01-15,Address issue,Prepaid,Delivered,79C2DF3741,N*** C***,XXXXXX8395,[REDACTED - Mumbai],,ACTUAL
111114983501,Mumbai,400010,1050,KMC-2598268,"ABC, Bhiwandi, Mumbai, Maharashtra",400016,Mumbai,2026-01-10,2026-01-13,2026-01-19,2026-01-20,2026-01-18,Delivery postponed by customer,Cod,Delivered,7EEE6DC2A4,S*** C***,XXXXXX9514,[REDACTED - Mumbai],,ACTUAL
102914819315,Kolkata,700046,999,BEB-2441842,"ABC, Bhiwandi, Mumbai, Maharashtra",400016,Mumbai,2026-01-10,2026-01-11,2026-01-20,2026-01-20,2026-01-17,Not Applicable,Cod,Delivered,B8451FCBE4,H*** C***,XXXXXX6310,[REDACTED - Kolkata],,ACTUAL
111114976964,Ahmedabad,380009,828,LNS-2641155,"ABC, Bhiwandi, Mumbai, Maharashtra",400016,Mumbai,2026-01-10,2026-01-13,2026-01-19,,2026-01-18,Customer refused delivery,Cod,RTO,A541384928,R*** C***,XXXXXX5419,[REDACTED - Ahmedabad],,ACTUAL
102914819316,Kolkata,700046,425,YIJ-2653962,"ABC, Bhiwandi, Mumbai, Maharashtra",400016,Mumbai,2026-01-10,2026-01-11,2026-01-17,,2026-01-16,Customer cancelled order,Cod,RTO,E5F0FDF722,H*** C***,XXXXXX6310,[REDACTED - Kolkata],,ACTUAL
111014967970,East Delhi,110092,799,PCL-1809237,"ABC, Bhiwandi, Mumbai, Maharashtra",400016,Mumbai,2026-01-10,2026-01-11,2026-01-15,2026-01-15,2026-01-17,Not Applicable,Cod,Delivered,F55F6B22EE,K*** C***,XXXXXX3108,[REDACTED - East Delhi],,ACTUAL
110714926675,Warangal,506371,1123,WER-2669685,"ABC, Bhiwandi, Mumbai, Maharashtra",400016,Mumbai,2026-01-10,2026-01-12,2026-01-12,2026-01-12,2026-01-14,Not Applicable,Prepaid,Delivered,25F7BC8110,R*** C***,XXXXXX2127,[REDACTED - Warangal],,ACTUAL
110714929877,New Delhi,110030,1258,FCS-2149750,"ABC, Bhiwandi, Mumbai, Maharashtra",400016,Mumbai,2026-01-10,2026-01-12,2026-01-19,,2026-01-17,Customer refused delivery,Cod,RTO,3A6DFFF2C0,A*** C***,XXXXXX0415,[REDACTED - New Delhi],,ACTUAL
102914824312,Raigarh(MH),410210,596,YYG-1306816,"ABC, Bhiwandi, Mumbai, Maharashtra",400016,Mumbai,2026-01-10,2026-01-12,2026-01-14,2026-01-14,2026-01-14,Not Applicable,Cod,Delivered,AA9CA73B34,M*** C***,XXXXXX1385,[REDACTED - Raigarh(MH)],,ACTUAL
110214870335,Nellore,524126,465,QIY-2505178,"ABC, Bhiwandi, Mumbai, Maharashtra",400016,Mumbai,2026-01-10,2026-01-11,2026-01-18,2026-01-18,2026-01-18,Not Applicable,Prepaid,Delivered,5145F766D1,V*** C***,XXXXXX9921,[REDACTED - Nellore],,ACTUAL
111114977264,Bangalore,560011,903,YGL-2271837,"ABC, Bhiwandi, Mumbai, Maharashtra",400016,Mumbai,2026-01-10,2026-01-10,2026-01-12,2026-01-12,2026-01-12,Not Applicable,Prepaid,Delivered,95785B7175,B*** C***,XXXXXX4775,[REDACTED - Bangalore],,ACTUAL
102914824304,Raigarh(MH),410210,2102,JJD-2709007,"ABC, Bhiwandi, Mumbai, Maharashtra",400016,Mumbai,2026-01-10,2026-01-12,2026-01-17,,2026-01-16,Customer not available,Cod,RTO,B6366569B3,M*** C***,XXXXXX1385,[REDACTED - Raigarh(MH)],,ACTUAL
110714929503,Udham Singh Nagar,263153,1783,BUC-2785060,"ABC, Bhiwandi, Mumbai, Maharashtra",400016,Mumbai,2026-01-10,2026-01-12,2026-01-12,2026-01-12,2026-01-13,Not Applicable,Cod,Delivered,8722C33136,D*** C***,XXXXXX3459,[REDACTED - Udham Singh Nagar],,ACTUAL
102014728469,Gurgaon,122018,1070,ATT-2686071,"ABC, Bhiwandi, Mumbai, Maharashtra",400016,Mumbai,2026-01-10,2026-01-12,2026-01-17,2026-01-18,2026-01-16,Landmark missing,Cod,Delivered,CF715492C9,K*** C***,XXXXXX1077,[REDACTED - Gurgaon],,ACTUAL
110614922226,Jabalpur,482001,501,THD-1655498,"ABC, Bhiwandi, Mumbai, Maharashtra",400016,Mumbai,2026-01-10,2026-01-11,2026-01-15,2026-01-15,2026-01-16,Not Applicable,Prepaid,Delivered,A0F8E37B9C,P*** C***,XXXXXX0009,[REDACTED - Jabalpur],,ACTUAL
110614922225,Jabalpur,482001,1659,OF-2173177,"ABC, Bhiwandi, Mumbai, Maharashtra",400016,Mumbai,2026-01-10,2026-01-11,2026-01-15,2026-01-15,2026-01-16,Not Applicable,Cod,Delivered,5F7E8F5C61,P*** C***,XXXXXX0009,[REDACTED - Jabalpur],,ACTUAL
111014964289,Jaipur,302016,932,BGT-2684900,"ABC, Bhiwandi, Mumbai, Maharashtra",400016,Mumbai,2026-01-10,2026-01-11,2026-01-14,2026-01-14,2026-01-15,Not Applicable,Prepaid,Delivered,A3672BEAA8,S*** C***,XXXXXX6650,[REDACTED - Jaipur],,ACTUAL
110714933331,Jabalpur,482001,2268,MHH-2250243,"ABC, Bhiwandi, Mumbai, Maharashtra",400016,Mumbai,2026-01-10,2026-01-11,2026-01-15,2026-01-15,2026-01-15,Not Applicable,Cod,Delivered,46FB08C19E,P*** C***,XXXXXX0009,[REDACTED - Jabalpur],,ACTUAL
110314886068,Aizawl,796001,738,YGS-2667596,"ABC, Bhiwandi, Mumbai, Maharashtra",400016,Mumbai,2026-01-10,2026-01-11,2026-01-11,2026-01-11,2026-01-13,Not Applicable,Cod,Delivered,68DF1BCB25,C*** C***,XXXXXX3129,[REDACTED - Aizawl],,ACTUAL
102914819121,MUZAFFAPUR,842001,4375,JJD-2384003,"ABC, Bhiwandi, Mumbai, Maharashtra",400016,Mumbai,2026-01-10,2026-01-11,2026-01-11,2026-01-11,2026-01-13,Not Applicable,Cod,Delivered,6834EE22DC,S*** C***,XXXXXX7589,[REDACTED - MUZAFFAPUR],high_value_order,ACTUAL
103114842046,East Delhi,110091,791,KQS-2675221,"ABC, Bhiwandi, Mumbai, Maharashtra",400016,Mumbai,2026-01-10,2026-01-11,2026-03-05,,2026-01-13,Customer requested re-attempt,Prepaid,Out of delivery,F3C108D556,N*** C***,XXXXXX6668,[REDACTED - East Delhi],,ACTUAL
102914819122,MUZAFFAPUR,842001,2030,HWT-2044673,"ABC, Bhiwandi, Mumbai, Maharashtra",400016,Mumbai,2026-01-10,2026-01-11,2026-01-16,,2026-01-15,Phone not reachable,Cod,RTO,A82E9717E5,S*** C***,XXXXXX7589,[REDACTED - MUZAFFAPUR],,ACTUAL
110614919860,Haridwar,249404,883,HBZ-2653123,"ABC, Bhiwandi, Mumbai, Maharashtra",400016,Mumbai,2026-01-10,2026-01-12,2026-01-19,,2026-01-18,Address issue,Cod,RTO,30BF1E0FB7,D*** C***,XXXXXX8091,[REDACTED - Haridwar],,ACTUAL
110414891924,Medak,502032,399,KJD-1962758,"ABC, Bhiwandi, Mumbai, Maharashtra",400016,Mumbai,2026-01-10,2026-01-12,2026-01-16,2026-01-16,2026-01-15,Not Applicable,Cod,Delivered,39AD74AA72,R*** C***,XXXXXX9555,[REDACTED - Medak],,ACTUAL
110314883831,Bhopal,462042,1975,JJD-2478816,"ABC, Bhiwandi, Mumbai, Maharashtra",400016,Mumbai,2026-01-10,2026-01-11,2026-01-11,2026-01-11,2026-01-12,Not Applicable,Prepaid,Delivered,CE1E25B827,H*** C***,XXXXXX5512,[REDACTED - Bhopal],,ACTUAL
111114973816,Hyderabad,500059,821,LCQ-2563409,"ABC, Bhiwandi, Mumbai, Maharashtra",400016,Mumbai,2026-01-10,2026-01-11,,,2026-01-14,Not Applicable,Cod,In-Transit,E131297B58,A*** C***,XXXXXX6706,[REDACTED - Hyderabad],not_yet_attempted,ACTUAL
110614914339,Hisar,125001,499,JJS-2769497,"ABC, Bhiwandi, Mumbai, Maharashtra",400016,Mumbai,2026-01-10,2026-01-11,2026-01-14,2026-01-14,2026-01-14,Not Applicable,Cod,Delivered,677CBB1B88,A*** C***,XXXXXX6289,[REDACTED - Hisar],,ACTUAL
110814944553,Bhavnagar,364001,349,WNX-1864084,"ABC, Bhiwandi, Mumbai, Maharashtra",400016,Mumbai,2026-01-10,2026-01-10,2026-01-10,2026-01-11,2026-01-13,Customer requested re-attempt,Cod,Delivered,3DFDB889A2,K*** C***,XXXXXX2739,[REDACTED - Bhavnagar],,ACTUAL
110814944554,Bhavnagar,364001,299,CRH-2627284,"ABC, Bhiwandi, Mumbai, Maharashtra",400016,Mumbai,2026-01-10,2026-01-11,2026-01-16,,2026-01-15,Phone not reachable,Cod,RTO,67A4471CB4,K*** C***,XXXXXX2739,[REDACTED - Bhavnagar],,ACTUAL
111114977583,Bangalore,560033,860,JIX-2609766,"ABC, Bhiwandi, Mumbai, Maharashtra",400016,Mumbai,2026-01-10,2026-01-11,2026-01-18,,2026-01-16,Customer not available,Cod,RTO,C82740BEE6,A*** C***,XXXXXX8483,[REDACTED - Bangalore],,ACTUAL
111014966947,Nagpur,440015,960,YBB-2253280,"ABC, Bhiwandi, Mumbai, Maharashtra",400016,Mumbai,2026-01-10,2026-01-11,2026-01-13,2026-01-13,2026-01-15,Not Applicable,Cod,Delivered,87DD9B59EA,S*** C***,XXXXXX7410,[REDACTED - Nagpur],,ACTUAL
110814945767,Howrah,711302,491,THD-1804086,"ABC, Bhiwandi, Mumbai, Maharashtra",400016,Mumbai,2026-01-12,2026-01-14,2026-01-15,2026-01-17,2026-01-19,Phone not reachable,Cod,Delivered,85BF874A1E,A*** C***,XXXXXX0341,[REDACTED - Howrah],,ACTUAL
110914960366,Hyderabad,500088,1721,SRS-2301894,"ABC, Bhiwandi, Mumbai, Maharashtra",400016,Mumbai,2026-01-12,2026-01-13,2026-01-13,2026-01-14,2026-01-14,Phone not reachable,Cod,Delivered,C596E60AFF,B*** C***,XXXXXX2623,[REDACTED - Hyderabad],,ACTUAL
110314876977,Nalanda,803101,449,YWB-1760632,"ABC, Bhiwandi, Mumbai, Maharashtra",400016,Mumbai,2026-01-12,2026-01-13,2026-01-17,2026-01-17,2026-01-17,Not Applicable,Cod,Delivered,D4AD3905B9,R*** C***,XXXXXX1721,[REDACTED - Nalanda],,ACTUAL
100614531300,Saharanpur,247001,1159,BCC-2703585,"ABC, Bhiwandi, Mumbai, Maharashtra",400016,Mumbai,2026-01-12,2026-01-13,2026-01-16,2026-01-18,2026-01-18,Landmark missing,Cod,Delivered,C0026CC4E7,M*** C***,XXXXXX8651,[REDACTED - Saharanpur],,ACTUAL
110914955995,Mumbai,400002,549,YWB-2729558,"ABC, Bhiwandi, Mumbai, Maharashtra",400016,Mumbai,2026-01-12,2026-01-13,2026-01-15,2026-01-15,2026-01-16,Not Applicable,Prepaid,Delivered,244A08BCF2,S*** C***,XXXXXX6340,[REDACTED - Mumbai],,ACTUAL
110814939807,Shivpuri,473551,1984,SRS-2242782,"ABC, Bhiwandi, Mumbai, Maharashtra",400016,Mumbai,2026-01-12,2026-01-13,2026-01-16,2026-01-16,2026-01-17,Not Applicable,Prepaid,Delivered,2154BE4D82,G*** C***,XXXXXX5153,[REDACTED - Shivpuri],,ACTUAL
110914949554,Bangalore,562125,1101,WER-2719011,"ABC, Bhiwandi, Mumbai, Maharashtra",400016,Mumbai,2026-01-12,2026-01-13,2026-01-15,2026-01-15,2026-01-17,Not Applicable,Cod,Delivered,4B30F6FA5F,V*** C***,XXXXXX4369,[REDACTED - Bangalore],,ACTUAL
110614920973,Jalandhar,144001,306,JIT-2434310,"ABC, Bhiwandi, Mumbai, Maharashtra",400016,Mumbai,2026-01-12,2026-01-13,2026-01-20,2026-01-20,2026-01-20,Not Applicable,Cod,Delivered,9ACE2D135A,M*** C***,XXXXXX0121,[REDACTED - Jalandhar],,ACTUAL
111014963332,Nagpur,440002,950,SE-2740774,"ABC, Bhiwandi, Mumbai, Maharashtra",400016,Mumbai,2026-01-12,2026-01-14,2026-01-17,2026-01-19,2026-01-20,Address issue,Prepaid,Delivered,739016B121,J*** C***,XXXXXX9359,[REDACTED - Nagpur],,ACTUAL
111114974999,Ahmedabad,380004,645,JL-2284779,"ABC, Bhiwandi, Mumbai, Maharashtra",400016,Mumbai,2026-01-12,2026-01-13,2026-01-17,,2026-01-15,Phone not reachable,Cod,RTO,735E8BFE5E,S*** C***,XXXXXX6980,[REDACTED - Ahmedabad],,ACTUAL
110414897180,South West Delhi,110029,1299,FCS-2149745,"ABC, Bhiwandi, Mumbai, Maharashtra",400016,Mumbai,2026-01-12,2026-01-15,2026-01-18,2026-01-18,2026-01-19,Not Applicable,Prepaid,Delivered,7E68C09CBF,A*** C***,XXXXXX8828,[REDACTED - South West Delhi],,ACTUAL
110914952854,Bangalore,560100,772,WKT-2324408,"ABC, Bhiwandi, Mumbai, Maharashtra",400016,Mumbai,2026-01-12,2026-01-13,2026-01-17,2026-01-17,2026-01-17,Not Applicable,Cod,Delivered,C747D14537,T*** C***,XXXXXX1222,[REDACTED - Bangalore],,ACTUAL
110514911598,Gurgaon,122018,823,RCH-2628935,"ABC, Bhiwandi, Mumbai, Maharashtra",400016,Mumbai,2026-01-12,2026-01-12,2026-01-15,2026-01-15,2026-01-16,Not Applicable,Cod,Delivered,EB913ED10F,H*** C***,XXXXXX2684,[REDACTED - Gurgaon],,ACTUAL
110614948030,Bijnor,246701,797,JML-2701383,"ABC, Bhiwandi, Mumbai, Maharashtra",400016,Mumbai,2026-01-12,2026-01-14,2026-01-16,2026-01-17,2026-01-19,Landmark missing,Cod,Delivered,3978114B8D,P*** C***,XXXXXX5646,[REDACTED - Bijnor],,ACTUAL
110614920323,NARAYANKHED,502286,899,ZIQ-2689934,"ABC, Bhiwandi, Mumbai, Maharashtra",400016,Mumbai,2026-01-12,2026-01-13,2026-01-17,2026-01-17,2026-01-15,Not Applicable,Prepaid,Delivered,E41A679C08,G*** C***,XXXXXX6956,[REDACTED - NARAYANKHED],,ACTUAL
110614921114,Jammu,180005,840,SRS-1946102,"ABC, Bhiwandi, Mumbai, Maharashtra",400016,Mumbai,2026-01-12,2026-01-13,2026-01-19,,2026-01-17,Customer refused delivery,Cod,RTO,1FCFED142A,S*** C***,XXXXXX4209,[REDACTED - Jammu],,ACTUAL
110914961053,NARAYANKHED,502286,499,BUC-2765537,"ABC, Bhiwandi, Mumbai, Maharashtra",400016,Mumbai,2026-01-12,2026-01-14,2026-01-18,2026-01-18,2026-01-19,Not Applicable,Prepaid,Delivered,B8C61808B2,G*** C***,XXXXXX6956,[REDACTED - NARAYANKHED],,ACTUAL
110914958929,South West Delhi,110067,427,YBS-2488684,"ABC, Bhiwandi, Mumbai, Maharashtra",400016,Mumbai,2026-01-12,2026-01-14,2026-01-18,2026-01-18,2026-01-18,Not Applicable,Cod,Delivered,B0DB563614,L*** C***,XXXXXX4341,[REDACTED - South West Delhi],,ACTUAL
110714924542,Rohtak,124001,1338,QMB-2573140,"ABC, Bhiwandi, Mumbai, Maharashtra",400016,Mumbai,2026-01-12,2026-01-14,2026-01-20,2026-01-20,2026-01-17,Not Applicable,Cod,Delivered,F122A68BF7,G*** C***,XXXXXX1110,[REDACTED - Rohtak],,ACTUAL
110914955578,Jalandhar,144005,799,AL2-2731113,"ABC, Bhiwandi, Mumbai, Maharashtra",400016,Mumbai,2026-01-12,2026-01-12,2026-01-15,,2026-01-15,Landmark missing,Cod,RTO,3BFF829D50,R*** C***,XXXXXX4095,[REDACTED - Jalandhar],,ACTUAL
110814947083,Balangir,767033,1359,AL2-2731274,"ABC, Bhiwandi, Mumbai, Maharashtra",400016,Mumbai,2026-01-12,2026-01-13,2026-01-15,2026-01-16,2026-01-16,Customer not available,Cod,Delivered,D76DCF2B39,R*** C***,XXXXXX3177,[REDACTED - Balangir],,ACTUAL
110614920649,Surat,395007,787,ATT-2701839,"ABC, Bhiwandi, Mumbai, Maharashtra",400016,Mumbai,2026-01-12,2026-01-13,2026-01-17,,2026-01-17,Address issue,Cod,RTO,D3CA61AAD7,S*** C***,XXXXXX6550,[REDACTED - Surat],,ACTUAL
110514911364,Rohtak,124001,1286,CPA-2350470,"ABC, Bhiwandi, Mumbai, Maharashtra",400016,Mumbai,2026-01-12,2026-01-13,2026-01-13,2026-01-13,2026-01-15,Not Applicable,Cod,Delivered,7D4D33A29F,G*** C***,XXXXXX1110,[REDACTED - Rohtak],,ACTUAL
110314884443,Dehradun,249201,499,JJS-2711926,"ABC, Bhiwandi, Mumbai, Maharashtra",400016,Mumbai,2026-01-12,2026-01-13,2026-01-16,2026-01-16,2026-01-16,Not Applicable,Cod,Delivered,5CAC6AE87C,R*** C***,XXXXXX4201,[REDACTED - Dehradun],,ACTUAL
110614920045,Surat,394210,10644,0PQ-2049461,"ABC, Bhiwandi, Mumbai, Maharashtra",400016,Mumbai,2026-01-12,2026-01-13,2026-01-16,2026-01-16,2026-01-17,Not Applicable,Prepaid,Delivered,A57E9AB21A,K*** C***,XXXXXX2131,[REDACTED - Surat],high_value_order,ACTUAL
110914951741,Morbi,363641,719,FKS-2751391,"ABC, Bhiwandi, Mumbai, Maharashtra",400016,Mumbai,2026-01-12,2026-01-13,,,2026-01-15,Not Applicable,Cod,In-Transit,2A7B1A3661,J*** C***,XXXXXX7735,[REDACTED - Morbi],not_yet_attempted,ACTUAL
110814947274,Rajkot,360007,689,EWE-2751222,"ABC, Bhiwandi, Mumbai, Maharashtra",400016,Mumbai,2026-01-12,2026-01-14,2026-01-16,2026-01-16,2026-01-18,Not Applicable,Cod,Delivered,993D0C4024,P*** C***,XXXXXX0178,[REDACTED - Rajkot],,ACTUAL
102914821813,Patna,800002,802,HFH-2271214,"ABC, Bhiwandi, Mumbai, Maharashtra",400016,Mumbai,2026-01-12,2026-01-13,2026-01-15,2026-01-15,2026-01-16,Not Applicable,Cod,Delivered,6DBD4A16FB,S*** C***,XXXXXX9145,[REDACTED - Patna],,ACTUAL
111014971801,Rupnagar,160062,999,K1-2587589,"ABC, Bhiwandi, Mumbai, Maharashtra",400016,Mumbai,2026-01-12,2026-01-15,2026-01-20,2026-01-21,2026-01-21,Delivery postponed by customer,Cod,Delivered,6E3DE8F851,S*** C***,XXXXXX7938,[REDACTED - Rupnagar],,ACTUAL
111114977076,Bangalore,560087,2746,ADX-2433699,"ABC, Bhiwandi, Mumbai, Maharashtra",400016,Mumbai,2026-01-12,2026-01-13,2026-01-16,,2026-01-16,Phone not reachable,Cod,RTO,64EF6BC739,S*** C***,XXXXXX8258,[REDACTED - Bangalore],high_value_order,ACTUAL
110614916474,Bangalore,560078,499,CIV-2709587,"ABC, Bhiwandi, Mumbai, Maharashtra",400016,Mumbai,2026-01-12,2026-01-13,2026-01-13,2026-01-13,2026-01-15,Not Applicable,Prepaid,Delivered,B33FF71A7C,N*** C***,XXXXXX1387,[REDACTED - Bangalore],,ACTUAL
101714693642,Aizawl,796001,2129,HWT-1997210,"ABC, Bhiwandi, Mumbai, Maharashtra",400016,Mumbai,2026-01-12,2026-01-13,2026-01-19,2026-01-19,2026-01-19,Not Applicable,Cod,Delivered,CDFA3992C9,A*** C***,XXXXXX9131,[REDACTED - Aizawl],,ACTUAL
110814943603,Hyderabad,500010,644,YSY-2373502,"ABC, Bhiwandi, Mumbai, Maharashtra",400016,Mumbai,2026-01-12,2026-01-13,2026-01-17,,2026-01-16,COD payment declined,Cod,RTO,B05E57BF79,N*** C***,XXXXXX6471,[REDACTED - Hyderabad],,ACTUAL
101714877299,Jamnagar,361006,709,YZK-2756600,"ABC, Bhiwandi, Mumbai, Maharashtra",400016,Mumbai,2026-01-12,2026-01-14,2026-01-17,2026-01-17,2026-01-17,Not Applicable,Prepaid,Delivered,73068DBC61,M*** C***,XXXXXX0979,[REDACTED - Jamnagar],,ACTUAL
101514657017,Ludhiana,141008,1049,FKS-2751452,"ABC, Bhiwandi, Mumbai, Maharashtra",400016,Mumbai,2026-01-12,2026-01-13,,,2026-01-16,Not Applicable,Prepaid,In-Transit,2C4C9906CB,S*** C***,XXXXXX7799,[REDACTED - Ludhiana],not_yet_attempted,ACTUAL
110614914735,Gurgaon,122001,961,KKX-2679435,"ABC, Bhiwandi, Mumbai, Maharashtra",400016,Mumbai,2026-01-12,2026-01-13,2026-01-16,2026-01-17,2026-01-15,Delivery postponed by customer,Prepaid,Delivered,E382063B91,R*** C***,XXXXXX3227,[REDACTED - Gurgaon],,ACTUAL
110914951560,Kanakapura,562117,1178,SN-2744017,"ABC, Bhiwandi, Mumbai, Maharashtra",400016,Mumbai,2026-01-12,2026-01-13,2026-01-14,2026-01-14,2026-01-16,Not Applicable,Cod,Delivered,891E8C2EED,R*** C***,XXXXXX9006,[REDACTED - Kanakapura],,ACTUAL
111014967230,Hyderabad,500089,821,LCQ-2563411,"ABC, Bhiwandi, Mumbai, Maharashtra",400016,Mumbai,2026-01-12,2026-01-12,2026-01-13,2026-01-13,2026-01-14,Not Applicable,Cod,Delivered,E60948BFC8,S*** C***,XXXXXX0222,[REDACTED - Hyderabad],,ACTUAL
111014969239,Surat,395009,809,CDY-2610777,"ABC, Bhiwandi, Mumbai, Maharashtra",400016,Mumbai,2026-01-12,2026-01-13,2026-01-18,2026-01-18,2026-01-18,Not Applicable,Cod,Delivered,022546705F,L*** C***,XXXXXX2824,[REDACTED - Surat],,ACTUAL
110914955452,K.V.Rangareddy,500049,670,DDS-1893327,"ABC, Bhiwandi, Mumbai, Maharashtra",400016,Mumbai,2026-01-12,2026-01-15,2026-01-19,,2026-01-17,COD payment declined,Cod,RTO,07B0881754,S*** C***,XXXXXX1414,[REDACTED - K.V.Rangareddy],,ACTUAL
101514658428,Gurgaon,122001,1039,XYX-2753219,"ABC, Bhiwandi, Mumbai, Maharashtra",400016,Mumbai,2026-01-12,2026-01-13,2026-01-16,,2026-01-15,COD payment declined,Cod,RTO,4D94DE4DAB,R*** C***,XXXXXX3227,[REDACTED - Gurgaon],,ACTUAL
111114981630,Bangalore,560029,1560,CCZ-2280494,"ABC, Bhiwandi, Mumbai, Maharashtra",400016,Mumbai,2026-01-12,2026-01-13,,,2026-01-14,Not Applicable,Cod,In-Transit,42920E1516,S*** C***,XXXXXX1191,[REDACTED - Bangalore],not_yet_attempted,ACTUAL
111014972197,Ghaziabad,201014,239,CIV-2097864,"ABC, Bhiwandi, Mumbai, Maharashtra",400016,Mumbai,2026-01-12,2026-01-14,2026-01-20,2026-01-20,2026-01-21,Not Applicable,Cod,Delivered,DACD53FD1E,S*** C***,XXXXXX6322,[REDACTED - Ghaziabad],,ACTUAL
110614914164,Muzaffarpur,842001,2135,CRX-2694216,"ABC, Bhiwandi, Mumbai, Maharashtra",400016,Mumbai,2026-01-12,2026-01-14,2026-01-16,2026-01-16,2026-01-18,Not Applicable,Cod,Delivered,FD0536039A,A*** C***,XXXXXX4889,[REDACTED - Muzaffarpur],,ACTUAL
110714927506,Visakhapatnam,530032,890,ABL-1683505,"ABC, Bhiwandi, Mumbai, Maharashtra",400016,Mumbai,2026-01-12,2026-01-13,2026-01-16,2026-01-16,2026-01-17,Not Applicable,Cod,Delivered,6FE88FA3DE,N*** C***,XXXXXX4653,[REDACTED - Visakhapatnam],,ACTUAL
111214988162,Mumbai,400083,939,EWE-2394467,"ABC, Bhiwandi, Mumbai, Maharashtra",400016,Mumbai,2026-01-12,2026-01-13,2026-01-14,2026-01-14,2026-01-16,Not Applicable,Cod,Delivered,246A735442,S*** C***,XXXXXX9041,[REDACTED - Mumbai],,ACTUAL
111014972605,Bangalore,560048,425,IVE-2735886,"ABC, Bhiwandi, Mumbai, Maharashtra",400016,Mumbai,2026-01-12,2026-01-14,2026-01-14,2026-01-14,2026-01-15,Not Applicable,Prepaid,Delivered,7D2AF79639,D*** C***,XXXXXX9073,[REDACTED - Bangalore],,ACTUAL
110214868191,Hyderabad,500081,399,BOX-1899634,"ABC, Bhiwandi, Mumbai, Maharashtra",400016,Mumbai,2026-01-12,2026-01-12,2026-01-13,2026-01-14,2026-01-13,Phone not reachable,Cod,Delivered,477B2F6A92,A*** C***,XXXXXX9535,[REDACTED - Hyderabad],,ACTUAL
110714932721,East Singhbhum,832110,364,YSY-2373534,"ABC, Bhiwandi, Mumbai, Maharashtra",400016,Mumbai,2026-01-12,2026-01-13,2026-01-14,2026-01-14,2026-01-16,Not Applicable,Cod,Delivered,37736281C9,J*** C***,XXXXXX6661,[REDACTED - East Singhbhum],,ACTUAL
110814943468,Patiala,147001,998,JUV-2638358,"ABC, Bhiwandi, Mumbai, Maharashtra",400016,Mumbai,2026-01-12,2026-01-13,2026-01-16,2026-01-16,2026-01-18,Not Applicable,Cod,Delivered,A186470974,T*** C***,XXXXXX6696,[REDACTED - Patiala],,ACTUAL
110114857686,Raipur,492001,443,DH-2586698,"ABC, Bhiwandi, Mumbai, Maharashtra",400016,Mumbai,2026-01-12,2026-01-14,2026-01-19,2026-01-19,2026-01-18,Not Applicable,Cod,Delivered,A0B9D9FE2C,B*** C***,XXXXXX5500,[REDACTED - Raipur],,ACTUAL
110114857687,Raipur,492001,499,KS-2274057,"ABC, Bhiwandi, Mumbai, Maharashtra",400016,Mumbai,2026-01-12,2026-01-13,2026-01-15,2026-01-17,2026-01-19,Customer requested re-attempt,Cod,Delivered,0207345CC4,B*** C***,XXXXXX5500,[REDACTED - Raipur],,ACTUAL
111114980965,New Delhi,110015,680,FBO-1977321,"ABC, Bhiwandi, Mumbai, Maharashtra",400016,Mumbai,2026-01-12,2026-01-13,2026-01-16,2026-01-17,2026-01-17,Phone not reachable,Cod,Delivered,616D267628,R*** C***,XXXXXX9684,[REDACTED - New Delhi],,ACTUAL
110814941407,Gurgaon,122018,518,CIV-1677623,"ABC, Bhiwandi, Mumbai, Maharashtra",400016,Mumbai,2026-01-12,2026-01-15,2026-01-18,2026-01-19,2026-01-21,Phone not reachable,Cod,Delivered,5BA09D6286,M*** C***,XXXXXX1445,[REDACTED - Gurgaon],,ACTUAL
110714934859,East Singhbhum,832110,1232,ADX-2433809,"ABC, Bhiwandi, Mumbai, Maharashtra",400016,Mumbai,2026-01-12,2026-01-14,2026-01-20,,2026-01-20,Phone not reachable,Cod,RTO,180C0FA1E4,J*** C***,XXXXXX6661,[REDACTED - East Singhbhum],,ACTUAL
110614914163,Muzaffarpur,842001,699,CRX-2694205,"ABC, Bhiwandi, Mumbai, Maharashtra",400016,Mumbai,2026-01-12,2026-01-13,2026-01-14,2026-01-14,2026-01-14,Not Applicable,Cod,Delivered,87A200F9F9,A*** C***,XXXXXX4889,[REDACTED - Muzaffarpur],,ACTUAL
110914949876,Bangalore,560043,649,LSO-2333867,"ABC, Bhiwandi, Mumbai, Maharashtra",400016,Mumbai,2026-01-12,2026-01-14,2026-01-19,2026-01-19,2026-01-19,Not Applicable,Cod,Delivered,BC4193486D,R*** C***,XXXXXX0400,[REDACTED - Bangalore],,ACTUAL
102114746164,Chennai,600034,652,CDY-1457138,"ABC, Bhiwandi, Mumbai, Maharashtra",400016,Mumbai,2026-01-12,2026-01-14,2026-01-16,2026-01-16,2026-01-17,Not Applicable,Prepaid,Delivered,BB584DC5F6,A*** C***,XXXXXX7531,[REDACTED - Chennai],,ACTUAL
92314341888,North 24 Parganas,700156,1273,FUF-2359523,"ABC, Bhiwandi, Mumbai, Maharashtra",400016,Mumbai,2026-01-12,2026-01-13,2026-01-14,2026-01-14,2026-01-14,Not Applicable,Cod,Delivered,85A9A4338D,S*** C***,XXXXXX5555,[REDACTED - North 24 Parganas],,ACTUAL
102114950605,Meerut,250001,909,EWE-2763097,"ABC, Bhiwandi, Mumbai, Maharashtra",400016,Mumbai,2026-01-12,2026-01-13,2026-01-17,2026-01-18,2026-01-20,Address issue,Prepaid,Delivered,77E765E387,L*** C***,XXXXXX2342,[REDACTED - Meerut],,ACTUAL
110514906854,Kanpur Nagar,208006,1004,LSM-2744606,"ABC, Bhiwandi, Mumbai, Maharashtra",400016,Mumbai,2026-01-12,2026-01-14,2026-01-18,,2026-01-17,Address issue,Cod,RTO,1277BD314F,S*** C***,XXXXXX0310,[REDACTED - Kanpur Nagar],,ACTUAL
110814939067,Bathinda,151001,709,TNV-2691316,"ABC, Bhiwandi, Mumbai, Maharashtra",400016,Mumbai,2026-01-12,2026-01-13,2026-01-19,2026-01-19,2026-01-19,Not Applicable,Cod,Delivered,38759F3636,S*** C***,XXXXXX5868,[REDACTED - Bathinda],,ACTUAL
111014965005,Valsad,396191,808,MSR-2720662,"ABC, Bhiwandi, Mumbai, Maharashtra",400016,Mumbai,2026-01-12,2026-01-14,2026-01-18,2026-01-18,2026-01-18,Not Applicable,Cod,Delivered,056E9F3647,C*** C***,XXXXXX2369,[REDACTED - Valsad],,ACTUAL
110814946422,Jabalpur,482001,1540,AAD-2749684,"ABC, Bhiwandi, Mumbai, Maharashtra",400016,Mumbai,2026-01-12,2026-01-13,2026-01-16,2026-01-16,2026-01-17,Not Applicable,Cod,Delivered,A44AE6C749,P*** C***,XXXXXX0009,[REDACTED - Jabalpur],,ACTUAL
110814948833,Gaya,823001,599,VNT-2142316,"ABC, Bhiwandi, Mumbai, Maharashtra",400016,Mumbai,2026-01-12,2026-01-13,2026-03-05,,2026-01-16,Landmark missing,Prepaid,Out of delivery,E7054815AB,D*** C***,XXXXXX0249,[REDACTED - Gaya],,ACTUAL
110914957181,Mumbai,400078,364,YSY-2373534,"ABC, Bhiwandi, Mumbai, Maharashtra",400016,Mumbai,2026-01-12,2026-01-14,2026-01-16,2026-01-16,2026-01-17,Not Applicable,Cod,Delivered,B969185153,S*** C***,XXXXXX9789,[REDACTED - Mumbai],,ACTUAL
110814948332,Hyderabad,500002,849,LTL-1989285,"ABC, Bhiwandi, Mumbai, Maharashtra",400016,Mumbai,2026-01-12,2026-01-13,2026-01-14,2026-01-14,2026-01-14,Not Applicable,Cod,Delivered,35A50876D8,K*** C***,XXXXXX2989,[REDACTED - Hyderabad],,ACTUAL
110814948739,Kachchh,370201,390,DOP-2777207,"ABC, Bhiwandi, Mumbai, Maharashtra",400016,Mumbai,2026-01-12,2026-01-13,2026-01-19,2026-01-19,2026-01-16,Not Applicable,Cod,Delivered,A31F7C5D41,R*** C***,XXXXXX5803,[REDACTED - Kachchh],,ACTUAL
110814948370,Hisar,125001,917,WER-2749865,"ABC, Bhiwandi, Mumbai, Maharashtra",400016,Mumbai,2026-01-12,2026-01-14,2026-01-16,2026-01-16,2026-01-18,Not Applicable,Cod,Delivered,E692146468,A*** C***,XXXXXX5536,[REDACTED - Hisar],,ACTUAL
110814946385,SALEM,636007,1499,PCL-2643386,"ABC, Bhiwandi, Mumbai, Maharashtra",400016,Mumbai,2026-01-12,2026-01-14,2026-01-17,2026-01-17,2026-01-17,Not Applicable,Cod,Delivered,255542C4C1,R*** C***,XXXXXX1666,[REDACTED - SALEM],,ACTUAL
110814948559,Ludhiana,141003,859,WER-1506644,"ABC, Bhiwandi, Mumbai, Maharashtra",400016,Mumbai,2026-01-12,2026-01-15,2026-01-18,2026-01-18,2026-01-18,Not Applicable,Cod,Delivered,735932FCA9,N*** C***,XXXXXX8888,[REDACTED - Ludhiana],,ACTUAL
111114973389,South Delhi,110049,494,DH-2586779,"ABC, Bhiwandi, Mumbai, Maharashtra",400016,Mumbai,2026-01-12,2026-01-14,2026-01-14,2026-01-16,2026-01-18,Phone not reachable,Prepaid,Delivered,277139508D,G*** C***,XXXXXX7262,[REDACTED - South Delhi],,ACTUAL
110914960916,Bangalore,562125,1145,ADX-2681913,"ABC, Bhiwandi, Mumbai, Maharashtra",400016,Mumbai,2026-01-12,2026-01-14,2026-01-14,2026-01-14,2026-01-15,Not Applicable,Prepaid,Delivered,B3A1268B5C,P*** C***,XXXXXX2666,[REDACTED - Bangalore],,ACTUAL
110814942419,Bikaner,334001,689,EWE-2751221,"ABC, Bhiwandi, Mumbai, Maharashtra",400016,Mumbai,2026-01-12,2026-01-14,2026-01-15,2026-01-16,2026-01-18,Delivery postponed by customer,Cod,Delivered,4DCD2E76D9,R*** C***,XXXXXX0630,[REDACTED - Bikaner],,ACTUAL
111114977255,Mumbai,400076,697,MDX-1785185,"ABC, Bhiwandi, Mumbai, Maharashtra",400016,Mumbai,2026-01-12,2026-01-13,2026-01-14,2026-01-14,2026-01-16,Not Applicable,Prepaid,Delivered,E668FA1320,S*** C***,XXXXXX3122,[REDACTED - Mumbai],,ACTUAL
110314876181,Hisar,125001,600,DOP-2725552,"ABC, Bhiwandi, Mumbai, Maharashtra",400016,Mumbai,2026-01-12,2026-01-14,2026-01-15,2026-01-15,2026-01-17,Not Applicable,Cod,Delivered,D2B7C736EF,P*** C***,XXXXXX9936,[REDACTED - Hisar],,ACTUAL
111214985775,Saharanpur,247001,1079,YTS-2688040,"ABC, Bhiwandi, Mumbai, Maharashtra",400016,Mumbai,2026-01-12,2026-01-13,2026-01-18,2026-01-18,2026-01-18,Not Applicable,Cod,Delivered,3AAF1B43B2,N*** C***,XXXXXX7444,[REDACTED - Saharanpur],,ACTUAL
110814937509,West Delhi,110018,2422,KES-1927609,"ABC, Bhiwandi, Mumbai, Maharashtra",400016,Mumbai,2026-01-12,2026-01-13,2026-01-13,2026-01-14,2026-01-16,Phone not reachable,Cod,Delivered,7C23DAB9BD,S*** C***,XXXXXX2326,[REDACTED - West Delhi],,ACTUAL
110714930164,Coimbatore,641034,699,INQ-2062165,"ABC, Bhiwandi, Mumbai, Maharashtra",400016,Mumbai,2026-01-12,2026-01-14,2026-01-16,2026-01-16,2026-01-16,Not Applicable,Cod,Delivered,6D9F7CB42F,S*** C***,XXXXXX1919,[REDACTED - Coimbatore],,ACTUAL
110914955812,Chandigarh,160036,898,YYG-2700801,"ABC, Bhiwandi, Mumbai, Maharashtra",400016,Mumbai,2026-01-12,2026-01-13,2026-01-15,2026-01-15,2026-01-15,Not Applicable,Cod,Delivered,1A56AB741C,G*** C***,XXXXXX5300,[REDACTED - Chandigarh],,ACTUAL
110514908506,North Cachar Hills,788819,811,GGH-2726539,"ABC, Bhiwandi, Mumbai, Maharashtra",400016,Mumbai,2026-01-12,2026-01-13,2026-01-14,2026-01-14,2026-01-16,Not Applicable,Cod,Delivered,CB35C2795A,r*** C***,XXXXXX9084,[REDACTED - North Cachar Hills],,ACTUAL
110714929388,Allahabad,211010,925,HBZ-2653126,"ABC, Bhiwandi, Mumbai, Maharashtra",400016,Mumbai,2026-01-12,2026-01-14,2026-01-16,2026-01-16,2026-01-18,Not Applicable,Prepaid,Delivered,D2854E24C2,N*** C***,XXXXXX2224,[REDACTED - Allahabad],,ACTUAL
110414897555,Giridh,815316,577,XHC-2570258,"ABC, Bhiwandi, Mumbai, Maharashtra",400016,Mumbai,2026-01-12,2026-01-14,2026-01-19,2026-01-20,2026-01-19,Phone not reachable,Prepaid,Delivered,BD77185E95,A*** C***,XXXXXX4373,[REDACTED - Giridh],,ACTUAL
110914954636,Ernakulam,682507,3083,YAO-2747490,"ABC, Bhiwandi, Mumbai, Maharashtra",400016,Mumbai,2026-01-12,2026-01-13,2026-01-18,,2026-01-17,Phone not reachable,Cod,RTO,AF552AA7D2,N*** C***,XXXXXX3334,[REDACTED - Ernakulam],high_value_order,ACTUAL
110914957572,Gurgaon,122009,522,THD-1584998,"ABC, Bhiwandi, Mumbai, Maharashtra",400016,Mumbai,2026-01-12,2026-01-14,2026-01-15,2026-01-15,2026-01-16,Not Applicable,Cod,Delivered,DAC876BA23,E*** C***,XXXXXX2901,[REDACTED - Gurgaon],,ACTUAL
110814947807,Thane,400606,759,FKS-2733116,"ABC, Bhiwandi, Mumbai, Maharashtra",400016,Mumbai,2026-01-12,2026-01-13,2026-01-18,2026-01-18,2026-01-18,Not Applicable,Cod,Delivered,18907D3917,T*** C***,XXXXXX4380,[REDACTED - Thane],,ACTUAL
110314881273,South Delhi,110044,584,LCL-2481943,"ABC, Bhiwandi, Mumbai, Maharashtra",400016,Mumbai,2026-01-12,2026-01-13,2026-01-14,2026-01-14,2026-01-14,Not Applicable,Cod,Delivered,EBF17EB80E,H*** C***,XXXXXX3050,[REDACTED - South Delhi],,ACTUAL
111014966087,Mumbai,400067,461,QZB-2410531,"ABC, Bhiwandi, Mumbai, Maharashtra",400016,Mumbai,2026-01-12,2026-01-13,2026-01-15,2026-01-15,2026-01-15,Not Applicable,Cod,Delivered,ADD2EF9385,J*** C***,XXXXXX0072,[REDACTED - Mumbai],,ACTUAL
111214989812,Pune,412207,1307,BF-2579969,"ABC, Bhiwandi, Mumbai, Maharashtra",400016,Mumbai,2026-01-12,2026-01-13,2026-01-15,,2026-01-14,Customer not available,Cod,RTO,14B7D319FA,C*** C***,XXXXXX0203,[REDACTED - Pune],,ACTUAL
111214990678,Bangalore,560067,451,DUE-2414075,"ABC, Bhiwandi, Mumbai, Maharashtra",400016,Mumbai,2026-01-12,2026-01-14,2026-01-18,2026-01-19,2026-01-17,Address issue,Cod,Delivered,F2562946F7,N*** C***,XXXXXX0648,[REDACTED - Bangalore],,ACTUAL
111114979535,East Delhi,110095,739,FKS-2746774,"ABC, Bhiwandi, Mumbai, Maharashtra",400016,Mumbai,2026-01-12,2026-01-14,2026-01-17,2026-01-17,2026-01-17,Not Applicable,Cod,Delivered,97203A1833,M*** C***,XXXXXX7889,[REDACTED - East Delhi],,ACTUAL
110914953721,Karbi Anglong,782460,1004,HYJ-2699891,"ABC, Bhiwandi, Mumbai, Maharashtra",400016,Mumbai,2026-01-12,2026-01-14,2026-01-15,,2026-01-15,Landmark missing,Cod,In-Transit,52F7F5E8CC,D*** C***,XXXXXX6460,[REDACTED - Karbi Anglong],,ACTUAL
110814949487,Katni,483501,1451,CB9-2009025,"ABC, Bhiwandi, Mumbai, Maharashtra",400016,Mumbai,2026-01-12,2026-01-14,2026-01-20,,2026-01-20,Customer refused delivery,Cod,RTO,11969F0BC4,R*** C***,XXXXXX1444,[REDACTED - Katni],,ACTUAL
111014963881,GANDHINAGAR,382009,1814,SRS-2737449,"ABC, Bhiwandi, Mumbai, Maharashtra",400016,Mumbai,2026-01-12,2026-01-13,2026-01-17,,2026-01-15,Landmark missing,Cod,RTO,97E5CADD0D,B*** C***,XXXXXX5677,[REDACTED - GANDHINAGAR],,ACTUAL
110914950847,Panchkula,134109,409,MSR-2720664,"ABC, Bhiwandi, Mumbai, Maharashtra",400016,Mumbai,2026-01-12,2026-01-13,2026-01-18,,2026-01-17,Customer refused delivery,Cod,RTO,58F1CA7166,K*** C***,XXXXXX0400,[REDACTED - Panchkula],,ACTUAL
111014970375,Nandurbar,425409,1025,YTS-2688116,"ABC, Bhiwandi, Mumbai, Maharashtra",400016,Mumbai,2026-01-12,2026-01-14,2026-01-16,2026-01-16,2026-01-18,Not Applicable,Cod,Delivered,87F64FBFB6,P*** C***,XXXXXX3870,[REDACTED - Nandurbar],,ACTUAL
100114450066,Bathinda,151001,419,PUV-2343367,"ABC, Bhiwandi, Mumbai, Maharashtra",400016,Mumbai,2026-01-12,2026-01-12,2026-01-20,2026-01-20,2026-01-19,Not Applicable,Prepaid,Delivered,6EEACB9F0D,R*** C***,XXXXXX7875,[REDACTED - Bathinda],,ACTUAL
110914956709,Pune,411048,1469,SRS-2445281,"ABC, Bhiwandi, Mumbai, Maharashtra",400016,Mumbai,2026-01-12,2026-01-13,2026-01-17,2026-01-17,2026-01-18,Not Applicable,Cod,Delivered,0EEE7685F4,S*** C***,XXXXXX1455,[REDACTED - Pune],,ACTUAL
102114745078,Central Delhi,110008,4967,MJJ-2212349,"ABC, Bhiwandi, Mumbai, Maharashtra",400016,Mumbai,2026-01-12,2026-01-14,2026-01-15,2026-01-15,2026-01-17,Not Applicable,Prepaid,Delivered,3DF530AF06,A*** C***,XXXXXX9398,[REDACTED - Central Delhi],high_value_order,ACTUAL
110614915810,Gopalganj,841428,649,FWS-2747214,"ABC, Bhiwandi, Mumbai, Maharashtra",400016,Mumbai,2026-01-12,2026-01-13,2026-01-13,2026-01-13,2026-01-15,Not Applicable,Cod,Delivered,F7F7FC7FF7,D*** C***,XXXXXX5555,[REDACTED - Gopalganj],,ACTUAL
110314876676,Bangalore,560035,709,YZK-2756597,"ABC, Bhiwandi, Mumbai, Maharashtra",400016,Mumbai,2026-01-15,2026-01-17,2026-01-17,2026-01-18,2026-01-20,Customer not available,Cod,Delivered,950F2C31C8,P*** C***,XXXXXX9737,[REDACTED - Bangalore],,ACTUAL
101914712058,Ghaziabad,201007,1618,EWE-2756014,"ABC, Bhiwandi, Mumbai, Maharashtra",400016,Mumbai,2026-01-15,2026-01-16,,,2026-01-23,Not Applicable,Prepaid,In-Transit,14E2DE9247,M*** C***,XXXXXX1271,[REDACTED - Ghaziabad],not_yet_attempted,ACTUAL
110314876267,Gautam Buddha Nagar,201301,1539,HYJ-2170982,"ABC, Bhiwandi, Mumbai, Maharashtra",400016,Mumbai,2026-01-15,2026-01-17,2026-01-20,2026-01-20,2026-01-19,Not Applicable,Cod,Delivered,3CB650D831,A*** C***,XXXXXX0103,[REDACTED - Gautam Buddha Nagar],,ACTUAL
102614798166,Kamrup,781001,696,DUE-1510929,"ABC, Bhiwandi, Mumbai, Maharashtra",400016,Mumbai,2026-01-15,2026-01-18,2026-01-21,,2026-01-20,Customer cancelled order,Cod,RTO,BC4918665F,P*** C***,XXXXXX3380,[REDACTED - Kamrup],,ACTUAL
110714925147,East Delhi,110031,1598,MBC-2786537,"ABC, Bhiwandi, Mumbai, Maharashtra",400016,Mumbai,2026-01-15,2026-01-16,2026-01-18,2026-01-18,2026-01-19,Not Applicable,Cod,Delivered,33B6D8D30B,R*** C***,XXXXXX7042,[REDACTED - East Delhi],,ACTUAL
111114974255,Pune,411045,349,CRH-2676286,"ABC, Bhiwandi, Mumbai, Maharashtra",400016,Mumbai,2026-01-15,2026-01-17,2026-01-21,2026-01-21,2026-01-21,Not Applicable,Cod,Delivered,6F5A47ECC8,N*** C***,XXXXXX3779,[REDACTED - Pune],,ACTUAL
110314878375,North West Delhi,110088,594,WBR-2572893,"ABC, Bhiwandi, Mumbai, Maharashtra",400016,Mumbai,2026-01-15,2026-01-16,2026-01-19,2026-01-19,2026-01-19,Not Applicable,Prepaid,Delivered,83120384BE,P*** C***,XXXXXX2050,[REDACTED - North West Delhi],,ACTUAL
103114848271,Amritsar,143001,399,KS-2760190,"ABC, Bhiwandi, Mumbai, Maharashtra",400016,Mumbai,2026-01-15,2026-01-16,2026-01-21,2026-01-21,2026-01-18,Not Applicable,Cod,Delivered,67B267CCBD,G*** C***,XXXXXX7633,[REDACTED - Amritsar],,ACTUAL
110414892074,Jammu,181133,366,YSY-2373464,"ABC, Bhiwandi, Mumbai, Maharashtra",400016,Mumbai,2026-01-15,2026-01-18,2026-01-20,,2026-01-19,Phone not reachable,Cod,RTO,1EF1548FA5,s*** C***,XXXXXX3131,[REDACTED - Jammu],,ACTUAL
111014971566,Coimbatore,641602,1103,SN-2139907,"ABC, Bhiwandi, Mumbai, Maharashtra",400016,Mumbai,2026-01-15,2026-01-16,2026-01-19,2026-01-19,2026-01-19,Not Applicable,Cod,Delivered,BDD50EB44B,R*** C***,XXXXXX5904,[REDACTED - Coimbatore],,ACTUAL
110814944264,Rupnagar,140301,1609,YNG-2037135,"ABC, Bhiwandi, Mumbai, Maharashtra",400016,Mumbai,2026-01-15,2026-01-16,2026-01-16,2026-01-16,2026-01-18,Not Applicable,Prepaid,Delivered,2D31CAA017,R*** C***,XXXXXX5500,[REDACTED - Rupnagar],,ACTUAL
111114978864,Varanasi,221001,889,RCH-2628905,"ABC, Bhiwandi, Mumbai, Maharashtra",400016,Mumbai,2026-01-15,2026-01-17,2026-01-21,2026-01-21,2026-01-21,Not Applicable,Cod,Delivered,8F6041AE04,S*** C***,XXXXXX6803,[REDACTED - Varanasi],,ACTUAL
111114977781,Satara,415001,635,XUA-2448138,"ABC, Bhiwandi, Mumbai, Maharashtra",400016,Mumbai,2026-01-15,2026-01-16,2026-01-19,,2026-01-19,Phone not reachable,Cod,RTO,2E684A7E71,S*** C***,XXXXXX5360,[REDACTED - Satara],,ACTUAL
111214991220,Thane,400706,871,SRS-1650431,"ABC, Bhiwandi, Mumbai, Maharashtra",400016,Mumbai,2026-01-15,2026-01-18,2026-01-26,,2026-01-25,Landmark missing,Cod,RTO,D51F3F2D67,S*** C***,XXXXXX7894,[REDACTED - Thane],,ACTUAL
111014971955,Vijayawada,521108,598,CRH-2313576,"ABC, Bhiwandi, Mumbai, Maharashtra",400016,Mumbai,2026-01-15,2026-01-16,2026-01-17,2026-01-18,2026-01-19,Phone not reachable,Cod,Delivered,F1066A0035,P*** C***,XXXXXX4594,[REDACTED - Vijayawada],,ACTUAL
110914952999,South West Delhi,110077,1487,ADX-2060442,"ABC, Bhiwandi, Mumbai, Maharashtra",400016,Mumbai,2026-01-15,2026-01-16,2026-01-22,2026-01-22,2026-01-19,Not Applicable,Cod,Delivered,C70C3E69CF,B*** C***,XXXXXX0058,[REDACTED - South West Delhi],,ACTUAL
110614915198,Gautam Buddha Nagar,201306,1090,YC-2704329,"ABC, Bhiwandi, Mumbai, Maharashtra",400016,Mumbai,2026-01-15,2026-01-16,,,2026-01-18,Not Applicable,Cod,In-Transit,613B3D65FA,P*** C***,XXXXXX9687,[REDACTED - Gautam Buddha Nagar],not_yet_attempted,ACTUAL
110914951841,Sambhal,244302,1616,LCQ-2563410,"ABC, Bhiwandi, Mumbai, Maharashtra",400016,Mumbai,2026-01-15,2026-01-16,2026-01-18,2026-01-18,2026-01-18,Not Applicable,Cod,Delivered,285B21AADD,Z*** C***,XXXXXX0800,[REDACTED - Sambhal],,ACTUAL
110314880033,Dehradun,248001,2288,RUO-2674886,"ABC, Bhiwandi, Mumbai, Maharashtra",400016,Mumbai,2026-01-15,2026-01-16,2026-01-16,2026-01-16,2026-01-18,Delivery postponed by customer,Cod,Delivered,024D086BE5,P*** C***,XXXXXX3904,[REDACTED - Dehradun],,ACTUAL
102014728802,Dhamtari,493773,809,WER-2749932,"ABC, Bhiwandi, Mumbai, Maharashtra",400016,Mumbai,2026-01-15,2026-01-16,2026-01-17,2026-01-18,2026-01-18,Phone not reachable,Cod,Delivered,C5BCDBD6F5,D*** C***,XXXXXX3125,[REDACTED - Dhamtari],,ACTUAL
103114842190,Bangalore,560072,790,FUF-2588334,"ABC, Bhiwandi, Mumbai, Maharashtra",400016,Mumbai,2026-01-15,2026-01-16,2026-01-16,2026-01-17,2026-01-19,Address issue,Prepaid,Delivered,E16E1BE069,C*** C***,XXXXXX2883,[REDACTED - Bangalore],,ACTUAL
110814941819,Ghaziabad,201017,1757,CBS-2631433,"ABC, Bhiwandi, Mumbai, Maharashtra",400016,Mumbai,2026-01-15,2026-01-16,2026-01-20,2026-01-22,2026-01-20,Landmark missing,Cod,Delivered,AD1AFD3A6E,P*** C***,XXXXXX6828,[REDACTED - Ghaziabad],,ACTUAL
111114979693,South West Delhi,110074,499,SDB-2770684,"ABC, Bhiwandi, Mumbai, Maharashtra",400016,Mumbai,2026-01-15,2026-01-16,2026-01-19,2026-01-19,2026-01-20,Not Applicable,Prepaid,Delivered,D9DB2AC694,A*** C***,XXXXXX4180,[REDACTED - South West Delhi],,ACTUAL
111114977496,Chandigarh,160047,849,XHZ-2685396,"ABC, Bhiwandi, Mumbai, Maharashtra",400016,Mumbai,2026-01-15,2026-01-17,2026-01-20,2026-01-20,2026-01-20,Not Applicable,Cod,Delivered,E9010BB0E2,B*** C***,XXXXXX2066,[REDACTED - Chandigarh],,ACTUAL
110814938796,Gurdaspur,143521,299,LLT-2741212,"ABC, Bhiwandi, Mumbai, Maharashtra",400016,Mumbai,2026-01-15,2026-01-18,2026-01-20,2026-01-21,2026-01-22,Landmark missing,Cod,Delivered,30CEAE2D51,J*** C***,XXXXXX7536,[REDACTED - Gurdaspur],,ACTUAL
110714924766,East Siang,791102,1499,YLA-2711248,"ABC, Bhiwandi, Mumbai, Maharashtra",400016,Mumbai,2026-01-15,2026-01-16,2026-01-19,2026-01-19,2026-01-20,Not Applicable,Prepaid,Delivered,3E3BE90C1B,M*** C***,XXXXXX0822,[REDACTED - East Siang],,ACTUAL
110714932162,Nashik,422001,689,YYX-2558023,"ABC, Bhiwandi, Mumbai, Maharashtra",400016,Mumbai,2026-01-15,2026-01-17,,,2026-01-20,Not Applicable,Prepaid,In-Transit,C38E599FD9,D*** C***,XXXXXX9599,[REDACTED - Nashik],not_yet_attempted,ACTUAL
110814944881,Allahabad,211007,499,JJS-2777304,"ABC, Bhiwandi, Mumbai, Maharashtra",400016,Mumbai,2026-01-15,2026-01-16,2026-01-18,2026-01-18,2026-01-18,Not Applicable,Prepaid,Delivered,1202C97A61,N*** C***,XXXXXX5524,[REDACTED - Allahabad],,ACTUAL
111114980811,Ghaziabad,201001,1868,SRS-2518632,"ABC, Bhiwandi, Mumbai, Maharashtra",400016,Mumbai,2026-01-15,2026-01-15,2026-01-20,,2026-01-18,Address issue,Cod,RTO,872B2D306B,A*** C***,XXXXXX9140,[REDACTED - Ghaziabad],,ACTUAL
110514901075,Chandigarh,160019,1245,RJF-2749585,"ABC, Bhiwandi, Mumbai, Maharashtra",400016,Mumbai,2026-01-15,2026-01-16,2026-01-24,2026-01-24,2026-01-21,Not Applicable,Prepaid,Delivered,CD8C3E5BBB,K*** C***,XXXXXX7093,[REDACTED - Chandigarh],,ACTUAL
110614918539,Kolkata,700025,848,YC-2618724,"ABC, Bhiwandi, Mumbai, Maharashtra",400016,Mumbai,2026-01-15,2026-01-15,2026-01-20,,2026-01-19,Phone not reachable,Cod,RTO,7455AC0BCC,S*** C***,XXXXXX6383,[REDACTED - Kolkata],,ACTUAL
110914957988,Mohali,160055,1946,SRS-2729851,"ABC, Bhiwandi, Mumbai, Maharashtra",400016,Mumbai,2026-01-15,2026-01-16,2026-01-16,2026-01-17,2026-01-18,Address issue,Prepaid,Delivered,58D48E360C,S*** C***,XXXXXX4088,[REDACTED - Mohali],,ACTUAL
110814948493,Krishna,521344,400,ATU-2368053,"ABC, Bhiwandi, Mumbai, Maharashtra",400016,Mumbai,2026-01-15,2026-01-16,2026-01-20,2026-01-20,2026-01-18,Not Applicable,Cod,Delivered,BD8C285C2B,P*** C***,XXXXXX7799,[REDACTED - Krishna],,ACTUAL
110914954315,Mysore,570010,1499,PCL-2609320,"ABC, Bhiwandi, Mumbai, Maharashtra",400016,Mumbai,2026-01-15,2026-01-17,2026-01-22,2026-01-23,2026-01-23,Customer not available,Prepaid,Delivered,98342474BA,K*** C***,XXXXXX8278,[REDACTED - Mysore],,ACTUAL
110714932332,Kanpur Nagar,208005,860,OJO-2680222,"ABC, Bhiwandi, Mumbai, Maharashtra",400016,Mumbai,2026-01-15,2026-01-15,2026-01-16,2026-01-16,2026-01-18,Not Applicable,Cod,Delivered,B606608882,D*** C***,XXXXXX9406,[REDACTED - Kanpur Nagar],,ACTUAL
111014972218,North West Delhi,110089,1189,ADX-2074333,"ABC, Bhiwandi, Mumbai, Maharashtra",400016,Mumbai,2026-01-15,2026-01-17,2026-01-18,2026-01-18,2026-01-19,Not Applicable,Cod,Delivered,34614DC396,S*** C***,XXXXXX6343,[REDACTED - North West Delhi],,ACTUAL
101714690975,Bhagalpur,812001,1229,WDF-2751821,"ABC, Bhiwandi, Mumbai, Maharashtra",400016,Mumbai,2026-01-15,2026-01-16,2026-01-18,2026-01-18,2026-01-19,Not Applicable,Cod,Delivered,FD7FBB44C6,A*** C***,XXXXXX2298,[REDACTED - Bhagalpur],,ACTUAL
110614922354,Sidhi,486889,769,XXC-1842264,"ABC, Bhiwandi, Mumbai, Maharashtra",400016,Mumbai,2026-01-15,2026-01-17,2026-01-20,2026-01-20,2026-01-22,Not Applicable,Cod,Delivered,BAB3FBA5B1,A*** C***,XXXXXX3596,[REDACTED - Sidhi],,ACTUAL
110814943167,Barmer,344001,1658,SRS-2030600,"ABC, Bhiwandi, Mumbai, Maharashtra",400016,Mumbai,2026-01-15,2026-01-17,2026-01-19,2026-01-19,2026-01-18,Not Applicable,Cod,Delivered,96E4190515,P*** C***,XXXXXX8152,[REDACTED - Barmer],,ACTUAL
111114978036,West Delhi,110058,640,BCR-1856984,"ABC, Bhiwandi, Mumbai, Maharashtra",400016,Mumbai,2026-01-15,2026-01-17,2026-01-19,2026-01-20,2026-01-21,Delivery postponed by customer,Prepaid,Delivered,1E57B17417,G*** C***,XXXXXX1675,[REDACTED - West Delhi],,ACTUAL
111014970214,Jaipur,302016,634,WKT-2324217,"ABC, Bhiwandi, Mumbai, Maharashtra",400016,Mumbai,2026-01-15,2026-01-18,2026-01-18,2026-01-18,2026-01-20,Phone not reachable,Cod,Delivered,1564BD2F43,N*** C***,XXXXXX0666,[REDACTED - Jaipur],,ACTUAL
110814939973,Patna,800001,716,ORU-2113799,"ABC, Bhiwandi, Mumbai, Maharashtra",400016,Mumbai,2026-01-15,2026-01-16,,,2026-01-18,Not Applicable,Prepaid,Order Packed,73A274B0BC,N*** C***,XXXXXX5729,[REDACTED - Patna],not_yet_attempted,ACTUAL
110914957856,Faridabad,121002,1395,THD-1584793,"ABC, Bhiwandi, Mumbai, Maharashtra",400016,Mumbai,2026-01-15,2026-01-17,2026-01-18,2026-01-18,2026-01-19,Not Applicable,Cod,Delivered,EF27A8CEBF,P*** C***,XXXXXX9615,[REDACTED - Faridabad],,ACTUAL
111114983759,Mumbai,400095,399,BUC-2765542,"ABC, Bhiwandi, Mumbai, Maharashtra",400016,Mumbai,2026-01-15,2026-01-15,2026-01-15,2026-01-15,2026-01-17,Not Applicable,Prepaid,Delivered,F469818E7E,M*** C***,XXXXXX6836,[REDACTED - Mumbai],,ACTUAL
111014961374,Lucknow,226012,1071,THD-1584790,"ABC, Bhiwandi, Mumbai, Maharashtra",400016,Mumbai,2026-01-15,2026-01-17,2026-01-17,2026-01-17,2026-01-19,Not Applicable,Prepaid,Delivered,D73EDDFB84,H*** C***,XXXXXX8820,[REDACTED - Lucknow],,ACTUAL
110814945017,Chinchwad,411033,724,CIQ-2600579,"ABC, Bhiwandi, Mumbai, Maharashtra",400016,Mumbai,2026-01-15,2026-01-16,,,2026-01-19,Not Applicable,Prepaid,Order Packed,FC21ECE517,P*** C***,XXXXXX4470,[REDACTED - Chinchwad],not_yet_attempted,ACTUAL
110914957511,East Delhi,110093,1274,FKS-2703722,"ABC, Bhiwandi, Mumbai, Maharashtra",400016,Mumbai,2026-01-15,2026-01-16,2026-01-19,2026-01-19,2026-01-20,Not Applicable,Cod,Delivered,678C27057C,N*** C***,XXXXXX5675,[REDACTED - East Delhi],,ACTUAL
101614672153,Seoni,480661,609,SEY-2757423,"ABC, Bhiwandi, Mumbai, Maharashtra",400016,Mumbai,2026-01-15,2026-01-16,2026-01-20,,2026-01-19,Customer refused delivery,Cod,RTO,4D3861833C,a*** C***,XXXXXX2233,[REDACTED - Seoni],,ACTUAL
110914950478,Parbhani,431401,794,BCC-2383933,"ABC, Bhiwandi, Mumbai, Maharashtra",400016,Mumbai,2026-01-15,2026-01-16,2026-01-16,2026-01-17,2026-01-18,Delivery postponed by customer,Cod,Delivered,4A1AF700F8,P*** C***,XXXXXX1595,[REDACTED - Parbhani],,ACTUAL
110914957500,East Delhi,110093,818,THD-2690937,"ABC, Bhiwandi, Mumbai, Maharashtra",400016,Mumbai,2026-01-15,2026-01-18,2026-01-22,2026-01-23,2026-01-21,Customer not available,Prepaid,Delivered,6E13F472E1,N*** C***,XXXXXX5675,[REDACTED - East Delhi],,ACTUAL
111114976531,Mumbai,400104,772,MY-2436736,"ABC, Bhiwandi, Mumbai, Maharashtra",400016,Mumbai,2026-01-15,2026-01-17,2026-01-20,2026-01-20,2026-01-21,Not Applicable,Prepaid,Delivered,56537EEE58,N*** C***,XXXXXX3610,[REDACTED - Mumbai],,ACTUAL
111114980170,Bangalore,560062,1589,SRS-2363488,"ABC, Bhiwandi, Mumbai, Maharashtra",400016,Mumbai,2026-01-15,2026-01-15,2026-01-18,,2026-01-18,Customer refused delivery,Cod,RTO,2BC2E26ED1,P*** C***,XXXXXX1252,[REDACTED - Bangalore],,ACTUAL
110414895028,Jodhpur,342005,270,DOP-2725655,"ABC, Bhiwandi, Mumbai, Maharashtra",400016,Mumbai,2026-01-15,2026-01-16,2026-01-17,2026-01-18,2026-01-18,Customer not available,Cod,Delivered,2F38F203BF,B*** C***,XXXXXX9071,[REDACTED - Jodhpur],,ACTUAL
110414895027,Jodhpur,342005,499,JJS-2777305,"ABC, Bhiwandi, Mumbai, Maharashtra",400016,Mumbai,2026-01-15,2026-01-17,2026-01-20,,2026-01-19,Phone not reachable,Cod,RTO,C4931A5F7A,B*** C***,XXXXXX9071,[REDACTED - Jodhpur],,ACTUAL
111014968478,Shivpuri,473551,599,DCH-2583645,"ABC, Bhiwandi, Mumbai, Maharashtra",400016,Mumbai,2026-01-15,2026-01-16,2026-01-17,2026-01-17,2026-01-18,Not Applicable,Cod,Delivered,18B0D26DAA,G*** C***,XXXXXX5153,[REDACTED - Shivpuri],,ACTUAL
110714929010,Gurgaon,122011,719,FKS-2751399,"ABC, Bhiwandi, Mumbai, Maharashtra",400016,Mumbai,2026-01-15,2026-01-16,2026-01-16,2026-01-16,2026-01-18,Not Applicable,Cod,Delivered,75048EB04F,R*** C***,XXXXXX0998,[REDACTED - Gurgaon],,ACTUAL
110914949601,Amritsar,143001,642,XSM-2371587,"ABC, Bhiwandi, Mumbai, Maharashtra",400016,Mumbai,2026-01-15,2026-01-16,2026-01-21,2026-01-21,2026-01-20,Not Applicable,Prepaid,Delivered,155B0709C3,A*** C***,XXXXXX9393,[REDACTED - Amritsar],,ACTUAL
111114974931,mumbai,400015,1619,SRS-2561104,"ABC, Bhiwandi, Mumbai, Maharashtra",400016,Mumbai,2026-01-15,2026-01-16,2026-01-19,2026-01-19,2026-01-19,Not Applicable,Cod,Delivered,DD39C20E72,n*** C***,XXXXXX4878,[REDACTED - mumbai],,ACTUAL
110714927028,Ahmedabad,380058,899,KMX-2546737,"ABC, Bhiwandi, Mumbai, Maharashtra",400016,Mumbai,2026-01-15,2026-01-16,2026-01-19,2026-01-19,2026-01-18,Not Applicable,Cod,Delivered,526C3AAF92,D*** C***,XXXXXX1101,[REDACTED - Ahmedabad],,ACTUAL
100714543882,East Khasi Hills,793008,1735,JJD-1707223,"ABC, Bhiwandi, Mumbai, Maharashtra",400016,Mumbai,2026-01-15,2026-01-16,2026-03-05,,2026-01-20,Customer requested re-attempt,Prepaid,Out of delivery,2CFE9B9066,C*** C***,XXXXXX0905,[REDACTED - East Khasi Hills],,ACTUAL
110914949998,West Tripura,799014,399,INM-2285536,"ABC, Bhiwandi, Mumbai, Maharashtra",400016,Mumbai,2026-01-15,2026-01-17,2026-01-21,,2026-01-19,COD payment declined,Cod,RTO,96087AD3DA,A*** C***,XXXXXX9867,[REDACTED - West Tripura],,ACTUAL
102314771364,Patna,801505,299,CRH-2696727,"ABC, Bhiwandi, Mumbai, Maharashtra",400016,Mumbai,2026-01-15,2026-01-18,2026-01-24,2026-01-24,2026-01-25,Not Applicable,Prepaid,Delivered,46F74CE6C0,f*** C***,XXXXXX8475,[REDACTED - Patna],,ACTUAL
111014970592,Gautam Buddha Nagar,201301,809,BP4-2628147,"ABC, Bhiwandi, Mumbai, Maharashtra",400016,Mumbai,2026-01-15,2026-01-16,,,2026-01-19,Not Applicable,Cod,Lost,D7711B97EB,N*** C***,XXXXXX5321,[REDACTED - Gautam Buddha Nagar],,ACTUAL
110314876351,Gurgaon,122001,782,KKX-2617602,"ABC, Bhiwandi, Mumbai, Maharashtra",400016,Mumbai,2026-01-15,2026-01-16,2026-01-22,,2026-01-22,Delivery postponed by customer,Cod,In-Transit,6BF50AA0F4,D*** C***,XXXXXX9993,[REDACTED - Gurgaon],,ACTUAL
111214991649,Faridabad,121007,454,MIG-2602481,"ABC, Bhiwandi, Mumbai, Maharashtra",400016,Mumbai,2026-01-15,2026-01-16,2026-01-17,2026-01-17,2026-01-18,Not Applicable,Prepaid,Delivered,5BED10BAA8,D*** C***,XXXXXX5242,[REDACTED - Faridabad],,ACTUAL
103014838796,Rampur,244901,1597,ADX-2060497,"ABC, Bhiwandi, Mumbai, Maharashtra",400016,Mumbai,2026-01-15,2026-01-16,2026-01-20,,2026-01-20,Customer cancelled order,Cod,RTO,FCF3523724,N*** C***,XXXXXX0286,[REDACTED - Rampur],,ACTUAL
111014965993,Gautam Buddha Nagar,201301,549,CRH-2721079,"ABC, Bhiwandi, Mumbai, Maharashtra",400016,Mumbai,2026-01-15,2026-01-16,2026-01-19,2026-01-19,2026-01-20,Not Applicable,Cod,Delivered,5B84557971,S*** C***,XXXXXX0642,[REDACTED - Gautam Buddha Nagar],,ACTUAL
110314880394,Chandigarh,160011,499,JJS-2754551,"ABC, Bhiwandi, Mumbai, Maharashtra",400016,Mumbai,2026-01-15,2026-01-16,2026-01-16,2026-01-17,2026-01-19,Landmark missing,Cod,Delivered,424827CEC3,N*** C***,XXXXXX0007,[REDACTED - Chandigarh],,ACTUAL
110514899528,Mumbai,400008,889,RCH-2628903,"ABC, Bhiwandi, Mumbai, Maharashtra",400016,Mumbai,2026-01-15,2026-01-16,2026-01-18,,2026-01-18,Phone not reachable,Cod,RTO,95EE149380,S*** C***,XXXXXX5786,[REDACTED - Mumbai],,ACTUAL
111114977016,Chandigarh,160017,1079,YTS-2688040,"ABC, Bhiwandi, Mumbai, Maharashtra",400016,Mumbai,2026-01-15,2026-01-16,2026-01-20,2026-01-20,2026-01-19,Not Applicable,Prepaid,Delivered,9291C0371F,U*** C***,XXXXXX9555,[REDACTED - Chandigarh],,ACTUAL
111014961786,Gautam Buddha Nagar,201301,709,YTS-2724017,"ABC, Bhiwandi, Mumbai, Maharashtra",400016,Mumbai,2026-01-15,2026-01-16,2026-01-17,2026-01-17,2026-01-19,Not Applicable,Prepaid,Delivered,46C4456244,A*** C***,XXXXXX7506,[REDACTED - Gautam Buddha Nagar],,ACTUAL
110914952295,Varanasi,221001,356,YWW-2219158,"ABC, Bhiwandi, Mumbai, Maharashtra",400016,Mumbai,2026-01-15,2026-01-17,2026-01-20,2026-01-20,2026-01-22,Not Applicable,Cod,Delivered,A1E0C67600,A*** C***,XXXXXX7113,[REDACTED - Varanasi],,ACTUAL
111014971271,Ludhiana,142021,614,CDY-2653036,"ABC, Bhiwandi, Mumbai, Maharashtra",400016,Mumbai,2026-01-15,2026-01-17,2026-01-18,2026-01-19,2026-01-21,Delivery postponed by customer,Prepaid,Delivered,BAE60AC6E5,G*** C***,XXXXXX4644,[REDACTED - Ludhiana],,ACTUAL
110914960838,Ajmer,305001,827,YGL-2271887,"ABC, Bhiwandi, Mumbai, Maharashtra",400016,Mumbai,2026-01-15,2026-01-16,,,2026-01-20,Not Applicable,Prepaid,Pickup done,37718F2E76,V*** C***,XXXXXX4090,[REDACTED - Ajmer],not_yet_attempted,ACTUAL
110914954751,Fatehpur,212601,703,CIQ-2593302,"ABC, Bhiwandi, Mumbai, Maharashtra",400016,Mumbai,2026-01-15,2026-01-17,2026-01-22,2026-01-23,2026-01-20,Address issue,Cod,Delivered,3C01DF89D3,N*** C***,XXXXXX4568,[REDACTED - Fatehpur],,ACTUAL
110814944160,South Goa,403602,556,AJ-2398060,"ABC, Bhiwandi, Mumbai, Maharashtra",400016,Mumbai,2026-01-15,2026-01-16,2026-01-18,2026-01-18,2026-01-19,Not Applicable,Prepaid,Delivered,89182AC8B9,P*** C***,XXXXXX3316,[REDACTED - South Goa],,ACTUAL
102614866098,Patna,800001,790,FUF-2588336,"ABC, Bhiwandi, Mumbai, Maharashtra",400016,Mumbai,2026-01-15,2026-01-16,2026-01-22,2026-01-22,2026-01-19,Not Applicable,Prepaid,Delivered,C23DFF36C7,A*** C***,XXXXXX8834,[REDACTED - Patna],,ACTUAL
110314883346,Bangalore,560053,399,AJ-2386275,"ABC, Bhiwandi, Mumbai, Maharashtra",400016,Mumbai,2026-01-15,2026-01-17,2026-01-19,2026-01-19,2026-01-20,Not Applicable,Cod,Delivered,D28707DB5F,N*** C***,XXXXXX7558,[REDACTED - Bangalore],,ACTUAL
110814943419,Ludhiana,141001,467,YKL-2257977,"ABC, Bhiwandi, Mumbai, Maharashtra",400016,Mumbai,2026-01-15,2026-01-18,2026-01-21,,2026-01-20,Customer refused delivery,Cod,RTO,4131EC8AAB,L*** C***,XXXXXX8861,[REDACTED - Ludhiana],,ACTUAL
103114841765,South Goa,403720,599,DCH-2525441,"ABC, Bhiwandi, Mumbai, Maharashtra",400016,Mumbai,2026-01-15,2026-01-16,2026-01-17,2026-01-17,2026-01-19,Not Applicable,Cod,Delivered,3C2CFE1EA2,A*** C***,XXXXXX7069,[REDACTED - South Goa],,ACTUAL
110814937950,Dimapur,797112,970,XHZ-2674182,"ABC, Bhiwandi, Mumbai, Maharashtra",400016,Mumbai,2026-01-15,2026-01-16,2026-01-17,2026-01-17,2026-01-19,Not Applicable,Cod,Delivered,BFB8E614E2,I*** C***,XXXXXX2912,[REDACTED - Dimapur],,ACTUAL
102214755492,North West Delhi,110088,2718,SRS-2771352,"ABC, Bhiwandi, Mumbai, Maharashtra",400016,Mumbai,2026-01-15,2026-01-17,2026-01-17,2026-01-17,2026-01-19,Not Applicable,Cod,Delivered,E46066C589,A*** C***,XXXXXX6971,[REDACTED - North West Delhi],high_value_order,ACTUAL
110414895188,Faridabad,121002,350,FWS-2714397,"ABC, Bhiwandi, Mumbai, Maharashtra",400016,Mumbai,2026-01-15,2026-01-16,2026-01-16,2026-01-16,2026-01-18,Not Applicable,Cod,Delivered,9716D3A7DB,S*** C***,XXXXXX9460,[REDACTED - Faridabad],,ACTUAL
111214990349,Mumbai,400008,1029,YTS-2739349,"ABC, Bhiwandi, Mumbai, Maharashtra",400016,Mumbai,2026-01-15,2026-01-16,2026-01-19,2026-01-19,2026-01-18,Not Applicable,Cod,Delivered,3095252432,H*** C***,XXXXXX5470,[REDACTED - Mumbai],,ACTUAL
111214987447,South West Delhi,110045,1178,SN-2744027,"ABC, Bhiwandi, Mumbai, Maharashtra",400016,Mumbai,2026-01-15,2026-01-17,2026-01-20,2026-01-20,2026-01-20,Not Applicable,Prepaid,Delivered,2DF656A864,n*** C***,XXXXXX1149,[REDACTED - South West Delhi],,ACTUAL
111014972808,Bangalore,560043,279,YWB-2713306,"ABC, Bhiwandi, Mumbai, Maharashtra",400016,Mumbai,2026-01-15,2026-01-16,2026-01-18,,2026-01-18,Customer cancelled order,Cod,RTO,3775192DDF,P*** C***,XXXXXX0876,[REDACTED - Bangalore],,ACTUAL
111114981803,Pune,412101,431,CPG-1427512,"ABC, Bhiwandi, Mumbai, Maharashtra",400016,Mumbai,2026-01-15,2026-01-16,2026-01-19,2026-01-19,2026-01-20,Not Applicable,Cod,Delivered,A701EE4AD2,D*** C***,XXXXXX6001,[REDACTED - Pune],,ACTUAL
111214985692,Mumbai,400092,601,BM7-1951097,"ABC, Bhiwandi, Mumbai, Maharashtra",400016,Mumbai,2026-01-15,2026-01-17,2026-03-04,,2026-01-18,Phone not reachable,Cod,Out of delivery,A78BF643D2,N*** C***,XXXXXX6339,[REDACTED - Mumbai],,ACTUAL
110614916333,Aizawl,796007,1023,ZHY-1945406,"ABC, Bhiwandi, Mumbai, Maharashtra",400016,Mumbai,2026-01-15,2026-01-16,2026-01-16,2026-01-17,2026-01-19,Delivery postponed by customer,Cod,Delivered,6850AED37D,L*** C***,XXXXXX5983,[REDACTED - Aizawl],,ACTUAL
111014971682,Surat,395007,1884,FB3-2679998,"ABC, Bhiwandi, Mumbai, Maharashtra",400016,Mumbai,2026-01-15,2026-01-18,2026-01-21,,2026-01-20,COD payment declined,Cod,RTO,2218CADBFE,A*** C***,XXXXXX3344,[REDACTED - Surat],,ACTUAL
101914716462,Dhanbad,828127,1009,CBS-2763225,"ABC, Bhiwandi, Mumbai, Maharashtra",400016,Mumbai,2026-01-15,2026-01-16,2026-01-22,,2026-01-21,Customer not available,Cod,RTO,7939C69A20,P*** C***,XXXXXX8600,[REDACTED - Dhanbad],,ACTUAL
111114976770,Raigarh(MH),410206,1214,0PQ-2071906,"ABC, Bhiwandi, Mumbai, Maharashtra",400016,Mumbai,2026-01-15,2026-01-17,2026-01-18,2026-01-18,2026-01-20,Not Applicable,Prepaid,Delivered,7F4CF130A2,M*** C***,XXXXXX2273,[REDACTED - Raigarh(MH)],,ACTUAL
111114976467,BANGALORE,560040,843,KES-1974194,"ABC, Bhiwandi, Mumbai, Maharashtra",400016,Mumbai,2026-01-15,2026-01-16,2026-01-17,2026-01-17,2026-01-17,Not Applicable,Cod,Delivered,83AFD4EF1A,M*** C***,XXXXXX0878,[REDACTED - BANGALORE],,ACTUAL
111114980708,East Delhi,110092,782,YGS-1963327,"ABC, Bhiwandi, Mumbai, Maharashtra",400016,Mumbai,2026-01-15,2026-01-16,2026-03-05,,2026-01-18,Delivery postponed by customer,Cod,Out of delivery,6BAC439549,D*** C***,XXXXXX1144,[REDACTED - East Delhi],,ACTUAL
110414892311,Ghaziabad,201009,616,DOP-2730620,"ABC, Bhiwandi, Mumbai, Maharashtra",400016,Mumbai,2026-01-15,2026-01-16,2026-01-21,,2026-01-19,COD payment declined,Cod,RTO,541E4F4A4A,P*** C***,XXXXXX6998,[REDACTED - Ghaziabad],,ACTUAL
102714802316,Kanpur Nagar,208001,1429,SRS-2771396,"ABC, Bhiwandi, Mumbai, Maharashtra",400016,Mumbai,2026-01-15,2026-01-16,2026-01-18,2026-01-20,2026-01-20,Customer not available,Cod,Delivered,BEBE584AD9,S*** C***,XXXXXX0777,[REDACTED - Kanpur Nagar],,ACTUAL
110714926969,Bareilly,243001,699,SDB-2770721,"ABC, Bhiwandi, Mumbai, Maharashtra",400016,Mumbai,2026-01-15,2026-01-17,2026-01-17,2026-01-17,2026-01-18,Not Applicable,Cod,Delivered,7648ACBD81,P*** C***,XXXXXX0123,[REDACTED - Bareilly],,ACTUAL
111114974872,Bangalore,560103,995,CPA-2350533,"ABC, Bhiwandi, Mumbai, Maharashtra",400016,Mumbai,2026-01-15,2026-01-16,2026-01-17,2026-01-17,2026-01-18,Not Applicable,Cod,Delivered,AA2478E312,R*** C***,XXXXXX1368,[REDACTED - Bangalore],,ACTUAL
111014968237,East Godavari,533401,639,LSB-2663817,"ABC, Bhiwandi, Mumbai, Maharashtra",400016,Mumbai,2026-01-15,2026-01-17,2026-01-19,,2026-01-19,Phone not reachable,Cod,RTO,AE6363D805,R*** C***,XXXXXX3143,[REDACTED - East Godavari],,ACTUAL
111014969553,Thane,421301,220,BKZ-2668859,"ABC, Bhiwandi, Mumbai, Maharashtra",400016,Mumbai,2026-01-15,2026-01-17,2026-01-22,,2026-01-20,Landmark missing,Cod,RTO,D216B90DFB,H*** C***,XXXXXX3332,[REDACTED - Thane],,ACTUAL
102914826751,Medak,502032,618,KJD-2324077,"ABC, Bhiwandi, Mumbai, Maharashtra",400016,Mumbai,2026-01-16,2026-01-18,2026-03-05,,2026-01-21,Delivery postponed by customer,Cod,Out of delivery,20829CDBA4,A*** C***,XXXXXX7202,[REDACTED - Medak],,ACTUAL
111114975806,Bangalore,560085,789,TDO-1452190,"ABC, Bhiwandi, Mumbai, Maharashtra",400016,Mumbai,2026-01-16,2026-01-17,2026-01-19,2026-01-20,2026-01-21,Phone not reachable,Cod,Delivered,4608EFC25B,S*** C***,XXXXXX3842,[REDACTED - Bangalore],,ACTUAL
110314885062,Hyderabad,500072,740,YGS-1995924,"ABC, Bhiwandi, Mumbai, Maharashtra",400016,Mumbai,2026-01-16,2026-01-17,2026-01-21,2026-01-24,2026-01-23,Address issue,Cod,Delivered,511CB388BC,G*** C***,XXXXXX7198,[REDACTED - Hyderabad],,ACTUAL
110914955268,Gwalior,474001,1436,WBR-2657549,"ABC, Bhiwandi, Mumbai, Maharashtra",400016,Mumbai,2026-01-16,2026-01-17,2026-01-19,2026-01-19,2026-01-20,Not Applicable,Prepaid,Delivered,8137D4885A,P*** C***,XXXXXX9393,[REDACTED - Gwalior],,ACTUAL
110814948698,Una,174303,823,YZK-2631039,"ABC, Bhiwandi, Mumbai, Maharashtra",400016,Mumbai,2026-01-16,2026-01-19,2026-01-21,2026-01-21,2026-01-21,Not Applicable,Cod,Delivered,47E48FD839,H*** C***,XXXXXX3489,[REDACTED - Una],,ACTUAL
110814948699,Una,174303,1058,ADX-2681916,"ABC, Bhiwandi, Mumbai, Maharashtra",400016,Mumbai,2026-01-16,2026-01-17,,,2026-01-21,Not Applicable,Cod,In-Transit,98857F9EE0,H*** C***,XXXXXX3489,[REDACTED - Una],not_yet_attempted,ACTUAL
110914950114,Gurgaon,122011,1944,WER-2669677,"ABC, Bhiwandi, Mumbai, Maharashtra",400016,Mumbai,2026-01-16,2026-01-17,2026-01-21,2026-01-21,2026-01-21,Not Applicable,Cod,Delivered,91CFA1B423,T*** C***,XXXXXX7097,[REDACTED - Gurgaon],,ACTUAL
111114979134,Gautam Buddha Nagar,201304,1024,SN-2212680,"ABC, Bhiwandi, Mumbai, Maharashtra",400016,Mumbai,2026-01-16,2026-01-16,2026-01-19,2026-01-19,2026-01-20,Not Applicable,Cod,Delivered,9238F676D9,P*** C***,XXXXXX3803,[REDACTED - Gautam Buddha Nagar],,ACTUAL
111214989558,Mumbai,400067,1578,CB9-2620082,"ABC, Bhiwandi, Mumbai, Maharashtra",400016,Mumbai,2026-01-16,2026-01-17,2026-01-20,,2026-01-20,Customer refused delivery,Cod,RTO,F05F09D729,c*** C***,XXXXXX0004,[REDACTED - Mumbai],,ACTUAL
110714927450,Kota,324001,712,QZB-2375739,"ABC, Bhiwandi, Mumbai, Maharashtra",400016,Mumbai,2026-01-16,2026-01-17,,,2026-01-19,Not Applicable,Cod,In-Transit,868FA1A83D,A*** C***,XXXXXX4905,[REDACTED - Kota],not_yet_attempted,ACTUAL
110314877092,Bangalore,560097,493,XIC-2153553,"ABC, Bhiwandi, Mumbai, Maharashtra",400016,Mumbai,2026-01-16,2026-01-19,2026-01-23,,2026-01-22,Customer cancelled order,Cod,RTO,3D5DB4C278,A*** C***,XXXXXX5775,[REDACTED - Bangalore],,ACTUAL
111114978347,Ahmedabad,380061,561,XXC-1948343,"ABC, Bhiwandi, Mumbai, Maharashtra",400016,Mumbai,2026-01-16,2026-01-17,2026-01-17,2026-01-17,2026-01-18,Address issue,Cod,Delivered,97B120B547,D*** C***,XXXXXX6633,[REDACTED - Ahmedabad],,ACTUAL
102414777790,Hyderabad,500081,399,DCH-2675471,"ABC, Bhiwandi, Mumbai, Maharashtra",400016,Mumbai,2026-01-16,2026-01-17,2026-01-18,2026-01-20,2026-01-19,Not Applicable,Cod,Delivered,868B01942F,P*** C***,XXXXXX0324,[REDACTED - Hyderabad],,ACTUAL
110914958947,Patna,800003,569,CMS-2765436,"ABC, Bhiwandi, Mumbai, Maharashtra",400016,Mumbai,2026-01-16,2026-01-18,2026-01-22,,2026-01-20,Phone not reachable,Cod,RTO,0469FDB6A0,D*** C***,XXXXXX5007,[REDACTED - Patna],,ACTUAL
110914952279,South Goa,403712,1237,SRS-1884696,"ABC, Bhiwandi, Mumbai, Maharashtra",400016,Mumbai,2026-01-16,2026-01-18,2026-01-22,2026-01-22,2026-01-23,Not Applicable,Cod,Delivered,657FEC8EB6,A*** C***,XXXXXX4093,[REDACTED - South Goa],,ACTUAL
110814941293,South Delhi,110019,1250,DOP-2730667,"ABC, Bhiwandi, Mumbai, Maharashtra",400016,Mumbai,2026-01-16,2026-01-18,2026-01-22,,2026-01-22,COD payment declined,Cod,RTO,0E44BA935B,D*** C***,XXXXXX4981,[REDACTED - South Delhi],,ACTUAL
110914959622,Chittoor,517592,1377,YPW-2271755,"ABC, Bhiwandi, Mumbai, Maharashtra",400016,Mumbai,2026-01-16,2026-01-17,2026-01-18,2026-01-20,2026-01-20,Customer not available,Cod,Delivered,0B9BB9F48D,S*** C***,XXXXXX9654,[REDACTED - Chittoor],,ACTUAL
111114980486,Ahmedabad,380055,699,BF-1946477,"ABC, Bhiwandi, Mumbai, Maharashtra",400016,Mumbai,2026-01-16,2026-01-17,2026-01-24,2026-01-24,2026-01-22,Not Applicable,Cod,Delivered,BB1F9C1430,H*** C***,XXXXXX0366,[REDACTED - Ahmedabad],,ACTUAL
110214865181,Aizawl,796001,915,HBZ-2562197,"ABC, Bhiwandi, Mumbai, Maharashtra",400016,Mumbai,2026-01-16,2026-01-18,2026-01-18,2026-01-19,2026-01-21,Customer requested re-attempt,Prepaid,Delivered,86D2F584C3,K*** C***,XXXXXX4359,[REDACTED - Aizawl],,ACTUAL
110814941292,South Delhi,110019,842,LSM-2694633,"ABC, Bhiwandi, Mumbai, Maharashtra",400016,Mumbai,2026-01-16,2026-01-17,2026-01-20,2026-01-20,2026-01-22,Not Applicable,Cod,Delivered,58E0759295,D*** C***,XXXXXX4981,[REDACTED - South Delhi],,ACTUAL
111014961258,Jabalpur,482020,689,EWE-2751221,"ABC, Bhiwandi, Mumbai, Maharashtra",400016,Mumbai,2026-01-16,2026-01-17,2026-01-21,,2026-01-20,Customer refused delivery,Cod,RTO,180B87C219,s*** C***,XXXXXX0327,[REDACTED - Jabalpur],,ACTUAL
110914957203,Palakkad,678501,693,YTS-2560707,"ABC, Bhiwandi, Mumbai, Maharashtra",400016,Mumbai,2026-01-16,2026-01-18,2026-03-04,,2026-01-22,Phone not reachable,Cod,Out of delivery,E395DB08F0,K*** C***,XXXXXX7724,[REDACTED - Palakkad],,ACTUAL
110714933585,Jammu,181102,1379,HP5-2212067,"ABC, Bhiwandi, Mumbai, Maharashtra",400016,Mumbai,2026-01-16,2026-01-17,2026-03-05,,2026-01-20,Landmark missing,Cod,Out of delivery,0A3A703939,A*** C***,XXXXXX4746,[REDACTED - Jammu],,ACTUAL
103114848172,West Delhi,110018,389,LCL-2568215,"ABC, Bhiwandi, Mumbai, Maharashtra",400016,Mumbai,2026-01-16,2026-01-17,,,2026-01-21,Not Applicable,Prepaid,In-Transit,642CED45EE,A*** C***,XXXXXX0852,[REDACTED - West Delhi],not_yet_attempted,ACTUAL
110814949414,North West Delhi,110034,509,YYX-2708570,"ABC, Bhiwandi, Mumbai, Maharashtra",400016,Mumbai,2026-01-16,2026-01-17,2026-01-19,2026-01-19,2026-01-19,Not Applicable,Prepaid,Delivered,987F913DFC,R*** C***,XXXXXX6215,[REDACTED - North West Delhi],,ACTUAL
111014969519,Bangalore,560004,1366,KEF-2243834,"ABC, Bhiwandi, Mumbai, Maharashtra",400016,Mumbai,2026-01-16,2026-01-16,2026-01-17,2026-01-18,2026-01-19,Phone not reachable,Cod,Delivered,92AB20B42B,I*** C***,XXXXXX9283,[REDACTED - Bangalore],,ACTUAL
101314633502,Mumbai,400007,1029,WER-2749983,"ABC, Bhiwandi, Mumbai, Maharashtra",400016,Mumbai,2026-01-16,2026-01-17,2026-01-20,2026-01-20,2026-01-21,Not Applicable,Prepaid,Delivered,DC37A5542E,R*** C***,XXXXXX4053,[REDACTED - Mumbai],,ACTUAL
111014961266,Ahmedabad,380001,799,MCT-2689809,"ABC, Bhiwandi, Mumbai, Maharashtra",400016,Mumbai,2026-01-16,2026-01-17,2026-01-21,2026-01-21,2026-01-21,Not Applicable,Prepaid,Delivered,8C1E9814CE,A*** C***,XXXXXX8100,[REDACTED - Ahmedabad],,ACTUAL
111114976780,Bangalore,560034,632,QYN-2207920,"ABC, Bhiwandi, Mumbai, Maharashtra",400016,Mumbai,2026-01-16,2026-01-17,2026-01-19,2026-01-20,2026-01-22,Delivery postponed by customer,Prepaid,Delivered,50EA0002E6,A*** C***,XXXXXX1946,[REDACTED - Bangalore],,ACTUAL
110414898587,Ludhiana,141001,625,SE-2709069,"ABC, Bhiwandi, Mumbai, Maharashtra",400016,Mumbai,2026-01-16,2026-01-18,2026-01-20,2026-01-20,2026-01-22,Not Applicable,Prepaid,Delivered,5FE27B20A9,S*** C***,XXXXXX0002,[REDACTED - Ludhiana],,ACTUAL
110614917533,Tiruvallur,600058,655,YYZ-2638864,"ABC, Bhiwandi, Mumbai, Maharashtra",400016,Mumbai,2026-01-16,2026-01-18,2026-01-22,2026-01-22,2026-01-19,Not Applicable,Cod,Delivered,2E578007F8,G*** C***,XXXXXX0313,[REDACTED - Tiruvallur],,ACTUAL
110914954330,BHUBANESWAR,751001,582,YIJ-2577394,"ABC, Bhiwandi, Mumbai, Maharashtra",400016,Mumbai,2026-01-16,2026-01-17,2026-01-19,,2026-01-19,Customer not available,Cod,RTO,C91C012558,J*** C***,XXXXXX2567,[REDACTED - BHUBANESWAR],,ACTUAL
110214868804,Thane,421601,827,DUE-1794509,"ABC, Bhiwandi, Mumbai, Maharashtra",400016,Mumbai,2026-01-16,2026-01-18,2026-01-18,2026-01-18,2026-01-20,Address issue,Cod,Delivered,74B278C790,R*** C***,XXXXXX9049,[REDACTED - Thane],,ACTUAL
110714931370,South Delhi,110065,1800,0PT-2392187,"ABC, Bhiwandi, Mumbai, Maharashtra",400016,Mumbai,2026-01-16,2026-01-17,2026-01-21,,2026-01-19,Address issue,Cod,RTO,0133E23693,S*** C***,XXXXXX6736,[REDACTED - South Delhi],,ACTUAL
110914958596,Thane,421303,624,KES-2355091,"ABC, Bhiwandi, Mumbai, Maharashtra",400016,Mumbai,2026-01-16,2026-01-17,2026-01-21,,2026-01-20,Phone not reachable,Cod,RTO,39D396EF7B,S*** C***,XXXXXX0504,[REDACTED - Thane],,ACTUAL
110714935700,Chandigarh,160015,185,SC-1720954,"ABC, Bhiwandi, Mumbai, Maharashtra",400016,Mumbai,2026-01-16,2026-01-18,2026-01-23,2026-01-23,2026-01-23,Not Applicable,Cod,Delivered,F638719CD7,A*** C***,XXXXXX9033,[REDACTED - Chandigarh],,ACTUAL
110414898257,K.V.Rangareddy,500075,819,JL-2316921,"ABC, Bhiwandi, Mumbai, Maharashtra",400016,Mumbai,2026-01-16,2026-01-17,2026-01-20,2026-01-20,2026-01-20,Not Applicable,Cod,Delivered,52F10819ED,A*** C***,XXXXXX0411,[REDACTED - K.V.Rangareddy],,ACTUAL
110914955959,South Delhi,110048,464,YWW-2489150,"ABC, Bhiwandi, Mumbai, Maharashtra",400016,Mumbai,2026-01-16,2026-01-18,2026-01-18,2026-01-19,2026-01-21,Delivery postponed by customer,Cod,Delivered,DF2A6B16FC,A*** C***,XXXXXX8883,[REDACTED - South Delhi],,ACTUAL
110814944074,West Delhi,110063,619,XHZ-2726004,"ABC, Bhiwandi, Mumbai, Maharashtra",400016,Mumbai,2026-01-16,2026-01-17,2026-01-17,2026-01-17,2026-01-18,Delivery postponed by customer,Cod,Delivered,6E9557EB8D,A*** C***,XXXXXX6050,[REDACTED - West Delhi],,ACTUAL
111014967169,Mumbai,400007,584,CIQ-2434428,"ABC, Bhiwandi, Mumbai, Maharashtra",400016,Mumbai,2026-01-16,2026-01-18,2026-01-23,2026-01-23,2026-01-22,Not Applicable,Cod,Delivered,8E71E49850,E*** C***,XXXXXX5025,[REDACTED - Mumbai],,ACTUAL
111014971730,Gurgaon,122017,1019,YGS-2735029,"ABC, Bhiwandi, Mumbai, Maharashtra",400016,Mumbai,2026-01-16,2026-01-17,2026-01-25,,2026-01-24,Customer cancelled order,Cod,RTO,06D5DCA292,K*** C***,XXXXXX5495,[REDACTED - Gurgaon],,ACTUAL
110914957461,North Delhi,110085,989,HMJ-2747665,"ABC, Bhiwandi, Mumbai, Maharashtra",400016,Mumbai,2026-01-16,2026-01-18,2026-01-22,2026-01-22,2026-01-23,Not Applicable,Prepaid,Delivered,77FF13D492,N*** C***,XXXXXX0660,[REDACTED - North Delhi],,ACTUAL
101614671352,Kachchh,370001,859,TXY-2753458,"ABC, Bhiwandi, Mumbai, Maharashtra",400016,Mumbai,2026-01-16,2026-01-17,2026-01-23,2026-01-23,2026-01-23,Not Applicable,Cod,Delivered,6FBD474F1F,N*** C***,XXXXXX4971,[REDACTED - Kachchh],,ACTUAL
110714925420,Varanasi,221002,1280,SN-2139874,"ABC, Bhiwandi, Mumbai, Maharashtra",400016,Mumbai,2026-01-16,2026-01-18,2026-01-19,2026-01-19,2026-01-20,Not Applicable,Prepaid,Delivered,904A3CD578,Y*** C***,XXXXXX5566,[REDACTED - Varanasi],,ACTUAL
110114858326,Gurgaon,122002,599,KS-2695611,"ABC, Bhiwandi, Mumbai, Maharashtra",400016,Mumbai,2026-01-16,2026-01-17,2026-01-19,2026-01-21,2026-01-23,Phone not reachable,Cod,Delivered,173611A058,A*** C***,XXXXXX7878,[REDACTED - Gurgaon],,ACTUAL
110914952206,Deoghar,814112,839,LSM-2739092,"ABC, Bhiwandi, Mumbai, Maharashtra",400016,Mumbai,2026-01-16,2026-01-17,2026-01-20,2026-01-20,2026-01-21,Not Applicable,Prepaid,Delivered,3F1CCDEB2F,S*** C***,XXXXXX8424,[REDACTED - Deoghar],,ACTUAL
110514911133,East Siang,791102,869,HMJ-2721730,"ABC, Bhiwandi, Mumbai, Maharashtra",400016,Mumbai,2026-01-16,2026-01-17,2026-01-19,2026-01-20,2026-01-20,Customer not available,Cod,Delivered,0638FC7A89,M*** C***,XXXXXX9245,[REDACTED - East Siang],,ACTUAL
102014728525,fazilka,152123,839,EWE-2765633,"ABC, Bhiwandi, Mumbai, Maharashtra",400016,Mumbai,2026-01-16,2026-01-17,2026-01-18,2026-01-19,2026-01-18,Delivery postponed by customer,Prepaid,Delivered,5A40B6CCA5,R*** C***,XXXXXX7179,[REDACTED - fazilka],,ACTUAL
110614922201,Kanchipuram,603202,1123,ADX-2693676,"ABC, Bhiwandi, Mumbai, Maharashtra",400016,Mumbai,2026-01-16,2026-01-17,2026-01-21,2026-01-21,2026-01-23,Not Applicable,Prepaid,Delivered,5A0BCE5C21,P*** C***,XXXXXX9080,[REDACTED - Kanchipuram],,ACTUAL
111014964370,CHANDIGARH,160031,1585,EWE-2751220,"ABC, Bhiwandi, Mumbai, Maharashtra",400016,Mumbai,2026-01-16,2026-01-18,2026-01-22,,2026-01-21,Customer refused delivery,Cod,RTO,DFAA62997C,N*** C***,XXXXXX1446,[REDACTED - CHANDIGARH],,ACTUAL
110714924929,Patna,800006,569,YUB-2555795,"ABC, Bhiwandi, Mumbai, Maharashtra",400016,Mumbai,2026-01-18,2026-01-19,2026-01-21,2026-01-21,2026-01-21,Not Applicable,Prepaid,Delivered,353286E97E,B*** C***,XXXXXX3786,[REDACTED - Patna],,ACTUAL
110114864502,Patna,800001,929,GGH-2738762,"ABC, Bhiwandi, Mumbai, Maharashtra",400016,Mumbai,2026-01-18,2026-01-19,2026-01-21,2026-01-21,2026-01-23,Not Applicable,Cod,Delivered,D2F1AC1B1A,S*** C***,XXXXXX0239,[REDACTED - Patna],,ACTUAL
111214989702,Mumbai,400053,1511,JL-2316918,"ABC, Bhiwandi, Mumbai, Maharashtra",400016,Mumbai,2026-01-18,2026-01-19,2026-01-24,2026-01-24,2026-01-25,Not Applicable,Cod,Delivered,FECCDC2996,D*** C***,XXXXXX7604,[REDACTED - Mumbai],,ACTUAL
102414913200,Faridabad,121004,699,MKB-2708797,"ABC, Bhiwandi, Mumbai, Maharashtra",400016,Mumbai,2026-01-18,2026-01-20,2026-01-23,2026-01-23,2026-01-23,Not Applicable,Cod,Delivered,881B9E1C9C,R*** C***,XXXXXX2452,[REDACTED - Faridabad],,ACTUAL
111114973602,Lucknow,226012,1458,SRS-1707547,"ABC, Bhiwandi, Mumbai, Maharashtra",400016,Mumbai,2026-01-18,2026-01-20,2026-01-24,2026-01-24,2026-01-24,Not Applicable,Prepaid,Delivered,122546214E,R*** C***,XXXXXX5733,[REDACTED - Lucknow],,ACTUAL
110814948566,Dehradun,248001,1060,LMS-2731455,"ABC, Bhiwandi, Mumbai, Maharashtra",400016,Mumbai,2026-01-18,2026-01-19,2026-01-23,2026-01-23,2026-01-24,Not Applicable,Cod,Delivered,176B896A35,S*** C***,XXXXXX2956,[REDACTED - Dehradun],,ACTUAL
110714931817,Kalahandi,766018,551,RMM-2433320,"ABC, Bhiwandi, Mumbai, Maharashtra",400016,Mumbai,2026-01-18,2026-01-19,2026-01-21,2026-01-21,2026-01-22,Not Applicable,Prepaid,Delivered,DDF505A31A,P*** C***,XXXXXX0042,[REDACTED - Kalahandi],,ACTUAL
110614920048,Surat,394210,504,FKS-2157341,"ABC, Bhiwandi, Mumbai, Maharashtra",400016,Mumbai,2026-01-18,2026-01-19,2026-01-21,2026-01-21,2026-01-21,Not Applicable,Cod,Delivered,9AF975D1F8,K*** C***,XXXXXX2131,[REDACTED - Surat],,ACTUAL
111114980236,Mumbai,400069,959,YTS-2560717,"ABC, Bhiwandi, Mumbai, Maharashtra",400016,Mumbai,2026-01-18,2026-01-19,2026-01-22,2026-01-22,2026-01-23,Not Applicable,Prepaid,Delivered,04104B5010,O*** C***,XXXXXX0066,[REDACTED - Mumbai],,ACTUAL
110814949533,Bangalore,560051,499,JJS-2754533,"ABC, Bhiwandi, Mumbai, Maharashtra",400016,Mumbai,2026-01-18,2026-01-20,2026-01-24,,2026-01-22,Customer cancelled order,Cod,RTO,3BDF449903,A*** C***,XXXXXX3373,[REDACTED - Bangalore],,ACTUAL
111214985323,Bangalore,560047,738,TNV-2287182,"ABC, Bhiwandi, Mumbai, Maharashtra",400016,Mumbai,2026-01-18,2026-01-20,2026-01-23,2026-01-23,2026-01-23,Not Applicable,Cod,Delivered,042DBE57D7,N*** C***,XXXXXX1922,[REDACTED - Bangalore],,ACTUAL
111214989073,Panipat,132103,602,DUE-1510929,"ABC, Bhiwandi, Mumbai, Maharashtra",400016,Mumbai,2026-01-18,2026-01-19,2026-01-22,2026-01-22,2026-01-22,Not Applicable,Cod,Delivered,2990B9CA73,D*** C***,XXXXXX5000,[REDACTED - Panipat],,ACTUAL
111014970779,Jalandhar,144001,1054,JUQ-2727056,"ABC, Bhiwandi, Mumbai, Maharashtra",400016,Mumbai,2026-01-18,2026-01-19,2026-01-23,2026-01-24,2026-01-24,Phone not reachable,Cod,Delivered,2BD04CC7C4,N*** C***,XXXXXX9928,[REDACTED - Jalandhar],,ACTUAL
101314632923,Jaipur,302018,749,MKB-1605800,"ABC, Bhiwandi, Mumbai, Maharashtra",400016,Mumbai,2026-01-18,2026-01-20,2026-01-24,2026-01-26,2026-01-24,Address issue,Cod,Delivered,5AA7F83689,M*** C***,XXXXXX4459,[REDACTED - Jaipur],,ACTUAL
111014967024,Karnal,132114,599,SE-2227549,"ABC, Bhiwandi, Mumbai, Maharashtra",400016,Mumbai,2026-01-18,2026-01-19,2026-01-25,2026-01-25,2026-01-22,Not Applicable,Cod,Delivered,D9E69A3D67,S*** C***,XXXXXX5850,[REDACTED - Karnal],,ACTUAL
110814949066,Bijapur(KAR),586103,560,QMB-2572995,"ABC, Bhiwandi, Mumbai, Maharashtra",400016,Mumbai,2026-01-18,2026-01-19,2026-01-21,2026-01-21,2026-01-23,Not Applicable,Cod,Delivered,D246BDB7A7,A*** C***,XXXXXX0712,[REDACTED - Bijapur(KAR)],,ACTUAL
110814949508,Rohtak,124001,999,SII-2183099,"ABC, Bhiwandi, Mumbai, Maharashtra",400016,Mumbai,2026-01-18,2026-01-19,2026-01-22,2026-01-22,2026-01-23,Not Applicable,Cod,Delivered,8F4B1F5AD0,G*** C***,XXXXXX4496,[REDACTED - Rohtak],,ACTUAL
103114840217,Umaria,484001,693,LEX-2662258,"ABC, Bhiwandi, Mumbai, Maharashtra",400016,Mumbai,2026-01-18,2026-01-19,2026-01-19,2026-01-20,2026-01-22,Address issue,Cod,Delivered,5BCC9FE999,A*** C***,XXXXXX7112,[REDACTED - Umaria],,ACTUAL
101814698324,Bangalore,560045,929,FKS-2715146,"ABC, Bhiwandi, Mumbai, Maharashtra",400016,Mumbai,2026-01-18,2026-01-19,2026-01-24,2026-01-25,2026-01-22,Customer requested re-attempt,Prepaid,Delivered,B3257F5892,J*** C***,XXXXXX1177,[REDACTED - Bangalore],,ACTUAL
110914956445,Solapur,413002,1639,SRS-2574572,"ABC, Bhiwandi, Mumbai, Maharashtra",400016,Mumbai,2026-01-18,2026-01-19,2026-01-22,,2026-01-22,Customer cancelled order,Cod,RTO,227EB0E71A,N*** C***,XXXXXX8526,[REDACTED - Solapur],,ACTUAL
110614920483,Tiruvallur,600019,1498,MBC-2500454,"ABC, Bhiwandi, Mumbai, Maharashtra",400016,Mumbai,2026-01-18,2026-01-19,2026-01-23,2026-01-23,2026-01-23,Not Applicable,Cod,Delivered,CD1399D390,S*** C***,XXXXXX3206,[REDACTED - Tiruvallur],,ACTUAL
110914955915,Visakhapatnam,530012,353,MHH-2229128,"ABC, Bhiwandi, Mumbai, Maharashtra",400016,Mumbai,2026-01-18,2026-01-19,2026-01-25,,2026-01-23,Phone not reachable,Cod,RTO,9E64364DB3,C*** C***,XXXXXX4234,[REDACTED - Visakhapatnam],,ACTUAL
110314883057,Gautam Buddha Nagar,201301,592,XUA-2397589,"ABC, Bhiwandi, Mumbai, Maharashtra",400016,Mumbai,2026-01-18,2026-01-18,2026-01-21,2026-01-21,2026-01-22,Not Applicable,Prepaid,Delivered,AE410F9BF6,K*** C***,XXXXXX5952,[REDACTED - Gautam Buddha Nagar],,ACTUAL
110514901810,New Delhi,110070,761,VBB-2526063,"ABC, Bhiwandi, Mumbai, Maharashtra",400016,Mumbai,2026-01-18,2026-01-19,2026-01-23,,2026-01-22,Landmark missing,Cod,RTO,275886F690,V*** C***,XXXXXX1732,[REDACTED - New Delhi],,ACTUAL
110914951660,Tiruchirappalli,620008,844,CDY-2732056,"ABC, Bhiwandi, Mumbai, Maharashtra",400016,Mumbai,2026-01-18,2026-01-19,2026-01-24,2026-01-24,2026-01-26,Not Applicable,Prepaid,Delivered,35A272BA65,P*** C***,XXXXXX0731,[REDACTED - Tiruchirappalli],,ACTUAL
111114976153,Bangalore,560100,885,KNI-2105151,"ABC, Bhiwandi, Mumbai, Maharashtra",400016,Mumbai,2026-01-18,2026-01-20,2026-01-21,2026-01-21,2026-01-23,Not Applicable,Prepaid,Delivered,352B5C016B,P*** C***,XXXXXX6106,[REDACTED - Bangalore],,ACTUAL
110514901615,South West Delhi,110022,1800,0PT-2392184,"ABC, Bhiwandi, Mumbai, Maharashtra",400016,Mumbai,2026-01-18,2026-01-19,2026-01-19,2026-01-19,2026-01-20,Landmark missing,Cod,Delivered,39EAC21293,S*** C***,XXXXXX1349,[REDACTED - South West Delhi],,ACTUAL
101814703868,Hyderabad,500076,789,EWE-2756039,"ABC, Bhiwandi, Mumbai, Maharashtra",400016,Mumbai,2026-01-18,2026-01-19,2026-01-23,,2026-01-21,COD payment declined,Cod,RTO,997FEEF92D,P*** C***,XXXXXX5040,[REDACTED - Hyderabad],,ACTUAL
111114979314,Gurgaon,122002,799,BUV-2700649,"ABC, Bhiwandi, Mumbai, Maharashtra",400016,Mumbai,2026-01-18,2026-01-20,,,2026-01-22,Not Applicable,Prepaid,Order Packed,B0C2A3F21C,N*** C***,XXXXXX5143,[REDACTED - Gurgaon],not_yet_attempted,ACTUAL
92514376339,East Delhi,110031,759,JML-2720310,"ABC, Bhiwandi, Mumbai, Maharashtra",400016,Mumbai,2026-01-18,2026-01-19,2026-01-21,2026-01-21,2026-01-22,Not Applicable,Cod,Delivered,D151127D13,A*** C***,XXXXXX0118,[REDACTED - East Delhi],,ACTUAL
111114977446,North Delhi,110085,2043,FCS-1562312,"ABC, Bhiwandi, Mumbai, Maharashtra",400016,Mumbai,2026-01-18,2026-01-18,2026-01-18,2026-01-18,2026-01-20,Address issue,Prepaid,Delivered,09FEEF192A,B*** C***,XXXXXX5838,[REDACTED - North Delhi],,ACTUAL
111114978058,Bangalore,560102,549,JUQ-2727099,"ABC, Bhiwandi, Mumbai, Maharashtra",400016,Mumbai,2026-01-18,2026-01-20,2026-01-23,2026-01-23,2026-01-24,Not Applicable,Cod,Delivered,4714147DBC,N*** C***,XXXXXX8382,[REDACTED - Bangalore],,ACTUAL
110614921202,Indore,452010,3131,0PQ-2016134,"ABC, Bhiwandi, Mumbai, Maharashtra",400016,Mumbai,2026-01-18,2026-01-20,,,2026-01-21,Not Applicable,Cod,In-Transit,7E7A2AE807,S*** C***,XXXXXX6610,[REDACTED - Indore],high_value_order;not_yet_attempted,ACTUAL
110814940105,Kannur,670561,823,0PQ-2453205,"ABC, Bhiwandi, Mumbai, Maharashtra",400016,Mumbai,2026-01-18,2026-01-20,2026-01-23,2026-01-24,2026-01-25,Customer not available,Cod,Delivered,91C5C4F94F,T*** C***,XXXXXX7187,[REDACTED - Kannur],,ACTUAL
111014962225,Karbi Anglong,782441,509,XIC-2575776,"ABC, Bhiwandi, Mumbai, Maharashtra",400016,Mumbai,2026-01-18,2026-01-19,2026-01-23,2026-01-23,2026-01-25,Not Applicable,Cod,Delivered,D0DD7B2112,R*** C***,XXXXXX7760,[REDACTED - Karbi Anglong],,ACTUAL
102914819269,Bangalore,560068,777,YC-2704368,"ABC, Bhiwandi, Mumbai, Maharashtra",400016,Mumbai,2026-01-18,2026-01-19,2026-01-19,2026-01-19,2026-01-20,Not Applicable,Cod,Delivered,3B5EC90138,M*** C***,XXXXXX8317,[REDACTED - Bangalore],,ACTUAL
111114973832,Gurgaon,122004,1168,MBC-2786549,"ABC, Bhiwandi, Mumbai, Maharashtra",400016,Mumbai,2026-01-18,2026-01-19,2026-01-20,2026-01-20,2026-01-21,Not Applicable,Prepaid,Delivered,BDBE0EFD94,S*** C***,XXXXXX2449,[REDACTED - Gurgaon],,ACTUAL
110914955521,Raigarh(MH),410206,2060,SRS-2660289,"ABC, Bhiwandi, Mumbai, Maharashtra",400016,Mumbai,2026-01-18,2026-01-19,2026-01-21,2026-01-21,2026-01-22,Not Applicable,Cod,Delivered,190709DD13,L*** C***,XXXXXX7042,[REDACTED - Raigarh(MH)],,ACTUAL
111014964338,Gurgaon,122002,499,BCK-1938923,"ABC, Bhiwandi, Mumbai, Maharashtra",400016,Mumbai,2026-01-18,2026-01-19,2026-01-23,,2026-01-21,Landmark missing,Cod,RTO,FD20F9B0AD,R*** C***,XXXXXX6182,[REDACTED - Gurgaon],,ACTUAL
101914719379,Pune,411015,789,EWE-2756036,"ABC, Bhiwandi, Mumbai, Maharashtra",400016,Mumbai,2026-01-18,2026-01-19,2026-01-21,2026-01-21,2026-01-22,Not Applicable,Cod,Delivered,C625F38A97,P*** C***,XXXXXX3611,[REDACTED - Pune],,ACTUAL
111114973831,Gurgaon,122004,1035,OJO-2703875,"ABC, Bhiwandi, Mumbai, Maharashtra",400016,Mumbai,2026-01-18,2026-01-20,2026-01-25,2026-01-25,2026-01-25,Not Applicable,Cod,Delivered,AFC66C6D73,S*** C***,XXXXXX2449,[REDACTED - Gurgaon],,ACTUAL
110514906331,Faridabad,121003,987,JUV-2638332,"ABC, Bhiwandi, Mumbai, Maharashtra",400016,Mumbai,2026-01-18,2026-01-19,2026-01-22,,2026-01-20,Customer refused delivery,Cod,RTO,882B820D62,S*** C***,XXXXXX2741,[REDACTED - Faridabad],,ACTUAL
102414776313,Mumbai,400067,1458,VBB-2767050,"ABC, Bhiwandi, Mumbai, Maharashtra",400016,Mumbai,2026-01-18,2026-01-20,2026-01-20,2026-01-22,2026-01-23,Address issue,Cod,Delivered,8AA8374A39,P*** C***,XXXXXX2555,[REDACTED - Mumbai],,ACTUAL
111114973629,East Delhi,110031,885,YZK-2746206,"ABC, Bhiwandi, Mumbai, Maharashtra",400016,Mumbai,2026-01-18,2026-01-18,2026-01-20,2026-01-22,2026-01-20,Landmark missing,Cod,Delivered,351ADA6609,K*** C***,XXXXXX7256,[REDACTED - East Delhi],,ACTUAL
110714934478,Chennai,600042,1757,YPW-2404834,"ABC, Bhiwandi, Mumbai, Maharashtra",400016,Mumbai,2026-01-18,2026-01-19,2026-01-23,2026-01-23,2026-01-21,Not Applicable,Cod,Delivered,2BB36F2C7E,C*** C***,XXXXXX2457,[REDACTED - Chennai],,ACTUAL
111014972547,Patna,800009,279,DHB-2645214,"ABC, Bhiwandi, Mumbai, Maharashtra",400016,Mumbai,2026-01-18,2026-01-20,2026-01-20,2026-01-20,2026-01-22,Not Applicable,Cod,Delivered,D4A6A31253,H*** C***,XXXXXX4343,[REDACTED - Patna],,ACTUAL
102214754785,Lawngtlai,796891,969,FKS-2715197,"ABC, Bhiwandi, Mumbai, Maharashtra",400016,Mumbai,2026-01-18,2026-01-19,2026-01-24,2026-01-24,2026-01-22,Not Applicable,Prepaid,Delivered,33B580FB10,M*** C***,XXXXXX4373,[REDACTED - Lawngtlai],,ACTUAL
110414894805,Sidhi,486661,499,DCH-2320237,"ABC, Bhiwandi, Mumbai, Maharashtra",400016,Mumbai,2026-01-18,2026-01-19,2026-01-22,2026-01-24,2026-01-24,Landmark missing,Cod,Delivered,0D0594A907,N*** C***,XXXXXX3282,[REDACTED - Sidhi],,ACTUAL
110814937135,Rajkot,360002,499,JJS-2769482,"ABC, Bhiwandi, Mumbai, Maharashtra",400016,Mumbai,2026-01-18,2026-01-19,2026-01-21,2026-01-22,2026-01-22,Landmark missing,Cod,Delivered,F8D7D85400,R*** C***,XXXXXX5394,[REDACTED - Rajkot],,ACTUAL
110914960434,Indore,453771,749,YC-2587823,"ABC, Bhiwandi, Mumbai, Maharashtra",400016,Mumbai,2026-01-18,2026-01-19,2026-01-23,,2026-01-22,Address issue,Cod,RTO,6311534B44,M*** C***,XXXXXX8713,[REDACTED - Indore],,ACTUAL
111114983592,Pune,411057,930,CIQ-2593304,"ABC, Bhiwandi, Mumbai, Maharashtra",400016,Mumbai,2026-01-19,2026-01-20,,,2026-01-26,Not Applicable,Prepaid,Pickup done,34C6D01AE9,M*** C***,XXXXXX0387,[REDACTED - Pune],not_yet_attempted,ACTUAL
110614912996,Jodhpur,342001,499,WHA-2745619,"ABC, Bhiwandi, Mumbai, Maharashtra",400016,Mumbai,2026-01-19,2026-01-20,2026-01-20,2026-01-20,2026-01-21,Customer not available,Cod,Delivered,A5AAF9F107,s*** C***,XXXXXX8656,[REDACTED - Jodhpur],,ACTUAL
110414894804,Sidhi,486661,149,TIA-2758559,"ABC, Bhiwandi, Mumbai, Maharashtra",400016,Mumbai,2026-01-19,2026-01-20,2026-01-23,2026-01-23,2026-01-23,Not Applicable,Cod,Delivered,753A9D8082,N*** C***,XXXXXX3282,[REDACTED - Sidhi],,ACTUAL
111214992391,Pune,411057,795,QZY-2411233,"ABC, Bhiwandi, Mumbai, Maharashtra",400016,Mumbai,2026-01-19,2026-01-20,,,2026-01-23,Not Applicable,Prepaid,Lost,A3E68F960D,R*** C***,XXXXXX7489,[REDACTED - Pune],,ACTUAL
102614798162,Kamrup,781001,432,MIQ-2395797,"ABC, Bhiwandi, Mumbai, Maharashtra",400016,Mumbai,2026-01-19,2026-01-21,2026-01-22,2026-01-22,2026-01-24,Not Applicable,Cod,Delivered,A847D29BFC,P*** C***,XXXXXX3380,[REDACTED - Kamrup],,ACTUAL
102114733278,Surat,395006,1209,SN-2755271,"ABC, Bhiwandi, Mumbai, Maharashtra",400016,Mumbai,2026-01-19,2026-01-20,2026-01-23,2026-01-23,2026-01-23,Not Applicable,Cod,Delivered,3DB12A9B66,D*** C***,XXXXXX4184,[REDACTED - Surat],,ACTUAL
100914900143,Patna,800004,1199,YAH-2746445,"ABC, Bhiwandi, Mumbai, Maharashtra",400016,Mumbai,2026-01-19,2026-01-20,2026-01-25,2026-01-25,2026-01-25,Not Applicable,Cod,Delivered,254AFAE7FF,S*** C***,XXXXXX3100,[REDACTED - Patna],,ACTUAL
111214990963,Nashik,422101,1079,0PQ-2666854,"ABC, Bhiwandi, Mumbai, Maharashtra",400016,Mumbai,2026-01-19,2026-01-21,2026-01-23,2026-01-23,2026-01-25,Not Applicable,Cod,Delivered,3D57309D11,A*** C***,XXXXXX2014,[REDACTED - Nashik],,ACTUAL
111114980304,South West Delhi,110070,899,RKD-2783844,"ABC, Bhiwandi, Mumbai, Maharashtra",400016,Mumbai,2026-01-19,2026-01-20,2026-01-25,2026-01-25,2026-01-26,Not Applicable,Cod,Delivered,45FF4DE5B0,p*** C***,XXXXXX6847,[REDACTED - South West Delhi],,ACTUAL
110714935596,Ujjain,456010,1625,YGL-2271912,"ABC, Bhiwandi, Mumbai, Maharashtra",400016,Mumbai,2026-01-19,2026-01-20,2026-01-21,2026-01-21,2026-01-21,Not Applicable,Prepaid,Delivered,A148EE287E,K*** C***,XXXXXX4574,[REDACTED - Ujjain],,ACTUAL
110414892244,Sidhi,486661,1359,SRS-2752083,"ABC, Bhiwandi, Mumbai, Maharashtra",400016,Mumbai,2026-01-19,2026-01-21,2026-01-24,,2026-01-23,Phone not reachable,Cod,RTO,A89FD356C6,N*** C***,XXXXXX3282,[REDACTED - Sidhi],,ACTUAL
111114978002,THANE,400617,499,YWB-1967094,"ABC, Bhiwandi, Mumbai, Maharashtra",400016,Mumbai,2026-01-19,2026-01-20,2026-01-23,2026-01-23,2026-01-24,Not Applicable,Cod,Delivered,F5064ACE3F,A*** C***,XXXXXX3170,[REDACTED - THANE],,ACTUAL
111114974560,Bangalore,560102,414,YYX-2618290,"ABC, Bhiwandi, Mumbai, Maharashtra",400016,Mumbai,2026-01-19,2026-01-20,2026-01-22,2026-01-22,2026-01-24,Not Applicable,Prepaid,Delivered,1280DF7C9D,A*** C***,XXXXXX5757,[REDACTED - Bangalore],,ACTUAL
110314880258,Serchhip,796181,522,THD-1584800,"ABC, Bhiwandi, Mumbai, Maharashtra",400016,Mumbai,2026-01-19,2026-01-21,2026-01-25,2026-01-25,2026-01-27,Not Applicable,Cod,Delivered,D016B5CB9F,L*** C***,XXXXXX2732,[REDACTED - Serchhip],,ACTUAL
110714934181,Tiruchirappalli,620017,2277,QIA-2486049,"ABC, Bhiwandi, Mumbai, Maharashtra",400016,Mumbai,2026-01-19,2026-01-20,2026-01-21,2026-01-21,2026-01-22,Not Applicable,Cod,Delivered,8E2717A984,S*** C***,XXXXXX7341,[REDACTED - Tiruchirappalli],,ACTUAL
101514659829,Pune,411027,869,XHZ-2753376,"ABC, Bhiwandi, Mumbai, Maharashtra",400016,Mumbai,2026-01-19,2026-01-20,2026-01-21,2026-01-21,2026-01-22,Not Applicable,Cod,Delivered,B20AD32B37,s*** C***,XXXXXX5086,[REDACTED - Pune],,ACTUAL
102514792204,Hazaribag,825301,1123,ADX-2693680,"ABC, Bhiwandi, Mumbai, Maharashtra",400016,Mumbai,2026-01-19,2026-01-20,2026-01-22,2026-01-24,2026-01-24,Customer requested re-attempt,Cod,Delivered,720000FC20,H*** C***,XXXXXX3312,[REDACTED - Hazaribag],,ACTUAL
111014965819,Bangalore,560076,691,JL-2341007,"ABC, Bhiwandi, Mumbai, Maharashtra",400016,Mumbai,2026-01-19,2026-01-21,2026-01-27,2026-01-27,2026-01-24,Not Applicable,Cod,Delivered,35847E7E72,T*** C***,XXXXXX1715,[REDACTED - Bangalore],,ACTUAL
101714687548,Gurdaspur,145001,919,EWE-2756188,"ABC, Bhiwandi, Mumbai, Maharashtra",400016,Mumbai,2026-01-19,2026-01-21,2026-01-23,2026-01-24,2026-01-25,Landmark missing,Prepaid,Delivered,360DFCD552,M*** C***,XXXXXX3162,[REDACTED - Gurdaspur],,ACTUAL
110614921072,Pune,411041,419,DCH-2583633,"ABC, Bhiwandi, Mumbai, Maharashtra",400016,Mumbai,2026-01-19,2026-01-20,2026-01-23,2026-01-23,2026-01-24,Not Applicable,Prepaid,Delivered,8EEC6E5305,I*** C***,XXXXXX3377,[REDACTED - Pune],,ACTUAL
110514909354,Ernakulam,683565,789,XYX-2312653,"ABC, Bhiwandi, Mumbai, Maharashtra",400016,Mumbai,2026-01-19,2026-01-20,2026-03-04,,2026-01-21,Phone not reachable,Cod,Out of delivery,A4FD498C8A,M*** C***,XXXXXX3656,[REDACTED - Ernakulam],,ACTUAL
110814944124,Gadchiroli,442707,639,LSB-2663818,"ABC, Bhiwandi, Mumbai, Maharashtra",400016,Mumbai,2026-01-19,2026-01-20,2026-01-21,,2026-01-21,Address issue,Cod,RTO,9249864809,M*** C***,XXXXXX2129,[REDACTED - Gadchiroli],,ACTUAL
110814939284,Bijnor,246701,823,CLZ-2684214,"ABC, Bhiwandi, Mumbai, Maharashtra",400016,Mumbai,2026-01-19,2026-01-20,2026-01-26,,2026-01-25,Address issue,Cod,RTO,29AB32F73B,T*** C***,XXXXXX9007,[REDACTED - Bijnor],,ACTUAL
111214991287,Mumbai,400095,399,PKB-2337513,"ABC, Bhiwandi, Mumbai, Maharashtra",400016,Mumbai,2026-01-19,2026-01-20,2026-03-05,,2026-01-22,Customer not available,Prepaid,Out of delivery,9087D44CEB,D*** C***,XXXXXX0330,[REDACTED - Mumbai],,ACTUAL
111114973896,Hyderabad,500072,392,THD-1655496,"ABC, Bhiwandi, Mumbai, Maharashtra",400016,Mumbai,2026-01-19,2026-01-20,2026-01-22,2026-01-22,2026-01-22,Not Applicable,Prepaid,Delivered,1C881D917C,S*** C***,XXXXXX1700,[REDACTED - Hyderabad],,ACTUAL
110914960927,Nalgonda,508116,600,BCR-1857020,"ABC, Bhiwandi, Mumbai, Maharashtra",400016,Mumbai,2026-01-19,2026-01-21,2026-01-25,,2026-01-25,Customer not available,Prepaid,In-Transit,6C27151A61,S*** C***,XXXXXX7528,[REDACTED - Nalgonda],,ACTUAL
110914957341,Allahabad,211003,809,DOP-2777178,"ABC, Bhiwandi, Mumbai, Maharashtra",400016,Mumbai,2026-01-19,2026-01-20,2026-01-21,2026-01-21,2026-01-22,Not Applicable,Cod,Delivered,58CD7D10C6,R*** C***,XXXXXX0091,[REDACTED - Allahabad],,ACTUAL
110814939283,Bijnor,246701,689,FB3-2087413,"ABC, Bhiwandi, Mumbai, Maharashtra",400016,Mumbai,2026-01-19,2026-01-19,2026-01-23,,2026-01-22,COD payment declined,Cod,RTO,0CFCD4C59E,T*** C***,XXXXXX9007,[REDACTED - Bijnor],,ACTUAL
110514945756,Ernakulam,683565,1311,EWE-2394548,"ABC, Bhiwandi, Mumbai, Maharashtra",400016,Mumbai,2026-01-19,2026-01-21,2026-01-26,2026-01-26,2026-01-25,Not Applicable,Cod,Delivered,E4667B777C,M*** C***,XXXXXX3656,[REDACTED - Ernakulam],,ACTUAL
110914956893,Bangalore,560100,299,CIV-2097805,"ABC, Bhiwandi, Mumbai, Maharashtra",400016,Mumbai,2026-01-19,2026-01-20,2026-01-23,2026-01-23,2026-01-25,Not Applicable,Prepaid,Delivered,87D2660605,N*** C***,XXXXXX3102,[REDACTED - Bangalore],,ACTUAL
110714934763,Dakshina Kannada,575002,2071,CBS-2680907,"ABC, Bhiwandi, Mumbai, Maharashtra",400016,Mumbai,2026-01-19,2026-01-20,2026-01-22,2026-01-22,2026-01-24,Not Applicable,Cod,Delivered,B78A9691BB,S*** C***,XXXXXX0395,[REDACTED - Dakshina Kannada],,ACTUAL
110614920554,Mumbai,400007,235,GBN-2428363,"ABC, Bhiwandi, Mumbai, Maharashtra",400016,Mumbai,2026-01-19,2026-01-19,,,2026-01-24,Not Applicable,Cod,In-Transit,511C4FAAF0,N*** C***,XXXXXX4748,[REDACTED - Mumbai],not_yet_attempted,ACTUAL
110914952599,gwalior,474009,349,TIA-2758590,"ABC, Bhiwandi, Mumbai, Maharashtra",400016,Mumbai,2026-01-19,2026-01-22,2026-01-25,2026-01-25,2026-01-26,Not Applicable,Cod,Delivered,4B5BD3776A,s*** C***,XXXXXX1825,[REDACTED - gwalior],,ACTUAL
110614920553,Mumbai,400007,235,GBN-2428444,"ABC, Bhiwandi, Mumbai, Maharashtra",400016,Mumbai,2026-01-19,2026-01-20,2026-01-23,,2026-01-21,Customer cancelled order,Prepaid,RTO,03074984A2,N*** C***,XXXXXX4748,[REDACTED - Mumbai],,ACTUAL
101514944067,Hisar,125001,909,EWE-2763104,"ABC, Bhiwandi, Mumbai, Maharashtra",400016,Mumbai,2026-01-19,2026-01-20,,,2026-01-23,Not Applicable,Cod,In-Transit,A8B626E653,n*** C***,XXXXXX1200,[REDACTED - Hisar],not_yet_attempted,ACTUAL
110814940687,Bangalore,560011,1211,K1-2770193,"ABC, Bhiwandi, Mumbai, Maharashtra",400016,Mumbai,2026-01-19,2026-01-19,2026-01-23,,2026-01-23,Landmark missing,Cod,RTO,76E2BBD9E3,S*** C***,XXXXXX4623,[REDACTED - Bangalore],,ACTUAL
102914819727,East Khasi Hills,793017,425,IVE-2735889,"ABC, Bhiwandi, Mumbai, Maharashtra",400016,Mumbai,2026-01-19,2026-01-19,2026-01-23,2026-01-23,2026-01-24,Not Applicable,Prepaid,Delivered,2F41D4E48E,D*** C***,XXXXXX9445,[REDACTED - East Khasi Hills],,ACTUAL
101114609587,Jorhat,785001,689,YGS-2745946,"ABC, Bhiwandi, Mumbai, Maharashtra",400016,Mumbai,2026-01-19,2026-01-22,2026-01-24,2026-01-25,2026-01-26,Phone not reachable,Prepaid,Delivered,1AA5FDBEC3,N*** C***,XXXXXX3713,[REDACTED - Jorhat],,ACTUAL
111014967134,Pune,411041,719,NYA-2612348,"ABC, Bhiwandi, Mumbai, Maharashtra",400016,Mumbai,2026-01-19,2026-01-20,,,2026-01-24,Not Applicable,Cod,In-Transit,D20E797E90,I*** C***,XXXXXX3377,[REDACTED - Pune],not_yet_attempted,ACTUAL
110414887448,Ahmedabad,380055,1017,0PQ-1893141,"ABC, Bhiwandi, Mumbai, Maharashtra",400016,Mumbai,2026-01-19,2026-01-20,2026-01-20,2026-01-20,2026-01-21,Not Applicable,Cod,Delivered,2B61D891D4,F*** C***,XXXXXX2251,[REDACTED - Ahmedabad],,ACTUAL
110814937226,Jyotiba Phule Nagar,244231,751,HBZ-2635359,"ABC, Bhiwandi, Mumbai, Maharashtra",400016,Mumbai,2026-01-19,2026-01-21,2026-01-25,,2026-01-25,Landmark missing,Cod,In-Transit,F21D79868B,P*** C***,XXXXXX6648,[REDACTED - Jyotiba Phule Nagar],,ACTUAL
111114981145,New Delhi,110067,948,BUC-2765511,"ABC, Bhiwandi, Mumbai, Maharashtra",400016,Mumbai,2026-01-19,2026-01-20,2026-01-25,,2026-01-23,Phone not reachable,Cod,RTO,86D26B0435,N*** C***,XXXXXX2146,[REDACTED - New Delhi],,ACTUAL
110714924523,Thane,421503,646,SII-2183059,"ABC, Bhiwandi, Mumbai, Maharashtra",400016,Mumbai,2026-01-19,2026-01-20,2026-01-21,2026-01-21,2026-01-21,Not Applicable,Prepaid,Delivered,BEB81D0914,S*** C***,XXXXXX1191,[REDACTED - Thane],,ACTUAL
111014961936,Bhilwara,311001,584,LCL-2440147,"ABC, Bhiwandi, Mumbai, Maharashtra",400016,Mumbai,2026-01-19,2026-01-20,2026-01-21,2026-01-22,2026-01-24,Phone not reachable,Cod,Delivered,D9BA7BF5D2,A*** C***,XXXXXX1883,[REDACTED - Bhilwara],,ACTUAL
103014830740,Jabalpur,482002,849,LTL-1989284,"ABC, Bhiwandi, Mumbai, Maharashtra",400016,Mumbai,2026-01-19,2026-01-20,2026-01-26,,2026-01-24,COD payment declined,Cod,RTO,8676F445AB,A*** C***,XXXXXX9985,[REDACTED - Jabalpur],,ACTUAL
110714934741,Gurgaon,122003,1219,ADX-2074330,"ABC, Bhiwandi, Mumbai, Maharashtra",400016,Mumbai,2026-01-19,2026-01-20,,,2026-01-23,Not Applicable,Cod,Pickup done,6859F20399,A*** C***,XXXXXX8144,[REDACTED - Gurgaon],not_yet_attempted,ACTUAL
110414897953,Jodhpur,342001,988,GGH-2645244,"ABC, Bhiwandi, Mumbai, Maharashtra",400016,Mumbai,2026-01-19,2026-01-20,2026-01-26,2026-01-26,2026-01-26,Not Applicable,Prepaid,Delivered,EB002C63E1,R*** C***,XXXXXX0335,[REDACTED - Jodhpur],,ACTUAL
110814940418,Dakshina Kannada,575030,859,WER-1506643,"ABC, Bhiwandi, Mumbai, Maharashtra",400016,Mumbai,2026-01-19,2026-01-21,2026-01-26,2026-01-26,2026-01-26,Not Applicable,Prepaid,Delivered,12DF432802,R*** C***,XXXXXX4816,[REDACTED - Dakshina Kannada],,ACTUAL
110814946321,PUNE (District),411060,1263,CIQ-2600582,"ABC, Bhiwandi, Mumbai, Maharashtra",400016,Mumbai,2026-01-19,2026-01-21,,,2026-01-23,Not Applicable,Prepaid,In-Transit,0AD0C5EA4D,H*** C***,XXXXXX7393,[REDACTED - PUNE (District)],not_yet_attempted,ACTUAL
111014971846,K.V.Rangareddy,500090,1180,CMM-2144650,"ABC, Bhiwandi, Mumbai, Maharashtra",400016,Mumbai,2026-01-19,2026-01-20,2026-01-21,2026-01-21,2026-01-23,Not Applicable,Cod,Delivered,82E9AA3C47,K*** C***,XXXXXX2459,[REDACTED - K.V.Rangareddy],,ACTUAL
111214991017,Thane,401303,900,JML-2677052,"ABC, Bhiwandi, Mumbai, Maharashtra",400016,Mumbai,2026-01-19,2026-01-20,2026-01-25,2026-01-25,2026-01-26,Not Applicable,Cod,Delivered,51E1F0B757,M*** C***,XXXXXX9819,[REDACTED - Thane],,ACTUAL
110114853128,Betul,460001,1199,MYQ-2723070,"ABC, Bhiwandi, Mumbai, Maharashtra",400016,Mumbai,2026-01-19,2026-01-19,2026-01-20,2026-01-20,2026-01-22,Not Applicable,Cod,Delivered,C705DF00B4,B*** C***,XXXXXX7352,[REDACTED - Betul],,ACTUAL
101314899831,Ludhiana,141001,1049,FKS-2751479,"ABC, Bhiwandi, Mumbai, Maharashtra",400016,Mumbai,2026-01-19,2026-01-20,2026-01-25,,2026-01-23,Customer cancelled order,Cod,RTO,9333F84334,A*** C***,XXXXXX2259,[REDACTED - Ludhiana],,ACTUAL
111014963816,K.V.Rangareddy,500084,449,MGB-2299063,"ABC, Bhiwandi, Mumbai, Maharashtra",400016,Mumbai,2026-01-19,2026-01-21,2026-01-24,2026-01-25,2026-01-26,Phone not reachable,Cod,Delivered,3FD3BD2D29,S*** C***,XXXXXX0131,[REDACTED - K.V.Rangareddy],,ACTUAL
110214873140,Hyderabad,500089,1047,SRS-2110939,"ABC, Bhiwandi, Mumbai, Maharashtra",400016,Mumbai,2026-01-19,2026-01-20,2026-01-21,2026-01-21,2026-01-22,Not Applicable,Prepaid,Delivered,D919DAA100,N*** C***,XXXXXX1296,[REDACTED - Hyderabad],,ACTUAL
110814941842,Thiruvananthapuram,695004,436,SWD-2655053,"ABC, Bhiwandi, Mumbai, Maharashtra",400016,Mumbai,2026-01-19,2026-01-19,2026-01-25,2026-01-25,2026-01-22,Not Applicable,Prepaid,Delivered,E67D191974,A*** C***,XXXXXX1935,[REDACTED - Thiruvananthapuram],,ACTUAL
110614918039,Allahabad,211002,449,LLT-2679662,"ABC, Bhiwandi, Mumbai, Maharashtra",400016,Mumbai,2026-01-19,2026-01-22,2026-01-28,2026-01-28,2026-01-28,Not Applicable,Cod,Delivered,6D5DCAE4D4,M*** C***,XXXXXX7336,[REDACTED - Allahabad],,ACTUAL
110214874149,Bhopal,462041,509,XIC-2575776,"ABC, Bhiwandi, Mumbai, Maharashtra",400016,Mumbai,2026-01-19,2026-01-21,2026-01-24,2026-01-24,2026-01-26,Not Applicable,Prepaid,Delivered,B99D77A725,K*** C***,XXXXXX6761,[REDACTED - Bhopal],,ACTUAL
110914956753,Adilabad,504219,1019,JML-2677102,"ABC, Bhiwandi, Mumbai, Maharashtra",400016,Mumbai,2026-01-19,2026-01-21,2026-01-25,2026-01-25,2026-01-25,Not Applicable,Prepaid,Delivered,E4B3A06FA9,S*** C***,XXXXXX4984,[REDACTED - Adilabad],,ACTUAL
111014972766,Chennai,600017,675,WKT-2591469,"ABC, Bhiwandi, Mumbai, Maharashtra",400016,Mumbai,2026-01-19,2026-01-20,2026-01-21,2026-01-21,2026-01-22,Not Applicable,Prepaid,Delivered,B636A30356,S*** C***,XXXXXX5656,[REDACTED - Chennai],,ACTUAL
110114857549,East Sikkim,737101,500,DOP-2725528,"ABC, Bhiwandi, Mumbai, Maharashtra",400016,Mumbai,2026-01-19,2026-01-20,2026-01-23,,2026-01-23,Address issue,Cod,RTO,347AECFF60,D*** C***,XXXXXX0083,[REDACTED - East Sikkim],,ACTUAL
110214872848,Ahmedabad,380004,532,MY-2390260,"ABC, Bhiwandi, Mumbai, Maharashtra",400016,Mumbai,2026-01-19,2026-01-20,2026-01-23,2026-01-24,2026-01-26,Phone not reachable,Cod,Delivered,A1B9B73FB3,K*** C***,XXXXXX7896,[REDACTED - Ahmedabad],,ACTUAL
110814948777,Angul,759100,1060,YGS-2149928,"ABC, Bhiwandi, Mumbai, Maharashtra",400016,Mumbai,2026-01-19,2026-01-20,2026-01-20,2026-01-20,2026-01-22,Not Applicable,Prepaid,Delivered,123551B078,S*** C***,XXXXXX8854,[REDACTED - Angul],,ACTUAL
110814941751,Mumbai,400081,1269,HJ-2678565,"ABC, Bhiwandi, Mumbai, Maharashtra",400016,Mumbai,2026-01-19,2026-01-21,,,2026-01-25,Not Applicable,Prepaid,In-Transit,A52ACB9E3F,B*** C***,XXXXXX9987,[REDACTED - Mumbai],not_yet_attempted,ACTUAL
111014968491,Gautam Buddha Nagar,201310,4497,HSP-2625802,"ABC, Bhiwandi, Mumbai, Maharashtra",400016,Mumbai,2026-01-19,2026-01-20,2026-01-22,,2026-01-21,Address issue,Cod,RTO,2B8B7B068B,C*** C***,XXXXXX2871,[REDACTED - Gautam Buddha Nagar],high_value_order,ACTUAL
110514909522,Ludhiana,141008,510,GGH-2391397,"ABC, Bhiwandi, Mumbai, Maharashtra",400016,Mumbai,2026-01-19,2026-01-20,2026-01-26,,2026-01-24,Customer refused delivery,Cod,RTO,4C42399D25,P*** C***,XXXXXX8098,[REDACTED - Ludhiana],,ACTUAL
111014970277,Gautam Buddha Nagar,201301,831,YGS-2543976,"ABC, Bhiwandi, Mumbai, Maharashtra",400016,Mumbai,2026-01-19,2026-01-21,2026-01-21,2026-01-21,2026-01-23,Not Applicable,Cod,Delivered,E61E4C003A,H*** C***,XXXXXX2800,[REDACTED - Gautam Buddha Nagar],,ACTUAL
110814936800,Kanchipuram,600130,998,YGS-2734943,"ABC, Bhiwandi, Mumbai, Maharashtra",400016,Mumbai,2026-01-19,2026-01-20,2026-01-27,2026-01-27,2026-01-25,Not Applicable,Cod,Delivered,3EF5AFE3B7,M*** C***,XXXXXX4459,[REDACTED - Kanchipuram],,ACTUAL
110814937385,Baleswar,756003,811,YGS-2072269,"ABC, Bhiwandi, Mumbai, Maharashtra",400016,Mumbai,2026-01-19,2026-01-20,2026-01-22,2026-01-22,2026-01-24,Not Applicable,Cod,Delivered,6AA9E25338,S*** C***,XXXXXX6268,[REDACTED - Baleswar],,ACTUAL
110914953123,Coimbatore,641046,619,MSR-2720599,"ABC, Bhiwandi, Mumbai, Maharashtra",400016,Mumbai,2026-01-19,2026-01-20,2026-01-22,2026-01-22,2026-01-22,Not Applicable,Prepaid,Delivered,F0C149D77D,S*** C***,XXXXXX3451,[REDACTED - Coimbatore],,ACTUAL
110914959035,Gurgaon,122002,910,BKZ-2669019,"ABC, Bhiwandi, Mumbai, Maharashtra",400016,Mumbai,2026-01-19,2026-01-20,2026-01-25,,2026-01-25,Customer requested re-attempt,Prepaid,In-Transit,1A6E0D7A9A,N*** C***,XXXXXX5024,[REDACTED - Gurgaon],,ACTUAL
111014961988,Ahmed Nagar,414001,1036,YZK-2736799,"ABC, Bhiwandi, Mumbai, Maharashtra",400016,Mumbai,2026-01-19,2026-01-20,2026-01-23,,2026-01-23,Landmark missing,Cod,RTO,D82D4DEEF2,P*** C***,XXXXXX4124,[REDACTED - Ahmed Nagar],,ACTUAL
111014961525,Kolkata,700068,1441,BKE-2285187,"ABC, Bhiwandi, Mumbai, Maharashtra",400016,Mumbai,2026-01-19,2026-01-20,2026-01-23,2026-01-24,2026-01-22,Delivery postponed by customer,Cod,Delivered,C3E6A19F43,S*** C***,XXXXXX4879,[REDACTED - Kolkata],,ACTUAL
111014967796,Faridabad,121003,1581,ADX-2061639,"ABC, Bhiwandi, Mumbai, Maharashtra",400016,Mumbai,2026-01-19,2026-01-20,2026-01-21,2026-01-21,2026-01-23,Not Applicable,Prepaid,Delivered,7B23288977,S*** C***,XXXXXX8140,[REDACTED - Faridabad],,ACTUAL
110814945761,Udupi,574110,699,MBC-2560777,"ABC, Bhiwandi, Mumbai, Maharashtra",400016,Mumbai,2026-01-19,2026-01-20,2026-01-24,2026-01-24,2026-01-25,Not Applicable,Cod,Delivered,12B0B6FF24,P*** C***,XXXXXX3308,[REDACTED - Udupi],,ACTUAL
111114984452,Mumbai,400091,1279,ABL-1881480,"ABC, Bhiwandi, Mumbai, Maharashtra",400016,Mumbai,2026-01-19,2026-01-21,2026-01-25,2026-01-25,2026-01-25,Not Applicable,Cod,Delivered,25D2D70BC2,F*** C***,XXXXXX5910,[REDACTED - Mumbai],,ACTUAL
101314865922,Una,174303,1229,YGS-2752462,"ABC, Bhiwandi, Mumbai, Maharashtra",400016,Mumbai,2026-01-19,2026-01-20,,,2026-01-25,Not Applicable,Prepaid,In-Transit,77ED6805B7,N*** C***,XXXXXX8398,[REDACTED - Una],not_yet_attempted,ACTUAL
110414890688,Udham Singh Nagar,263153,712,YZK-2017779,"ABC, Bhiwandi, Mumbai, Maharashtra",400016,Mumbai,2026-01-19,2026-01-20,2026-01-27,2026-01-27,2026-01-24,Not Applicable,Prepaid,Delivered,0806927ECD,A*** C***,XXXXXX0099,[REDACTED - Udham Singh Nagar],,ACTUAL
110514908561,Ahmed Nagar,414003,520,DOP-2704770,"ABC, Bhiwandi, Mumbai, Maharashtra",400016,Mumbai,2026-01-19,2026-01-21,2026-01-25,,2026-01-23,Phone not reachable,Cod,RTO,A3A16EB184,S*** C***,XXXXXX2220,[REDACTED - Ahmed Nagar],,ACTUAL
102714802293,North West Delhi,110052,999,BKU-2586266,"ABC, Bhiwandi, Mumbai, Maharashtra",400016,Mumbai,2026-01-19,2026-01-20,2026-01-24,,2026-01-22,Customer cancelled order,Prepaid,RTO,26443E9106,R*** C***,XXXXXX0681,[REDACTED - North West Delhi],,ACTUAL
110414888497,Gautam Buddha Nagar,201301,389,MSR-2713024,"ABC, Bhiwandi, Mumbai, Maharashtra",400016,Mumbai,2026-01-19,2026-01-20,2026-01-24,2026-01-24,2026-01-25,Not Applicable,Cod,Delivered,901960A5F0,S*** C***,XXXXXX4899,[REDACTED - Gautam Buddha Nagar],,ACTUAL
111014969037,Karnal,132001,897,CRH-2696718,"ABC, Bhiwandi, Mumbai, Maharashtra",400016,Mumbai,2026-01-19,2026-01-19,2026-01-24,2026-01-24,2026-01-24,Not Applicable,Prepaid,Delivered,FF078FE905,A*** C***,XXXXXX1822,[REDACTED - Karnal],,ACTUAL
101314630413,Una,174303,779,HMJ-2747673,"ABC, Bhiwandi, Mumbai, Maharashtra",400016,Mumbai,2026-01-19,2026-01-20,2026-01-25,,2026-01-25,COD payment declined,Cod,RTO,9342232926,N*** C***,XXXXXX8398,[REDACTED - Una],,ACTUAL
102814816613,South Delhi,110048,1290,JUU-2023210,"ABC, Bhiwandi, Mumbai, Maharashtra",400016,Mumbai,2026-01-19,2026-01-20,2026-01-21,2026-01-23,2026-01-24,Customer not available,Prepaid,Delivered,597BDD7C4C,S*** C***,XXXXXX6315,[REDACTED - South Delhi],,ACTUAL
101414748673,Hanumangarh,335513,669,EWE-2751152,"ABC, Bhiwandi, Mumbai, Maharashtra",400016,Mumbai,2026-01-19,2026-01-20,2026-01-24,,2026-01-23,COD payment declined,Cod,RTO,B33F859B73,V*** C***,XXXXXX9105,[REDACTED - Hanumangarh],,ACTUAL
111014971591,Gautam Buddha Nagar,201301,1123,YTS-2688093,"ABC, Bhiwandi, Mumbai, Maharashtra",400016,Mumbai,2026-01-19,2026-01-21,2026-01-25,,2026-01-24,Customer not available,Cod,RTO,4D11BCA6F0,D*** C***,XXXXXX4127,[REDACTED - Gautam Buddha Nagar],,ACTUAL
110214865654,Bangalore,560066,430,XNE-2559137,"ABC, Bhiwandi, Mumbai, Maharashtra",400016,Mumbai,2026-01-19,2026-01-20,2026-01-21,2026-01-21,2026-01-23,Not Applicable,Cod,Delivered,2E71E47955,S*** C***,XXXXXX2105,[REDACTED - Bangalore],,ACTUAL
111114980226,Alwar,301001,600,BEB-280554,"ABC, Bhiwandi, Mumbai, Maharashtra",400016,Mumbai,2026-01-19,2026-01-20,2026-01-27,2026-01-27,2026-01-27,Not Applicable,Cod,Delivered,92073AADA7,t*** C***,XXXXXX3356,[REDACTED - Alwar],,ACTUAL
110914949648,Ariyalur,621714,306,AOA-2579644,"ABC, Bhiwandi, Mumbai, Maharashtra",400016,Mumbai,2026-01-19,2026-01-22,2026-01-25,2026-01-25,2026-01-26,Not Applicable,Cod,Delivered,E1511A8C9B,M*** C***,XXXXXX1141,[REDACTED - Ariyalur],,ACTUAL
110914958561,Gautam Buddha Nagar,201304,647,QZB-2375786,"ABC, Bhiwandi, Mumbai, Maharashtra",400016,Mumbai,2026-01-19,2026-01-20,2026-01-20,2026-01-20,2026-01-21,Customer requested re-attempt,Cod,Delivered,4A26D7D2BD,N*** C***,XXXXXX3231,[REDACTED - Gautam Buddha Nagar],,ACTUAL
110614923439,Kalyan,421306,509,YUB-2555479,"ABC, Bhiwandi, Mumbai, Maharashtra",400016,Mumbai,2026-01-19,2026-01-19,2026-01-26,2026-01-26,2026-01-24,Not Applicable,Cod,Delivered,102EA209CD,G*** C***,XXXXXX0160,[REDACTED - Kalyan],,ACTUAL
101514662134,Kachchh,370201,689,EWE-2751222,"ABC, Bhiwandi, Mumbai, Maharashtra",400016,Mumbai,2026-01-19,2026-01-20,2026-03-04,,2026-01-22,Phone not reachable,Cod,Out of delivery,E14F96347C,G*** C***,XXXXXX7510,[REDACTED - Kachchh],,ACTUAL
101814703545,Gautam Buddha Nagar,201301,1739,SRS-2758259,"ABC, Bhiwandi, Mumbai, Maharashtra",400016,Mumbai,2026-01-19,2026-01-20,2026-01-21,2026-01-21,2026-01-23,Not Applicable,Prepaid,Delivered,7924485CB6,A*** C***,XXXXXX0053,[REDACTED - Gautam Buddha Nagar],,ACTUAL
111114976510,Bangalore,560048,503,YKL-2244650,"ABC, Bhiwandi, Mumbai, Maharashtra",400016,Mumbai,2026-01-19,2026-01-20,2026-01-26,,2026-01-25,Landmark missing,Cod,RTO,9744F34E12,M*** C***,XXXXXX7766,[REDACTED - Bangalore],,ACTUAL
110914955463,Bangalore,560073,390,DOP-2777211,"ABC, Bhiwandi, Mumbai, Maharashtra",400016,Mumbai,2026-01-19,2026-01-20,2026-01-21,2026-01-21,2026-01-21,Not Applicable,Cod,Delivered,711274BCA7,L*** C***,XXXXXX9517,[REDACTED - Bangalore],,ACTUAL
111114976471,Bangalore,560048,632,QYN-2207935,"ABC, Bhiwandi, Mumbai, Maharashtra",400016,Mumbai,2026-01-19,2026-01-20,2026-01-20,2026-01-20,2026-01-22,Address issue,Cod,Delivered,0C1CD27265,M*** C***,XXXXXX7766,[REDACTED - Bangalore],,ACTUAL
110214874970,Thiruvananthapuram,695015,595,CPA-2728898,"ABC, Bhiwandi, Mumbai, Maharashtra",400016,Mumbai,2026-01-19,2026-01-20,2026-01-24,,2026-01-23,Phone not reachable,Cod,RTO,832B15D881,N*** C***,XXXXXX3034,[REDACTED - Thiruvananthapuram],,ACTUAL
110814937050,Mumbai,400026,612,YWW-2489163,"ABC, Bhiwandi, Mumbai, Maharashtra",400016,Mumbai,2026-01-19,2026-01-20,2026-01-28,2026-01-28,2026-01-26,Not Applicable,Prepaid,Delivered,9B7234CF66,C*** C***,XXXXXX6663,[REDACTED - Mumbai],,ACTUAL
110714932528,Ferozepur,152001,630,DOP-2730669,"ABC, Bhiwandi, Mumbai, Maharashtra",400016,Mumbai,2026-01-19,2026-01-20,,,2026-01-21,Not Applicable,Cod,In-Transit,7ACFB94220,V*** C***,XXXXXX7286,[REDACTED - Ferozepur],not_yet_attempted,ACTUAL
111014963971,Kolkata,700039,799,CRH-2697163,"ABC, Bhiwandi, Mumbai, Maharashtra",400016,Mumbai,2026-01-19,2026-01-20,2026-01-22,2026-01-24,2026-01-24,Delivery postponed by customer,Prepaid,Delivered,97C3D50764,Z*** C***,XXXXXX6906,[REDACTED - Kolkata],,ACTUAL
111014962808,Cuddapah,516115,1015,ABL-1623619,"ABC, Bhiwandi, Mumbai, Maharashtra",400016,Mumbai,2026-01-22,2026-01-25,2026-01-27,2026-01-27,2026-01-27,Not Applicable,Cod,Delivered,17B924602F,R*** C***,XXXXXX7500,[REDACTED - Cuddapah],,ACTUAL
111114978311,Thane,400601,1706,LNS-2641177,"ABC, Bhiwandi, Mumbai, Maharashtra",400016,Mumbai,2026-01-22,2026-01-24,2026-01-27,,2026-01-27,Customer not available,Cod,RTO,7DAC12193B,S*** C***,XXXXXX1731,[REDACTED - Thane],,ACTUAL
110714930286,Ernakulam,682017,650,MBC-2602010,"ABC, Bhiwandi, Mumbai, Maharashtra",400016,Mumbai,2026-01-22,2026-01-22,,,2026-01-26,Not Applicable,Prepaid,Order Packed,708F178AF9,S*** C***,XXXXXX3496,[REDACTED - Ernakulam],not_yet_attempted,ACTUAL
111014969373,Gautam Buddha Nagar,201306,549,EFS-2553837,"ABC, Bhiwandi, Mumbai, Maharashtra",400016,Mumbai,2026-01-22,2026-01-23,2026-01-27,2026-01-27,2026-01-29,Not Applicable,Cod,Delivered,2909542055,S*** C***,XXXXXX6395,[REDACTED - Gautam Buddha Nagar],,ACTUAL
110414893192,East Khasi Hills,793018,499,JJS-2769489,"ABC, Bhiwandi, Mumbai, Maharashtra",400016,Mumbai,2026-01-22,2026-01-23,2026-01-28,,2026-01-26,Address issue,Cod,RTO,B19D5DCED0,L*** C***,XXXXXX2809,[REDACTED - East Khasi Hills],,ACTUAL
102614799318,K.V.Rangareddy,500035,349,KJD-2290495,"ABC, Bhiwandi, Mumbai, Maharashtra",400016,Mumbai,2026-01-22,2026-01-23,2026-01-24,2026-01-24,2026-01-26,Not Applicable,Cod,Delivered,B4BC4A5B24,V*** C***,XXXXXX1437,[REDACTED - K.V.Rangareddy],,ACTUAL
111014961881,Amreli,365601,689,EWE-2751220,"ABC, Bhiwandi, Mumbai, Maharashtra",400016,Mumbai,2026-01-22,2026-01-23,2026-01-27,,2026-01-26,Address issue,Cod,RTO,B38CC1E073,P*** C***,XXXXXX0534,[REDACTED - Amreli],,ACTUAL
110914951975,Gautam Buddha Nagar,201303,669,HZ-2705445,"ABC, Bhiwandi, Mumbai, Maharashtra",400016,Mumbai,2026-01-22,2026-01-24,2026-01-24,2026-01-25,2026-01-26,Landmark missing,Prepaid,Delivered,0B0EFCA91E,M*** C***,XXXXXX7851,[REDACTED - Gautam Buddha Nagar],,ACTUAL
111114977576,Gurgaon,122004,399,PCL-2366996,"ABC, Bhiwandi, Mumbai, Maharashtra",400016,Mumbai,2026-01-22,2026-01-23,2026-01-23,2026-01-23,2026-01-24,Not Applicable,Prepaid,Delivered,E83552A70B,T*** C***,XXXXXX8881,[REDACTED - Gurgaon],,ACTUAL
110214865085,Moradabad,244001,729,EWE-2750582,"ABC, Bhiwandi, Mumbai, Maharashtra",400016,Mumbai,2026-01-22,2026-01-23,2026-01-23,2026-01-23,2026-01-24,Not Applicable,Cod,Delivered,599A0DA3D4,A*** C***,XXXXXX3586,[REDACTED - Moradabad],,ACTUAL
110914952964,Jaipur,302021,399,YKL-2200606,"ABC, Bhiwandi, Mumbai, Maharashtra",400016,Mumbai,2026-01-22,2026-01-23,,,2026-01-28,Not Applicable,Cod,In-Transit,DF3DBC36ED,S*** C***,XXXXXX5442,[REDACTED - Jaipur],not_yet_attempted,ACTUAL
110714932525,Udaipur,313001,925,JUB-2691356,"ABC, Bhiwandi, Mumbai, Maharashtra",400016,Mumbai,2026-01-22,2026-01-23,2026-01-24,2026-01-24,2026-01-25,Not Applicable,Cod,Delivered,542B0D501B,M*** C***,XXXXXX4141,[REDACTED - Udaipur],,ACTUAL
111114980275,Bangalore,560032,499,JJS-2683002,"ABC, Bhiwandi, Mumbai, Maharashtra",400016,Mumbai,2026-01-22,2026-01-24,2026-01-28,2026-01-28,2026-01-27,Not Applicable,Prepaid,Delivered,A50A8028CD,A*** C***,XXXXXX1244,[REDACTED - Bangalore],,ACTUAL
111114980300,Bangalore,560032,499,JJS-2769475,"ABC, Bhiwandi, Mumbai, Maharashtra",400016,Mumbai,2026-01-22,2026-01-23,2026-01-25,2026-01-25,2026-01-26,Not Applicable,Prepaid,Delivered,C1B5C88646,A*** C***,XXXXXX1244,[REDACTED - Bangalore],,ACTUAL
111114977756,North East Delhi,110032,694,OJO-2703901,"ABC, Bhiwandi, Mumbai, Maharashtra",400016,Mumbai,2026-01-22,2026-01-24,2026-01-27,2026-01-27,2026-01-28,Not Applicable,Prepaid,Delivered,704C0557AE,K*** C***,XXXXXX3743,[REDACTED - North East Delhi],,ACTUAL
111114980228,Moradabad,244001,507,YKL-2257945,"ABC, Bhiwandi, Mumbai, Maharashtra",400016,Mumbai,2026-01-22,2026-01-23,2026-01-27,2026-01-27,2026-01-26,Not Applicable,Cod,Delivered,E1F4C1AEA7,N*** C***,XXXXXX6153,[REDACTED - Moradabad],,ACTUAL
100914773654,Mumbai,400052,589,DYZ-2749008,"ABC, Bhiwandi, Mumbai, Maharashtra",400016,Mumbai,2026-01-22,2026-01-23,2026-01-23,2026-01-24,2026-01-26,Customer not available,Cod,Delivered,1EA53D6D88,D*** C***,XXXXXX9993,[REDACTED - Mumbai],,ACTUAL
110314886293,kotkapura,151204,967,CBS-2143647,"ABC, Bhiwandi, Mumbai, Maharashtra",400016,Mumbai,2026-01-22,2026-01-23,2026-01-24,2026-01-24,2026-01-25,Not Applicable,Prepaid,Delivered,EB76336375,A*** C***,XXXXXX0934,[REDACTED - kotkapura],,ACTUAL
110714932524,Udaipur,313001,1268,RUO-2562816,"ABC, Bhiwandi, Mumbai, Maharashtra",400016,Mumbai,2026-01-22,2026-01-24,2026-01-31,2026-01-31,2026-01-29,Not Applicable,Prepaid,Delivered,F227C84B62,M*** C***,XXXXXX4141,[REDACTED - Udaipur],,ACTUAL
110614912435,Pune,411014,573,HBK-2233628,"ABC, Bhiwandi, Mumbai, Maharashtra",400016,Mumbai,2026-01-22,2026-01-25,2026-01-26,,2026-01-26,Landmark missing,Cod,RTO,5D832ABA22,G*** C***,XXXXXX0719,[REDACTED - Pune],,ACTUAL
110814940410,Gautam Buddha Nagar,201301,1677,KJD-2580624,"ABC, Bhiwandi, Mumbai, Maharashtra",400016,Mumbai,2026-01-22,2026-01-23,2026-01-29,2026-01-29,2026-01-28,Not Applicable,Prepaid,Delivered,74D8BDD0FA,S*** C***,XXXXXX4530,[REDACTED - Gautam Buddha Nagar],,ACTUAL
110814948977,Dakshina Kannada,575004,4850,0PQ-2461013,"ABC, Bhiwandi, Mumbai, Maharashtra",400016,Mumbai,2026-01-22,2026-01-23,2026-01-28,2026-01-30,2026-01-29,Not Applicable,Prepaid,Delivered,BB37B6A2C1,N*** C***,XXXXXX5719,[REDACTED - Dakshina Kannada],high_value_order,ACTUAL
110814941215,Bangalore,560091,909,FKS-2695275,"ABC, Bhiwandi, Mumbai, Maharashtra",400016,Mumbai,2026-01-22,2026-01-23,2026-01-24,2026-01-24,2026-01-26,Not Applicable,Cod,Delivered,CC718953F3,h*** C***,XXXXXX8054,[REDACTED - Bangalore],,ACTUAL
110314882070,Ahmedabad,382350,839,EWE-2727818,"ABC, Bhiwandi, Mumbai, Maharashtra",400016,Mumbai,2026-01-22,2026-01-22,2026-01-24,2026-01-24,2026-01-24,Not Applicable,Cod,Delivered,D173911B71,R*** C***,XXXXXX2943,[REDACTED - Ahmedabad],,ACTUAL
110314885255,JAINTIA HILLS,793150,798,KS-2217084,"ABC, Bhiwandi, Mumbai, Maharashtra",400016,Mumbai,2026-01-22,2026-01-22,2026-01-25,,2026-01-24,Phone not reachable,Cod,RTO,89EF26B5DE,A*** C***,XXXXXX2933,[REDACTED - JAINTIA HILLS],,ACTUAL
110814943391,Visakhapatnam,530013,2047,SRS-2692677,"ABC, Bhiwandi, Mumbai, Maharashtra",400016,Mumbai,2026-01-22,2026-01-24,2026-01-26,2026-01-26,2026-01-27,Not Applicable,Prepaid,Delivered,99A44C1930,T*** C***,XXXXXX2020,[REDACTED - Visakhapatnam],,ACTUAL
110714986020,Mumbai,400102,300,DCH-2407308,"ABC, Bhiwandi, Mumbai, Maharashtra",400016,Mumbai,2026-01-22,2026-01-24,2026-01-31,,2026-01-30,Customer not available,Cod,RTO,AFCA533543,S*** C***,XXXXXX7814,[REDACTED - Mumbai],,ACTUAL
110614921676,Udham Singh Nagar,244713,399,KJD-2632132,"ABC, Bhiwandi, Mumbai, Maharashtra",400016,Mumbai,2026-01-22,2026-01-24,2026-01-24,2026-01-24,2026-01-25,Phone not reachable,Cod,Delivered,B16DCEB9F0,A*** C***,XXXXXX4151,[REDACTED - Udham Singh Nagar],,ACTUAL
110714926384,Pune,411017,735,CB9-2376567,"ABC, Bhiwandi, Mumbai, Maharashtra",400016,Mumbai,2026-01-22,2026-01-24,2026-01-26,2026-01-28,2026-01-30,Address issue,Cod,Delivered,04E1C843A7,R*** C***,XXXXXX6049,[REDACTED - Pune],,ACTUAL
110814939487,Wardha,442001,499,TGX-2715436,"ABC, Bhiwandi, Mumbai, Maharashtra",400016,Mumbai,2026-01-22,2026-01-23,2026-01-26,2026-01-26,2026-01-27,Not Applicable,Cod,Delivered,EF695A30C9,M*** C***,XXXXXX8871,[REDACTED - Wardha],,ACTUAL
111114980340,Mumbai,400026,753,WNX-2620426,"ABC, Bhiwandi, Mumbai, Maharashtra",400016,Mumbai,2026-01-22,2026-01-24,2026-01-29,,2026-01-28,Customer refused delivery,Cod,RTO,F50C97C7F9,Z*** C***,XXXXXX6945,[REDACTED - Mumbai],,ACTUAL
101114603820,Khorda,751009,899,XHZ-2753451,"ABC, Bhiwandi, Mumbai, Maharashtra",400016,Mumbai,2026-01-22,2026-01-23,2026-01-26,2026-01-26,2026-01-26,Not Applicable,Cod,Delivered,D1D3AA1099,S*** C***,XXXXXX1110,[REDACTED - Khorda],,ACTUAL
111214990498,Pune,411027,809,XHZ-2720843,"ABC, Bhiwandi, Mumbai, Maharashtra",400016,Mumbai,2026-01-22,2026-01-24,2026-01-24,2026-01-25,2026-01-27,Customer not available,Prepaid,Delivered,7884D7FB78,R*** C***,XXXXXX5860,[REDACTED - Pune],,ACTUAL
110414892757,Faridabad,121002,536,SCR-2009987,"ABC, Bhiwandi, Mumbai, Maharashtra",400016,Mumbai,2026-01-22,2026-01-23,2026-01-27,,2026-01-26,Customer refused delivery,Cod,RTO,2A8ED566CB,M*** C***,XXXXXX7079,[REDACTED - Faridabad],,ACTUAL
110614923482,Barmer,344022,769,XHZ-1619551,"ABC, Bhiwandi, Mumbai, Maharashtra",400016,Mumbai,2026-01-22,2026-01-23,2026-01-27,,2026-01-25,Customer refused delivery,Cod,RTO,365F7386A7,J*** C***,XXXXXX2602,[REDACTED - Barmer],,ACTUAL
111014962210,Thane,421005,695,SMV-2256699,"ABC, Bhiwandi, Mumbai, Maharashtra",400016,Mumbai,2026-01-22,2026-01-24,2026-01-28,2026-01-28,2026-01-28,Not Applicable,Cod,Delivered,0FD3B99566,k*** C***,XXXXXX0006,[REDACTED - Thane],,ACTUAL
110614919675,Jodhpur,342006,1219,ADX-2074334,"ABC, Bhiwandi, Mumbai, Maharashtra",400016,Mumbai,2026-01-22,2026-01-23,2026-01-26,2026-01-26,2026-01-28,Not Applicable,Cod,Delivered,FBA918E820,D*** C***,XXXXXX2122,[REDACTED - Jodhpur],,ACTUAL
110714930059,Bangalore Rural,562135,847,SB9-2125799,"ABC, Bhiwandi, Mumbai, Maharashtra",400016,Mumbai,2026-01-22,2026-01-23,2026-01-26,2026-01-26,2026-01-26,Not Applicable,Prepaid,Delivered,C33F94989E,S*** C***,XXXXXX5540,[REDACTED - Bangalore Rural],,ACTUAL
110614916712,Samastipur,848114,863,WEY-2700414,"ABC, Bhiwandi, Mumbai, Maharashtra",400016,Mumbai,2026-01-22,2026-01-23,2026-01-23,2026-01-24,2026-01-25,Phone not reachable,Prepaid,Delivered,1E0AED3118,R*** C***,XXXXXX9294,[REDACTED - Samastipur],,ACTUAL
110914951114,Firozpur,152123,1144,ADX-2041449,"ABC, Bhiwandi, Mumbai, Maharashtra",400016,Mumbai,2026-01-22,2026-01-23,2026-01-25,2026-01-26,2026-01-26,Customer not available,Prepaid,Delivered,3F9C63B253,T*** C***,XXXXXX2007,[REDACTED - Firozpur],,ACTUAL
102014723804,Jodhpur,342001,1229,SN-2755207,"ABC, Bhiwandi, Mumbai, Maharashtra",400016,Mumbai,2026-01-22,2026-01-23,2026-01-24,2026-01-24,2026-01-26,Not Applicable,Cod,Delivered,814D29FD9C,R*** C***,XXXXXX4983,[REDACTED - Jodhpur],,ACTUAL
110414891396,Kannur,670004,489,WKT-2324247,"ABC, Bhiwandi, Mumbai, Maharashtra",400016,Mumbai,2026-01-22,2026-01-24,2026-01-26,2026-01-26,2026-01-28,Not Applicable,Cod,Delivered,65B7133486,A*** C***,XXXXXX8775,[REDACTED - Kannur],,ACTUAL
110414894643,Raigarh(MH),410206,571,CDY-2537071,"ABC, Bhiwandi, Mumbai, Maharashtra",400016,Mumbai,2026-01-22,2026-01-22,2026-01-22,2026-01-22,2026-01-24,Not Applicable,Prepaid,Delivered,449FAE4210,S*** C***,XXXXXX9455,[REDACTED - Raigarh(MH)],,ACTUAL
110614912666,Rajkot,360490,779,HMJ-2721710,"ABC, Bhiwandi, Mumbai, Maharashtra",400016,Mumbai,2026-01-22,2026-01-23,2026-01-23,2026-01-23,2026-01-24,Not Applicable,Cod,Delivered,0F1BD60F3C,B*** C***,XXXXXX9354,[REDACTED - Rajkot],,ACTUAL
110914958298,West Delhi,110018,939,EWE-2394463,"ABC, Bhiwandi, Mumbai, Maharashtra",400016,Mumbai,2026-01-22,2026-01-23,2026-01-26,2026-01-27,2026-01-29,Delivery postponed by customer,Cod,Delivered,160D2D63C8,P*** C***,XXXXXX2830,[REDACTED - West Delhi],,ACTUAL
111014972292,Aligarh,202002,790,FUF-2588334,"ABC, Bhiwandi, Mumbai, Maharashtra",400016,Mumbai,2026-01-22,2026-01-22,2026-01-22,2026-01-22,2026-01-24,Not Applicable,Cod,Delivered,A676A14EDC,S*** C***,XXXXXX2786,[REDACTED - Aligarh],,ACTUAL
111214992617,Mumbai,400093,417,FBO-1977227,"ABC, Bhiwandi, Mumbai, Maharashtra",400016,Mumbai,2026-01-22,2026-01-24,2026-01-25,2026-01-25,2026-01-27,Not Applicable,Prepaid,Delivered,9E96873509,S*** C***,XXXXXX8255,[REDACTED - Mumbai],,ACTUAL
110614920491,Nagpur,440034,996,ASU-2739296,"ABC, Bhiwandi, Mumbai, Maharashtra",400016,Mumbai,2026-01-22,2026-01-23,2026-01-24,2026-01-25,2026-01-26,Phone not reachable,Cod,Delivered,8F9BDC9D12,S*** C***,XXXXXX3463,[REDACTED - Nagpur],,ACTUAL
110814940874,Rajnandgaon,491441,549,CRH-2627474,"ABC, Bhiwandi, Mumbai, Maharashtra",400016,Mumbai,2026-01-22,2026-01-23,2026-01-26,2026-01-26,2026-01-26,Not Applicable,Cod,Delivered,5D18364623,R*** C***,XXXXXX0621,[REDACTED - Rajnandgaon],,ACTUAL
111014970634,Patna,800013,613,WKT-2324183,"ABC, Bhiwandi, Mumbai, Maharashtra",400016,Mumbai,2026-01-22,2026-01-23,2026-01-24,2026-01-24,2026-01-24,Not Applicable,Cod,Delivered,3EF1152A3E,V*** C***,XXXXXX8163,[REDACTED - Patna],,ACTUAL
110914957990,Hyderabad,500044,170,PKR-2640899,"ABC, Bhiwandi, Mumbai, Maharashtra",400016,Mumbai,2026-01-22,2026-01-22,2026-01-25,2026-01-25,2026-01-27,Not Applicable,Prepaid,Delivered,B1130E7C68,R*** C***,XXXXXX3350,[REDACTED - Hyderabad],,ACTUAL
110714934856,Rajkot,360001,994,PS6-2761646,"ABC, Bhiwandi, Mumbai, Maharashtra",400016,Mumbai,2026-01-22,2026-01-23,2026-01-26,2026-01-26,2026-01-27,Not Applicable,Prepaid,Delivered,959E7BD32F,E*** C***,XXXXXX7777,[REDACTED - Rajkot],,ACTUAL
110914952045,Mumbai,400089,779,AL2-2731296,"ABC, Bhiwandi, Mumbai, Maharashtra",400016,Mumbai,2026-01-22,2026-01-23,2026-01-27,2026-01-27,2026-01-26,Not Applicable,Prepaid,Delivered,EE12099144,n*** C***,XXXXXX5222,[REDACTED - Mumbai],,ACTUAL
110714925426,Khammam,507001,2233,SRS-1650332,"ABC, Bhiwandi, Mumbai, Maharashtra",400016,Mumbai,2026-01-22,2026-01-23,2026-01-29,,2026-01-27,Phone not reachable,Cod,RTO,561328B56D,A*** C***,XXXXXX9312,[REDACTED - Khammam],,ACTUAL
110914956500,Patan,384220,1944,WER-2669675,"ABC, Bhiwandi, Mumbai, Maharashtra",400016,Mumbai,2026-01-22,2026-01-22,2026-01-24,2026-01-24,2026-01-25,Not Applicable,Prepaid,Delivered,C737EA7C49,V*** C***,XXXXXX9493,[REDACTED - Patan],,ACTUAL
110214870701,bhavnagar,364002,849,ITB-2548865,"ABC, Bhiwandi, Mumbai, Maharashtra",400016,Mumbai,2026-01-22,2026-01-24,2026-01-29,2026-01-29,2026-01-28,Not Applicable,Cod,Delivered,FC83CEBBA6,E*** C***,XXXXXX7070,[REDACTED - bhavnagar],,ACTUAL
110914953668,Latur,413512,549,CRH-2745080,"ABC, Bhiwandi, Mumbai, Maharashtra",400016,Mumbai,2026-01-22,2026-01-22,2026-03-04,,2026-01-25,Landmark missing,Prepaid,Out of delivery,DADB1CC178,V*** C***,XXXXXX4771,[REDACTED - Latur],,ACTUAL
110814939444,Chittoor,517501,1113,SN-2392388,"ABC, Bhiwandi, Mumbai, Maharashtra",400016,Mumbai,2026-01-22,2026-01-22,2026-01-22,2026-01-22,2026-01-23,Not Applicable,Cod,Delivered,B2571A2A6E,G*** C***,XXXXXX0174,[REDACTED - Chittoor],,ACTUAL
110614921504,Bangalore,560066,811,YGS-2072256,"ABC, Bhiwandi, Mumbai, Maharashtra",400016,Mumbai,2026-01-22,2026-01-23,2026-01-29,2026-01-29,2026-01-28,Not Applicable,Cod,Delivered,077BB9D991,B*** C***,XXXXXX6300,[REDACTED - Bangalore],,ACTUAL
103014835242,K.V.Rangareddy,500049,580,SJ3-2348916,"ABC, Bhiwandi, Mumbai, Maharashtra",400016,Mumbai,2026-01-22,2026-01-25,2026-01-26,2026-01-26,2026-01-27,Not Applicable,Prepaid,Delivered,141381997B,S*** C***,XXXXXX0830,[REDACTED - K.V.Rangareddy],,ACTUAL
110414913425,Rajkot,360005,1229,XHZ-2739975,"ABC, Bhiwandi, Mumbai, Maharashtra",400016,Mumbai,2026-01-22,2026-01-23,2026-01-25,2026-01-25,2026-01-25,Not Applicable,Prepaid,Delivered,B1F7802BD6,S*** C***,XXXXXX8075,[REDACTED - Rajkot],,ACTUAL
111014962237,Bangalore,560037,540,DZY-1339462,"ABC, Bhiwandi, Mumbai, Maharashtra",400016,Mumbai,2026-01-22,2026-01-24,2026-01-29,2026-01-29,2026-01-27,Not Applicable,Cod,Delivered,3AF64F5D49,M*** C***,XXXXXX7707,[REDACTED - Bangalore],,ACTUAL
110814946124,Bangalore,560103,2728,SE-2740776,"ABC, Bhiwandi, Mumbai, Maharashtra",400016,Mumbai,2026-01-22,2026-01-24,2026-01-29,,2026-01-27,COD payment declined,Cod,RTO,0F6E953D9C,S*** C***,XXXXXX6375,[REDACTED - Bangalore],high_value_order,ACTUAL
111114975512,Bangalore,560073,379,INM-1722760,"ABC, Bhiwandi, Mumbai, Maharashtra",400016,Mumbai,2026-01-22,2026-01-25,2026-01-29,2026-01-29,2026-01-30,Not Applicable,Prepaid,Delivered,64C6BC7CDD,S*** C***,XXXXXX6120,[REDACTED - Bangalore],,ACTUAL
110214871591,Central Delhi,110001,759,EWE-2751170,"ABC, Bhiwandi, Mumbai, Maharashtra",400016,Mumbai,2026-01-22,2026-01-23,2026-01-25,2026-01-25,2026-01-27,Not Applicable,Prepaid,Delivered,A66B414969,G*** C***,XXXXXX7373,[REDACTED - Central Delhi],,ACTUAL
110714924637,Ghaziabad,201017,1014,ATT-2686099,"ABC, Bhiwandi, Mumbai, Maharashtra",400016,Mumbai,2026-01-22,2026-01-23,,,2026-01-26,Not Applicable,Prepaid,In-Transit,D632327020,S*** C***,XXXXXX9783,[REDACTED - Ghaziabad],not_yet_attempted,ACTUAL
110314881931,Meerut,250002,998,JJS-2777333,"ABC, Bhiwandi, Mumbai, Maharashtra",400016,Mumbai,2026-01-22,2026-01-24,2026-01-28,,2026-01-27,Address issue,Cod,RTO,926A2D4B96,S*** C***,XXXXXX0750,[REDACTED - Meerut],,ACTUAL
110914950373,Mumbai,400081,1557,DIZ-2589145,"ABC, Bhiwandi, Mumbai, Maharashtra",400016,Mumbai,2026-01-22,2026-01-23,2026-01-26,,2026-01-26,Customer not available,Cod,RTO,F8080EEDCC,b*** C***,XXXXXX5344,[REDACTED - Mumbai],,ACTUAL
110714929116,Gurgaon,122002,900,YGL-2271935,"ABC, Bhiwandi, Mumbai, Maharashtra",400016,Mumbai,2026-01-22,2026-01-24,2026-01-27,2026-01-29,2026-01-28,Not Applicable,Cod,Delivered,42924D51C9,P*** C***,XXXXXX9112,[REDACTED - Gurgaon],,ACTUAL
111014968584,West Delhi,110015,623,VLL-2183701,"ABC, Bhiwandi, Mumbai, Maharashtra",400016,Mumbai,2026-01-22,2026-01-23,,,2026-01-26,Not Applicable,Cod,Order Packed,FA8ECDB59E,A*** C***,XXXXXX0888,[REDACTED - West Delhi],not_yet_attempted,ACTUAL
111014965188,Ahmedabad,380054,405,OJO-2741661,"ABC, Bhiwandi, Mumbai, Maharashtra",400016,Mumbai,2026-01-22,2026-01-24,2026-01-29,2026-01-29,2026-01-30,Not Applicable,Prepaid,Delivered,8C6F3161CA,S*** C***,XXXXXX2925,[REDACTED - Ahmedabad],,ACTUAL
110714935702,Gautam Buddha Nagar,201301,818,NAB-2378236,"ABC, Bhiwandi, Mumbai, Maharashtra",400016,Mumbai,2026-01-22,2026-01-23,2026-01-28,2026-01-28,2026-01-30,Not Applicable,Prepaid,Delivered,C692559B96,J*** C***,XXXXXX4998,[REDACTED - Gautam Buddha Nagar],,ACTUAL
100714547552,Kolasib,796081,1049,YGS-2735126,"ABC, Bhiwandi, Mumbai, Maharashtra",400016,Mumbai,2026-01-22,2026-01-24,2026-01-27,2026-01-27,2026-01-29,Not Applicable,Prepaid,Delivered,DC065332E1,L*** C***,XXXXXX0104,[REDACTED - Kolasib],,ACTUAL
111014972058,Mumbai,400016,798,CIV-2314899,"ABC, Bhiwandi, Mumbai, Maharashtra",400016,Mumbai,2026-01-22,2026-01-24,2026-01-26,2026-01-26,2026-01-27,Not Applicable,Cod,Delivered,D1BA9BE68B,D*** C***,XXXXXX4934,[REDACTED - Mumbai],,ACTUAL
102014732561,Mumbai,400014,839,EWE-2765627,"ABC, Bhiwandi, Mumbai, Maharashtra",400016,Mumbai,2026-01-22,2026-01-24,2026-01-29,,2026-01-29,Phone not reachable,Cod,RTO,668E44320B,R*** C***,XXXXXX3248,[REDACTED - Mumbai],,ACTUAL
111214989416,Thane,400709,999,PCL-2300172,"ABC, Bhiwandi, Mumbai, Maharashtra",400016,Mumbai,2026-01-22,2026-01-23,2026-01-27,2026-01-27,2026-01-28,Not Applicable,Cod,Delivered,3E2888D39B,N*** C***,XXXXXX6717,[REDACTED - Thane],,ACTUAL
110814946630,Gurgaon,122002,609,DDS-1975302,"ABC, Bhiwandi, Mumbai, Maharashtra",400016,Mumbai,2026-01-22,2026-01-23,2026-01-29,,2026-01-28,Landmark missing,Cod,RTO,A5EFD18A4D,R*** C***,XXXXXX1280,[REDACTED - Gurgaon],,ACTUAL
110714933395,South West Delhi,110010,299,SCM-2716103,"ABC, Bhiwandi, Mumbai, Maharashtra",400016,Mumbai,2026-01-22,2026-01-23,2026-01-25,2026-01-25,2026-01-25,Not Applicable,Cod,Delivered,270BBE5BAF,N*** C***,XXXXXX2801,[REDACTED - South West Delhi],,ACTUAL
110714924658,Sikar,332001,419,DCH-2320197,"ABC, Bhiwandi, Mumbai, Maharashtra",400016,Mumbai,2026-01-22,2026-01-23,2026-01-24,2026-01-25,2026-01-25,Customer requested re-attempt,Cod,Delivered,02004DA31B,N*** C***,XXXXXX3399,[REDACTED - Sikar],,ACTUAL
110914960151,NOIDA,201308,499,JJS-2769446,"ABC, Bhiwandi, Mumbai, Maharashtra",400016,Mumbai,2026-01-22,2026-01-23,2026-01-27,2026-01-27,2026-01-29,Not Applicable,Prepaid,Delivered,927EB024BC,S*** C***,XXXXXX3179,[REDACTED - NOIDA],,ACTUAL
110714924656,Sikar,332001,598,YWB-2059085,"ABC, Bhiwandi, Mumbai, Maharashtra",400016,Mumbai,2026-01-22,2026-01-23,2026-01-27,2026-01-27,2026-01-29,Not Applicable,Cod,Delivered,FA1D8430DC,N*** C***,XXXXXX3399,[REDACTED - Sikar],,ACTUAL
110714924657,Sikar,332001,501,QMB-2413551,"ABC, Bhiwandi, Mumbai, Maharashtra",400016,Mumbai,2026-01-22,2026-01-23,2026-01-24,2026-01-24,2026-01-26,Not Applicable,Cod,Delivered,4C29D8393B,N*** C***,XXXXXX3399,[REDACTED - Sikar],,ACTUAL
110214874783,Sonbhadra,231225,899,KMX-2388043,"ABC, Bhiwandi, Mumbai, Maharashtra",400016,Mumbai,2026-01-22,2026-01-23,,,2026-01-26,Not Applicable,Prepaid,Pickup done,613BC7345D,N*** C***,XXXXXX7660,[REDACTED - Sonbhadra],not_yet_attempted,ACTUAL
111014969867,South Delhi,110019,1113,SN-2139903,"ABC, Bhiwandi, Mumbai, Maharashtra",400016,Mumbai,2026-01-22,2026-01-23,2026-01-23,2026-01-23,2026-01-25,Phone not reachable,Cod,Delivered,4066E7CE75,K*** C***,XXXXXX1823,[REDACTED - South Delhi],,ACTUAL
110814937245,Khorda,751012,891,VBB-2699032,"ABC, Bhiwandi, Mumbai, Maharashtra",400016,Mumbai,2026-01-22,2026-01-23,,,2026-01-30,Not Applicable,Prepaid,Lost,695183007E,R*** C***,XXXXXX7030,[REDACTED - Khorda],,ACTUAL
101914710723,North West Delhi,110034,699,LJA-2762390,"ABC, Bhiwandi, Mumbai, Maharashtra",400016,Mumbai,2026-01-22,2026-01-24,2026-01-24,2026-01-25,2026-01-27,Address issue,Prepaid,Delivered,151085D545,A*** C***,XXXXXX7312,[REDACTED - North West Delhi],,ACTUAL
102514788156,Patna,800004,449,MIG-2602542,"ABC, Bhiwandi, Mumbai, Maharashtra",400016,Mumbai,2026-01-22,2026-01-23,2026-01-24,2026-01-24,2026-01-25,Not Applicable,Cod,Delivered,6A2124D2AF,M*** C***,XXXXXX9308,[REDACTED - Patna],,ACTUAL
111014969693,Gurgaon,122001,899,AMG-2619954,"ABC, Bhiwandi, Mumbai, Maharashtra",400016,Mumbai,2026-01-22,2026-01-23,2026-01-25,2026-01-25,2026-01-27,Not Applicable,Prepaid,Delivered,4BA1DE5E30,S*** C***,XXXXXX5250,[REDACTED - Gurgaon],,ACTUAL
110914954230,Raigarh(MH),402301,809,BP4-2628146,"ABC, Bhiwandi, Mumbai, Maharashtra",400016,Mumbai,2026-01-22,2026-01-23,2026-01-24,2026-01-25,2026-01-26,Customer not available,Cod,Delivered,9BA8F874E8,Y*** C***,XXXXXX8900,[REDACTED - Raigarh(MH)],,ACTUAL
111014968460,Krishna,520007,479,WBR-2620865,"ABC, Bhiwandi, Mumbai, Maharashtra",400016,Mumbai,2026-01-22,2026-01-23,2026-01-27,2026-01-27,2026-01-25,Not Applicable,Cod,Delivered,2A6B1C8576,G*** C***,XXXXXX4003,[REDACTED - Krishna],,ACTUAL
111014962818,Azamgarh,276001,1676,YZK-2055793,"ABC, Bhiwandi, Mumbai, Maharashtra",400016,Mumbai,2026-01-22,2026-01-23,2026-01-24,2026-01-24,2026-01-26,Not Applicable,Cod,Delivered,904718F14A,N*** C***,XXXXXX8579,[REDACTED - Azamgarh],,ACTUAL
110914950035,Gurgaon,122001,1399,TKS-2707277,"ABC, Bhiwandi, Mumbai, Maharashtra",400016,Mumbai,2026-01-22,2026-01-24,2026-01-27,2026-01-27,2026-01-27,Not Applicable,Cod,Delivered,0C36DD9751,S*** C***,XXXXXX2662,[REDACTED - Gurgaon],,ACTUAL
102814812682,Jaipur,302018,1276,KMC-2661543,"ABC, Bhiwandi, Mumbai, Maharashtra",400016,Mumbai,2026-01-22,2026-01-24,2026-01-26,2026-01-26,2026-01-25,Not Applicable,Cod,Delivered,6E69481EE9,C*** C***,XXXXXX7014,[REDACTED - Jaipur],,ACTUAL
110514910779,Aizawl,796001,1584,GGH-2386959,"ABC, Bhiwandi, Mumbai, Maharashtra",400016,Mumbai,2026-01-22,2026-01-24,2026-01-24,2026-01-26,2026-01-26,Customer not available,Cod,Delivered,55730F45B0,A*** C***,XXXXXX9910,[REDACTED - Aizawl],,ACTUAL
110914953227,Hyderabad,500072,418,YBB-2378631,"ABC, Bhiwandi, Mumbai, Maharashtra",400016,Mumbai,2026-01-22,2026-01-23,2026-01-26,,2026-01-25,Address issue,Cod,RTO,9920E98CF3,T*** C***,XXXXXX8099,[REDACTED - Hyderabad],,ACTUAL
110614919347,Dibrugarh,786602,2005,ADX-2061638,"ABC, Bhiwandi, Mumbai, Maharashtra",400016,Mumbai,2026-01-22,2026-01-24,2026-01-29,,2026-01-29,Customer not available,Cod,RTO,31D60192AB,P*** C***,XXXXXX0787,[REDACTED - Dibrugarh],,ACTUAL
110714934814,Hyderabad,500046,566,BFM-2708724,"ABC, Bhiwandi, Mumbai, Maharashtra",400016,Mumbai,2026-01-22,2026-01-22,,,2026-01-24,Not Applicable,Cod,In-Transit,28073F4DF6,S*** C***,XXXXXX3501,[REDACTED - Hyderabad],not_yet_attempted,ACTUAL
110114863220,Visakhapatnam,530022,1004,YTS-2688149,"ABC, Bhiwandi, Mumbai, Maharashtra",400016,Mumbai,2026-01-22,2026-01-23,2026-01-29,2026-01-30,2026-01-28,Landmark missing,Cod,Delivered,44E8D5A343,R*** C***,XXXXXX9105,[REDACTED - Visakhapatnam],,ACTUAL
102814812681,Jaipur,302018,799,FKS-2389270,"ABC, Bhiwandi, Mumbai, Maharashtra",400016,Mumbai,2026-01-22,2026-01-24,2026-01-29,2026-01-29,2026-01-30,Not Applicable,Prepaid,Delivered,14424DF7D4,C*** C***,XXXXXX7014,[REDACTED - Jaipur],,ACTUAL
110914955262,Prakasam,523316,696,CDY-2628072,"ABC, Bhiwandi, Mumbai, Maharashtra",400016,Mumbai,2026-01-22,2026-01-23,2026-03-05,,2026-01-26,Customer not available,Cod,Out of delivery,0E38C6919F,D*** C***,XXXXXX7290,[REDACTED - Prakasam],,ACTUAL
111014965390,Mumbai,400010,999,TCA-2043613,"ABC, Bhiwandi, Mumbai, Maharashtra",400016,Mumbai,2026-01-24,2026-01-26,2026-01-28,2026-01-28,2026-01-28,Not Applicable,Cod,Delivered,91CA01DA1A,D*** C***,XXXXXX0849,[REDACTED - Mumbai],,ACTUAL
110514910474,Aizawl,796001,1844,JML-2677068,"ABC, Bhiwandi, Mumbai, Maharashtra",400016,Mumbai,2026-01-24,2026-01-25,2026-02-01,2026-02-01,2026-01-29,Not Applicable,Cod,Delivered,9F5FD19AD3,A*** C***,XXXXXX9910,[REDACTED - Aizawl],,ACTUAL
110814945097,Kangra,176215,1060,FCS-2149855,"ABC, Bhiwandi, Mumbai, Maharashtra",400016,Mumbai,2026-01-24,2026-01-25,2026-01-25,2026-01-25,2026-01-27,Not Applicable,Prepaid,Delivered,270ACF6547,D*** C***,XXXXXX9614,[REDACTED - Kangra],,ACTUAL
110814939796,Lucknow,226007,3061,CB9-2009027,"ABC, Bhiwandi, Mumbai, Maharashtra",400016,Mumbai,2026-01-24,2026-01-25,2026-01-28,2026-01-28,2026-01-29,Not Applicable,Cod,Delivered,CB3EF4BFC8,s*** C***,XXXXXX8027,[REDACTED - Lucknow],high_value_order,ACTUAL
102814812676,Jaipur,302018,2315,CAM-2769835,"ABC, Bhiwandi, Mumbai, Maharashtra",400016,Mumbai,2026-01-24,2026-01-25,2026-01-29,,2026-01-29,Phone not reachable,Cod,RTO,9F08C504B1,C*** C***,XXXXXX7014,[REDACTED - Jaipur],,ACTUAL
111114974114,Hyderabad,500086,887,QTH-2264587,"ABC, Bhiwandi, Mumbai, Maharashtra",400016,Mumbai,2026-01-24,2026-01-25,2026-01-28,2026-01-28,2026-01-30,Not Applicable,Cod,Delivered,01DFEB61E6,S*** C***,XXXXXX5088,[REDACTED - Hyderabad],,ACTUAL
110714933823,Maharajganj,273164,1025,BCC-2703567,"ABC, Bhiwandi, Mumbai, Maharashtra",400016,Mumbai,2026-01-24,2026-01-25,,,2026-01-30,Not Applicable,Prepaid,In-Transit,809F9EDCC4,F*** C***,XXXXXX3734,[REDACTED - Maharajganj],not_yet_attempted,ACTUAL
110514910542,Aizawl,796001,1536,CLZ-2721658,"ABC, Bhiwandi, Mumbai, Maharashtra",400016,Mumbai,2026-01-24,2026-01-27,2026-01-30,,2026-01-29,Address issue,Cod,RTO,3CE5B50F02,A*** C***,XXXXXX9910,[REDACTED - Aizawl],,ACTUAL
110714924846,Gurgaon,122018,656,JL-2284780,"ABC, Bhiwandi, Mumbai, Maharashtra",400016,Mumbai,2026-01-24,2026-01-26,2026-01-28,2026-01-29,2026-01-29,Customer requested re-attempt,Cod,Delivered,18BB2BA05D,J*** C***,XXXXXX8805,[REDACTED - Gurgaon],,ACTUAL
111114974695,Pune,411015,960,YBB-2253280,"ABC, Bhiwandi, Mumbai, Maharashtra",400016,Mumbai,2026-01-24,2026-01-27,2026-01-28,2026-01-28,2026-01-29,Not Applicable,Cod,Delivered,B1F8608E1D,P*** C***,XXXXXX4565,[REDACTED - Pune],,ACTUAL
110714933974,East Godavari,533464,939,XHZ-2753376,"ABC, Bhiwandi, Mumbai, Maharashtra",400016,Mumbai,2026-01-24,2026-01-26,2026-01-28,2026-01-28,2026-01-30,Not Applicable,Cod,Delivered,21E87B8489,R*** C***,XXXXXX1111,[REDACTED - East Godavari],,ACTUAL
111114980458,Bangalore,560037,399,JJS-2721456,"ABC, Bhiwandi, Mumbai, Maharashtra",400016,Mumbai,2026-01-24,2026-01-25,2026-01-27,,2026-01-26,Customer cancelled order,Cod,RTO,3F9228AF3E,S*** C***,XXXXXX0477,[REDACTED - Bangalore],,ACTUAL
110814947677,Akola,444005,1498,TNV-2287179,"ABC, Bhiwandi, Mumbai, Maharashtra",400016,Mumbai,2026-01-24,2026-01-25,2026-01-28,,2026-01-27,Customer cancelled order,Cod,RTO,834D5C2BAD,P*** C***,XXXXXX0566,[REDACTED - Akola],,ACTUAL
102814809304,East Nimar,450331,1036,XYX-2660635,"ABC, Bhiwandi, Mumbai, Maharashtra",400016,Mumbai,2026-01-24,2026-01-24,2026-01-24,2026-01-24,2026-01-26,Not Applicable,Cod,Delivered,2977696C76,P*** C***,XXXXXX0339,[REDACTED - East Nimar],,ACTUAL
110614922199,Krishna,521137,669,QMB-2573134,"ABC, Bhiwandi, Mumbai, Maharashtra",400016,Mumbai,2026-01-24,2026-01-25,2026-01-26,2026-01-26,2026-01-27,Not Applicable,Cod,Delivered,7389939250,S*** C***,XXXXXX6997,[REDACTED - Krishna],,ACTUAL
110314882077,K.V.Rangareddy,500084,550,PCT-2699475,"ABC, Bhiwandi, Mumbai, Maharashtra",400016,Mumbai,2026-01-24,2026-01-26,2026-01-30,2026-02-01,2026-01-29,Address issue,Prepaid,Delivered,11E4FD1429,A*** C***,XXXXXX6921,[REDACTED - K.V.Rangareddy],,ACTUAL
110714934014,Raigarh,496445,759,CRH-2696609,"ABC, Bhiwandi, Mumbai, Maharashtra",400016,Mumbai,2026-01-24,2026-01-25,2026-01-28,,2026-01-28,Address issue,Prepaid,RTO,1AB5391F4E,s*** C***,XXXXXX5842,[REDACTED - Raigarh],,ACTUAL
111114979640,Pune,411021,2060,SRS-2660282,"ABC, Bhiwandi, Mumbai, Maharashtra",400016,Mumbai,2026-01-24,2026-01-25,2026-01-30,2026-01-30,2026-01-30,Not Applicable,Cod,Delivered,DD730D236D,D*** C***,XXXXXX0613,[REDACTED - Pune],,ACTUAL
111214985501,Bangalore,560104,390,MSR-1724747,"ABC, Bhiwandi, Mumbai, Maharashtra",400016,Mumbai,2026-01-24,2026-01-24,,,2026-01-26,Not Applicable,Cod,In-Transit,D2270A9528,S*** C***,XXXXXX2011,[REDACTED - Bangalore],not_yet_attempted,ACTUAL
110814936759,Dehradun,248001,855,0PQ-2098047,"ABC, Bhiwandi, Mumbai, Maharashtra",400016,Mumbai,2026-01-24,2026-01-26,,,2026-01-30,Not Applicable,Cod,In-Transit,1D1E11CF54,D*** C***,XXXXXX9584,[REDACTED - Dehradun],not_yet_attempted,ACTUAL
110614920609,Gwalior,474011,359,DCH-2583650,"ABC, Bhiwandi, Mumbai, Maharashtra",400016,Mumbai,2026-01-24,2026-01-25,2026-01-25,2026-01-25,2026-01-27,Not Applicable,Prepaid,Delivered,4DAFC758AE,N*** C***,XXXXXX8373,[REDACTED - Gwalior],,ACTUAL
103114846900,Bagpat,250611,499,JJS-2769452,"ABC, Bhiwandi, Mumbai, Maharashtra",400016,Mumbai,2026-01-24,2026-01-26,2026-02-04,2026-02-04,2026-02-01,Not Applicable,Prepaid,Delivered,A035030607,E*** C***,XXXXXX4790,[REDACTED - Bagpat],,ACTUAL
110914956002,Tiruchirappalli,620017,1024,YGL-2271854,"ABC, Bhiwandi, Mumbai, Maharashtra",400016,Mumbai,2026-01-24,2026-01-26,2026-01-26,2026-01-26,2026-01-28,Not Applicable,Cod,Delivered,CCB16BAD0D,p*** C***,XXXXXX8126,[REDACTED - Tiruchirappalli],,ACTUAL
111014961441,Gurgaon,122001,898,SCM-2760660,"ABC, Bhiwandi, Mumbai, Maharashtra",400016,Mumbai,2026-01-24,2026-01-26,2026-01-26,2026-01-26,2026-01-27,Not Applicable,Cod,Delivered,7578A43ED9,N*** C***,XXXXXX2400,[REDACTED - Gurgaon],,ACTUAL
110214872048,Pune,411045,1639,SRS-2574574,"ABC, Bhiwandi, Mumbai, Maharashtra",400016,Mumbai,2026-01-24,2026-01-24,2026-01-29,2026-01-29,2026-01-28,Not Applicable,Prepaid,Delivered,170E6A14AA,J*** C***,XXXXXX0362,[REDACTED - Pune],,ACTUAL
101114602278,East Khasi Hills,793001,1569,TXY-2753768,"ABC, Bhiwandi, Mumbai, Maharashtra",400016,Mumbai,2026-01-24,2026-01-25,2026-01-28,,2026-01-28,Address issue,Cod,RTO,BBE39C8F50,R*** C***,XXXXXX1337,[REDACTED - East Khasi Hills],,ACTUAL
111114977233,Mumbai,400091,689,EWE-2751218,"ABC, Bhiwandi, Mumbai, Maharashtra",400016,Mumbai,2026-01-24,2026-01-25,2026-01-30,2026-01-30,2026-01-27,Not Applicable,Cod,Delivered,C995388EB5,R*** C***,XXXXXX8066,[REDACTED - Mumbai],,ACTUAL
110714924938,West Delhi,110015,374,DH-2586852,"ABC, Bhiwandi, Mumbai, Maharashtra",400016,Mumbai,2026-01-24,2026-01-24,2026-01-27,2026-01-27,2026-01-29,Not Applicable,Prepaid,Delivered,619916B2E0,k*** C***,XXXXXX2543,[REDACTED - West Delhi],,ACTUAL
111014971642,Gautam Buddha Nagar,201301,744,GGH-2645392,"ABC, Bhiwandi, Mumbai, Maharashtra",400016,Mumbai,2026-01-24,2026-01-25,2026-01-26,2026-01-26,2026-01-28,Not Applicable,Cod,Delivered,63BEE5ABF2,S*** C***,XXXXXX0800,[REDACTED - Gautam Buddha Nagar],,ACTUAL
110914950501,Mumbai,400028,495,LNS-2632097,"ABC, Bhiwandi, Mumbai, Maharashtra",400016,Mumbai,2026-01-24,2026-01-26,2026-01-28,2026-01-28,2026-01-28,Not Applicable,Cod,Delivered,671E9FC56B,A*** C***,XXXXXX7272,[REDACTED - Mumbai],,ACTUAL
100314484701,Hyderabad,500027,759,CBS-2732300,"ABC, Bhiwandi, Mumbai, Maharashtra",400016,Mumbai,2026-01-24,2026-01-27,2026-01-31,2026-01-31,2026-02-01,Not Applicable,Cod,Delivered,24BB480EEB,P*** C***,XXXXXX8441,[REDACTED - Hyderabad],,ACTUAL
102714805402,Faizabad,224229,689,FB3-2087413,"ABC, Bhiwandi, Mumbai, Maharashtra",400016,Mumbai,2026-01-24,2026-01-25,2026-01-28,2026-01-28,2026-01-29,Not Applicable,Cod,Delivered,3403A02A53,A*** C***,XXXXXX7295,[REDACTED - Faizabad],,ACTUAL
110614917761,Sangrur,148031,552,EWE-2394539,"ABC, Bhiwandi, Mumbai, Maharashtra",400016,Mumbai,2026-01-24,2026-01-25,2026-01-26,2026-01-27,2026-01-29,Address issue,Prepaid,Delivered,C2E4AFB663,H*** C***,XXXXXX0022,[REDACTED - Sangrur],,ACTUAL
110914958751,Thane,400615,1252,YTS-2739398,"ABC, Bhiwandi, Mumbai, Maharashtra",400016,Mumbai,2026-01-24,2026-01-25,2026-01-27,2026-01-27,2026-01-29,Not Applicable,Prepaid,Delivered,59EB7D2F5F,P*** C***,XXXXXX0330,[REDACTED - Thane],,ACTUAL
111114984144,Mumbai,400064,789,ASU-2739236,"ABC, Bhiwandi, Mumbai, Maharashtra",400016,Mumbai,2026-01-24,2026-01-25,2026-01-29,,2026-01-29,Phone not reachable,Cod,RTO,48699D3977,n*** C***,XXXXXX6544,[REDACTED - Mumbai],,ACTUAL
110614918160,Sundergarh,769001,2183,SRS-2692646,"ABC, Bhiwandi, Mumbai, Maharashtra",400016,Mumbai,2026-01-24,2026-01-26,2026-01-28,2026-01-28,2026-01-28,Not Applicable,Prepaid,Delivered,2EA495B207,A*** C***,XXXXXX0847,[REDACTED - Sundergarh],,ACTUAL
111114981294,West Delhi,110027,2252,SRS-2660249,"ABC, Bhiwandi, Mumbai, Maharashtra",400016,Mumbai,2026-01-24,2026-01-26,2026-01-29,2026-01-29,2026-01-31,Not Applicable,Cod,Delivered,D9AA92EA48,N*** C***,XXXXXX0936,[REDACTED - West Delhi],,ACTUAL
110814940799,West Delhi,110018,499,JJS-2777300,"ABC, Bhiwandi, Mumbai, Maharashtra",400016,Mumbai,2026-01-24,2026-01-25,2026-01-27,2026-01-27,2026-01-29,Not Applicable,Cod,Delivered,89116DF8F6,J*** C***,XXXXXX0811,[REDACTED - West Delhi],,ACTUAL
110614918808,Alappuzha,690502,659,CIQ-2434366,"ABC, Bhiwandi, Mumbai, Maharashtra",400016,Mumbai,2026-01-24,2026-01-25,2026-01-27,,2026-01-26,Customer cancelled order,Cod,RTO,FD4E4AD065,F*** C***,XXXXXX0330,[REDACTED - Alappuzha],,ACTUAL
110114861917,Pune,411015,1399,SRS-1868937,"ABC, Bhiwandi, Mumbai, Maharashtra",400016,Mumbai,2026-01-24,2026-01-26,2026-01-27,2026-01-27,2026-01-28,Not Applicable,Prepaid,Delivered,9EE7077B4E,R*** C***,XXXXXX3909,[REDACTED - Pune],,ACTUAL
102414774017,Mumbai,400080,1409,SRS-2771382,"ABC, Bhiwandi, Mumbai, Maharashtra",400016,Mumbai,2026-01-24,2026-01-25,2026-01-29,2026-01-29,2026-01-29,Not Applicable,Cod,Delivered,274A1363C9,M*** C***,XXXXXX8496,[REDACTED - Mumbai],,ACTUAL
110614917867,Sangrur,148031,745,YTS-2739329,"ABC, Bhiwandi, Mumbai, Maharashtra",400016,Mumbai,2026-01-24,2026-01-25,2026-01-28,2026-01-28,2026-01-28,Not Applicable,Cod,Delivered,2334CD3D4E,H*** C***,XXXXXX0022,[REDACTED - Sangrur],,ACTUAL
110714934997,Durg,490001,554,FKS-2288360,"ABC, Bhiwandi, Mumbai, Maharashtra",400016,Mumbai,2026-01-24,2026-01-25,2026-01-28,2026-01-28,2026-01-28,Not Applicable,Cod,Delivered,68A9CDCAA3,K*** C***,XXXXXX7777,[REDACTED - Durg],,ACTUAL
102814809956,Jhujhunu,333031,665,YKL-2200672,"ABC, Bhiwandi, Mumbai, Maharashtra",400016,Mumbai,2026-01-24,2026-01-27,2026-01-29,,2026-01-28,Landmark missing,Cod,RTO,CF2542CD9A,K*** C***,XXXXXX9002,[REDACTED - Jhujhunu],,ACTUAL
110514904468,Raipur,492009,1071,SN-2139848,"ABC, Bhiwandi, Mumbai, Maharashtra",400016,Mumbai,2026-01-24,2026-01-26,,,2026-01-29,Not Applicable,Cod,Pickup done,DFF011D119,N*** C***,XXXXXX6786,[REDACTED - Raipur],not_yet_attempted,ACTUAL
110914956470,Faizabad,224001,3185,ADX-2681911,"ABC, Bhiwandi, Mumbai, Maharashtra",400016,Mumbai,2026-01-24,2026-01-27,2026-01-29,2026-01-29,2026-01-30,Not Applicable,Cod,Delivered,79FBC92984,R*** C***,XXXXXX6806,[REDACTED - Faizabad],high_value_order,ACTUAL
102814810084,Jhujhunu,333031,766,QZY-2411239,"ABC, Bhiwandi, Mumbai, Maharashtra",400016,Mumbai,2026-01-24,2026-01-26,,,2026-01-30,Not Applicable,Cod,In-Transit,E4FB1BFAD4,K*** C***,XXXXXX9002,[REDACTED - Jhujhunu],not_yet_attempted,ACTUAL
110814940027,Chennai,600112,580,THD-2521992,"ABC, Bhiwandi, Mumbai, Maharashtra",400016,Mumbai,2026-01-24,2026-01-25,2026-01-29,,2026-01-28,Phone not reachable,Cod,RTO,E321DE7A24,S*** C***,XXXXXX1474,[REDACTED - Chennai],,ACTUAL
110914953863,Ghaziabad,201010,807,LNS-2641177,"ABC, Bhiwandi, Mumbai, Maharashtra",400016,Mumbai,2026-01-24,2026-01-25,2026-01-29,2026-01-29,2026-01-28,Not Applicable,Cod,Delivered,299F86FE56,A*** C***,XXXXXX1823,[REDACTED - Ghaziabad],,ACTUAL
102814810083,Jhujhunu,333031,699,CRX-2694210,"ABC, Bhiwandi, Mumbai, Maharashtra",400016,Mumbai,2026-01-24,2026-01-25,2026-01-28,,2026-01-27,Landmark missing,Cod,RTO,BBC30D22FD,K*** C***,XXXXXX9002,[REDACTED - Jhujhunu],,ACTUAL
111014968726,Mumbai,400053,279,CIV-1760509,"ABC, Bhiwandi, Mumbai, Maharashtra",400016,Mumbai,2026-01-25,2026-01-26,2026-01-27,2026-01-27,2026-01-27,Not Applicable,Cod,Delivered,02E874D014,F*** C***,XXXXXX7676,[REDACTED - Mumbai],,ACTUAL
102814811684,South Delhi,110062,751,HBZ-2635361,"ABC, Bhiwandi, Mumbai, Maharashtra",400016,Mumbai,2026-01-25,2026-01-27,2026-02-03,2026-02-03,2026-02-02,Not Applicable,Prepaid,Delivered,DEBF108A7E,S*** C***,XXXXXX7009,[REDACTED - South Delhi],,ACTUAL
103114846889,Bangalore,560001,1339,BYN-2600265,"ABC, Bhiwandi, Mumbai, Maharashtra",400016,Mumbai,2026-01-25,2026-01-27,2026-02-01,2026-02-01,2026-02-01,Not Applicable,Prepaid,Delivered,2060416413,S*** C***,XXXXXX2881,[REDACTED - Bangalore],,ACTUAL
110714932960,South Delhi,110024,290,DOP-2704633,"ABC, Bhiwandi, Mumbai, Maharashtra",400016,Mumbai,2026-01-25,2026-01-25,2026-02-02,2026-02-02,2026-01-31,Not Applicable,Cod,Delivered,1297E27FC7,A*** C***,XXXXXX9864,[REDACTED - South Delhi],,ACTUAL
110414893787,Champawat,262310,2008,HYJ-2699804,"ABC, Bhiwandi, Mumbai, Maharashtra",400016,Mumbai,2026-01-25,2026-01-26,2026-01-28,,2026-01-28,COD payment declined,Cod,RTO,9815ADF54C,A*** C***,XXXXXX4194,[REDACTED - Champawat],,ACTUAL
110914949646,Ludhiana,141001,1003,YKL-2244651,"ABC, Bhiwandi, Mumbai, Maharashtra",400016,Mumbai,2026-01-25,2026-01-25,2026-01-26,2026-01-26,2026-01-27,Not Applicable,Cod,Delivered,7EE3F14253,K*** C***,XXXXXX2500,[REDACTED - Ludhiana],,ACTUAL
110414894219,Gulbarga,585102,889,TKS-2642194,"ABC, Bhiwandi, Mumbai, Maharashtra",400016,Mumbai,2026-01-25,2026-01-27,2026-01-30,2026-01-30,2026-01-31,Not Applicable,Cod,Delivered,8F8AAB64AB,P*** C***,XXXXXX9555,[REDACTED - Gulbarga],,ACTUAL
110414888043,Raipur,492008,833,FSZ-2599920,"ABC, Bhiwandi, Mumbai, Maharashtra",400016,Mumbai,2026-01-25,2026-01-26,2026-01-28,2026-01-28,2026-01-28,Not Applicable,Cod,Delivered,28018B0373,P*** C***,XXXXXX6737,[REDACTED - Raipur],,ACTUAL
111014971072,Central Delhi,110005,533,HBK-2233716,"ABC, Bhiwandi, Mumbai, Maharashtra",400016,Mumbai,2026-01-25,2026-01-25,2026-01-28,,2026-01-27,Phone not reachable,Cod,RTO,9F9F853540,S*** C***,XXXXXX7013,[REDACTED - Central Delhi],,ACTUAL
101914719085,Lalitpur,284403,849,EWE-2763148,"ABC, Bhiwandi, Mumbai, Maharashtra",400016,Mumbai,2026-01-25,2026-01-26,2026-01-30,2026-01-30,2026-01-31,Not Applicable,Cod,Delivered,1EEEB7F1A7,N*** C***,XXXXXX9217,[REDACTED - Lalitpur],,ACTUAL
111014967129,K.V.Rangareddy,500032,923,DUE-2015418,"ABC, Bhiwandi, Mumbai, Maharashtra",400016,Mumbai,2026-01-25,2026-01-28,2026-02-01,2026-02-01,2026-02-03,Not Applicable,Prepaid,Delivered,ADBEC4C570,P*** C***,XXXXXX9201,[REDACTED - K.V.Rangareddy],,ACTUAL
111014965010,Gautam Buddha Nagar,201301,1658,SRS-2030598,"ABC, Bhiwandi, Mumbai, Maharashtra",400016,Mumbai,2026-01-25,2026-01-26,2026-01-26,2026-01-26,2026-01-28,Not Applicable,Cod,Delivered,E81DC92E9F,R*** C***,XXXXXX2375,[REDACTED - Gautam Buddha Nagar],,ACTUAL
110814943139,K.V.Rangareddy,500032,704,BFM-2720016,"ABC, Bhiwandi, Mumbai, Maharashtra",400016,Mumbai,2026-01-25,2026-01-25,2026-01-25,2026-01-25,2026-01-26,Not Applicable,Cod,Delivered,2C997FF4AE,P*** C***,XXXXXX9201,[REDACTED - K.V.Rangareddy],,ACTUAL
110914949814,Chittoor,517583,840,DOP-2777221,"ABC, Bhiwandi, Mumbai, Maharashtra",400016,Mumbai,2026-01-25,2026-01-26,2026-01-28,2026-01-28,2026-01-30,Not Applicable,Cod,Delivered,075FFD9989,A*** C***,XXXXXX2119,[REDACTED - Chittoor],,ACTUAL
110614920758,Madurai,625001,524,FB3-2087210,"ABC, Bhiwandi, Mumbai, Maharashtra",400016,Mumbai,2026-01-25,2026-01-26,2026-01-30,,2026-01-29,Phone not reachable,Cod,RTO,552639DF16,B*** C***,XXXXXX8236,[REDACTED - Madurai],,ACTUAL
110214874700,Gandhi Nagar,382421,499,DHB-2704568,"ABC, Bhiwandi, Mumbai, Maharashtra",400016,Mumbai,2026-01-25,2026-01-28,2026-01-29,2026-01-30,2026-02-01,Customer requested re-attempt,Prepaid,Delivered,EC27782C0C,A*** C***,XXXXXX1007,[REDACTED - Gandhi Nagar],,ACTUAL
110614915992,Hyderabad,500032,551,YSY-2333047,"ABC, Bhiwandi, Mumbai, Maharashtra",400016,Mumbai,2026-01-25,2026-01-26,2026-01-27,2026-01-27,2026-01-28,Not Applicable,Cod,Delivered,689C5AEC35,s*** C***,XXXXXX4092,[REDACTED - Hyderabad],,ACTUAL
110814942074,Bhopal,462030,410,DOP-2303225,"ABC, Bhiwandi, Mumbai, Maharashtra",400016,Mumbai,2026-01-25,2026-01-26,2026-01-30,,2026-01-29,Customer cancelled order,Cod,RTO,FE4F2290EB,S*** C***,XXXXXX0977,[REDACTED - Bhopal],,ACTUAL
111214987721,Ghaziabad,201017,697,CSK-2700245,"ABC, Bhiwandi, Mumbai, Maharashtra",400016,Mumbai,2026-01-25,2026-01-26,2026-01-26,2026-01-27,2026-01-27,Landmark missing,Prepaid,Delivered,6BC7EF8E45,A*** C***,XXXXXX7173,[REDACTED - Ghaziabad],,ACTUAL
110414896118,Bathinda,151001,619,SN-2159846,"ABC, Bhiwandi, Mumbai, Maharashtra",400016,Mumbai,2026-01-25,2026-01-26,2026-01-26,2026-01-27,2026-01-29,Address issue,Cod,Delivered,A2B3CAB167,S*** C***,XXXXXX0577,[REDACTED - Bathinda],,ACTUAL
111014969753,Jaipur,302021,1598,FBO-1977217,"ABC, Bhiwandi, Mumbai, Maharashtra",400016,Mumbai,2026-01-25,2026-01-27,2026-02-01,,2026-01-31,COD payment declined,Cod,RTO,AD7C2FAB6C,N*** C***,XXXXXX6911,[REDACTED - Jaipur],,ACTUAL
92914422358,Yamuna Nagar,135003,1229,YZK-2424767,"ABC, Bhiwandi, Mumbai, Maharashtra",400016,Mumbai,2026-01-25,2026-01-27,,,2026-01-30,Not Applicable,Cod,In-Transit,C198C5F957,B*** C***,XXXXXX1360,[REDACTED - Yamuna Nagar],not_yet_attempted,ACTUAL
110914956973,Kolkata,700025,771,BYB-2712282,"ABC, Bhiwandi, Mumbai, Maharashtra",400016,Mumbai,2026-01-25,2026-01-26,2026-02-01,2026-02-01,2026-02-02,Not Applicable,Cod,Delivered,A01427D25B,S*** C***,XXXXXX6574,[REDACTED - Kolkata],,ACTUAL
110614918599,East Khasi Hills,793014,717,LEX-2662240,"ABC, Bhiwandi, Mumbai, Maharashtra",400016,Mumbai,2026-01-25,2026-01-26,2026-01-29,2026-01-29,2026-01-31,Not Applicable,Cod,Delivered,0F3F777704,M*** C***,XXXXXX1447,[REDACTED - East Khasi Hills],,ACTUAL
110714936362,Gurgaon,122018,435,OJO-2741688,"ABC, Bhiwandi, Mumbai, Maharashtra",400016,Mumbai,2026-01-25,2026-01-28,2026-02-01,,2026-01-31,Address issue,Cod,RTO,E642EC6964,B*** C***,XXXXXX0914,[REDACTED - Gurgaon],,ACTUAL
110814941710,Mumbai,400092,496,WNX-1864201,"ABC, Bhiwandi, Mumbai, Maharashtra",400016,Mumbai,2026-01-25,2026-01-26,2026-01-31,2026-01-31,2026-01-31,Not Applicable,Prepaid,Delivered,358C7A938E,A*** C***,XXXXXX5918,[REDACTED - Mumbai],,ACTUAL
110914955556,Ahmedabad,380058,700,LB2-2285254,"ABC, Bhiwandi, Mumbai, Maharashtra",400016,Mumbai,2026-01-25,2026-01-27,2026-01-29,2026-01-29,2026-01-30,Not Applicable,Cod,Delivered,378457B9DA,S*** C***,XXXXXX4404,[REDACTED - Ahmedabad],,ACTUAL
110814938902,Khorda,751007,918,QXT-2036511,"ABC, Bhiwandi, Mumbai, Maharashtra",400016,Mumbai,2026-01-25,2026-01-27,2026-02-04,,2026-02-03,Customer not available,Cod,RTO,DCA7175C96,M*** C***,XXXXXX8251,[REDACTED - Khorda],,ACTUAL
110214872295,Raigarh(MH),410206,744,LSM-2715310,"ABC, Bhiwandi, Mumbai, Maharashtra",400016,Mumbai,2026-01-25,2026-01-26,2026-01-26,2026-01-26,2026-01-28,Not Applicable,Cod,Delivered,F4086E80CC,T*** C***,XXXXXX2889,[REDACTED - Raigarh(MH)],,ACTUAL
110714935250,bhilwaraBhilwara,311001,2784,EWE-2730959,"ABC, Bhiwandi, Mumbai, Maharashtra",400016,Mumbai,2026-01-25,2026-01-27,2026-01-30,2026-02-01,2026-02-01,Delivery postponed by customer,Cod,Delivered,A94CD3F394,s*** C***,XXXXXX3011,[REDACTED - bhilwaraBhilwara],high_value_order,ACTUAL
110714928962,Mohali,110065,1252,XYX-2724783,"ABC, Bhiwandi, Mumbai, Maharashtra",400016,Mumbai,2026-01-25,2026-01-25,2026-01-30,2026-01-30,2026-02-01,Not Applicable,Prepaid,Delivered,5411062070,U*** C***,XXXXXX0363,[REDACTED - Mohali],,ACTUAL
111014966805,Hyderabad,500070,1413,DUE-1510930,"ABC, Bhiwandi, Mumbai, Maharashtra",400016,Mumbai,2026-01-25,2026-01-27,2026-02-02,,2026-02-01,Customer refused delivery,Cod,RTO,25DE5E4C7F,R*** C***,XXXXXX7851,[REDACTED - Hyderabad],,ACTUAL
110914958085,South 24 Parganas,700103,1110,SRS-2110949,"ABC, Bhiwandi, Mumbai, Maharashtra",400016,Mumbai,2026-01-25,2026-01-26,2026-01-29,2026-01-29,2026-01-28,Not Applicable,Prepaid,Delivered,2AD3680879,A*** C***,XXXXXX8860,[REDACTED - South 24 Parganas],,ACTUAL
110914957063,Alappuzha,688534,569,RUO-2562815,"ABC, Bhiwandi, Mumbai, Maharashtra",400016,Mumbai,2026-01-25,2026-01-26,2026-01-30,2026-01-30,2026-01-30,Not Applicable,Cod,Delivered,C7F1C2A243,F*** C***,XXXXXX9387,[REDACTED - Alappuzha],,ACTUAL
110414895897,Lucknow,226012,593,JTM-2611081,"ABC, Bhiwandi, Mumbai, Maharashtra",400016,Mumbai,2026-01-25,2026-01-26,2026-01-29,2026-01-29,2026-01-31,Not Applicable,Prepaid,Delivered,F21B6138E0,H*** C***,XXXXXX6493,[REDACTED - Lucknow],,ACTUAL
102614797193,Hyderabad,500020,523,YKL-2200680,"ABC, Bhiwandi, Mumbai, Maharashtra",400016,Mumbai,2026-01-25,2026-01-26,2026-02-01,2026-02-01,2026-01-29,Not Applicable,Prepaid,Delivered,0AAEBDA47F,C*** C***,XXXXXX2803,[REDACTED - Hyderabad],,ACTUAL
110914950107,Kota,324005,199,GEW-2637532,"ABC, Bhiwandi, Mumbai, Maharashtra",400016,Mumbai,2026-01-25,2026-01-26,,,2026-01-28,Not Applicable,Prepaid,In-Transit,38877CDBCD,A*** C***,XXXXXX5353,[REDACTED - Kota],not_yet_attempted,ACTUAL
110514911560,Gurgaon,122002,1062,CB8-2716966,"ABC, Bhiwandi, Mumbai, Maharashtra",400016,Mumbai,2026-01-25,2026-01-26,2026-01-31,,2026-01-29,Customer cancelled order,Cod,RTO,1B2BB83EE2,K*** C***,XXXXXX1837,[REDACTED - Gurgaon],,ACTUAL
110814944410,Jaipur,302004,499,JJS-2777324,"ABC, Bhiwandi, Mumbai, Maharashtra",400016,Mumbai,2026-01-25,2026-01-26,2026-01-29,2026-01-29,2026-01-31,Not Applicable,Cod,Delivered,1CE47CEE32,P*** C***,XXXXXX4009,[REDACTED - Jaipur],,ACTUAL
111014965391,Faridabad,121006,795,TCA-2715511,"ABC, Bhiwandi, Mumbai, Maharashtra",400016,Mumbai,2026-01-25,2026-01-26,2026-01-27,2026-01-27,2026-01-29,Not Applicable,Cod,Delivered,FD9E9C4FEE,H*** C***,XXXXXX5002,[REDACTED - Faridabad],,ACTUAL
110914958659,Rajkot,360001,1071,SN-2139851,"ABC, Bhiwandi, Mumbai, Maharashtra",400016,Mumbai,2026-01-25,2026-01-26,2026-01-26,2026-01-26,2026-01-28,Landmark missing,Prepaid,Delivered,A65870C0E5,A*** C***,XXXXXX5739,[REDACTED - Rajkot],,ACTUAL
110714935252,bhilwaraBhilwara,311001,237,DCH-2608454,"ABC, Bhiwandi, Mumbai, Maharashtra",400016,Mumbai,2026-01-25,2026-01-26,2026-01-28,2026-01-28,2026-01-29,Not Applicable,Cod,Delivered,0000A183C2,s*** C***,XXXXXX3011,[REDACTED - bhilwaraBhilwara],,ACTUAL
111014967171,Sant Ravidas Nagar,221401,972,YBB-2378744,"ABC, Bhiwandi, Mumbai, Maharashtra",400016,Mumbai,2026-01-25,2026-01-26,2026-02-03,2026-02-03,2026-02-01,Not Applicable,Cod,Delivered,0965CED890,J*** C***,XXXXXX1574,[REDACTED - Sant Ravidas Nagar],,ACTUAL
111014966806,Ghaziabad,201001,405,SV6-2315112,"ABC, Bhiwandi, Mumbai, Maharashtra",400016,Mumbai,2026-01-25,2026-01-27,2026-01-29,2026-01-29,2026-01-30,Not Applicable,Cod,Delivered,1E5AFEA8DD,K*** C***,XXXXXX2501,[REDACTED - Ghaziabad],,ACTUAL
110814948745,Gwalior,474001,779,CMW-2624365,"ABC, Bhiwandi, Mumbai, Maharashtra",400016,Mumbai,2026-01-25,2026-01-26,2026-03-04,,2026-01-30,Delivery postponed by customer,Cod,Out of delivery,A50389CF3D,B*** C***,XXXXXX6575,[REDACTED - Gwalior],,ACTUAL
110714927385,Jalandhar,144001,899,ZON-2775442,"ABC, Bhiwandi, Mumbai, Maharashtra",400016,Mumbai,2026-01-25,2026-01-26,2026-01-27,2026-01-27,2026-01-28,Not Applicable,Cod,Delivered,9A5948EECA,S*** C***,XXXXXX0333,[REDACTED - Jalandhar],,ACTUAL
111014966086,Lucknow,226002,789,YZK-2723684,"ABC, Bhiwandi, Mumbai, Maharashtra",400016,Mumbai,2026-01-25,2026-01-26,2026-01-29,2026-01-29,2026-01-30,Not Applicable,Cod,Delivered,ED62F2A951,A*** C***,XXXXXX5927,[REDACTED - Lucknow],,ACTUAL
110814944704,Pune,411021,639,LSB-2663818,"ABC, Bhiwandi, Mumbai, Maharashtra",400016,Mumbai,2026-01-25,2026-01-25,2026-03-04,,2026-01-26,Customer requested re-attempt,Cod,Out of delivery,A165A74496,K*** C***,XXXXXX9561,[REDACTED - Pune],,ACTUAL
102114734442,Vidisha,464001,499,FUF-2658762,"ABC, Bhiwandi, Mumbai, Maharashtra",400016,Mumbai,2026-01-25,2026-01-27,2026-01-29,2026-01-29,2026-01-30,Not Applicable,Prepaid,Delivered,47F6E6C465,S*** C***,XXXXXX4520,[REDACTED - Vidisha],,ACTUAL
110814947703,Bangalore,560078,2428,SRS-2660324,"ABC, Bhiwandi, Mumbai, Maharashtra",400016,Mumbai,2026-01-25,2026-01-27,2026-01-30,,2026-01-29,Landmark missing,Cod,RTO,EA046F714B,T*** C***,XXXXXX3022,[REDACTED - Bangalore],,ACTUAL
110914958996,North West Delhi,110035,775,ADX-2681915,"ABC, Bhiwandi, Mumbai, Maharashtra",400016,Mumbai,2026-01-26,2026-01-27,2026-01-30,,2026-01-28,Phone not reachable,Cod,RTO,E8A0465FC8,A*** C***,XXXXXX2924,[REDACTED - North West Delhi],,ACTUAL
110814944722,Pune,411021,799,KTD-2696380,"ABC, Bhiwandi, Mumbai, Maharashtra",400016,Mumbai,2026-01-26,2026-01-27,2026-02-02,2026-02-02,2026-02-02,Not Applicable,Cod,Delivered,D319EF49A9,K*** C***,XXXXXX9561,[REDACTED - Pune],,ACTUAL
110714930789,Malappuram,673647,661,CDY-2683403,"ABC, Bhiwandi, Mumbai, Maharashtra",400016,Mumbai,2026-01-26,2026-01-27,2026-01-27,2026-01-27,2026-01-29,Not Applicable,Cod,Delivered,107B63AA34,H*** C***,XXXXXX5540,[REDACTED - Malappuram],,ACTUAL
110114854837,Kanchipuram,600043,499,JJS-2769483,"ABC, Bhiwandi, Mumbai, Maharashtra",400016,Mumbai,2026-01-26,2026-01-28,2026-01-31,2026-01-31,2026-02-01,Not Applicable,Cod,Delivered,F7660D9570,A*** C***,XXXXXX3506,[REDACTED - Kanchipuram],,ACTUAL
100414497217,Lower Subansiri,791120,1778,HMJ-2730200,"ABC, Bhiwandi, Mumbai, Maharashtra",400016,Mumbai,2026-01-26,2026-01-27,2026-01-27,2026-01-27,2026-01-29,Not Applicable,Prepaid,Delivered,B23F2A3A32,M*** C***,XXXXXX6523,[REDACTED - Lower Subansiri],,ACTUAL
110514902941,Baleswar,756019,699,YWB-2603627,"ABC, Bhiwandi, Mumbai, Maharashtra",400016,Mumbai,2026-01-26,2026-01-27,2026-01-28,2026-01-28,2026-01-30,Not Applicable,Cod,Delivered,874323256C,S*** C***,XXXXXX4382,[REDACTED - Baleswar],,ACTUAL
110914955188,Lucknow,226022,2104,SRS-2729921,"ABC, Bhiwandi, Mumbai, Maharashtra",400016,Mumbai,2026-01-26,2026-01-26,2026-01-28,2026-01-28,2026-01-27,Not Applicable,Cod,Delivered,A53EF697F3,s*** C***,XXXXXX7000,[REDACTED - Lucknow],,ACTUAL
110414887455,East Singhbhum,831006,449,TJ-2303819,"ABC, Bhiwandi, Mumbai, Maharashtra",400016,Mumbai,2026-01-26,2026-01-28,2026-01-31,2026-02-01,2026-01-31,Landmark missing,Cod,Delivered,4D9D276C95,N*** C***,XXXXXX1000,[REDACTED - East Singhbhum],,ACTUAL
110814949225,Kanchipuram,600100,240,GEW-2511229,"ABC, Bhiwandi, Mumbai, Maharashtra",400016,Mumbai,2026-01-26,2026-01-29,2026-01-31,,2026-01-31,Phone not reachable,Cod,RTO,D81D89D062,K*** C***,XXXXXX0835,[REDACTED - Kanchipuram],,ACTUAL
110514904099,Baleswar,756019,1123,ADX-2693673,"ABC, Bhiwandi, Mumbai, Maharashtra",400016,Mumbai,2026-01-26,2026-01-27,2026-01-30,2026-01-30,2026-01-31,Not Applicable,Prepaid,Delivered,BE420D5793,S*** C***,XXXXXX4382,[REDACTED - Baleswar],,ACTUAL
100614530490,Lucknow,226016,959,YZK-2736785,"ABC, Bhiwandi, Mumbai, Maharashtra",400016,Mumbai,2026-01-26,2026-01-28,2026-01-30,2026-01-30,2026-02-01,Not Applicable,Cod,Delivered,162D8419B8,P*** C***,XXXXXX8656,[REDACTED - Lucknow],,ACTUAL
111014962790,Hyderabad,500055,599,PNA-2028382,"ABC, Bhiwandi, Mumbai, Maharashtra",400016,Mumbai,2026-01-26,2026-01-27,2026-02-01,,2026-01-31,COD payment declined,Cod,RTO,29920D7EE0,R*** C***,XXXXXX4599,[REDACTED - Hyderabad],,ACTUAL
101814700620,Narsinghpur,487221,849,DRZ-2411418,"ABC, Bhiwandi, Mumbai, Maharashtra",400016,Mumbai,2026-01-26,2026-01-29,2026-02-02,2026-02-02,2026-02-02,Not Applicable,Cod,Delivered,884DCF457A,R*** C***,XXXXXX1907,[REDACTED - Narsinghpur],,ACTUAL
110914951043,Mumbai,400001,850,SE-2722999,"ABC, Bhiwandi, Mumbai, Maharashtra",400016,Mumbai,2026-01-26,2026-01-26,2026-01-26,2026-01-26,2026-01-28,Not Applicable,Cod,Delivered,4BF11EA09E,M*** C***,XXXXXX7065,[REDACTED - Mumbai],,ACTUAL
110914958660,Baddi,173205,954,0PQ-2071907,"ABC, Bhiwandi, Mumbai, Maharashtra",400016,Mumbai,2026-01-26,2026-01-27,2026-01-30,,2026-01-28,COD payment declined,Cod,RTO,6A2C68C092,M*** C***,XXXXXX4013,[REDACTED - Baddi],,ACTUAL
111114974021,Raigarh(MH),410209,1007,ABL-1546795,"ABC, Bhiwandi, Mumbai, Maharashtra",400016,Mumbai,2026-01-26,2026-01-28,2026-02-02,,2026-02-01,Address issue,Cod,RTO,E17938321E,M*** C***,XXXXXX2180,[REDACTED - Raigarh(MH)],,ACTUAL
110914959694,Kanchipuram,600116,1499,PCL-2643384,"ABC, Bhiwandi, Mumbai, Maharashtra",400016,Mumbai,2026-01-26,2026-01-28,2026-01-31,,2026-01-31,Customer cancelled order,Cod,RTO,389ADD5FE4,A*** C***,XXXXXX4007,[REDACTED - Kanchipuram],,ACTUAL
110914959404,Ghaziabad,201016,1347,SRS-2160336,"ABC, Bhiwandi, Mumbai, Maharashtra",400016,Mumbai,2026-01-26,2026-01-28,2026-02-01,2026-02-01,2026-02-01,Not Applicable,Cod,Delivered,15FA37D101,S*** C***,XXXXXX3628,[REDACTED - Ghaziabad],,ACTUAL
111214994783,Bangalore,560036,522,THD-1584995,"ABC, Bhiwandi, Mumbai, Maharashtra",400016,Mumbai,2026-01-26,2026-01-28,2026-01-31,,2026-01-30,Phone not reachable,Prepaid,RTO,5ACD79A828,H*** C***,XXXXXX4090,[REDACTED - Bangalore],,ACTUAL
103114850166,Lawngtlai,796891,565,PDG-2184834,"ABC, Bhiwandi, Mumbai, Maharashtra",400016,Mumbai,2026-01-26,2026-01-27,2026-01-30,,2026-01-30,Customer not available,Cod,RTO,143101D2C1,R*** C***,XXXXXX2378,[REDACTED - Lawngtlai],,ACTUAL
110814944255,K.V.Rangareddy,500052,1150,K1-2587398,"ABC, Bhiwandi, Mumbai, Maharashtra",400016,Mumbai,2026-01-26,2026-01-28,2026-01-31,2026-01-31,2026-02-02,Not Applicable,Prepaid,Delivered,18079A22E3,B*** C***,XXXXXX3796,[REDACTED - K.V.Rangareddy],,ACTUAL
110714928779,Rohtak,124001,799,FB3-2658130,"ABC, Bhiwandi, Mumbai, Maharashtra",400016,Mumbai,2026-01-26,2026-01-27,2026-02-01,,2026-01-31,Customer cancelled order,Cod,RTO,D960D1DC94,M*** C***,XXXXXX1824,[REDACTED - Rohtak],,ACTUAL
110314933039,Pune,411015,441,YGS-1979928,"ABC, Bhiwandi, Mumbai, Maharashtra",400016,Mumbai,2026-01-26,2026-01-28,2026-02-02,2026-02-02,2026-02-02,Not Applicable,Prepaid,Delivered,19EAC63B9B,S*** C***,XXXXXX1120,[REDACTED - Pune],,ACTUAL
110814944310,Mumbai,400052,599,VNT-2153177,"ABC, Bhiwandi, Mumbai, Maharashtra",400016,Mumbai,2026-01-26,2026-01-27,2026-01-31,,2026-01-30,Landmark missing,Cod,RTO,E095FBB6B3,A*** C***,XXXXXX8002,[REDACTED - Mumbai],,ACTUAL
110814942310,Gurgaon,122002,998,DCH-2525422,"ABC, Bhiwandi, Mumbai, Maharashtra",400016,Mumbai,2026-01-26,2026-01-27,2026-01-28,2026-01-28,2026-01-29,Not Applicable,Cod,Delivered,C4504C64A6,C*** C***,XXXXXX0213,[REDACTED - Gurgaon],,ACTUAL
111014968076,Bangalore,560103,729,WEY-2607702,"ABC, Bhiwandi, Mumbai, Maharashtra",400016,Mumbai,2026-01-26,2026-01-29,2026-02-05,,2026-02-04,Address issue,Cod,RTO,FE94B03BE1,S*** C***,XXXXXX7892,[REDACTED - Bangalore],,ACTUAL
111114982876,Gurgaon,122001,2031,XHZ-2743865,"ABC, Bhiwandi, Mumbai, Maharashtra",400016,Mumbai,2026-01-26,2026-01-27,2026-02-02,2026-02-02,2026-02-01,Not Applicable,Prepaid,Delivered,E67FBA931B,N*** C***,XXXXXX4009,[REDACTED - Gurgaon],,ACTUAL
110314883500,aizawl,796001,1544,LSM-2744707,"ABC, Bhiwandi, Mumbai, Maharashtra",400016,Mumbai,2026-01-26,2026-01-28,2026-01-30,2026-01-30,2026-01-30,Not Applicable,Cod,Delivered,B9C6302D92,J*** C***,XXXXXX3196,[REDACTED - aizawl],,ACTUAL
110814937680,North West Delhi,110009,889,DDS-2117778,"ABC, Bhiwandi, Mumbai, Maharashtra",400016,Mumbai,2026-01-26,2026-01-28,2026-03-05,,2026-01-30,Customer requested re-attempt,Cod,Out of delivery,D50618AC70,Y*** C***,XXXXXX7291,[REDACTED - North West Delhi],,ACTUAL
103114851181,North Delhi,110007,2587,KQS-2707595,"ABC, Bhiwandi, Mumbai, Maharashtra",400016,Mumbai,2026-01-26,2026-01-28,2026-02-02,2026-02-02,2026-02-02,Not Applicable,Cod,Delivered,7089D9213C,S*** C***,XXXXXX7988,[REDACTED - North Delhi],,ACTUAL
111114975416,Raigarh(MH),410206,449,CRH-2627147,"ABC, Bhiwandi, Mumbai, Maharashtra",400016,Mumbai,2026-01-26,2026-01-27,,,2026-01-28,Not Applicable,Prepaid,In-Transit,6895B400A0,J*** C***,XXXXXX9648,[REDACTED - Raigarh(MH)],not_yet_attempted,ACTUAL
111014961750,Nashik,422102,3698,0PQ-2460939,"ABC, Bhiwandi, Mumbai, Maharashtra",400016,Mumbai,2026-01-26,2026-01-27,2026-01-27,2026-01-27,2026-01-28,Not Applicable,Cod,Delivered,6F74700679,R*** C***,XXXXXX7255,[REDACTED - Nashik],high_value_order,ACTUAL
111014968336,Ghaziabad,201014,1064,ADX-1965147,"ABC, Bhiwandi, Mumbai, Maharashtra",400016,Mumbai,2026-01-26,2026-01-28,2026-02-01,,2026-02-01,Phone not reachable,Cod,RTO,D04F13B7E9,T*** C***,XXXXXX2981,[REDACTED - Ghaziabad],,ACTUAL
111014963613,PUNE,411057,828,GLT-2718354,"ABC, Bhiwandi, Mumbai, Maharashtra",400016,Mumbai,2026-01-26,2026-01-27,2026-01-30,2026-01-31,2026-02-01,Phone not reachable,Prepaid,Delivered,9C27068E5D,S*** C***,XXXXXX6310,[REDACTED - PUNE],,ACTUAL
103014839518,Bareilly,243303,1113,SN-2392387,"ABC, Bhiwandi, Mumbai, Maharashtra",400016,Mumbai,2026-01-26,2026-01-26,2026-01-27,2026-01-27,2026-01-29,Not Applicable,Cod,Delivered,0A272642FD,A*** C***,XXXXXX2846,[REDACTED - Bareilly],,ACTUAL
111014963612,PUNE,411057,799,PCL-1890849,"ABC, Bhiwandi, Mumbai, Maharashtra",400016,Mumbai,2026-01-26,2026-01-27,2026-02-03,,2026-02-02,Phone not reachable,Cod,RTO,866A5C6B1A,S*** C***,XXXXXX6310,[REDACTED - PUNE],,ACTUAL
110414896618,Bhagalpur,812001,429,LLT-2741204,"ABC, Bhiwandi, Mumbai, Maharashtra",400016,Mumbai,2026-01-26,2026-01-27,2026-01-29,2026-01-29,2026-01-30,Not Applicable,Prepaid,Delivered,2AC1F394FD,D*** C***,XXXXXX9174,[REDACTED - Bhagalpur],,ACTUAL
110614922464,Ernakulam,682024,989,PUV-2167627,"ABC, Bhiwandi, Mumbai, Maharashtra",400016,Mumbai,2026-01-26,2026-01-26,2026-01-28,2026-01-28,2026-01-29,Not Applicable,Cod,Delivered,47FEBD56C1,T*** C***,XXXXXX0399,[REDACTED - Ernakulam],,ACTUAL
110614912857,Rewari,123401,609,CRH-2696706,"ABC, Bhiwandi, Mumbai, Maharashtra",400016,Mumbai,2026-01-26,2026-01-27,2026-02-01,2026-02-01,2026-02-02,Not Applicable,Prepaid,Delivered,A33C0F63B0,A*** C***,XXXXXX3833,[REDACTED - Rewari],,ACTUAL
111114976601,Mumbai,400080,1087,KRU-2645932,"ABC, Bhiwandi, Mumbai, Maharashtra",400016,Mumbai,2026-01-26,2026-01-29,2026-01-30,2026-01-30,2026-01-31,Not Applicable,Cod,Delivered,265225A225,A*** C***,XXXXXX7674,[REDACTED - Mumbai],,ACTUAL
110914951279,K.V.Rangareddy,501510,425,IVE-2735884,"ABC, Bhiwandi, Mumbai, Maharashtra",400016,Mumbai,2026-01-26,2026-01-28,2026-02-04,2026-02-04,2026-02-01,Not Applicable,Cod,Delivered,BBCECA202C,K*** C***,XXXXXX1721,[REDACTED - K.V.Rangareddy],,ACTUAL
110914958573,Gurgaon,122002,899,PUV-2582440,"ABC, Bhiwandi, Mumbai, Maharashtra",400016,Mumbai,2026-01-26,2026-01-27,2026-02-01,,2026-01-31,Phone not reachable,Cod,RTO,8B6D341B9F,V*** C***,XXXXXX4235,[REDACTED - Gurgaon],,ACTUAL
110414897407,Bangalore,560001,799,TKS-2642065,"ABC, Bhiwandi, Mumbai, Maharashtra",400016,Mumbai,2026-01-26,2026-01-26,2026-02-03,2026-02-04,2026-02-01,Address issue,Cod,Delivered,954AD80DFF,C*** C***,XXXXXX1889,[REDACTED - Bangalore],,ACTUAL
101614678655,Indore,452001,1279,BFM-2756433,"ABC, Bhiwandi, Mumbai, Maharashtra",400016,Mumbai,2026-01-26,2026-01-27,2026-01-27,2026-01-27,2026-01-29,Not Applicable,Cod,Delivered,992A573A85,C*** C***,XXXXXX2367,[REDACTED - Indore],,ACTUAL
110214875741,Shahdol,484774,249,CB8-2749147,"ABC, Bhiwandi, Mumbai, Maharashtra",400016,Mumbai,2026-01-26,2026-01-27,2026-01-28,2026-01-29,2026-01-30,Customer requested re-attempt,Prepaid,Delivered,3AE61136C2,S*** C***,XXXXXX8334,[REDACTED - Shahdol],,ACTUAL
111114975813,Pune,411008,549,CRH-2676160,"ABC, Bhiwandi, Mumbai, Maharashtra",400016,Mumbai,2026-01-26,2026-01-27,2026-01-29,2026-01-31,2026-02-01,Customer requested re-attempt,Prepaid,Delivered,79DAFA736B,P*** C***,XXXXXX9571,[REDACTED - Pune],,ACTUAL
102914826071,East Godavari,533201,999,BOX-2386497,"ABC, Bhiwandi, Mumbai, Maharashtra",400016,Mumbai,2026-01-26,2026-01-28,2026-02-01,2026-02-01,2026-01-30,Not Applicable,Prepaid,Delivered,855577873D,S*** C***,XXXXXX4004,[REDACTED - East Godavari],,ACTUAL
111114976989,Gurgaon,122017,929,EWE-2740122,"ABC, Bhiwandi, Mumbai, Maharashtra",400016,Mumbai,2026-01-26,2026-01-29,2026-01-29,2026-01-29,2026-01-30,Not Applicable,Prepaid,Delivered,2BF7339C65,a*** C***,XXXXXX3747,[REDACTED - Gurgaon],,ACTUAL
110814947369,Latur,413512,660,DOP-2729504,"ABC, Bhiwandi, Mumbai, Maharashtra",400016,Mumbai,2026-01-26,2026-01-27,2026-03-05,,2026-01-30,Customer requested re-attempt,Cod,Out of delivery,8748E5DFE5,A*** C***,XXXXXX6010,[REDACTED - Latur],,ACTUAL
110414897272,Serchhip,796181,1458,SRS-1707547,"ABC, Bhiwandi, Mumbai, Maharashtra",400016,Mumbai,2026-01-26,2026-01-28,2026-02-02,2026-02-02,2026-01-30,Not Applicable,Prepaid,Delivered,BF589C826F,M*** C***,XXXXXX9563,[REDACTED - Serchhip],,ACTUAL
103114913271,Gautam Buddha Nagar,201309,1393,SRS-2752192,"ABC, Bhiwandi, Mumbai, Maharashtra",400016,Mumbai,2026-01-26,2026-01-26,2026-01-26,2026-01-26,2026-01-28,Not Applicable,Cod,Delivered,3ABBAD7B0C,M*** C***,XXXXXX3960,[REDACTED - Gautam Buddha Nagar],,ACTUAL
103114840390,Gautam Buddha Nagar,201309,1393,SRS-2752187,"ABC, Bhiwandi, Mumbai, Maharashtra",400016,Mumbai,2026-01-26,2026-01-26,2026-01-28,2026-01-28,2026-01-28,Not Applicable,Cod,Delivered,69A6003F5D,M*** C***,XXXXXX3960,[REDACTED - Gautam Buddha Nagar],,ACTUAL
111114975795,Pune,411021,926,BFM-2295246,"ABC, Bhiwandi, Mumbai, Maharashtra",400016,Mumbai,2026-01-26,2026-01-28,2026-02-01,2026-02-01,2026-02-01,Not Applicable,Prepaid,Delivered,85364A7829,S*** C***,XXXXXX0895,[REDACTED - Pune],,ACTUAL
110114895075,Bangalore,560060,795,AJ-2199314,"ABC, Bhiwandi, Mumbai, Maharashtra",400016,Mumbai,2026-01-26,2026-01-27,2026-02-01,2026-02-01,2026-01-29,Not Applicable,Prepaid,Delivered,7EDB894F32,M*** C***,XXXXXX4278,[REDACTED - Bangalore],,ACTUAL
102214746775,PATNA,800014,1045,DP1-2269429,"ABC, Bhiwandi, Mumbai, Maharashtra",400016,Mumbai,2026-01-26,2026-01-27,2026-02-01,2026-02-01,2026-01-31,Not Applicable,Cod,Delivered,08C76F9630,s*** C***,XXXXXX4712,[REDACTED - PATNA],,ACTUAL
110514907665,Ludhiana,141120,759,XHZ-1619496,"ABC, Bhiwandi, Mumbai, Maharashtra",400016,Mumbai,2026-01-26,2026-01-28,,,2026-01-31,Not Applicable,Cod,Pickup done,D9C05656A2,S*** C***,XXXXXX7547,[REDACTED - Ludhiana],not_yet_attempted,ACTUAL
111114980121,Pune,411015,727,SIC-1690228,"ABC, Bhiwandi, Mumbai, Maharashtra",400016,Mumbai,2026-01-26,2026-01-28,2026-01-28,2026-01-29,2026-01-31,Landmark missing,Cod,Delivered,65052E741F,S*** C***,XXXXXX4600,[REDACTED - Pune],,ACTUAL
102214760144,Pune,411038,4085,MF4-2174366,"ABC, Bhiwandi, Mumbai, Maharashtra",400016,Mumbai,2026-01-26,2026-01-29,2026-01-30,2026-01-30,2026-01-31,Not Applicable,Prepaid,Delivered,85F8C497AA,S*** C***,XXXXXX0360,[REDACTED - Pune],high_value_order,ACTUAL
101814701443,Chennai,600014,1219,ADX-2733221,"ABC, Bhiwandi, Mumbai, Maharashtra",400016,Mumbai,2026-01-26,2026-01-28,2026-01-28,2026-01-28,2026-01-30,Not Applicable,Cod,Delivered,5169C5187E,A*** C***,XXXXXX3330,[REDACTED - Chennai],,ACTUAL
111014971881,Guntur,522508,759,XXC-2631242,"ABC, Bhiwandi, Mumbai, Maharashtra",400016,Mumbai,2026-01-26,2026-01-27,,,2026-01-29,Not Applicable,Cod,Pickup done,1FD71621D7,k*** C***,XXXXXX1305,[REDACTED - Guntur],not_yet_attempted,ACTUAL
102614797625,Thane,421202,427,YSY-2333086,"ABC, Bhiwandi, Mumbai, Maharashtra",400016,Mumbai,2026-01-26,2026-01-27,2026-01-31,2026-01-31,2026-01-31,Not Applicable,Prepaid,Delivered,A67D1E6B0E,M*** C***,XXXXXX3086,[REDACTED - Thane],,ACTUAL
111114975844,Mumbai,400002,726,AJ-2289097,"ABC, Bhiwandi, Mumbai, Maharashtra",400016,Mumbai,2026-01-26,2026-01-28,2026-01-28,2026-01-28,2026-01-30,Not Applicable,Prepaid,Delivered,86A7AF5A8E,V*** C***,XXXXXX1228,[REDACTED - Mumbai],,ACTUAL
103114844728,PATNA,800014,769,SIX-2379206,"ABC, Bhiwandi, Mumbai, Maharashtra",400016,Mumbai,2026-01-26,2026-01-27,2026-01-28,2026-01-28,2026-01-29,Not Applicable,Cod,Delivered,3BB9088122,s*** C***,XXXXXX4712,[REDACTED - PATNA],,ACTUAL
110414895726,Ghaziabad,201009,499,JJS-2777328,"ABC, Bhiwandi, Mumbai, Maharashtra",400016,Mumbai,2026-01-26,2026-01-27,2026-01-30,,2026-01-30,Address issue,Cod,RTO,D27EBD285D,J*** C***,XXXXXX1931,[REDACTED - Ghaziabad],,ACTUAL
110714934768,Dharwad,580024,539,PUV-2673809,"ABC, Bhiwandi, Mumbai, Maharashtra",400016,Mumbai,2026-01-26,2026-01-28,2026-01-31,2026-01-31,2026-02-01,Not Applicable,Prepaid,Delivered,6732417DB6,S*** C***,XXXXXX7573,[REDACTED - Dharwad],,ACTUAL
111014961447,BANGALORE,560078,333,ETZ-2476064,"ABC, Bhiwandi, Mumbai, Maharashtra",400016,Mumbai,2026-01-26,2026-01-27,2026-01-30,2026-01-30,2026-01-30,Not Applicable,Cod,Delivered,E89F5887E1,S*** C***,XXXXXX6851,[REDACTED - BANGALORE],,ACTUAL
111014967763,Mumbai,400067,1918,KMX-2546765,"ABC, Bhiwandi, Mumbai, Maharashtra",400016,Mumbai,2026-01-26,2026-01-29,2026-01-30,2026-01-30,2026-01-31,Not Applicable,Cod,Delivered,2DDD9E09BF,U*** C***,XXXXXX0071,[REDACTED - Mumbai],,ACTUAL
110514906846,Sindhudurg,416511,1699,SRS-2692595,"ABC, Bhiwandi, Mumbai, Maharashtra",400016,Mumbai,2026-01-26,2026-01-28,2026-01-31,2026-01-31,2026-02-02,Not Applicable,Prepaid,Delivered,99EC7908C5,E*** C***,XXXXXX1245,[REDACTED - Sindhudurg],,ACTUAL
110914955217,Dakshina Kannada,575002,438,THD-1584924,"ABC, Bhiwandi, Mumbai, Maharashtra",400016,Mumbai,2026-01-26,2026-01-29,2026-02-01,2026-02-01,2026-01-30,Not Applicable,Cod,Delivered,A014F2FB61,S*** C***,XXXXXX0395,[REDACTED - Dakshina Kannada],,ACTUAL
111014964734,Kanchipuram,600070,757,KMC-2683575,"ABC, Bhiwandi, Mumbai, Maharashtra",400016,Mumbai,2026-01-26,2026-01-27,2026-01-27,2026-01-27,2026-01-28,Landmark missing,Cod,Delivered,5D9593A99B,P*** C***,XXXXXX1098,[REDACTED - Kanchipuram],,ACTUAL
110814944876,Jodhpur,342001,250,FWS-2722691,"ABC, Bhiwandi, Mumbai, Maharashtra",400016,Mumbai,2026-01-26,2026-01-28,2026-02-01,2026-02-01,2026-02-03,Not Applicable,Prepaid,Delivered,95D74030FE,K*** C***,XXXXXX7651,[REDACTED - Jodhpur],,ACTUAL
103114846045,Mumbai,400097,777,YGL-2271915,"ABC, Bhiwandi, Mumbai, Maharashtra",400016,Mumbai,2026-01-26,2026-01-28,2026-01-28,2026-01-28,2026-01-30,Not Applicable,Cod,Delivered,0E72FAD70B,S*** C***,XXXXXX1168,[REDACTED - Mumbai],,ACTUAL
103114846001,Gurgaon,122018,671,WER-2644564,"ABC, Bhiwandi, Mumbai, Maharashtra",400016,Mumbai,2026-01-26,2026-01-29,2026-02-03,2026-02-03,2026-02-02,Not Applicable,Prepaid,Delivered,F0573C1BF3,A*** C***,XXXXXX0559,[REDACTED - Gurgaon],,ACTUAL
111014962113,Chennai,600040,1288,LSM-2704900,"ABC, Bhiwandi, Mumbai, Maharashtra",400016,Mumbai,2026-01-26,2026-01-26,2026-01-27,2026-01-27,2026-01-29,Not Applicable,Cod,Delivered,EB5507FEF0,D*** C***,XXXXXX2920,[REDACTED - Chennai],,ACTUAL
110714934939,Fatehabad,125051,499,JJS-2769501,"ABC, Bhiwandi, Mumbai, Maharashtra",400016,Mumbai,2026-01-26,2026-01-28,2026-02-03,2026-02-03,2026-01-31,Not Applicable,Prepaid,Delivered,6E9FB8ED53,P*** C***,XXXXXX2337,[REDACTED - Fatehabad],,ACTUAL
111014965509,Mumbai,400004,1250,SE-2613849,"ABC, Bhiwandi, Mumbai, Maharashtra",400016,Mumbai,2026-01-26,2026-01-27,2026-01-30,,2026-01-29,Address issue,Cod,RTO,8098D91E24,R*** C***,XXXXXX0781,[REDACTED - Mumbai],,ACTUAL
110514905272,JAINTIA HILLS,793150,699,GGH-2726571,"ABC, Bhiwandi, Mumbai, Maharashtra",400016,Mumbai,2026-01-26,2026-01-28,2026-02-03,2026-02-03,2026-02-03,Not Applicable,Cod,Delivered,EF4610FF4D,K*** C***,XXXXXX0848,[REDACTED - JAINTIA HILLS],,ACTUAL
111114976840,Bangalore,562125,809,BP4-2628147,"ABC, Bhiwandi, Mumbai, Maharashtra",400016,Mumbai,2026-01-26,2026-01-29,2026-01-30,2026-01-31,2026-02-02,Landmark missing,Cod,Delivered,2D1D2CC0A6,T*** C***,XXXXXX2676,[REDACTED - Bangalore],,ACTUAL
110914960741,Thane,400701,699,PCS-2674350,"ABC, Bhiwandi, Mumbai, Maharashtra",400016,Mumbai,2026-01-26,2026-01-28,2026-01-30,2026-01-30,2026-01-31,Not Applicable,Cod,Delivered,933BC5F739,V*** C***,XXXXXX7845,[REDACTED - Thane],,ACTUAL
110914960757,Mumbai,400092,582,XIC-2409898,"ABC, Bhiwandi, Mumbai, Maharashtra",400016,Mumbai,2026-01-26,2026-01-28,2026-01-28,2026-01-28,2026-01-30,Not Applicable,Cod,Delivered,9C74BD8C84,N*** C***,XXXXXX6665,[REDACTED - Mumbai],,ACTUAL
101814699930,Akola,444001,949,0PT-2600808,"ABC, Bhiwandi, Mumbai, Maharashtra",400016,Mumbai,2026-01-26,2026-01-26,2026-01-31,2026-02-01,2026-01-31,Address issue,Cod,Delivered,0E665E6F5E,M*** C***,XXXXXX8458,[REDACTED - Akola],,ACTUAL
110114864694,Gurgaon,122005,559,GGH-2723828,"ABC, Bhiwandi, Mumbai, Maharashtra",400016,Mumbai,2026-01-26,2026-01-27,2026-02-01,,2026-01-30,Customer refused delivery,Cod,RTO,17B0FDB557,A*** C***,XXXXXX1546,[REDACTED - Gurgaon],,ACTUAL
110814940530,Dharwad,580001,823,YZK-2736757,"ABC, Bhiwandi, Mumbai, Maharashtra",400016,Mumbai,2026-01-26,2026-01-29,2026-01-31,2026-01-31,2026-02-01,Not Applicable,Prepaid,Delivered,C0D09565E0,S*** C***,XXXXXX3379,[REDACTED - Dharwad],,ACTUAL
111014966692,K.V.Rangareddy,500018,1437,OHM-2786335,"ABC, Bhiwandi, Mumbai, Maharashtra",400016,Mumbai,2026-01-26,2026-01-27,2026-01-29,,2026-01-28,COD payment declined,Cod,RTO,B5E21C6CBE,A*** C***,XXXXXX1045,[REDACTED - K.V.Rangareddy],,ACTUAL
110514902420,Kannur,670009,630,PF0-2371342,"ABC, Bhiwandi, Mumbai, Maharashtra",400016,Mumbai,2026-01-26,2026-01-28,2026-02-02,2026-02-02,2026-02-03,Not Applicable,Cod,Delivered,10FCFED994,N*** C***,XXXXXX8758,[REDACTED - Kannur],,ACTUAL
110614916620,Darjiling,734101,396,LB2-2714180,"ABC, Bhiwandi, Mumbai, Maharashtra",400016,Mumbai,2026-01-26,2026-01-26,2026-03-04,,2026-01-27,Delivery postponed by customer,Cod,Out of delivery,52DAF3AAFE,K*** C***,XXXXXX7616,[REDACTED - Darjiling],,ACTUAL
102714804388,East Godavari,533101,2850,JJD-1841812,"ABC, Bhiwandi, Mumbai, Maharashtra",400016,Mumbai,2026-01-26,2026-01-27,2026-01-31,2026-01-31,2026-01-29,Not Applicable,Prepaid,Delivered,A02C6C0D77,V*** C***,XXXXXX2442,[REDACTED - East Godavari],high_value_order,ACTUAL
110414891301,Udham Singh Nagar,263153,976,LSM-2748444,"ABC, Bhiwandi, Mumbai, Maharashtra",400016,Mumbai,2026-01-26,2026-01-27,2026-01-31,2026-01-31,2026-01-30,Not Applicable,Cod,Delivered,580D1F052B,A*** C***,XXXXXX0099,[REDACTED - Udham Singh Nagar],,ACTUAL
110714927572,Kanpur Nagar,209217,300,DCH-2583197,"ABC, Bhiwandi, Mumbai, Maharashtra",400016,Mumbai,2026-01-26,2026-01-27,2026-01-29,,2026-01-29,COD payment declined,Cod,RTO,6D479945F2,V*** C***,XXXXXX2068,[REDACTED - Kanpur Nagar],,ACTUAL
110614915174,Bangalore,560037,249,SCM-2715987,"ABC, Bhiwandi, Mumbai, Maharashtra",400016,Mumbai,2026-01-26,2026-01-27,2026-01-28,2026-01-28,2026-01-29,Not Applicable,Prepaid,Delivered,2EEA4CD59C,R*** C***,XXXXXX2636,[REDACTED - Bangalore],,ACTUAL
110914955985,Mumbai,400006,821,LCQ-2563397,"ABC, Bhiwandi, Mumbai, Maharashtra",400016,Mumbai,2026-01-26,2026-01-29,2026-02-02,,2026-02-01,Customer refused delivery,Cod,RTO,9ADC6AB644,J*** C***,XXXXXX1172,[REDACTED - Mumbai],,ACTUAL
110814937228,Hyderabad,500067,2164,SN-2607411,"ABC, Bhiwandi, Mumbai, Maharashtra",400016,Mumbai,2026-01-26,2026-01-27,2026-01-29,2026-01-29,2026-01-29,Not Applicable,Cod,Delivered,0D602238DF,S*** C***,XXXXXX5562,[REDACTED - Hyderabad],,ACTUAL
110914957170,Gautam Buddha Nagar,201301,534,RZR-1890362,"ABC, Bhiwandi, Mumbai, Maharashtra",400016,Mumbai,2026-01-26,2026-01-27,2026-02-01,2026-02-01,2026-01-29,Not Applicable,Prepaid,Delivered,D7AF50FF59,S*** C***,XXXXXX1070,[REDACTED - Gautam Buddha Nagar],,ACTUAL
92214332866,Hyderabad,500050,639,MSR-2720648,"ABC, Bhiwandi, Mumbai, Maharashtra",400016,Mumbai,2026-01-26,2026-01-28,2026-01-29,2026-01-29,2026-01-31,Not Applicable,Cod,Delivered,8EE2674E06,D*** C***,XXXXXX7320,[REDACTED - Hyderabad],,ACTUAL
111014968281,Bangalore,560039,660,XXC-1842266,"ABC, Bhiwandi, Mumbai, Maharashtra",400016,Mumbai,2026-01-26,2026-01-26,2026-01-26,2026-01-27,2026-01-28,Address issue,Cod,Delivered,E5709E884E,S*** C***,XXXXXX2290,[REDACTED - Bangalore],,ACTUAL
111114976058,South West Delhi,110047,513,THD-1642689,"ABC, Bhiwandi, Mumbai, Maharashtra",400016,Mumbai,2026-01-26,2026-01-27,2026-01-29,2026-01-29,2026-01-31,Not Applicable,Cod,Delivered,77332FB8C8,R*** C***,XXXXXX2367,[REDACTED - South West Delhi],,ACTUAL
110714933515,South West Delhi,110043,1228,SB9-2125828,"ABC, Bhiwandi, Mumbai, Maharashtra",400016,Mumbai,2026-01-26,2026-01-28,2026-01-28,2026-01-29,2026-01-30,Landmark missing,Cod,Delivered,C8D99EEF16,N*** C***,XXXXXX6513,[REDACTED - South West Delhi],,ACTUAL
103014827867,Bangalore,560001,499,DCH-2692472,"ABC, Bhiwandi, Mumbai, Maharashtra",400016,Mumbai,2026-01-26,2026-01-28,2026-01-30,2026-01-31,2026-01-31,Delivery postponed by customer,Cod,Delivered,4CBE812331,L*** C***,XXXXXX2109,[REDACTED - Bangalore],,ACTUAL
103114851677,Gurgaon,122018,699,CIV-2663740,"ABC, Bhiwandi, Mumbai, Maharashtra",400016,Mumbai,2026-01-26,2026-01-29,2026-01-29,2026-01-30,2026-01-31,Phone not reachable,Prepaid,Delivered,DFFF673683,R*** C***,XXXXXX9105,[REDACTED - Gurgaon],,ACTUAL
110814944555,West Godavari,534002,619,CB9-2680858,"ABC, Bhiwandi, Mumbai, Maharashtra",400016,Mumbai,2026-01-26,2026-01-27,2026-01-31,,2026-01-30,Customer cancelled order,Cod,RTO,A509FA6EC8,I*** C***,XXXXXX8660,[REDACTED - West Godavari],,ACTUAL
110814949241,West Godavari,534002,600,TGX-2615920,"ABC, Bhiwandi, Mumbai, Maharashtra",400016,Mumbai,2026-01-29,2026-01-30,2026-02-02,2026-02-02,2026-02-01,Not Applicable,Prepaid,Delivered,4F7D94B038,I*** C***,XXXXXX8660,[REDACTED - West Godavari],,ACTUAL
101514664250,Hyderabad,500028,779,FB3-2351182,"ABC, Bhiwandi, Mumbai, Maharashtra",400016,Mumbai,2026-01-29,2026-01-30,2026-02-08,,2026-02-06,Customer refused delivery,Cod,RTO,22958A7718,T*** C***,XXXXXX4646,[REDACTED - Hyderabad],,ACTUAL
111114973178,Thane,400615,643,YGS-1979837,"ABC, Bhiwandi, Mumbai, Maharashtra",400016,Mumbai,2026-01-29,2026-01-30,2026-01-31,2026-01-31,2026-02-02,Not Applicable,Cod,Delivered,0A0F6F9266,R*** C***,XXXXXX9588,[REDACTED - Thane],,ACTUAL
111014963502,Lucy,226016,549,CRH-2627531,"ABC, Bhiwandi, Mumbai, Maharashtra",400016,Mumbai,2026-01-29,2026-01-30,2026-01-31,2026-01-31,2026-02-02,Not Applicable,Cod,Delivered,8596845160,R*** C***,XXXXXX7940,[REDACTED - Lucy],,ACTUAL
110914952623,West Godavari,534002,600,TGX-2615944,"ABC, Bhiwandi, Mumbai, Maharashtra",400016,Mumbai,2026-01-29,2026-01-30,2026-02-06,2026-02-06,2026-02-06,Not Applicable,Prepaid,Delivered,3B77163121,I*** C***,XXXXXX8660,[REDACTED - West Godavari],,ACTUAL
110514911273,Bangalore,560001,1238,SN-2159845,"ABC, Bhiwandi, Mumbai, Maharashtra",400016,Mumbai,2026-01-29,2026-01-31,2026-02-06,2026-02-06,2026-02-03,Not Applicable,Cod,Delivered,5499D6B43B,L*** C***,XXXXXX2109,[REDACTED - Bangalore],,ACTUAL
110914953434,Mumbai,400043,684,YGS-2419297,"ABC, Bhiwandi, Mumbai, Maharashtra",400016,Mumbai,2026-01-29,2026-02-01,2026-02-07,2026-02-08,2026-02-05,Landmark missing,Cod,Delivered,F323DE7303,R*** C***,XXXXXX5603,[REDACTED - Mumbai],,ACTUAL
111014964057,West Delhi,110063,449,SCM-2760748,"ABC, Bhiwandi, Mumbai, Maharashtra",400016,Mumbai,2026-01-29,2026-01-30,2026-02-02,2026-02-02,2026-02-01,Not Applicable,Cod,Delivered,4E392B7C45,N*** C***,XXXXXX7756,[REDACTED - West Delhi],,ACTUAL
110114860242,Cuddapah,516172,499,DCH-2764192,"ABC, Bhiwandi, Mumbai, Maharashtra",400016,Mumbai,2026-01-29,2026-01-30,2026-02-02,2026-02-02,2026-02-02,Not Applicable,Cod,Delivered,CE8436A321,K*** C***,XXXXXX7249,[REDACTED - Cuddapah],,ACTUAL
110814937227,Jyotiba Phule Nagar,244231,599,YWB-2661823,"ABC, Bhiwandi, Mumbai, Maharashtra",400016,Mumbai,2026-01-29,2026-02-01,,,2026-02-03,Not Applicable,Prepaid,Lost,620FF8E87A,P*** C***,XXXXXX6648,[REDACTED - Jyotiba Phule Nagar],,ACTUAL
111014964056,West Delhi,110063,689,EWE-2751221,"ABC, Bhiwandi, Mumbai, Maharashtra",400016,Mumbai,2026-01-29,2026-01-31,2026-02-03,,2026-02-02,Landmark missing,Cod,RTO,FF331E5722,N*** C***,XXXXXX7756,[REDACTED - West Delhi],,ACTUAL
110114861485,Bangalore,560086,689,MSR-1821875,"ABC, Bhiwandi, Mumbai, Maharashtra",400016,Mumbai,2026-01-29,2026-01-30,2026-02-03,,2026-02-01,Customer cancelled order,Cod,RTO,95A5EA7E35,D*** C***,XXXXXX2131,[REDACTED - Bangalore],,ACTUAL
110914956593,Kottayam,686006,2142,0PQ-2461013,"ABC, Bhiwandi, Mumbai, Maharashtra",400016,Mumbai,2026-01-29,2026-01-30,2026-02-02,2026-02-03,2026-02-03,Landmark missing,Cod,Delivered,EC14BC3DEE,V*** C***,XXXXXX6913,[REDACTED - Kottayam],,ACTUAL
110214874245,Chandigarh,160019,803,XHZ-2674236,"ABC, Bhiwandi, Mumbai, Maharashtra",400016,Mumbai,2026-01-29,2026-01-31,2026-02-04,,2026-02-03,Customer refused delivery,Cod,RTO,CB1C1E4793,S*** C***,XXXXXX6801,[REDACTED - Chandigarh],,ACTUAL
101414794341,North West Delhi,110009,1019,YGS-2752587,"ABC, Bhiwandi, Mumbai, Maharashtra",400016,Mumbai,2026-01-29,2026-01-30,2026-02-02,2026-02-02,2026-02-02,Not Applicable,Cod,Delivered,61E8390C00,D*** C***,XXXXXX0352,[REDACTED - North West Delhi],,ACTUAL
110714930617,Dakshina Kannada,575007,923,DUE-2015420,"ABC, Bhiwandi, Mumbai, Maharashtra",400016,Mumbai,2026-01-29,2026-01-30,2026-01-31,2026-02-02,2026-02-03,Customer not available,Cod,Delivered,A2FD43B404,P*** C***,XXXXXX9442,[REDACTED - Dakshina Kannada],,ACTUAL
101314630273,Pune,411057,649,MKB-1605798,"ABC, Bhiwandi, Mumbai, Maharashtra",400016,Mumbai,2026-01-29,2026-02-01,2026-02-05,2026-02-05,2026-02-05,Not Applicable,Cod,Delivered,59D437F0B2,P*** C***,XXXXXX8601,[REDACTED - Pune],,ACTUAL
110914960885,Navi Mumbai,400703,1439,CP7-2237834,"ABC, Bhiwandi, Mumbai, Maharashtra",400016,Mumbai,2026-01-29,2026-01-31,2026-02-03,2026-02-03,2026-02-04,Not Applicable,Prepaid,Delivered,041E1589C2,A*** C***,XXXXXX2902,[REDACTED - Navi Mumbai],,ACTUAL
110614915247,Bangalore,560068,1744,MP9-2492728,"ABC, Bhiwandi, Mumbai, Maharashtra",400016,Mumbai,2026-01-29,2026-01-30,2026-01-30,2026-01-30,2026-02-01,Not Applicable,Prepaid,Delivered,9420FBD5BA,M*** C***,XXXXXX9948,[REDACTED - Bangalore],,ACTUAL
110914952368,Surendra Nagar,363001,769,THD-1804256,"ABC, Bhiwandi, Mumbai, Maharashtra",400016,Mumbai,2026-01-29,2026-01-30,2026-01-31,2026-01-31,2026-02-01,Not Applicable,Prepaid,Delivered,E0A37C9AE7,T*** C***,XXXXXX4040,[REDACTED - Surendra Nagar],,ACTUAL
111014964997,Chennai,600092,1379,SRS-2445297,"ABC, Bhiwandi, Mumbai, Maharashtra",400016,Mumbai,2026-01-29,2026-01-30,2026-02-03,2026-02-03,2026-02-05,Not Applicable,Cod,Delivered,7EEC8492F0,P*** C***,XXXXXX0390,[REDACTED - Chennai],,ACTUAL
110714929771,Dakshina Kannada,575007,749,BYN-2544740,"ABC, Bhiwandi, Mumbai, Maharashtra",400016,Mumbai,2026-01-29,2026-01-29,2026-02-01,2026-02-01,2026-02-01,Not Applicable,Cod,Delivered,BF821CA126,P*** C***,XXXXXX9442,[REDACTED - Dakshina Kannada],,ACTUAL
110714927688,Ratlam,457001,939,LSB-1975886,"ABC, Bhiwandi, Mumbai, Maharashtra",400016,Mumbai,2026-01-29,2026-01-30,2026-01-30,2026-01-30,2026-02-01,Not Applicable,Prepaid,Delivered,2D246ACC8F,D*** C***,XXXXXX7979,[REDACTED - Ratlam],,ACTUAL
101714689990,K.V.Rangareddy,500070,1499,SRS-2758169,"ABC, Bhiwandi, Mumbai, Maharashtra",400016,Mumbai,2026-01-29,2026-01-30,2026-02-04,,2026-02-03,Customer not available,Cod,RTO,951508C9FA,S*** C***,XXXXXX8584,[REDACTED - K.V.Rangareddy],,ACTUAL
110714924548,Latur,413512,980,BOA-2703139,"ABC, Bhiwandi, Mumbai, Maharashtra",400016,Mumbai,2026-01-29,2026-01-30,2026-01-31,2026-02-02,2026-02-03,Customer requested re-attempt,Cod,Delivered,36781DB150,P*** C***,XXXXXX8885,[REDACTED - Latur],,ACTUAL
110814939378,Surendra Nagar,363001,1057,BCC-1989229,"ABC, Bhiwandi, Mumbai, Maharashtra",400016,Mumbai,2026-01-29,2026-01-30,2026-02-02,2026-02-02,2026-02-03,Not Applicable,Cod,Delivered,0E6950A36A,T*** C***,XXXXXX4040,[REDACTED - Surendra Nagar],,ACTUAL
110214872700,Bangalore,560084,476,FUF-2313997,"ABC, Bhiwandi, Mumbai, Maharashtra",400016,Mumbai,2026-01-29,2026-01-31,,,2026-02-03,Not Applicable,Prepaid,In-Transit,5A2217080C,S*** C***,XXXXXX7403,[REDACTED - Bangalore],not_yet_attempted,ACTUAL
111014966534,Sabarkantha,383001,1609,YNG-2037134,"ABC, Bhiwandi, Mumbai, Maharashtra",400016,Mumbai,2026-01-29,2026-01-30,2026-01-31,2026-02-01,2026-02-03,Phone not reachable,Cod,Delivered,EEC1C29655,M*** C***,XXXXXX4160,[REDACTED - Sabarkantha],,ACTUAL
110214874206,Solan,174101,549,CRH-2627529,"ABC, Bhiwandi, Mumbai, Maharashtra",400016,Mumbai,2026-01-29,2026-01-29,2026-02-04,2026-02-04,2026-02-04,Not Applicable,Prepaid,Delivered,CB73BCE92B,K*** C***,XXXXXX3595,[REDACTED - Solan],,ACTUAL
111014967780,North Delhi,110007,948,TGX-2615884,"ABC, Bhiwandi, Mumbai, Maharashtra",400016,Mumbai,2026-01-29,2026-01-30,2026-02-03,2026-02-03,2026-02-02,Not Applicable,Prepaid,Delivered,32F0DF19AF,S*** C***,XXXXXX6953,[REDACTED - North Delhi],,ACTUAL
110314885656,Chittoor,517501,2183,SRS-2692632,"ABC, Bhiwandi, Mumbai, Maharashtra",400016,Mumbai,2026-01-29,2026-01-30,2026-02-04,2026-02-04,2026-02-03,Not Applicable,Prepaid,Delivered,38BA03B4E4,J*** C***,XXXXXX0232,[REDACTED - Chittoor],,ACTUAL
111014967841,North Delhi,110007,619,MSR-2720605,"ABC, Bhiwandi, Mumbai, Maharashtra",400016,Mumbai,2026-01-29,2026-01-30,2026-02-04,2026-02-04,2026-02-04,Not Applicable,Prepaid,Delivered,82F165DC77,S*** C***,XXXXXX6953,[REDACTED - North Delhi],,ACTUAL
110814948920,Mumbai,400078,844,CRH-2309553,"ABC, Bhiwandi, Mumbai, Maharashtra",400016,Mumbai,2026-01-29,2026-01-31,2026-02-03,2026-02-03,2026-02-04,Not Applicable,Cod,Delivered,E44FCBEDA5,M*** C***,XXXXXX7027,[REDACTED - Mumbai],,ACTUAL
110614924315,Chandrapur,442404,1114,SN-2732948,"ABC, Bhiwandi, Mumbai, Maharashtra",400016,Mumbai,2026-01-29,2026-01-30,2026-02-01,2026-02-03,2026-02-01,Landmark missing,Cod,Delivered,A36E00A6B9,A*** C***,XXXXXX2885,[REDACTED - Chandrapur],,ACTUAL
110714930207,Jalor,343001,821,QZY-2626220,"ABC, Bhiwandi, Mumbai, Maharashtra",400016,Mumbai,2026-01-29,2026-01-30,2026-02-03,2026-02-03,2026-02-04,Not Applicable,Prepaid,Delivered,9627AB3150,R*** C***,XXXXXX5444,[REDACTED - Jalor],,ACTUAL
110614924314,Chandrapur,442404,499,BGT-2411748,"ABC, Bhiwandi, Mumbai, Maharashtra",400016,Mumbai,2026-01-29,2026-01-30,2026-02-02,2026-02-02,2026-02-02,Not Applicable,Prepaid,Delivered,974ADF60CE,A*** C***,XXXXXX2885,[REDACTED - Chandrapur],,ACTUAL
110614923844,Patna,800001,1445,YPW-2430067,"ABC, Bhiwandi, Mumbai, Maharashtra",400016,Mumbai,2026-01-29,2026-01-31,2026-02-01,2026-02-01,2026-02-03,Not Applicable,Cod,Delivered,EEE89B24FA,B*** C***,XXXXXX6063,[REDACTED - Patna],,ACTUAL
103014829279,Thane,400607,1895,ABL-2546429,"ABC, Bhiwandi, Mumbai, Maharashtra",400016,Mumbai,2026-01-29,2026-01-29,2026-01-31,,2026-01-31,Customer cancelled order,Cod,RTO,835AD606A7,R*** C***,XXXXXX0104,[REDACTED - Thane],,ACTUAL
110814946727,Bangalore,560077,899,KMX-2582988,"ABC, Bhiwandi, Mumbai, Maharashtra",400016,Mumbai,2026-01-29,2026-01-30,2026-02-04,,2026-02-02,Landmark missing,Cod,RTO,7299CE57F5,S*** C***,XXXXXX6113,[REDACTED - Bangalore],,ACTUAL
110714935954,East Godavari,533213,3032,PCL-2609312,"ABC, Bhiwandi, Mumbai, Maharashtra",400016,Mumbai,2026-01-29,2026-01-31,2026-02-04,2026-02-04,2026-02-02,Not Applicable,Prepaid,Delivered,21038E2AC1,M*** C***,XXXXXX5469,[REDACTED - East Godavari],high_value_order,ACTUAL
110914960283,Gautam Buddha Nagar,201301,299,GEW-2717573,"ABC, Bhiwandi, Mumbai, Maharashtra",400016,Mumbai,2026-01-29,2026-01-31,2026-02-01,2026-02-04,2026-02-03,Address issue,Prepaid,Delivered,2CDE15E4BF,U*** C***,XXXXXX2206,[REDACTED - Gautam Buddha Nagar],,ACTUAL
102214756264,Mumbai,400099,749,MKB-1468122,"ABC, Bhiwandi, Mumbai, Maharashtra",400016,Mumbai,2026-01-29,2026-01-30,2026-01-30,2026-01-31,2026-02-02,Landmark missing,Cod,Delivered,918A7C1C02,C*** C***,XXXXXX4171,[REDACTED - Mumbai],,ACTUAL
110914953718,Ahmedabad,380060,730,SIZ-2314735,"ABC, Bhiwandi, Mumbai, Maharashtra",400016,Mumbai,2026-01-29,2026-01-30,2026-02-04,,2026-02-02,Customer refused delivery,Cod,RTO,5DAA5C2063,S*** C***,XXXXXX0094,[REDACTED - Ahmedabad],,ACTUAL
102314765686,Pedana,521366,1497,CBS-2764590,"ABC, Bhiwandi, Mumbai, Maharashtra",400016,Mumbai,2026-01-29,2026-01-30,2026-02-05,2026-02-05,2026-02-02,Not Applicable,Prepaid,Delivered,185B5548D9,B*** C***,XXXXXX7779,[REDACTED - Pedana],,ACTUAL
102314763353,Hyderabad,500086,1038,ADX-2462051,"ABC, Bhiwandi, Mumbai, Maharashtra",400016,Mumbai,2026-01-29,2026-01-31,2026-02-03,2026-02-03,2026-02-02,Not Applicable,Prepaid,Delivered,69D80FD83A,N*** C***,XXXXXX4538,[REDACTED - Hyderabad],,ACTUAL
110814946129,Mumbai,400026,446,PA-2172159,"ABC, Bhiwandi, Mumbai, Maharashtra",400016,Mumbai,2026-01-29,2026-01-30,2026-02-02,2026-02-02,2026-02-03,Not Applicable,Cod,Delivered,937BCEC20C,S*** C***,XXXXXX5705,[REDACTED - Mumbai],,ACTUAL
102814817857,Udham Singh Nagar,244713,599,KS-2695568,"ABC, Bhiwandi, Mumbai, Maharashtra",400016,Mumbai,2026-01-29,2026-01-30,2026-02-01,2026-02-01,2026-02-02,Not Applicable,Prepaid,Delivered,08135800D4,D*** C***,XXXXXX9990,[REDACTED - Udham Singh Nagar],,ACTUAL
110714926488,Palamau,822101,549,EFS-2739769,"ABC, Bhiwandi, Mumbai, Maharashtra",400016,Mumbai,2026-01-29,2026-01-31,2026-02-05,,2026-02-04,Customer not available,Cod,RTO,B3EA34D5B5,R*** C***,XXXXXX4444,[REDACTED - Palamau],,ACTUAL
110714926727,Chandigarh,160047,1498,MBC-2500453,"ABC, Bhiwandi, Mumbai, Maharashtra",400016,Mumbai,2026-01-29,2026-01-30,2026-01-30,2026-01-30,2026-02-01,Not Applicable,Cod,Delivered,947C147FCC,N*** C***,XXXXXX0683,[REDACTED - Chandigarh],,ACTUAL
110714927901,Palamau,822101,847,BP4-2672411,"ABC, Bhiwandi, Mumbai, Maharashtra",400016,Mumbai,2026-01-29,2026-01-30,2026-02-02,2026-02-03,2026-02-03,Address issue,Cod,Delivered,0E0E2DF0D7,R*** C***,XXXXXX4444,[REDACTED - Palamau],,ACTUAL
111114976876,Nashik,422010,1103,SN-2139907,"ABC, Bhiwandi, Mumbai, Maharashtra",400016,Mumbai,2026-01-30,2026-01-30,2026-02-01,2026-02-01,2026-02-03,Not Applicable,Cod,Delivered,45B9001CFB,G*** C***,XXXXXX9526,[REDACTED - Nashik],,ACTUAL
110714933488,Gautam Buddha Nagar,201305,584,MBC-2786562,"ABC, Bhiwandi, Mumbai, Maharashtra",400016,Mumbai,2026-01-30,2026-01-31,2026-02-03,2026-02-03,2026-02-03,Not Applicable,Cod,Delivered,14E2C296B3,B*** C***,XXXXXX4567,[REDACTED - Gautam Buddha Nagar],,ACTUAL
110814940217,Jind,126102,2150,JJD-1925059,"ABC, Bhiwandi, Mumbai, Maharashtra",400016,Mumbai,2026-01-30,2026-01-30,2026-01-31,2026-01-31,2026-02-02,Not Applicable,Cod,Delivered,E4CC78771F,B*** C***,XXXXXX6646,[REDACTED - Jind],,ACTUAL
110914952523,Kolkata,700014,499,JJS-2754566,"ABC, Bhiwandi, Mumbai, Maharashtra",400016,Mumbai,2026-01-30,2026-01-31,2026-02-02,2026-02-02,2026-02-03,Not Applicable,Prepaid,Delivered,F754A47B0B,S*** C***,XXXXXX6671,[REDACTED - Kolkata],,ACTUAL
110614917180,Bilaspur(CGH),495001,599,SE-1872346,"ABC, Bhiwandi, Mumbai, Maharashtra",400016,Mumbai,2026-01-30,2026-01-31,,,2026-02-02,Not Applicable,Cod,Order Packed,1C2D18D259,P*** C***,XXXXXX3608,[REDACTED - Bilaspur(CGH)],not_yet_attempted,ACTUAL
101114601270,Aizawl,796001,1339,JUB-2747962,"ABC, Bhiwandi, Mumbai, Maharashtra",400016,Mumbai,2026-01-30,2026-02-01,2026-02-08,,2026-02-06,Phone not reachable,Cod,RTO,0201B0E7E8,L*** C***,XXXXXX6243,[REDACTED - Aizawl],,ACTUAL
110614914350,Patna,800027,449,YGS-2668309,"ABC, Bhiwandi, Mumbai, Maharashtra",400016,Mumbai,2026-01-30,2026-01-31,2026-01-31,2026-01-31,2026-02-02,Phone not reachable,Cod,Delivered,555824B485,R*** C***,XXXXXX5803,[REDACTED - Patna],,ACTUAL
110914958416,Bangalore,560060,1320,BYM-2644808,"ABC, Bhiwandi, Mumbai, Maharashtra",400016,Mumbai,2026-01-30,2026-02-01,2026-02-01,2026-02-02,2026-02-04,Landmark missing,Cod,Delivered,A355B3F182,R*** C***,XXXXXX2199,[REDACTED - Bangalore],,ACTUAL
111014969256,Bangalore,560100,555,JIX-2345476,"ABC, Bhiwandi, Mumbai, Maharashtra",400016,Mumbai,2026-01-30,2026-02-01,2026-02-08,,2026-02-07,COD payment declined,Cod,RTO,49C504FCD6,S*** C***,XXXXXX8407,[REDACTED - Bangalore],,ACTUAL
110614920525,West Tripura,799003,919,AL2-2731282,"ABC, Bhiwandi, Mumbai, Maharashtra",400016,Mumbai,2026-01-30,2026-02-01,2026-02-02,2026-02-02,2026-02-03,Not Applicable,Prepaid,Delivered,EB148B7DFE,A*** C***,XXXXXX1052,[REDACTED - West Tripura],,ACTUAL
110514911140,Golaghat,785612,1123,WER-2669684,"ABC, Bhiwandi, Mumbai, Maharashtra",400016,Mumbai,2026-01-30,2026-01-31,2026-02-04,2026-02-04,2026-02-04,Not Applicable,Cod,Delivered,DA37A5EAB8,H*** C***,XXXXXX9941,[REDACTED - Golaghat],,ACTUAL
110314886564,Giridh,815301,979,SN-2002282,"ABC, Bhiwandi, Mumbai, Maharashtra",400016,Mumbai,2026-01-30,2026-02-01,2026-02-08,,2026-02-07,Customer refused delivery,Cod,RTO,650CBDB265,M*** C***,XXXXXX3951,[REDACTED - Giridh],,ACTUAL
110314886555,Giridh,815301,2803,CDY-2653039,"ABC, Bhiwandi, Mumbai, Maharashtra",400016,Mumbai,2026-01-30,2026-01-31,2026-02-01,2026-02-02,2026-02-02,Phone not reachable,Cod,Delivered,1767888474,M*** C***,XXXXXX3951,[REDACTED - Giridh],high_value_order,ACTUAL
101714913150,West Delhi,110063,1878,XYX-2753240,"ABC, Bhiwandi, Mumbai, Maharashtra",400016,Mumbai,2026-01-30,2026-02-01,2026-02-07,,2026-02-06,Address issue,Cod,RTO,FAC99D4BF8,G*** C***,XXXXXX8017,[REDACTED - West Delhi],,ACTUAL
110314881629,Bidar,585401,761,YGS-2358632,"ABC, Bhiwandi, Mumbai, Maharashtra",400016,Mumbai,2026-01-30,2026-01-31,2026-02-05,2026-02-05,2026-02-05,Not Applicable,Prepaid,Delivered,21E96A2C44,S*** C***,XXXXXX0011,[REDACTED - Bidar],,ACTUAL
101714695480,West Delhi,110063,919,XYX-2753280,"ABC, Bhiwandi, Mumbai, Maharashtra",400016,Mumbai,2026-01-30,2026-01-31,2026-02-04,,2026-02-03,Customer refused delivery,Cod,RTO,982E155EE7,G*** C***,XXXXXX8017,[REDACTED - West Delhi],,ACTUAL
110314881646,Bidar,585401,792,JUV-2638385,"ABC, Bhiwandi, Mumbai, Maharashtra",400016,Mumbai,2026-01-30,2026-02-02,2026-02-04,2026-02-04,2026-02-04,Not Applicable,Cod,Delivered,7818720B4E,S*** C***,XXXXXX0011,[REDACTED - Bidar],,ACTUAL
110214873736,Bikaner,334001,619,FL2-2693371,"ABC, Bhiwandi, Mumbai, Maharashtra",400016,Mumbai,2026-01-30,2026-01-31,2026-02-03,2026-02-03,2026-02-05,Not Applicable,Cod,Delivered,9731E94A9D,A*** C***,XXXXXX2434,[REDACTED - Bikaner],,ACTUAL
102414781487,Gurgaon,122018,1098,TCA-2726613,"ABC, Bhiwandi, Mumbai, Maharashtra",400016,Mumbai,2026-01-30,2026-01-31,2026-01-31,2026-01-31,2026-02-01,Not Applicable,Cod,Delivered,CA73265A79,S*** C***,XXXXXX6512,[REDACTED - Gurgaon],,ACTUAL
110814938738,Ajmer,305002,582,XIC-2409898,"ABC, Bhiwandi, Mumbai, Maharashtra",400016,Mumbai,2026-01-30,2026-01-31,2026-02-03,,2026-02-02,Address issue,Cod,RTO,F717AC3F07,A*** C***,XXXXXX2533,[REDACTED - Ajmer],,ACTUAL
110914957446,North West Delhi,110034,2540,SRS-2692922,"ABC, Bhiwandi, Mumbai, Maharashtra",400016,Mumbai,2026-01-30,2026-01-31,2026-02-01,2026-02-01,2026-02-01,Not Applicable,Cod,Delivered,BDA70887DB,j*** C***,XXXXXX4444,[REDACTED - North West Delhi],,ACTUAL
103114846374,Mumbai,400042,555,PF0-2402463,"ABC, Bhiwandi, Mumbai, Maharashtra",400016,Mumbai,2026-01-30,2026-01-31,2026-01-31,2026-01-31,2026-02-01,Not Applicable,Prepaid,Delivered,CD092E4F2D,R*** C***,XXXXXX1484,[REDACTED - Mumbai],,ACTUAL
110914955789,Pune,411014,1047,XHZ-2715073,"ABC, Bhiwandi, Mumbai, Maharashtra",400016,Mumbai,2026-01-30,2026-01-30,2026-03-05,,2026-02-04,Delivery postponed by customer,Prepaid,Out of delivery,43C42C72C1,V*** C***,XXXXXX2900,[REDACTED - Pune],,ACTUAL
110914953620,Kolkata,700014,971,YTS-2739367,"ABC, Bhiwandi, Mumbai, Maharashtra",400016,Mumbai,2026-01-30,2026-01-31,2026-02-06,2026-02-06,2026-02-07,Not Applicable,Cod,Delivered,0571B30051,S*** C***,XXXXXX8423,[REDACTED - Kolkata],,ACTUAL
110914951488,ghaziabad,201001,1330,BMP-2551227,"ABC, Bhiwandi, Mumbai, Maharashtra",400016,Mumbai,2026-01-30,2026-01-31,2026-02-06,2026-02-07,2026-02-05,Phone not reachable,Cod,Delivered,CF2154F28F,j*** C***,XXXXXX1532,[REDACTED - ghaziabad],,ACTUAL
100514521547,Surat,395009,709,EWE-2740173,"ABC, Bhiwandi, Mumbai, Maharashtra",400016,Mumbai,2026-01-30,2026-01-31,2026-02-03,2026-02-03,2026-02-05,Not Applicable,Cod,Delivered,862D98AA30,N*** C***,XXXXXX9666,[REDACTED - Surat],,ACTUAL
111014963875,North Delhi,110085,898,PS5-2785119,"ABC, Bhiwandi, Mumbai, Maharashtra",400016,Mumbai,2026-01-30,2026-02-01,2026-02-05,,2026-02-05,Customer not available,Cod,RTO,AC45E791E2,S*** C***,XXXXXX1427,[REDACTED - North Delhi],,ACTUAL
111014963123,Bangalore,560004,2609,MDX-2707019,"ABC, Bhiwandi, Mumbai, Maharashtra",400016,Mumbai,2026-01-30,2026-01-31,2026-01-31,2026-01-31,2026-02-02,Not Applicable,Prepaid,Delivered,D0015AB70F,M*** C***,XXXXXX4343,[REDACTED - Bangalore],,ACTUAL
110614923637,KOLKATA,700019,1092,JNB-2727157,"ABC, Bhiwandi, Mumbai, Maharashtra",400016,Mumbai,2026-01-30,2026-01-31,2026-02-04,,2026-02-02,Address issue,Cod,RTO,A6394E711F,S*** C***,XXXXXX3010,[REDACTED - KOLKATA],,ACTUAL
102814810605,Kamrup,781019,799,MKB-2763567,"ABC, Bhiwandi, Mumbai, Maharashtra",400016,Mumbai,2026-01-30,2026-02-01,2026-02-01,2026-02-01,2026-02-03,Not Applicable,Prepaid,Delivered,DA26D2769C,S*** C***,XXXXXX7310,[REDACTED - Kamrup],,ACTUAL
110814947262,Gurgaon,122002,669,QMB-2573144,"ABC, Bhiwandi, Mumbai, Maharashtra",400016,Mumbai,2026-01-30,2026-01-31,2026-02-09,2026-02-09,2026-02-07,Not Applicable,Cod,Delivered,9D5F731A13,A*** C***,XXXXXX4110,[REDACTED - Gurgaon],,ACTUAL
102914825655,Warangal,506002,791,MBC-2685039,"ABC, Bhiwandi, Mumbai, Maharashtra",400016,Mumbai,2026-01-30,2026-01-31,2026-02-01,2026-02-01,2026-02-02,Not Applicable,Cod,Delivered,F7AA416669,S*** C***,XXXXXX8315,[REDACTED - Warangal],,ACTUAL
110814940690,Hanumangarh,335512,1552,ADX-2041343,"ABC, Bhiwandi, Mumbai, Maharashtra",400016,Mumbai,2026-01-30,2026-02-02,2026-02-04,2026-02-04,2026-02-05,Not Applicable,Cod,Delivered,4C18982781,P*** C***,XXXXXX6435,[REDACTED - Hanumangarh],,ACTUAL
110414889218,Panchkula,134116,667,YBS-2425519,"ABC, Bhiwandi, Mumbai, Maharashtra",400016,Mumbai,2026-01-30,2026-01-31,2026-02-02,2026-02-02,2026-02-03,Not Applicable,Cod,Delivered,0774055E81,S*** C***,XXXXXX9119,[REDACTED - Panchkula],,ACTUAL
110414896959,Jaipur,302013,628,BUC-2676435,"ABC, Bhiwandi, Mumbai, Maharashtra",400016,Mumbai,2026-01-30,2026-01-30,2026-02-01,,2026-01-31,Customer refused delivery,Cod,RTO,2E9872497F,A*** C***,XXXXXX5710,[REDACTED - Jaipur],,ACTUAL
110714927544,Ghaziabad,201002,849,HFH-2271213,"ABC, Bhiwandi, Mumbai, Maharashtra",400016,Mumbai,2026-01-30,2026-02-01,2026-02-04,,2026-02-03,COD payment declined,Cod,RTO,AE1EDA806B,K*** C***,XXXXXX7112,[REDACTED - Ghaziabad],,ACTUAL
102614799727,Mumbai,400080,801,QMB-2573519,"ABC, Bhiwandi, Mumbai, Maharashtra",400016,Mumbai,2026-01-30,2026-01-31,2026-02-06,,2026-02-05,Customer cancelled order,Cod,RTO,6E5DCD4BB6,A*** C***,XXXXXX5002,[REDACTED - Mumbai],,ACTUAL
110914951484,Kanchipuram,600059,582,JUV-2524544,"ABC, Bhiwandi, Mumbai, Maharashtra",400016,Mumbai,2026-01-30,2026-01-31,2026-02-05,2026-02-05,2026-02-04,Not Applicable,Prepaid,Delivered,42584495DE,T*** C***,XXXXXX7808,[REDACTED - Kanchipuram],,ACTUAL
110914953306,Ghaziabad,201011,199,SIW-2290423,"ABC, Bhiwandi, Mumbai, Maharashtra",400016,Mumbai,2026-01-30,2026-01-31,2026-02-04,,2026-02-03,Phone not reachable,Cod,RTO,7AC277191A,P*** C***,XXXXXX7803,[REDACTED - Ghaziabad],,ACTUAL
110214872290,Panchkula,134116,444,LED-2206441,"ABC, Bhiwandi, Mumbai, Maharashtra",400016,Mumbai,2026-01-30,2026-01-31,2026-02-01,2026-02-01,2026-02-01,Not Applicable,Cod,Delivered,BBDD3D78EB,S*** C***,XXXXXX9119,[REDACTED - Panchkula],,ACTUAL
111014964957,Pune,411044,1045,NOD-2742572,"ABC, Bhiwandi, Mumbai, Maharashtra",400016,Mumbai,2026-01-30,2026-01-31,2026-02-03,2026-02-03,2026-02-03,Not Applicable,Cod,Delivered,A62C5278DF,N*** C***,XXXXXX3722,[REDACTED - Pune],,ACTUAL
110214872275,Panchkula,134116,472,LED-2006963,"ABC, Bhiwandi, Mumbai, Maharashtra",400016,Mumbai,2026-01-30,2026-01-31,2026-02-04,2026-02-04,2026-02-04,Not Applicable,Prepaid,Delivered,2898F67919,S*** C***,XXXXXX9119,[REDACTED - Panchkula],,ACTUAL
102314760832,Kachchh,370201,847,SB9-2125804,"ABC, Bhiwandi, Mumbai, Maharashtra",400016,Mumbai,2026-01-30,2026-01-30,2026-02-04,2026-02-05,2026-02-04,Not Applicable,Cod,Delivered,C694F0CDAA,H*** C***,XXXXXX7693,[REDACTED - Kachchh],,ACTUAL
110914952040,Navi Mumbaii,400706,1080,0PT-1347131,"ABC, Bhiwandi, Mumbai, Maharashtra",400016,Mumbai,2026-01-30,2026-02-01,2026-02-01,2026-02-02,2026-02-02,Delivery postponed by customer,Cod,Delivered,E4299E433D,F*** C***,XXXXXX5403,[REDACTED - Navi Mumbaii],,ACTUAL
110214874346,Bathinda,151004,1114,SN-2732922,"ABC, Bhiwandi, Mumbai, Maharashtra",400016,Mumbai,2026-01-30,2026-01-31,2026-01-31,2026-02-01,2026-02-01,Customer not available,Prepaid,Delivered,E02A8E2A2E,R*** C***,XXXXXX9681,[REDACTED - Bathinda],,ACTUAL
110914953797,Kolkata,700053,595,MYM-2776967,"ABC, Bhiwandi, Mumbai, Maharashtra",400016,Mumbai,2026-01-30,2026-01-31,,,2026-02-06,Not Applicable,Cod,In-Transit,8965F6BD78,B*** C***,XXXXXX0171,[REDACTED - Kolkata],not_yet_attempted,ACTUAL
110814940173,Pathanamthitta,689115,557,HBK-2233714,"ABC, Bhiwandi, Mumbai, Maharashtra",400016,Mumbai,2026-01-30,2026-01-31,2026-02-03,2026-02-04,2026-02-04,Phone not reachable,Prepaid,Delivered,767CD4BC31,R*** C***,XXXXXX4415,[REDACTED - Pathanamthitta],,ACTUAL
102314760830,Kachchh,370201,1113,SN-2139906,"ABC, Bhiwandi, Mumbai, Maharashtra",400016,Mumbai,2026-01-30,2026-01-31,2026-02-03,2026-02-03,2026-02-03,Not Applicable,Cod,Delivered,CCF890FAF4,H*** C***,XXXXXX7693,[REDACTED - Kachchh],,ACTUAL
110714933622,Bathinda,151004,859,WER-1506643,"ABC, Bhiwandi, Mumbai, Maharashtra",400016,Mumbai,2026-01-30,2026-01-31,2026-02-03,2026-02-03,2026-02-02,Not Applicable,Cod,Delivered,12165301ED,R*** C***,XXXXXX9681,[REDACTED - Bathinda],,ACTUAL
111014968101,North Goa,403505,1999,SE-2740446,"ABC, Bhiwandi, Mumbai, Maharashtra",400016,Mumbai,2026-01-30,2026-01-31,2026-02-01,2026-02-01,2026-02-03,Not Applicable,Cod,Delivered,DFF3859313,V*** C***,XXXXXX0690,[REDACTED - North Goa],,ACTUAL
102014726335,Thane,401208,879,WEY-2755524,"ABC, Bhiwandi, Mumbai, Maharashtra",400016,Mumbai,2026-01-31,2026-02-01,2026-02-02,2026-02-02,2026-02-04,Not Applicable,Cod,Delivered,A295C01564,D*** C***,XXXXXX2164,[REDACTED - Thane],,ACTUAL
110414896946,Chennai,600102,1994,SRS-2027662,"ABC, Bhiwandi, Mumbai, Maharashtra",400016,Mumbai,2026-01-31,2026-02-01,2026-02-04,2026-02-04,2026-02-05,Not Applicable,Cod,Delivered,16D031D453,G*** C***,XXXXXX2529,[REDACTED - Chennai],,ACTUAL
110714924489,Jyotiba Phule Nagar,244235,318,BUC-2743679,"ABC, Bhiwandi, Mumbai, Maharashtra",400016,Mumbai,2026-01-31,2026-01-31,2026-02-02,2026-02-02,2026-02-03,Not Applicable,Prepaid,Delivered,63BF1B3C10,A*** C***,XXXXXX1846,[REDACTED - Jyotiba Phule Nagar],,ACTUAL
110214866523,Hoshiarpur,146001,993,JJD-2450653,"ABC, Bhiwandi, Mumbai, Maharashtra",400016,Mumbai,2026-01-31,2026-02-01,2026-02-01,2026-02-02,2026-02-03,Delivery postponed by customer,Prepaid,Delivered,585717616A,M*** C***,XXXXXX0052,[REDACTED - Hoshiarpur],,ACTUAL
110514907747,Hyderabad,500006,1194,QTH-2264507,"ABC, Bhiwandi, Mumbai, Maharashtra",400016,Mumbai,2026-01-31,2026-01-31,2026-02-05,2026-02-05,2026-02-03,Not Applicable,Prepaid,Delivered,0FED2C85A6,S*** C***,XXXXXX9911,[REDACTED - Hyderabad],,ACTUAL
110514902895,Palamau,822102,549,PCL-2702882,"ABC, Bhiwandi, Mumbai, Maharashtra",400016,Mumbai,2026-01-31,2026-02-01,2026-02-05,2026-02-06,2026-02-06,Landmark missing,Prepaid,Delivered,97A9EFAF66,A*** C***,XXXXXX2136,[REDACTED - Palamau],,ACTUAL
110514911019,Hyderabad,500074,749,VNT-2703362,"ABC, Bhiwandi, Mumbai, Maharashtra",400016,Mumbai,2026-01-31,2026-02-01,,,2026-02-05,Not Applicable,Prepaid,Pickup done,AFEE49ACBD,R*** C***,XXXXXX9957,[REDACTED - Hyderabad],not_yet_attempted,ACTUAL
110214870523,Visakhapatnam,530041,1393,SRS-2302312,"ABC, Bhiwandi, Mumbai, Maharashtra",400016,Mumbai,2026-01-31,2026-02-01,2026-02-03,2026-02-03,2026-02-04,Not Applicable,Cod,Delivered,04F61D8558,P*** C***,XXXXXX2342,[REDACTED - Visakhapatnam],,ACTUAL
110914960020,Sabarkantha,383001,889,DDS-2117775,"ABC, Bhiwandi, Mumbai, Maharashtra",400016,Mumbai,2026-01-31,2026-02-02,2026-02-02,2026-02-03,2026-02-05,Customer not available,Cod,Delivered,9E872E44A1,J*** C***,XXXXXX4243,[REDACTED - Sabarkantha],,ACTUAL
111014963781,Gautam Buddha Nagar,201304,1045,NOD-2743298,"ABC, Bhiwandi, Mumbai, Maharashtra",400016,Mumbai,2026-01-31,2026-02-01,2026-02-04,2026-02-05,2026-02-05,Delivery postponed by customer,Prepaid,Delivered,F183F7C737,G*** C***,XXXXXX5951,[REDACTED - Gautam Buddha Nagar],,ACTUAL
110814948584,South Goa,403802,1123,XHZ-2667762,"ABC, Bhiwandi, Mumbai, Maharashtra",400016,Mumbai,2026-01-31,2026-02-01,2026-02-02,2026-02-02,2026-02-02,Not Applicable,Cod,Delivered,E660FD74F0,L*** C***,XXXXXX5843,[REDACTED - South Goa],,ACTUAL
110714931634,Gurgaon,122102,1349,PTR-2734781,"ABC, Bhiwandi, Mumbai, Maharashtra",400016,Mumbai,2026-01-31,2026-02-01,2026-02-05,2026-02-06,2026-02-06,Phone not reachable,Cod,Delivered,27DA0421AA,J*** C***,XXXXXX5048,[REDACTED - Gurgaon],,ACTUAL
111014971821,Mumbai,400054,217,OLL-2464204,"ABC, Bhiwandi, Mumbai, Maharashtra",400016,Mumbai,2026-01-31,2026-02-02,2026-02-04,2026-02-04,2026-02-04,Not Applicable,Prepaid,Delivered,8F2411EA22,P*** C***,XXXXXX2145,[REDACTED - Mumbai],,ACTUAL
111114977929,Pune,411001,526,YGS-2624110,"ABC, Bhiwandi, Mumbai, Maharashtra",400016,Mumbai,2026-01-31,2026-02-01,2026-02-03,2026-02-03,2026-02-03,Not Applicable,Cod,Delivered,23B3061162,R*** C***,XXXXXX5000,[REDACTED - Pune],,ACTUAL
110614923151,Firozpur,142044,613,BMP-2551078,"ABC, Bhiwandi, Mumbai, Maharashtra",400016,Mumbai,2026-01-31,2026-02-01,2026-02-05,,2026-02-03,Customer refused delivery,Cod,RTO,5169A6484F,M*** C***,XXXXXX1074,[REDACTED - Firozpur],,ACTUAL
103114840335,Aizawl,796001,1008,VBB-2747269,"ABC, Bhiwandi, Mumbai, Maharashtra",400016,Mumbai,2026-01-31,2026-02-01,2026-02-01,2026-02-01,2026-02-02,Not Applicable,Prepaid,Delivered,B0265F889E,L*** C***,XXXXXX4382,[REDACTED - Aizawl],,ACTUAL
102814866146,Hyderabad,500074,698,SRL-2570812,"ABC, Bhiwandi, Mumbai, Maharashtra",400016,Mumbai,2026-01-31,2026-02-02,2026-02-11,2026-02-11,2026-02-09,Not Applicable,Cod,Delivered,FF537796E8,S*** C***,XXXXXX6687,[REDACTED - Hyderabad],,ACTUAL
110814948558,South Goa,403802,2416,ABL-1546796,"ABC, Bhiwandi, Mumbai, Maharashtra",400016,Mumbai,2026-01-31,2026-02-02,2026-02-06,2026-02-06,2026-02-06,Not Applicable,Prepaid,Delivered,1E19051465,L*** C***,XXXXXX5843,[REDACTED - South Goa],,ACTUAL
110814939118,Kozhikode,673003,1013,DUE-1837967,"ABC, Bhiwandi, Mumbai, Maharashtra",400016,Mumbai,2026-01-31,2026-02-02,2026-02-04,,2026-02-03,Customer refused delivery,Cod,RTO,54BD60FA98,I*** C***,XXXXXX3554,[REDACTED - Kozhikode],,ACTUAL
111014963456,Ghaziabad,201014,863,YGS-2590732,"ABC, Bhiwandi, Mumbai, Maharashtra",400016,Mumbai,2026-01-31,2026-02-01,2026-02-02,2026-02-02,2026-02-03,Not Applicable,Prepaid,Delivered,4F131E5CF0,S*** C***,XXXXXX5550,[REDACTED - Ghaziabad],,ACTUAL
111014968443,Bangalore,560035,449,DCH-2775253,"ABC, Bhiwandi, Mumbai, Maharashtra",400016,Mumbai,2026-01-31,2026-02-02,2026-02-06,2026-02-06,2026-02-04,Not Applicable,Cod,Delivered,851B4EABC5,V*** C***,XXXXXX8305,[REDACTED - Bangalore],,ACTUAL
111014971687,KOLKATA,700036,958,PS5-2785220,"ABC, Bhiwandi, Mumbai, Maharashtra",400016,Mumbai,2026-01-31,2026-02-01,2026-02-02,2026-02-02,2026-02-03,Not Applicable,Cod,Delivered,8F1F6BE5A3,S*** C***,XXXXXX9645,[REDACTED - KOLKATA],,ACTUAL
110914956349,Raigarh(MH),410206,1178,SN-2744027,"ABC, Bhiwandi, Mumbai, Maharashtra",400016,Mumbai,2026-01-31,2026-02-01,2026-02-03,2026-02-03,2026-02-04,Not Applicable,Cod,Delivered,D7F7184357,M*** C***,XXXXXX1333,[REDACTED - Raigarh(MH)],,ACTUAL
110514905322,Dimapur,797112,1025,CB9-2620147,"ABC, Bhiwandi, Mumbai, Maharashtra",400016,Mumbai,2026-01-31,2026-02-01,2026-02-01,2026-02-01,2026-02-03,Not Applicable,Cod,Delivered,E738AD7962,S*** C***,XXXXXX7087,[REDACTED - Dimapur],,ACTUAL
110214869899,Saharanpur,247001,699,LJA-2762389,"ABC, Bhiwandi, Mumbai, Maharashtra",400016,Mumbai,2026-01-31,2026-02-02,,,2026-02-05,Not Applicable,Prepaid,In-Transit,5681361CFC,B*** C***,XXXXXX6300,[REDACTED - Saharanpur],not_yet_attempted,ACTUAL
110514905712,Dhanbad,826001,863,BM7-2714948,"ABC, Bhiwandi, Mumbai, Maharashtra",400016,Mumbai,2026-01-31,2026-01-31,2026-02-04,2026-02-04,2026-02-04,Not Applicable,Cod,Delivered,FA890EC51C,P*** C***,XXXXXX3830,[REDACTED - Dhanbad],,ACTUAL
111114977620,thane,421001,879,CDY-2732073,"ABC, Bhiwandi, Mumbai, Maharashtra",400016,Mumbai,2026-01-31,2026-02-02,2026-02-06,,2026-02-05,Customer refused delivery,Cod,RTO,94AB793E8D,A*** C***,XXXXXX0800,[REDACTED - thane],,ACTUAL
110114864541,Gurgaon,122001,603,WKT-2324213,"ABC, Bhiwandi, Mumbai, Maharashtra",400016,Mumbai,2026-01-31,2026-02-01,2026-02-01,2026-02-02,2026-02-04,Delivery postponed by customer,Cod,Delivered,2EFE08B463,P*** C***,XXXXXX7595,[REDACTED - Gurgaon],,ACTUAL
101814704939,Bhandara,441802,909,EWE-2763100,"ABC, Bhiwandi, Mumbai, Maharashtra",400016,Mumbai,2026-01-31,2026-02-01,2026-02-02,2026-02-02,2026-02-04,Not Applicable,Cod,Delivered,06485B95BD,P*** C***,XXXXXX2227,[REDACTED - Bhandara],,ACTUAL
110714930128,Krishna,521185,799,LLT-2697367,"ABC, Bhiwandi, Mumbai, Maharashtra",400016,Mumbai,2026-01-31,2026-02-01,2026-02-04,2026-02-04,2026-02-05,Not Applicable,Prepaid,Delivered,E36000E577,B*** C***,XXXXXX7268,[REDACTED - Krishna],,ACTUAL
110514901535,Dharwadhubli,580023,993,YZK-2736746,"ABC, Bhiwandi, Mumbai, Maharashtra",400016,Mumbai,2026-01-31,2026-02-01,2026-02-05,,2026-02-04,COD payment declined,Cod,RTO,CD38E65394,K*** C***,XXXXXX8411,[REDACTED - Dharwadhubli],,ACTUAL
111014964063,Meerut,250001,2640,NYA-1665734,"ABC, Bhiwandi, Mumbai, Maharashtra",400016,Mumbai,2026-01-31,2026-02-01,2026-02-05,,2026-02-03,Landmark missing,Cod,RTO,8BF5473CF1,V*** C***,XXXXXX2720,[REDACTED - Meerut],high_value_order,ACTUAL
111014962048,West Delhi,110015,770,KES-2116047,"ABC, Bhiwandi, Mumbai, Maharashtra",400016,Mumbai,2026-01-31,2026-02-01,2026-02-01,2026-02-01,2026-02-03,Customer requested re-attempt,Cod,Delivered,F31BE1BC5B,D*** C***,XXXXXX2737,[REDACTED - West Delhi],,ACTUAL
110814946226,North 24 Parganas,700123,944,JML-2701442,"ABC, Bhiwandi, Mumbai, Maharashtra",400016,Mumbai,2026-01-31,2026-02-01,2026-02-02,2026-02-02,2026-02-03,Not Applicable,Cod,Delivered,FB6223D79A,K*** C***,XXXXXX2195,[REDACTED - North 24 Parganas],,ACTUAL
110914956311,Raigarh(MH),410210,1188,ADX-2433805,"ABC, Bhiwandi, Mumbai, Maharashtra",400016,Mumbai,2026-01-31,2026-02-02,2026-02-04,2026-02-04,2026-02-04,Not Applicable,Cod,Delivered,6E12847D47,M*** C***,XXXXXX8773,[REDACTED - Raigarh(MH)],,ACTUAL
110814944009,Gurgaon,122009,2143,SRS-2729967,"ABC, Bhiwandi, Mumbai, Maharashtra",400016,Mumbai,2026-01-31,2026-02-01,2026-02-06,,2026-02-04,Customer cancelled order,Cod,RTO,2D58958A22,C*** C***,XXXXXX7081,[REDACTED - Gurgaon],,ACTUAL
110814943220,South Goa,403714,939,BD8-2591706,"ABC, Bhiwandi, Mumbai, Maharashtra",400016,Mumbai,2026-01-31,2026-02-01,2026-02-03,2026-02-03,2026-02-04,Not Applicable,Cod,Delivered,97A3BEE76F,S*** C***,XXXXXX1264,[REDACTED - South Goa],,ACTUAL
110714926367,Chitradurga,577501,1868,SRS-2518632,"ABC, Bhiwandi, Mumbai, Maharashtra",400016,Mumbai,2026-01-31,2026-02-01,2026-02-05,2026-02-05,2026-02-05,Not Applicable,Prepaid,Delivered,A265C33069,D*** C***,XXXXXX3880,[REDACTED - Chitradurga],,ACTUAL
111014968924,Gurgaon,122018,1965,0PQ-2049462,"ABC, Bhiwandi, Mumbai, Maharashtra",400016,Mumbai,2026-01-31,2026-01-31,2026-02-05,2026-02-05,2026-02-07,Not Applicable,Cod,Delivered,E3046E84D8,A*** C***,XXXXXX1833,[REDACTED - Gurgaon],,ACTUAL
111114978747,Gurgaon,122003,949,SCR-2010092,"ABC, Bhiwandi, Mumbai, Maharashtra",400016,Mumbai,2026-01-31,2026-02-01,2026-02-02,2026-02-02,2026-02-02,Not Applicable,Prepaid,Delivered,468BD2D1F3,P*** C***,XXXXXX8818,[REDACTED - Gurgaon],,ACTUAL
110314884184,Gautam Buddha Nagar,201301,795,QZY-2411233,"ABC, Bhiwandi, Mumbai, Maharashtra",400016,Mumbai,2026-01-31,2026-02-01,2026-02-02,2026-02-03,2026-02-04,Address issue,Cod,Delivered,C5A71E266D,B*** C***,XXXXXX8949,[REDACTED - Gautam Buddha Nagar],,ACTUAL
110314884179,Gautam Buddha Nagar,201301,370,BP4-2522886,"ABC, Bhiwandi, Mumbai, Maharashtra",400016,Mumbai,2026-01-31,2026-02-01,,,2026-02-05,Not Applicable,Cod,In-Transit,094FF7FAAC,B*** C***,XXXXXX8949,[REDACTED - Gautam Buddha Nagar],not_yet_attempted,ACTUAL
110714929426,Nainital,263139,1312,LSM-2715291,"ABC, Bhiwandi, Mumbai, Maharashtra",400016,Mumbai,2026-01-31,2026-02-03,2026-02-07,2026-02-07,2026-02-08,Not Applicable,Cod,Delivered,5B55B0E1F1,N*** C***,XXXXXX2310,[REDACTED - Nainital],,ACTUAL
110114856281,Surat,395017,1511,ADX-2654766,"ABC, Bhiwandi, Mumbai, Maharashtra",400016,Mumbai,2026-01-31,2026-02-01,2026-02-03,2026-02-03,2026-02-03,Not Applicable,Cod,Delivered,EBC783B2A4,M*** C***,XXXXXX3778,[REDACTED - Surat],,ACTUAL
110814939587,Hyderabad,500072,1353,ADX-2433697,"ABC, Bhiwandi, Mumbai, Maharashtra",400016,Mumbai,2026-01-31,2026-02-01,2026-02-02,2026-02-02,2026-02-02,Not Applicable,Prepaid,Delivered,FDF9DF9B82,V*** C***,XXXXXX5371,[REDACTED - Hyderabad],,ACTUAL
110714926976,Sonitpur,784176,349,CRH-2696833,"ABC, Bhiwandi, Mumbai, Maharashtra",400016,Mumbai,2026-01-31,2026-02-01,2026-02-01,2026-02-02,2026-02-04,Phone not reachable,Cod,Delivered,BE1BCF91B3,D*** C***,XXXXXX1684,[REDACTED - Sonitpur],,ACTUAL
110914951340,Agra,282001,249,CIV-1860533,"ABC, Bhiwandi, Mumbai, Maharashtra",400016,Mumbai,2026-01-31,2026-02-01,2026-02-04,2026-02-04,2026-02-04,Not Applicable,Prepaid,Delivered,71EF850499,D*** C***,XXXXXX2026,[REDACTED - Agra],,ACTUAL
110814946201,West Godavari,534260,734,NEL-2297186,"ABC, Bhiwandi, Mumbai, Maharashtra",400016,Mumbai,2026-01-31,2026-02-01,2026-02-05,2026-02-05,2026-02-05,Not Applicable,Prepaid,Delivered,8BD8A9D39B,Y*** C***,XXXXXX7325,[REDACTED - West Godavari],,ACTUAL
110914949847,Bangalore,560032,1082,SN-2392410,"ABC, Bhiwandi, Mumbai, Maharashtra",400016,Mumbai,2026-01-31,2026-02-01,2026-02-02,2026-02-03,2026-02-04,Phone not reachable,Prepaid,Delivered,D9D7AC6B30,A*** C***,XXXXXX8015,[REDACTED - Bangalore],,ACTUAL
110714936225,Bangalore,560016,1446,SRS-1650332,"ABC, Bhiwandi, Mumbai, Maharashtra",400016,Mumbai,2026-01-31,2026-02-01,2026-02-03,2026-02-04,2026-02-04,Landmark missing,Cod,Delivered,F33E6CA1AB,A*** C***,XXXXXX4613,[REDACTED - Bangalore],,ACTUAL
110514904350,Madurai,625001,1189,ADX-2074333,"ABC, Bhiwandi, Mumbai, Maharashtra",400016,Mumbai,2026-02-01,2026-02-04,2026-02-05,2026-02-05,2026-02-05,Not Applicable,Cod,Delivered,D9EE8E52D5,S*** C***,XXXXXX1824,[REDACTED - Madurai],,ACTUAL
110914955516,Gurgaon,122003,1499,SE-2740481,"ABC, Bhiwandi, Mumbai, Maharashtra",400016,Mumbai,2026-02-01,2026-02-02,2026-02-05,2026-02-05,2026-02-04,Not Applicable,Cod,Delivered,EF4457A1E2,V*** C***,XXXXXX4369,[REDACTED - Gurgaon],,ACTUAL
110314878775,Thane,401107,868,LNS-2641180,"ABC, Bhiwandi, Mumbai, Maharashtra",400016,Mumbai,2026-02-01,2026-02-02,2026-02-06,2026-02-06,2026-02-07,Not Applicable,Cod,Delivered,ECCD7F78BD,D*** C***,XXXXXX5023,[REDACTED - Thane],,ACTUAL
111014961583,Gurgaon,122003,2000,KCA-2601887,"ABC, Bhiwandi, Mumbai, Maharashtra",400016,Mumbai,2026-02-01,2026-02-02,2026-02-05,2026-02-05,2026-02-05,Not Applicable,Cod,Delivered,B9BEDF2DDF,V*** C***,XXXXXX4369,[REDACTED - Gurgaon],,ACTUAL
110714928350,Faridabad,121002,449,YGS-2668309,"ABC, Bhiwandi, Mumbai, Maharashtra",400016,Mumbai,2026-02-01,2026-02-02,2026-02-06,2026-02-08,2026-02-06,Address issue,Prepaid,Delivered,2AF81A444E,N*** C***,XXXXXX9888,[REDACTED - Faridabad],,ACTUAL
111114975059,Bangalore,560087,1674,SRS-2030597,"ABC, Bhiwandi, Mumbai, Maharashtra",400016,Mumbai,2026-02-01,2026-02-02,2026-02-06,2026-02-06,2026-02-06,Not Applicable,Cod,Delivered,529A8E4365,B*** C***,XXXXXX6602,[REDACTED - Bangalore],,ACTUAL
103014836636,K.V.Rangareddy,500032,234,ETZ-2403808,"ABC, Bhiwandi, Mumbai, Maharashtra",400016,Mumbai,2026-02-01,2026-02-02,2026-02-05,2026-02-05,2026-02-06,Not Applicable,Cod,Delivered,1810F65D30,A*** C***,XXXXXX1700,[REDACTED - K.V.Rangareddy],,ACTUAL
111014961537,Ghaziabad,201012,569,RUO-2562815,"ABC, Bhiwandi, Mumbai, Maharashtra",400016,Mumbai,2026-02-01,2026-02-04,2026-02-04,2026-02-04,2026-02-06,Not Applicable,Cod,Delivered,724508C9D1,n*** C***,XXXXXX5425,[REDACTED - Ghaziabad],,ACTUAL
110914959124,Pune,411014,673,DDS-2550056,"ABC, Bhiwandi, Mumbai, Maharashtra",400016,Mumbai,2026-02-01,2026-02-01,2026-02-03,2026-02-03,2026-02-04,Not Applicable,Prepaid,Delivered,467A1AB328,T*** C***,XXXXXX0708,[REDACTED - Pune],,ACTUAL
110114864742,Hyderabad,500032,4498,JJD-2450711,"ABC, Bhiwandi, Mumbai, Maharashtra",400016,Mumbai,2026-02-01,2026-02-02,2026-02-06,2026-02-06,2026-02-07,Not Applicable,Cod,Delivered,340197423B,S*** C***,XXXXXX1160,[REDACTED - Hyderabad],high_value_order,ACTUAL
110914955427,Mumbai,400011,700,BPC-2474891,"ABC, Bhiwandi, Mumbai, Maharashtra",400016,Mumbai,2026-02-01,2026-02-03,2026-02-04,2026-02-05,2026-02-06,Phone not reachable,Cod,Delivered,8C1AC04684,A*** C***,XXXXXX0044,[REDACTED - Mumbai],,ACTUAL
110914955403,Mumbai,400011,2465,0PT-2340014,"ABC, Bhiwandi, Mumbai, Maharashtra",400016,Mumbai,2026-02-01,2026-02-02,2026-02-10,2026-02-10,2026-02-09,Not Applicable,Prepaid,Delivered,0669D99B2B,A*** C***,XXXXXX0044,[REDACTED - Mumbai],,ACTUAL
110814939234,Varanasi,221005,849,LTL-1989286,"ABC, Bhiwandi, Mumbai, Maharashtra",400016,Mumbai,2026-02-01,2026-02-03,2026-02-07,2026-02-07,2026-02-07,Not Applicable,Cod,Delivered,E80EB39D74,B*** C***,XXXXXX0975,[REDACTED - Varanasi],,ACTUAL
110914960400,Gautam Buddha Nagar,201301,1433,GLT-2750229,"ABC, Bhiwandi, Mumbai, Maharashtra",400016,Mumbai,2026-02-01,2026-02-03,2026-02-09,2026-02-09,2026-02-09,Not Applicable,Prepaid,Delivered,E92BF5D1F9,S*** C***,XXXXXX6333,[REDACTED - Gautam Buddha Nagar],,ACTUAL
111014966248,South West Delhi,110043,572,KES-2355175,"ABC, Bhiwandi, Mumbai, Maharashtra",400016,Mumbai,2026-02-01,2026-02-03,2026-02-03,2026-02-03,2026-02-05,Not Applicable,Cod,Delivered,17156BD621,S*** C***,XXXXXX2010,[REDACTED - South West Delhi],,ACTUAL
110814944597,Mumbai,400022,2236,ASU-2739200,"ABC, Bhiwandi, Mumbai, Maharashtra",400016,Mumbai,2026-02-01,2026-02-03,2026-02-07,2026-02-07,2026-02-07,Not Applicable,Cod,Delivered,640D1C5C87,j*** C***,XXXXXX6323,[REDACTED - Mumbai],,ACTUAL
103114850161,JORHAT,785001,1699,FRH-1990079,"ABC, Bhiwandi, Mumbai, Maharashtra",400016,Mumbai,2026-02-01,2026-02-03,2026-02-03,2026-02-03,2026-02-04,Not Applicable,Prepaid,Delivered,FA6AAC93A2,P*** C***,XXXXXX4502,[REDACTED - JORHAT],,ACTUAL
111014965519,Mahabub Nagar,509324,1123,WER-2669738,"ABC, Bhiwandi, Mumbai, Maharashtra",400016,Mumbai,2026-02-01,2026-02-02,2026-02-11,2026-02-11,2026-02-08,Not Applicable,Prepaid,Delivered,EB4BDED15A,K*** C***,XXXXXX1281,[REDACTED - Mahabub Nagar],,ACTUAL
110714926450,Sonitpur,784001,1446,SRS-1650332,"ABC, Bhiwandi, Mumbai, Maharashtra",400016,Mumbai,2026-02-01,2026-02-03,2026-02-04,,2026-02-04,COD payment declined,Cod,RTO,F545F80B1C,P*** C***,XXXXXX7317,[REDACTED - Sonitpur],,ACTUAL
110914955987,Bangalore,560016,521,THD-1804089,"ABC, Bhiwandi, Mumbai, Maharashtra",400016,Mumbai,2026-02-01,2026-02-03,2026-02-04,2026-02-04,2026-02-06,Not Applicable,Cod,Delivered,86A6F8A69F,H*** C***,XXXXXX0504,[REDACTED - Bangalore],,ACTUAL
110714936607,Bellary,583201,398,GEW-2717594,"ABC, Bhiwandi, Mumbai, Maharashtra",400016,Mumbai,2026-02-01,2026-02-04,2026-02-08,2026-02-08,2026-02-06,Not Applicable,Cod,Delivered,77661E4A40,R*** C***,XXXXXX8877,[REDACTED - Bellary],,ACTUAL
102714806413,Hyderabad,500034,1231,YTS-2065167,"ABC, Bhiwandi, Mumbai, Maharashtra",400016,Mumbai,2026-02-01,2026-02-03,2026-02-08,,2026-02-08,Customer cancelled order,Cod,RTO,E81E9FDE4D,R*** C***,XXXXXX2144,[REDACTED - Hyderabad],,ACTUAL
111114974911,South West Delhi,110010,879,YTS-2688202,"ABC, Bhiwandi, Mumbai, Maharashtra",400016,Mumbai,2026-02-01,2026-02-03,2026-02-07,2026-02-07,2026-02-07,Not Applicable,Prepaid,Delivered,95A85E7793,S*** C***,XXXXXX5887,[REDACTED - South West Delhi],,ACTUAL
110814939884,Mandi,175024,890,ABL-1683506,"ABC, Bhiwandi, Mumbai, Maharashtra",400016,Mumbai,2026-02-01,2026-02-02,2026-02-02,2026-02-02,2026-02-03,Not Applicable,Cod,Delivered,2166367B15,P*** C***,XXXXXX8051,[REDACTED - Mandi],,ACTUAL
110614915375,Bardhaman,713148,1718,ADX-2060721,"ABC, Bhiwandi, Mumbai, Maharashtra",400016,Mumbai,2026-02-01,2026-02-02,2026-02-03,2026-02-03,2026-02-05,Not Applicable,Prepaid,Delivered,DD521C66C4,R*** C***,XXXXXX2551,[REDACTED - Bardhaman],,ACTUAL
102014722464,Bangalore,560035,829,WER-2749969,"ABC, Bhiwandi, Mumbai, Maharashtra",400016,Mumbai,2026-02-01,2026-02-02,2026-02-06,2026-02-06,2026-02-04,Not Applicable,Prepaid,Delivered,6EDA53F2D1,A*** C***,XXXXXX0402,[REDACTED - Bangalore],,ACTUAL
110914960006,Bangalore,560066,1501,SB9-2125808,"ABC, Bhiwandi, Mumbai, Maharashtra",400016,Mumbai,2026-02-01,2026-02-03,,,2026-02-05,Not Applicable,Cod,In-Transit,AC22F7D6FC,H*** C***,XXXXXX7602,[REDACTED - Bangalore],not_yet_attempted,ACTUAL
103014838628,Kanchipuram,603127,748,MXH-2541844,"ABC, Bhiwandi, Mumbai, Maharashtra",400016,Mumbai,2026-02-01,2026-02-02,2026-02-10,,2026-02-09,Customer refused delivery,Cod,RTO,0B52A6C2C3,S*** C***,XXXXXX6166,[REDACTED - Kanchipuram],,ACTUAL
110814942401,Mohali,160104,2141,SRS-1949229,"ABC, Bhiwandi, Mumbai, Maharashtra",400016,Mumbai,2026-02-01,2026-02-02,2026-02-06,,2026-02-05,Address issue,Cod,RTO,35A9DDD046,N*** C***,XXXXXX9988,[REDACTED - Mohali],,ACTUAL
110714929550,KOLKATA,700054,395,DOP-2644053,"ABC, Bhiwandi, Mumbai, Maharashtra",400016,Mumbai,2026-02-01,2026-02-02,2026-02-05,2026-02-05,2026-02-05,Not Applicable,Prepaid,Delivered,3391DBB134,B*** C***,XXXXXX5990,[REDACTED - KOLKATA],,ACTUAL
110614916960,Hassan,573116,809,TXZ-2284650,"ABC, Bhiwandi, Mumbai, Maharashtra",400016,Mumbai,2026-02-01,2026-02-02,,,2026-02-03,Not Applicable,Prepaid,Lost,BA83DEBAAC,R*** C***,XXXXXX5052,[REDACTED - Hassan],,ACTUAL
111114978164,Agra,282007,1123,YTS-2688092,"ABC, Bhiwandi, Mumbai, Maharashtra",400016,Mumbai,2026-02-01,2026-02-03,2026-02-05,2026-02-06,2026-02-07,Customer requested re-attempt,Cod,Delivered,764B4B2075,T*** C***,XXXXXX2866,[REDACTED - Agra],,ACTUAL
111014971157,Bangalore,560078,863,YGS-2590740,"ABC, Bhiwandi, Mumbai, Maharashtra",400016,Mumbai,2026-02-01,2026-02-02,2026-02-08,2026-02-08,2026-02-07,Not Applicable,Prepaid,Delivered,A91CCD99D8,N*** C***,XXXXXX0249,[REDACTED - Bangalore],,ACTUAL
110314876354,East Khasi Hills,793014,1900,MDX-2707018,"ABC, Bhiwandi, Mumbai, Maharashtra",400016,Mumbai,2026-02-01,2026-02-03,2026-02-04,2026-02-05,2026-02-07,Phone not reachable,Prepaid,Delivered,2D72399D8A,M*** C***,XXXXXX0847,[REDACTED - East Khasi Hills],,ACTUAL
102814816959,Patna,800013,489,YUB-2562025,"ABC, Bhiwandi, Mumbai, Maharashtra",400016,Mumbai,2026-02-01,2026-02-01,2026-02-04,,2026-02-04,Phone not reachable,Cod,RTO,14D0FDC42F,A*** C***,XXXXXX0081,[REDACTED - Patna],,ACTUAL
101814865968,secunderabad,500026,1350,LJA-2762307,"ABC, Bhiwandi, Mumbai, Maharashtra",400016,Mumbai,2026-02-01,2026-02-02,2026-02-02,2026-02-02,2026-02-03,Not Applicable,Cod,Delivered,7AA047A587,a*** C***,XXXXXX9972,[REDACTED - secunderabad],,ACTUAL
110914957053,Bangalore,560103,399,WNX-2555201,"ABC, Bhiwandi, Mumbai, Maharashtra",400016,Mumbai,2026-02-01,2026-02-02,2026-02-08,,2026-02-06,Customer not available,Cod,RTO,1BF129CD55,D*** C***,XXXXXX3902,[REDACTED - Bangalore],,ACTUAL
102814809749,Mandi,175021,815,LSB-1975888,"ABC, Bhiwandi, Mumbai, Maharashtra",400016,Mumbai,2026-02-01,2026-02-01,,,2026-02-02,Not Applicable,Prepaid,In-Transit,3DC61D4832,S*** C***,XXXXXX5927,[REDACTED - Mandi],not_yet_attempted,ACTUAL
103114845652,Moradabad,244001,637,YYG-2630396,"ABC, Bhiwandi, Mumbai, Maharashtra",400016,Mumbai,2026-02-01,2026-02-02,2026-02-06,2026-02-06,2026-02-06,Not Applicable,Prepaid,Delivered,613F44180E,W*** C***,XXXXXX1942,[REDACTED - Moradabad],,ACTUAL
110414888467,Sambalpur,768003,649,CRH-2696466,"ABC, Bhiwandi, Mumbai, Maharashtra",400016,Mumbai,2026-02-01,2026-02-02,2026-02-04,2026-02-04,2026-02-04,Not Applicable,Cod,Delivered,DFF11FF124,V*** C***,XXXXXX2951,[REDACTED - Sambalpur],,ACTUAL
110814944692,Bangalore,560070,430,YKL-2244436,"ABC, Bhiwandi, Mumbai, Maharashtra",400016,Mumbai,2026-02-01,2026-02-01,2026-02-02,2026-02-02,2026-02-04,Not Applicable,Cod,Delivered,B8CC889856,K*** C***,XXXXXX7746,[REDACTED - Bangalore],,ACTUAL
110614924435,Mumbai,400093,499,KJD-2229775,"ABC, Bhiwandi, Mumbai, Maharashtra",400016,Mumbai,2026-02-01,2026-02-02,2026-02-02,2026-02-02,2026-02-04,Not Applicable,Cod,Delivered,0E49859F86,P*** C***,XXXXXX1528,[REDACTED - Mumbai],,ACTUAL
110914960060,Bangalore,560040,949,EWE-2697527,"ABC, Bhiwandi, Mumbai, Maharashtra",400016,Mumbai,2026-02-01,2026-02-02,2026-02-03,2026-02-03,2026-02-05,Not Applicable,Cod,Delivered,4666228FFD,N*** C***,XXXXXX4190,[REDACTED - Bangalore],,ACTUAL
111014964529,Faridabad,121001,777,NAB-2378229,"ABC, Bhiwandi, Mumbai, Maharashtra",400016,Mumbai,2026-02-01,2026-02-02,2026-02-02,2026-02-02,2026-02-03,Not Applicable,Cod,Delivered,CB6BB11239,S*** C***,XXXXXX0085,[REDACTED - Faridabad],,ACTUAL
110614915539,Ernakulam,682020,1386,QMB-2573246,"ABC, Bhiwandi, Mumbai, Maharashtra",400016,Mumbai,2026-02-01,2026-02-03,2026-02-05,2026-02-05,2026-02-06,Not Applicable,Cod,Delivered,BD3112AF0E,R*** C***,XXXXXX9349,[REDACTED - Ernakulam],,ACTUAL
110814948019,Bangalore,560035,654,QTH-2264615,"ABC, Bhiwandi, Mumbai, Maharashtra",400016,Mumbai,2026-02-01,2026-02-04,2026-02-05,2026-02-05,2026-02-05,Not Applicable,Cod,Delivered,52B2114ED6,S*** C***,XXXXXX6602,[REDACTED - Bangalore],,ACTUAL
110914953258,Jaipur,302012,665,CBS-2143500,"ABC, Bhiwandi, Mumbai, Maharashtra",400016,Mumbai,2026-02-01,2026-02-02,2026-02-07,,2026-02-05,Customer refused delivery,Cod,RTO,1124D95567,V*** C***,XXXXXX4151,[REDACTED - Jaipur],,ACTUAL
110414894367,Champhai,796321,517,CCD-2464444,"ABC, Bhiwandi, Mumbai, Maharashtra",400016,Mumbai,2026-02-01,2026-02-03,2026-02-08,,2026-02-06,Address issue,Cod,RTO,EAF38E165C,R*** C***,XXXXXX2482,[REDACTED - Champhai],,ACTUAL
110814945321,Thane,401202,867,BMP-2551217,"ABC, Bhiwandi, Mumbai, Maharashtra",400016,Mumbai,2026-02-01,2026-02-02,2026-02-07,,2026-02-06,Phone not reachable,Cod,RTO,25EA154959,J*** C***,XXXXXX5316,[REDACTED - Thane],,ACTUAL
110814938491,DHARMAVARAM,515671,1499,CIV-2663205,"ABC, Bhiwandi, Mumbai, Maharashtra",400016,Mumbai,2026-02-01,2026-02-02,2026-02-02,2026-02-02,2026-02-04,Not Applicable,Prepaid,Delivered,9363343382,N*** C***,XXXXXX3947,[REDACTED - DHARMAVARAM],,ACTUAL
101914715253,Chennai,600092,1949,SRS-2692677,"ABC, Bhiwandi, Mumbai, Maharashtra",400016,Mumbai,2026-02-02,2026-02-02,2026-02-03,2026-02-03,2026-02-05,Not Applicable,Prepaid,Delivered,95152C1332,A*** C***,XXXXXX1787,[REDACTED - Chennai],,ACTUAL
110814947943,Nalgonda,508246,477,NEL-2297267,"ABC, Bhiwandi, Mumbai, Maharashtra",400016,Mumbai,2026-02-02,2026-02-04,2026-02-07,2026-02-07,2026-02-07,Not Applicable,Cod,Delivered,AC2EAE8F7E,P*** C***,XXXXXX9111,[REDACTED - Nalgonda],,ACTUAL
110714927322,Hyderabad,500039,1049,ADX-2245128,"ABC, Bhiwandi, Mumbai, Maharashtra",400016,Mumbai,2026-02-02,2026-02-04,2026-02-04,2026-02-04,2026-02-06,Not Applicable,Cod,Delivered,596EE80708,P*** C***,XXXXXX7664,[REDACTED - Hyderabad],,ACTUAL
110814941693,Pune,411037,499,JJS-2777322,"ABC, Bhiwandi, Mumbai, Maharashtra",400016,Mumbai,2026-02-02,2026-02-04,2026-02-05,2026-02-05,2026-02-06,Not Applicable,Cod,Delivered,A7C9E0310D,S*** C***,XXXXXX7019,[REDACTED - Pune],,ACTUAL
110214869863,Kamrup,781036,1900,KJD-1953521,"ABC, Bhiwandi, Mumbai, Maharashtra",400016,Mumbai,2026-02-02,2026-02-04,2026-02-08,,2026-02-08,Landmark missing,Cod,RTO,84EEB9CBF1,P*** C***,XXXXXX6942,[REDACTED - Kamrup],,ACTUAL
110614916805,Patna,800010,811,YGS-2072252,"ABC, Bhiwandi, Mumbai, Maharashtra",400016,Mumbai,2026-02-02,2026-02-03,2026-02-04,2026-02-04,2026-02-04,Not Applicable,Cod,Delivered,1FE26AF20A,e*** C***,XXXXXX6270,[REDACTED - Patna],,ACTUAL
110514905891,Allahabad,211002,549,SBD-2464651,"ABC, Bhiwandi, Mumbai, Maharashtra",400016,Mumbai,2026-02-02,2026-02-04,2026-02-08,2026-02-09,2026-02-09,Landmark missing,Prepaid,Delivered,D6D3FFF4C0,N*** C***,XXXXXX0489,[REDACTED - Allahabad],,ACTUAL
110814937700,Ghaziabad,201014,799,FB3-2682115,"ABC, Bhiwandi, Mumbai, Maharashtra",400016,Mumbai,2026-02-02,2026-02-03,2026-02-05,2026-02-05,2026-02-07,Not Applicable,Prepaid,Delivered,9346399402,K*** C***,XXXXXX9780,[REDACTED - Ghaziabad],,ACTUAL
110614923937,Kozhikode,673002,1499,TMW-2760880,"ABC, Bhiwandi, Mumbai, Maharashtra",400016,Mumbai,2026-02-02,2026-02-03,2026-02-07,2026-02-07,2026-02-07,Not Applicable,Prepaid,Delivered,8BC1DF6CFC,S*** C***,XXXXXX6792,[REDACTED - Kozhikode],,ACTUAL
111014966456,Mumbai,400014,863,YGS-2590730,"ABC, Bhiwandi, Mumbai, Maharashtra",400016,Mumbai,2026-02-02,2026-02-03,2026-02-04,2026-02-06,2026-02-06,Landmark missing,Prepaid,Delivered,81954E6A7B,K*** C***,XXXXXX5725,[REDACTED - Mumbai],,ACTUAL
110714933519,Gurgaon,122002,639,CBS-2698764,"ABC, Bhiwandi, Mumbai, Maharashtra",400016,Mumbai,2026-02-02,2026-02-03,2026-02-05,2026-02-06,2026-02-05,Customer not available,Prepaid,Delivered,89C138EE59,S*** C***,XXXXXX4429,[REDACTED - Gurgaon],,ACTUAL
101814699509,Mumbai,400020,419,DXT-2344133,"ABC, Bhiwandi, Mumbai, Maharashtra",400016,Mumbai,2026-02-02,2026-02-03,2026-02-03,2026-02-03,2026-02-05,Not Applicable,Cod,Delivered,F7B2BAC8A7,P*** C***,XXXXXX6605,[REDACTED - Mumbai],,ACTUAL
110614922461,Muzaffarnagar,251001,1999,SE-2722984,"ABC, Bhiwandi, Mumbai, Maharashtra",400016,Mumbai,2026-02-02,2026-02-04,2026-02-08,2026-02-08,2026-02-08,Not Applicable,Prepaid,Delivered,0BB9B9FACB,A*** C***,XXXXXX1919,[REDACTED - Muzaffarnagar],,ACTUAL
110514903273,Darbhanga,846004,1069,JIX-2718902,"ABC, Bhiwandi, Mumbai, Maharashtra",400016,Mumbai,2026-02-02,2026-02-03,2026-02-04,2026-02-04,2026-02-05,Not Applicable,Cod,Delivered,215196EEAF,J*** C***,XXXXXX5676,[REDACTED - Darbhanga],,ACTUAL
110314877846,Hyderabad,500059,1239,ADX-2363087,"ABC, Bhiwandi, Mumbai, Maharashtra",400016,Mumbai,2026-02-02,2026-02-03,2026-02-07,2026-02-07,2026-02-08,Not Applicable,Cod,Delivered,93CD3E1755,S*** C***,XXXXXX4937,[REDACTED - Hyderabad],,ACTUAL
110414896424,South Delhi,110019,859,WER-1506643,"ABC, Bhiwandi, Mumbai, Maharashtra",400016,Mumbai,2026-02-02,2026-02-04,,,2026-02-11,Not Applicable,Cod,In-Transit,F86039FCD7,R*** C***,XXXXXX9845,[REDACTED - South Delhi],not_yet_attempted,ACTUAL
110314886472,Rohtak,124001,936,SN-2620681,"ABC, Bhiwandi, Mumbai, Maharashtra",400016,Mumbai,2026-02-02,2026-02-03,2026-02-03,2026-02-04,2026-02-06,Customer not available,Cod,Delivered,38AB44F44A,K*** C***,XXXXXX6705,[REDACTED - Rohtak],,ACTUAL
110914949975,Mumbai,400098,808,RUO-2562942,"ABC, Bhiwandi, Mumbai, Maharashtra",400016,Mumbai,2026-02-02,2026-02-02,2026-02-05,2026-02-05,2026-02-06,Not Applicable,Prepaid,Delivered,B360F4CBB2,N*** C***,XXXXXX1725,[REDACTED - Mumbai],,ACTUAL
111114978064,Thane,400607,2990,QTH-2264495,"ABC, Bhiwandi, Mumbai, Maharashtra",400016,Mumbai,2026-02-02,2026-02-03,2026-02-10,2026-02-10,2026-02-07,Not Applicable,Cod,Delivered,BCF68CB0D1,H*** C***,XXXXXX1971,[REDACTED - Thane],high_value_order,ACTUAL
110914959291,Uttara Kannada,581301,899,WHA-2746327,"ABC, Bhiwandi, Mumbai, Maharashtra",400016,Mumbai,2026-02-02,2026-02-03,2026-02-03,2026-02-03,2026-02-05,Address issue,Prepaid,Delivered,2D769D7078,H*** C***,XXXXXX1553,[REDACTED - Uttara Kannada],,ACTUAL
111014966111,Uttara Kannada,581301,899,WHA-2746302,"ABC, Bhiwandi, Mumbai, Maharashtra",400016,Mumbai,2026-02-02,2026-02-03,2026-02-05,2026-02-05,2026-02-07,Not Applicable,Cod,Delivered,CB000DDD9C,H*** C***,XXXXXX1553,[REDACTED - Uttara Kannada],,ACTUAL
111014971039,Bangalore,560043,1429,SRS-1707400,"ABC, Bhiwandi, Mumbai, Maharashtra",400016,Mumbai,2026-02-02,2026-02-03,2026-02-03,2026-02-03,2026-02-04,Not Applicable,Cod,Delivered,C59DA63856,V*** C***,XXXXXX5244,[REDACTED - Bangalore],,ACTUAL
111014961534,Mumbai,400086,1616,HCX-2120567,"ABC, Bhiwandi, Mumbai, Maharashtra",400016,Mumbai,2026-02-02,2026-02-02,2026-02-04,2026-02-04,2026-02-04,Not Applicable,Cod,Delivered,D4C154CDD4,P*** C***,XXXXXX7625,[REDACTED - Mumbai],,ACTUAL
111114973567,Gurgaon,122002,538,THD-2222821,"ABC, Bhiwandi, Mumbai, Maharashtra",400016,Mumbai,2026-02-02,2026-02-03,2026-02-03,2026-02-03,2026-02-04,Not Applicable,Cod,Delivered,9A9A33DF9B,K*** C***,XXXXXX3633,[REDACTED - Gurgaon],,ACTUAL
111114973058,Mumbai,400078,1309,JIH-2722891,"ABC, Bhiwandi, Mumbai, Maharashtra",400016,Mumbai,2026-02-02,2026-02-03,2026-02-07,2026-02-07,2026-02-09,Not Applicable,Cod,Delivered,32EECB9C96,K*** C***,XXXXXX5670,[REDACTED - Mumbai],,ACTUAL
110914958762,Panipat,132103,640,YGS-2118888,"ABC, Bhiwandi, Mumbai, Maharashtra",400016,Mumbai,2026-02-02,2026-02-03,2026-02-05,2026-02-05,2026-02-05,Not Applicable,Cod,Delivered,FF6594965D,R*** C***,XXXXXX0010,[REDACTED - Panipat],,ACTUAL
111114973033,Mumbai,400078,2092,CP7-2237508,"ABC, Bhiwandi, Mumbai, Maharashtra",400016,Mumbai,2026-02-02,2026-02-03,2026-02-08,2026-02-08,2026-02-08,Not Applicable,Prepaid,Delivered,E9D7EA7D6F,K*** C***,XXXXXX5670,[REDACTED - Mumbai],,ACTUAL
102814809865,South Delhi,110065,593,JTM-2611131,"ABC, Bhiwandi, Mumbai, Maharashtra",400016,Mumbai,2026-02-02,2026-02-03,2026-02-06,,2026-02-04,Address issue,Cod,RTO,02C2110D79,p*** C***,XXXXXX7213,[REDACTED - South Delhi],,ACTUAL
101214654847,Kamrup,781005,454,LCL-2308582,"ABC, Bhiwandi, Mumbai, Maharashtra",400016,Mumbai,2026-02-02,2026-02-04,2026-02-09,2026-02-09,2026-02-06,Not Applicable,Prepaid,Delivered,99DD09CDCD,D*** C***,XXXXXX2302,[REDACTED - Kamrup],,ACTUAL
111014972796,Thane,400601,1047,YZK-2736787,"ABC, Bhiwandi, Mumbai, Maharashtra",400016,Mumbai,2026-02-02,2026-02-04,2026-02-07,,2026-02-07,Landmark missing,Prepaid,RTO,4942AB21EB,A*** C***,XXXXXX8741,[REDACTED - Thane],,ACTUAL
110614912134,Moradabad,244001,349,TMW-2776898,"ABC, Bhiwandi, Mumbai, Maharashtra",400016,Mumbai,2026-02-02,2026-02-04,2026-02-04,2026-02-04,2026-02-06,Phone not reachable,Cod,Delivered,CCDB5672F9,V*** C***,XXXXXX4688,[REDACTED - Moradabad],,ACTUAL
110514906292,East Nimar,450112,625,SE-2709021,"ABC, Bhiwandi, Mumbai, Maharashtra",400016,Mumbai,2026-02-02,2026-02-03,2026-02-05,2026-02-05,2026-02-07,Not Applicable,Cod,Delivered,3B1184723F,K*** C***,XXXXXX5980,[REDACTED - East Nimar],,ACTUAL
110814936933,Mumbai,400028,499,PNA-2660650,"ABC, Bhiwandi, Mumbai, Maharashtra",400016,Mumbai,2026-02-02,2026-02-02,2026-02-02,2026-02-02,2026-02-03,Not Applicable,Cod,Delivered,6AC9B2839D,B*** C***,XXXXXX4006,[REDACTED - Mumbai],,ACTUAL
111114978154,Thane,401107,2499,JJD-2154513,"ABC, Bhiwandi, Mumbai, Maharashtra",400016,Mumbai,2026-02-02,2026-02-04,2026-02-05,2026-02-05,2026-02-07,Not Applicable,Prepaid,Delivered,5217BD43B5,P*** C***,XXXXXX3683,[REDACTED - Thane],,ACTUAL
101514654385,Indore,452001,869,WER-2749905,"ABC, Bhiwandi, Mumbai, Maharashtra",400016,Mumbai,2026-02-02,2026-02-04,2026-02-07,,2026-02-05,Address issue,Cod,RTO,50F829937B,D*** C***,XXXXXX4459,[REDACTED - Indore],,ACTUAL
111014972797,Bangalore,560067,1007,ABL-1546795,"ABC, Bhiwandi, Mumbai, Maharashtra",400016,Mumbai,2026-02-02,2026-02-04,2026-02-07,2026-02-07,2026-02-08,Not Applicable,Cod,Delivered,6F9B899000,D*** C***,XXXXXX2822,[REDACTED - Bangalore],,ACTUAL
102914827015,Rampur,244901,925,SII-2269297,"ABC, Bhiwandi, Mumbai, Maharashtra",400016,Mumbai,2026-02-02,2026-02-04,2026-02-12,2026-02-12,2026-02-09,Not Applicable,Cod,Delivered,C8B2A23279,S*** C***,XXXXXX8091,[REDACTED - Rampur],,ACTUAL
102214753055,Thane,421201,881,VLL-2114660,"ABC, Bhiwandi, Mumbai, Maharashtra",400016,Mumbai,2026-02-02,2026-02-04,2026-02-07,2026-02-08,2026-02-08,Customer not available,Cod,Delivered,5D5379E747,A*** C***,XXXXXX5383,[REDACTED - Thane],,ACTUAL
110714926257,Mumbai,400088,749,MBC-2500455,"ABC, Bhiwandi, Mumbai, Maharashtra",400016,Mumbai,2026-02-02,2026-02-03,2026-02-07,2026-02-07,2026-02-08,Not Applicable,Cod,Delivered,33487BF7B3,K*** C***,XXXXXX7157,[REDACTED - Mumbai],,ACTUAL
111014970812,North 24 Parganas,700091,917,HYJ-1952854,"ABC, Bhiwandi, Mumbai, Maharashtra",400016,Mumbai,2026-02-02,2026-02-03,2026-02-03,2026-02-03,2026-02-05,Not Applicable,Prepaid,Delivered,C6DDC4D82A,S*** C***,XXXXXX9593,[REDACTED - North 24 Parganas],,ACTUAL
110914957873,Darjiling,734434,767,JIG-2711525,"ABC, Bhiwandi, Mumbai, Maharashtra",400016,Mumbai,2026-02-02,2026-02-05,2026-02-05,2026-02-06,2026-02-07,Landmark missing,Cod,Delivered,30EC81829A,P*** C***,XXXXXX6423,[REDACTED - Darjiling],,ACTUAL
111014970535,Bangalore,560036,1848,0PQ-2460939,"ABC, Bhiwandi, Mumbai, Maharashtra",400016,Mumbai,2026-02-02,2026-02-03,2026-02-05,2026-02-05,2026-02-05,Not Applicable,Cod,Delivered,BFE1272313,L*** C***,XXXXXX3986,[REDACTED - Bangalore],,ACTUAL
111114972999,Kolkata,700036,1071,VBB-2747258,"ABC, Bhiwandi, Mumbai, Maharashtra",400016,Mumbai,2026-02-02,2026-02-03,2026-02-04,2026-02-04,2026-02-05,Not Applicable,Prepaid,Delivered,3403740DE6,A*** C***,XXXXXX2226,[REDACTED - Kolkata],,ACTUAL
110914949746,Gautam Buddha Nagar,201301,349,CRH-2696822,"ABC, Bhiwandi, Mumbai, Maharashtra",400016,Mumbai,2026-02-02,2026-02-02,2026-02-06,,2026-02-04,Address issue,Cod,RTO,6DE203B63D,R*** C***,XXXXXX3407,[REDACTED - Gautam Buddha Nagar],,ACTUAL
111014961773,Bangalore,560035,1780,CBS-2762619,"ABC, Bhiwandi, Mumbai, Maharashtra",400016,Mumbai,2026-02-02,2026-02-03,2026-02-06,2026-02-06,2026-02-06,Not Applicable,Cod,Delivered,ED5254B258,S*** C***,XXXXXX8959,[REDACTED - Bangalore],,ACTUAL
110914955354,Ahmedabad,380005,495,TGX-2615900,"ABC, Bhiwandi, Mumbai, Maharashtra",400016,Mumbai,2026-02-02,2026-02-03,2026-02-08,2026-02-08,2026-02-10,Not Applicable,Cod,Delivered,029795B01A,S*** C***,XXXXXX9509,[REDACTED - Ahmedabad],,ACTUAL
110914955355,Ahmedabad,380005,349,DHB-2625272,"ABC, Bhiwandi, Mumbai, Maharashtra",400016,Mumbai,2026-02-02,2026-02-04,2026-02-08,2026-02-08,2026-02-05,Not Applicable,Cod,Delivered,DD6F101C89,S*** C***,XXXXXX9509,[REDACTED - Ahmedabad],,ACTUAL
110814936918,Dehradun,248001,828,QZY-2411237,"ABC, Bhiwandi, Mumbai, Maharashtra",400016,Mumbai,2026-02-02,2026-02-03,2026-02-03,2026-02-03,2026-02-04,Not Applicable,Cod,Delivered,A13B361679,P*** C***,XXXXXX4386,[REDACTED - Dehradun],,ACTUAL
111014961437,Gautam Buddha Nagar,201301,490,THD-1804085,"ABC, Bhiwandi, Mumbai, Maharashtra",400016,Mumbai,2026-02-02,2026-02-02,2026-02-05,2026-02-05,2026-02-05,Not Applicable,Cod,Delivered,B61F065481,R*** C***,XXXXXX3407,[REDACTED - Gautam Buddha Nagar],,ACTUAL
92514375666,Coimbatore,641004,829,BYB-2716695,"ABC, Bhiwandi, Mumbai, Maharashtra",400016,Mumbai,2026-02-02,2026-02-03,2026-02-07,,2026-02-06,Customer cancelled order,Cod,RTO,51C0D22209,V*** C***,XXXXXX3392,[REDACTED - Coimbatore],,ACTUAL
110814938832,Tuticorin,628215,524,MBC-2500453,"ABC, Bhiwandi, Mumbai, Maharashtra",400016,Mumbai,2026-02-02,2026-02-03,2026-02-07,2026-02-07,2026-02-05,Not Applicable,Prepaid,Delivered,601D1986D4,S*** C***,XXXXXX2622,[REDACTED - Tuticorin],,ACTUAL
101114592249,Mumbai,400091,529,DYZ-2745054,"ABC, Bhiwandi, Mumbai, Maharashtra",400016,Mumbai,2026-02-02,2026-02-03,2026-02-07,2026-02-07,2026-02-08,Not Applicable,Cod,Delivered,79BA69C85E,J*** C***,XXXXXX7876,[REDACTED - Mumbai],,ACTUAL
110314876459,Karnal,132037,249,MIG-2727954,"ABC, Bhiwandi, Mumbai, Maharashtra",400016,Mumbai,2026-02-02,2026-02-05,2026-02-08,2026-02-08,2026-02-09,Not Applicable,Prepaid,Delivered,0F691BD36E,D*** C***,XXXXXX8786,[REDACTED - Karnal],,ACTUAL
111114973162,Thane,400703,599,DCH-2583628,"ABC, Bhiwandi, Mumbai, Maharashtra",400016,Mumbai,2026-02-02,2026-02-02,2026-02-04,2026-02-04,2026-02-04,Not Applicable,Prepaid,Delivered,310ED3B529,Y*** C***,XXXXXX7636,[REDACTED - Thane],,ACTUAL
110714936460,Jhansi,284204,1007,ABL-1546794,"ABC, Bhiwandi, Mumbai, Maharashtra",400016,Mumbai,2026-02-02,2026-02-03,2026-02-07,,2026-02-05,Customer cancelled order,Cod,RTO,02834EBC2E,S*** C***,XXXXXX7425,[REDACTED - Jhansi],,ACTUAL
111014962161,Raigarh(MH),410210,644,CIQ-2434341,"ABC, Bhiwandi, Mumbai, Maharashtra",400016,Mumbai,2026-02-02,2026-02-03,2026-02-11,,2026-02-09,Address issue,Cod,RTO,10C5D24553,S*** C***,XXXXXX7266,[REDACTED - Raigarh(MH)],,ACTUAL
110514902620,Bangalore,560064,477,SE-2365810,"ABC, Bhiwandi, Mumbai, Maharashtra",400016,Mumbai,2026-02-02,2026-02-03,2026-02-08,,2026-02-07,COD payment declined,Cod,RTO,D4E0330710,S*** C***,XXXXXX7257,[REDACTED - Bangalore],,ACTUAL
110714924713,Bhusawal,425203,729,TNV-2691321,"ABC, Bhiwandi, Mumbai, Maharashtra",400016,Mumbai,2026-02-02,2026-02-03,2026-02-05,2026-02-07,2026-02-07,Address issue,Cod,Delivered,15A986D989,M*** C***,XXXXXX3600,[REDACTED - Bhusawal],,ACTUAL
101414748572,North Delhi,110007,789,FKS-2751420,"ABC, Bhiwandi, Mumbai, Maharashtra",400016,Mumbai,2026-02-02,2026-02-03,2026-02-05,2026-02-05,2026-02-04,Not Applicable,Cod,Delivered,052443E5A5,G*** C***,XXXXXX1297,[REDACTED - North Delhi],,ACTUAL
110914950182,Nashik,422001,499,WHA-2765860,"ABC, Bhiwandi, Mumbai, Maharashtra",400016,Mumbai,2026-02-02,2026-02-03,2026-02-03,2026-02-03,2026-02-05,Not Applicable,Prepaid,Delivered,094725A698,G*** C***,XXXXXX7733,[REDACTED - Nashik],,ACTUAL
102314767664,Rajkot,363641,1238,XHZ-2754461,"ABC, Bhiwandi, Mumbai, Maharashtra",400016,Mumbai,2026-02-02,2026-02-03,2026-02-03,2026-02-04,2026-02-06,Phone not reachable,Cod,Delivered,07BD64DAD1,B*** C***,XXXXXX0888,[REDACTED - Rajkot],,ACTUAL
101514656309,Purnia,854301,849,WER-2749872,"ABC, Bhiwandi, Mumbai, Maharashtra",400016,Mumbai,2026-02-02,2026-02-04,2026-02-06,2026-02-06,2026-02-08,Not Applicable,Cod,Delivered,3E5AAADBDE,D*** C***,XXXXXX6183,[REDACTED - Purnia],,ACTUAL
111014961748,Ahmedabad,380015,499,JJS-2777303,"ABC, Bhiwandi, Mumbai, Maharashtra",400016,Mumbai,2026-02-02,2026-02-04,2026-02-06,,2026-02-06,Customer not available,Cod,RTO,C6489A15FD,D*** C***,XXXXXX1993,[REDACTED - Ahmedabad],,ACTUAL
110714934431,Ghaziabad,201016,1383,QZY-2411196,"ABC, Bhiwandi, Mumbai, Maharashtra",400016,Mumbai,2026-02-02,2026-02-03,2026-02-03,2026-02-03,2026-02-05,Not Applicable,Prepaid,Delivered,20B9D03A26,S*** C***,XXXXXX5605,[REDACTED - Ghaziabad],,ACTUAL
110214865183,Rajkot,363641,1178,SN-2744024,"ABC, Bhiwandi, Mumbai, Maharashtra",400016,Mumbai,2026-02-02,2026-02-03,2026-02-07,,2026-02-06,Customer cancelled order,Cod,RTO,CAFCBE957C,B*** C***,XXXXXX0888,[REDACTED - Rajkot],,ACTUAL
110914953549,Hassan,573201,2159,SRS-2110953,"ABC, Bhiwandi, Mumbai, Maharashtra",400016,Mumbai,2026-02-02,2026-02-03,2026-02-04,2026-02-05,2026-02-05,Address issue,Prepaid,Delivered,BCEE9F799C,B*** C***,XXXXXX7416,[REDACTED - Hassan],,ACTUAL
110814948175,Ghaziabad,201010,729,EWE-2750576,"ABC, Bhiwandi, Mumbai, Maharashtra",400016,Mumbai,2026-02-02,2026-02-04,2026-02-08,2026-02-08,2026-02-06,Not Applicable,Cod,Delivered,D139337EE8,N*** C***,XXXXXX0018,[REDACTED - Ghaziabad],,ACTUAL
111014961900,BANGALORE,560094,603,SB9-2506169,"ABC, Bhiwandi, Mumbai, Maharashtra",400016,Mumbai,2026-02-02,2026-02-03,2026-02-06,2026-02-06,2026-02-05,Not Applicable,Prepaid,Delivered,81322B838D,R*** C***,XXXXXX5114,[REDACTED - BANGALORE],,ACTUAL
111014964353,North 24 Parganas,700064,497,JUB-2511660,"ABC, Bhiwandi, Mumbai, Maharashtra",400016,Mumbai,2026-02-02,2026-02-03,2026-02-07,2026-02-07,2026-02-07,Not Applicable,Cod,Delivered,AFD859745C,S*** C***,XXXXXX4827,[REDACTED - North 24 Parganas],,ACTUAL
110714929242,Mohali,160055,1303,YPW-2347805,"ABC, Bhiwandi, Mumbai, Maharashtra",400016,Mumbai,2026-02-02,2026-02-03,2026-02-09,2026-02-10,2026-02-08,Landmark missing,Cod,Delivered,298CA37DB4,S*** C***,XXXXXX0005,[REDACTED - Mohali],,ACTUAL
111114973482,Bangalore,560035,1195,HBK-2233711,"ABC, Bhiwandi, Mumbai, Maharashtra",400016,Mumbai,2026-02-02,2026-02-03,2026-02-04,2026-02-04,2026-02-04,Not Applicable,Cod,Delivered,1620EB6647,M*** C***,XXXXXX3641,[REDACTED - Bangalore],,ACTUAL
110514910319,Dakshina Kannada,575015,399,KJD-2324052,"ABC, Bhiwandi, Mumbai, Maharashtra",400016,Mumbai,2026-02-02,2026-02-04,2026-02-09,,2026-02-08,Landmark missing,Cod,RTO,D074614352,v*** C***,XXXXXX3235,[REDACTED - Dakshina Kannada],,ACTUAL
111014966338,South West Delhi,110074,584,LCL-2440148,"ABC, Bhiwandi, Mumbai, Maharashtra",400016,Mumbai,2026-02-02,2026-02-05,2026-02-06,2026-02-07,2026-02-09,Delivery postponed by customer,Prepaid,Delivered,B5B8DB1386,P*** C***,XXXXXX2360,[REDACTED - South West Delhi],,ACTUAL
101514748752,Vadodara,390018,856,BCC-2744549,"ABC, Bhiwandi, Mumbai, Maharashtra",400016,Mumbai,2026-02-02,2026-02-03,2026-02-04,2026-02-04,2026-02-06,Not Applicable,Cod,Delivered,498E733FD8,S*** C***,XXXXXX4363,[REDACTED - Vadodara],,ACTUAL
110214871556,East Singhbhum,832110,693,LEX-2662258,"ABC, Bhiwandi, Mumbai, Maharashtra",400016,Mumbai,2026-02-02,2026-02-05,2026-02-05,2026-02-05,2026-02-06,Customer requested re-attempt,Prepaid,Delivered,F46EA90288,I*** C***,XXXXXX7191,[REDACTED - East Singhbhum],,ACTUAL
110414895283,Mumbai,400104,889,DDS-2117775,"ABC, Bhiwandi, Mumbai, Maharashtra",400016,Mumbai,2026-02-02,2026-02-03,2026-02-05,2026-02-05,2026-02-07,Not Applicable,Cod,Delivered,8B4F62A7DD,M*** C***,XXXXXX4481,[REDACTED - Mumbai],,ACTUAL
101814700243,Panipat,132103,1719,SRS-2758178,"ABC, Bhiwandi, Mumbai, Maharashtra",400016,Mumbai,2026-02-02,2026-02-04,2026-02-12,,2026-02-10,COD payment declined,Prepaid,RTO,92D86BE96B,p*** C***,XXXXXX0123,[REDACTED - Panipat],,ACTUAL
110914959102,Gurgaon,122001,1155,WNX-2109869,"ABC, Bhiwandi, Mumbai, Maharashtra",400016,Mumbai,2026-02-02,2026-02-04,2026-02-04,2026-02-04,2026-02-06,Not Applicable,Cod,Delivered,DB231CE3C5,R*** C***,XXXXXX0062,[REDACTED - Gurgaon],,ACTUAL
110614918256,Ghaziabad,201002,863,BM7-2714945,"ABC, Bhiwandi, Mumbai, Maharashtra",400016,Mumbai,2026-02-02,2026-02-03,2026-02-05,2026-02-05,2026-02-06,Not Applicable,Prepaid,Delivered,E4C3472EE7,N*** C***,XXXXXX6535,[REDACTED - Ghaziabad],,ACTUAL
101814698788,Surat,395008,734,YLL-2378104,"ABC, Bhiwandi, Mumbai, Maharashtra",400016,Mumbai,2026-02-02,2026-02-05,2026-02-09,2026-02-09,2026-02-11,Not Applicable,Prepaid,Delivered,1B91247ABE,R*** C***,XXXXXX4990,[REDACTED - Surat],,ACTUAL
111114973089,Pune,411041,717,QTH-2264600,"ABC, Bhiwandi, Mumbai, Maharashtra",400016,Mumbai,2026-02-02,2026-02-03,2026-02-06,,2026-02-06,COD payment declined,Cod,RTO,110040F63C,A*** C***,XXXXXX0902,[REDACTED - Pune],,ACTUAL
110714924601,UlhasNagar,421001,645,GEI-2547575,"ABC, Bhiwandi, Mumbai, Maharashtra",400016,Mumbai,2026-02-02,2026-02-03,,,2026-02-06,Not Applicable,Cod,Lost,714462DCDB,P*** C***,XXXXXX1736,[REDACTED - UlhasNagar],,ACTUAL
110814943277,Hyderabad,500089,659,FKS-2703747,"ABC, Bhiwandi, Mumbai, Maharashtra",400016,Mumbai,2026-02-02,2026-02-04,2026-02-08,2026-02-08,2026-02-09,Not Applicable,Cod,Delivered,B73DDC445D,D*** C***,XXXXXX8037,[REDACTED - Hyderabad],,ACTUAL
111014962209,Hyderabad,500019,859,WER-1506645,"ABC, Bhiwandi, Mumbai, Maharashtra",400016,Mumbai,2026-02-02,2026-02-04,2026-02-05,2026-02-05,2026-02-06,Not Applicable,Cod,Delivered,F58C85789F,M*** C***,XXXXXX3765,[REDACTED - Hyderabad],,ACTUAL
110714931006,Mumbai,400067,493,XIC-2153553,"ABC, Bhiwandi, Mumbai, Maharashtra",400016,Mumbai,2026-02-02,2026-02-04,2026-02-08,,2026-02-06,Landmark missing,Cod,RTO,D1C63E9CB5,N*** C***,XXXXXX0378,[REDACTED - Mumbai],,ACTUAL
101814708035,Bangalore,560011,649,EWE-2765654,"ABC, Bhiwandi, Mumbai, Maharashtra",400016,Mumbai,2026-02-02,2026-02-04,2026-02-07,2026-02-07,2026-02-08,Not Applicable,Prepaid,Delivered,F21A0BD6A6,S*** C***,XXXXXX7700,[REDACTED - Bangalore],,ACTUAL
110914957349,Mumbai,400075,349,SCM-2716140,"ABC, Bhiwandi, Mumbai, Maharashtra",400016,Mumbai,2026-02-02,2026-02-03,2026-02-07,2026-02-07,2026-02-07,Not Applicable,Cod,Delivered,2F1FB22E1E,P*** C***,XXXXXX4807,[REDACTED - Mumbai],,ACTUAL
111014971255,Bangalore,560066,1615,ABL-2546426,"ABC, Bhiwandi, Mumbai, Maharashtra",400016,Mumbai,2026-02-02,2026-02-04,2026-02-08,2026-02-08,2026-02-07,Not Applicable,Cod,Delivered,BF8E29F3F2,S*** C***,XXXXXX0062,[REDACTED - Bangalore],,ACTUAL
111014961701,Vadodara,390024,728,0PQ-1885863,"ABC, Bhiwandi, Mumbai, Maharashtra",400016,Mumbai,2026-02-02,2026-02-03,2026-02-08,2026-02-08,2026-02-08,Not Applicable,Prepaid,Delivered,BA11F88501,N*** C***,XXXXXX9439,[REDACTED - Vadodara],,ACTUAL
111014972677,Mumbai,400008,1399,FRH-2769917,"ABC, Bhiwandi, Mumbai, Maharashtra",400016,Mumbai,2026-02-02,2026-02-03,2026-02-04,2026-02-04,2026-02-06,Not Applicable,Cod,Delivered,FBD48F6D14,L*** C***,XXXXXX2868,[REDACTED - Mumbai],,ACTUAL
110814945643,Kolkata,700038,822,FB3-1988741,"ABC, Bhiwandi, Mumbai, Maharashtra",400016,Mumbai,2026-02-02,2026-02-03,2026-02-04,2026-02-05,2026-02-06,Delivery postponed by customer,Cod,Delivered,2131EF1896,S*** C***,XXXXXX3099,[REDACTED - Kolkata],,ACTUAL
110814937446,Hyderabad,500072,435,OJO-2680241,"ABC, Bhiwandi, Mumbai, Maharashtra",400016,Mumbai,2026-02-02,2026-02-03,2026-02-04,,2026-02-04,COD payment declined,Cod,RTO,D45A616779,A*** C***,XXXXXX9577,[REDACTED - Hyderabad],,ACTUAL
111114981004,Mumbai,400053,571,0PQ-1893132,"ABC, Bhiwandi, Mumbai, Maharashtra",400016,Mumbai,2026-02-02,2026-02-03,2026-02-03,2026-02-03,2026-02-05,Not Applicable,Prepaid,Delivered,E9D685192B,k*** C***,XXXXXX7794,[REDACTED - Mumbai],,ACTUAL
111014962217,Bangalore,560003,249,FPS-1523486,"ABC, Bhiwandi, Mumbai, Maharashtra",400016,Mumbai,2026-02-02,2026-02-03,2026-02-06,2026-02-06,2026-02-06,Not Applicable,Cod,Delivered,F3104010B6,S*** C***,XXXXXX6500,[REDACTED - Bangalore],,ACTUAL
110514911322,Pune,410501,1189,XHC-2706865,"ABC, Bhiwandi, Mumbai, Maharashtra",400016,Mumbai,2026-02-02,2026-02-03,2026-02-06,2026-02-06,2026-02-07,Not Applicable,Cod,Delivered,544477B40A,R*** C***,XXXXXX3910,[REDACTED - Pune],,ACTUAL
111014966356,Bangalore,560035,430,YKL-2244434,"ABC, Bhiwandi, Mumbai, Maharashtra",400016,Mumbai,2026-02-02,2026-02-04,2026-02-05,2026-02-05,2026-02-06,Not Applicable,Cod,Delivered,80D318C2D4,P*** C***,XXXXXX8986,[REDACTED - Bangalore],,ACTUAL
110614920684,Chandigarh ,160101,1679,SRS-1946099,"ABC, Bhiwandi, Mumbai, Maharashtra",400016,Mumbai,2026-02-02,2026-02-02,2026-02-02,2026-02-02,2026-02-03,Delivery postponed by customer,Prepaid,Delivered,5D14A61259,S*** C***,XXXXXX1020,[REDACTED - Chandigarh ],,ACTUAL
102514786512,Buldhana,443001,795,QZY-2411232,"ABC, Bhiwandi, Mumbai, Maharashtra",400016,Mumbai,2026-02-02,2026-02-03,2026-02-04,2026-02-04,2026-02-04,Not Applicable,Cod,Delivered,22CB41F437,P*** C***,XXXXXX7379,[REDACTED - Buldhana],,ACTUAL
100314494975,Agra,282005,909,EWE-2730830,"ABC, Bhiwandi, Mumbai, Maharashtra",400016,Mumbai,2026-02-02,2026-02-04,2026-02-07,2026-02-07,2026-02-08,Not Applicable,Cod,Delivered,815D2B3DCD,R*** C***,XXXXXX6811,[REDACTED - Agra],,ACTUAL
111014967968,Thane,421301,500,LUY-1446442,"ABC, Bhiwandi, Mumbai, Maharashtra",400016,Mumbai,2026-02-02,2026-02-03,2026-02-10,2026-02-11,2026-02-10,Landmark missing,Cod,Delivered,452DDADCE7,V*** C***,XXXXXX1288,[REDACTED - Thane],,ACTUAL
110914960485,Pune,411021,449,CRH-2676215,"ABC, Bhiwandi, Mumbai, Maharashtra",400016,Mumbai,2026-02-06,2026-02-07,2026-02-10,2026-02-10,2026-02-10,Not Applicable,Cod,Delivered,EA552FCACD,S*** C***,XXXXXX9099,[REDACTED - Pune],,ACTUAL
111014961577,Pune,411045,3090,0PQ-2461013,"ABC, Bhiwandi, Mumbai, Maharashtra",400016,Mumbai,2026-02-06,2026-02-07,2026-02-12,2026-02-12,2026-02-12,Not Applicable,Prepaid,Delivered,0CDB4D3142,P*** C***,XXXXXX8050,[REDACTED - Pune],high_value_order,ACTUAL
111114974763,Pune,411057,618,WNX-2531162,"ABC, Bhiwandi, Mumbai, Maharashtra",400016,Mumbai,2026-02-06,2026-02-09,2026-02-16,2026-02-16,2026-02-16,Not Applicable,Cod,Delivered,4BFB7E76C7,I*** C***,XXXXXX5519,[REDACTED - Pune],,ACTUAL
111014968547,Mumbai,400050,854,XHZ-2667823,"ABC, Bhiwandi, Mumbai, Maharashtra",400016,Mumbai,2026-02-06,2026-02-07,2026-02-10,2026-02-10,2026-02-11,Not Applicable,Prepaid,Delivered,60D5CD8157,P*** C***,XXXXXX5239,[REDACTED - Mumbai],,ACTUAL
110914959505,Faridabad,121003,1118,WER-2644484,"ABC, Bhiwandi, Mumbai, Maharashtra",400016,Mumbai,2026-02-06,2026-02-07,2026-02-07,2026-02-08,2026-02-10,Phone not reachable,Prepaid,Delivered,E18FB3D283,S*** C***,XXXXXX3717,[REDACTED - Faridabad],,ACTUAL
111014961450,New Delhi,110027,971,YTS-2739369,"ABC, Bhiwandi, Mumbai, Maharashtra",400016,Mumbai,2026-02-06,2026-02-08,2026-02-11,2026-02-11,2026-02-11,Not Applicable,Prepaid,Delivered,220DDC861E,K*** C***,XXXXXX8727,[REDACTED - New Delhi],,ACTUAL
110514902144,Raigarh(MH),402201,408,YTS-2447391,"ABC, Bhiwandi, Mumbai, Maharashtra",400016,Mumbai,2026-02-06,2026-02-07,2026-02-09,2026-02-09,2026-02-11,Not Applicable,Cod,Delivered,2158B40D6A,S*** C***,XXXXXX4116,[REDACTED - Raigarh(MH)],,ACTUAL
110814943353,Mumbai,400030,639,LSB-2663818,"ABC, Bhiwandi, Mumbai, Maharashtra",400016,Mumbai,2026-02-06,2026-02-07,2026-02-11,,2026-02-10,Address issue,Cod,RTO,63A23543A8,S*** C***,XXXXXX5383,[REDACTED - Mumbai],,ACTUAL
101714925628,Faridabad,121002,1699,0PT-2693793,"ABC, Bhiwandi, Mumbai, Maharashtra",400016,Mumbai,2026-02-06,2026-02-07,2026-02-11,,2026-02-09,Address issue,Prepaid,RTO,921B12A84F,A*** C***,XXXXXX5900,[REDACTED - Faridabad],,ACTUAL
110914957449,Ghaziabad,201012,1019,BKZ-2668808,"ABC, Bhiwandi, Mumbai, Maharashtra",400016,Mumbai,2026-02-06,2026-02-08,2026-02-11,2026-02-12,2026-02-12,Customer requested re-attempt,Cod,Delivered,98CE3EC017,T*** C***,XXXXXX9314,[REDACTED - Ghaziabad],,ACTUAL
111014972600,Pune,411057,1020,QYN-2207934,"ABC, Bhiwandi, Mumbai, Maharashtra",400016,Mumbai,2026-02-06,2026-02-07,2026-02-09,2026-02-09,2026-02-09,Not Applicable,Cod,Delivered,5AEDF54589,S*** C***,XXXXXX8184,[REDACTED - Pune],,ACTUAL
111014965172,Mumbai,400102,652,0PQ-2389776,"ABC, Bhiwandi, Mumbai, Maharashtra",400016,Mumbai,2026-02-06,2026-02-07,2026-02-12,,2026-02-11,Landmark missing,Cod,RTO,40F7414EB1,I*** C***,XXXXXX2848,[REDACTED - Mumbai],,ACTUAL
110114858088,Coimbatore,641008,889,DDS-2117778,"ABC, Bhiwandi, Mumbai, Maharashtra",400016,Mumbai,2026-02-06,2026-02-08,2026-02-12,2026-02-12,2026-02-12,Not Applicable,Cod,Delivered,0177F2BBA6,A*** C***,XXXXXX0486,[REDACTED - Coimbatore],,ACTUAL
110914950352,Vadodara,390009,961,KKX-2679436,"ABC, Bhiwandi, Mumbai, Maharashtra",400016,Mumbai,2026-02-06,2026-02-07,2026-02-07,2026-02-08,2026-02-09,Landmark missing,Cod,Delivered,351B9DEB42,B*** C***,XXXXXX7213,[REDACTED - Vadodara],,ACTUAL
110914956281,North West Delhi,110088,657,THD-2013594,"ABC, Bhiwandi, Mumbai, Maharashtra",400016,Mumbai,2026-02-06,2026-02-07,2026-02-13,2026-02-13,2026-02-10,Not Applicable,Prepaid,Delivered,B98D9CDF6E,S*** C***,XXXXXX6501,[REDACTED - North West Delhi],,ACTUAL
110914961091,Roorkeeoo,247667,1073,LNS-2632072,"ABC, Bhiwandi, Mumbai, Maharashtra",400016,Mumbai,2026-02-06,2026-02-07,2026-02-14,2026-02-14,2026-02-12,Not Applicable,Cod,Delivered,0083F0F751,r*** C***,XXXXXX0710,[REDACTED - Roorkeeoo],,ACTUAL
110714924837,Bangalore,560068,1054,XX-2247971,"ABC, Bhiwandi, Mumbai, Maharashtra",400016,Mumbai,2026-02-06,2026-02-07,2026-02-08,2026-02-08,2026-02-09,Not Applicable,Prepaid,Delivered,155CFAE01A,V*** C***,XXXXXX1281,[REDACTED - Bangalore],,ACTUAL
110614914799,Indore,452010,790,FUF-2588333,"ABC, Bhiwandi, Mumbai, Maharashtra",400016,Mumbai,2026-02-06,2026-02-07,2026-02-09,2026-02-09,2026-02-10,Not Applicable,Cod,Delivered,7E150019E9,S*** C***,XXXXXX5372,[REDACTED - Indore],,ACTUAL
110914956339,Thane,400607,399,BOX-1899624,"ABC, Bhiwandi, Mumbai, Maharashtra",400016,Mumbai,2026-02-06,2026-02-07,2026-02-07,2026-02-08,2026-02-09,Delivery postponed by customer,Cod,Delivered,B7890FE015,D*** C***,XXXXXX1175,[REDACTED - Thane],,ACTUAL
103114848668,Aurangabad,431001,1139,KJD-2686627,"ABC, Bhiwandi, Mumbai, Maharashtra",400016,Mumbai,2026-02-06,2026-02-07,2026-02-08,2026-02-08,2026-02-08,Not Applicable,Cod,Delivered,8BB6D82762,N*** C***,XXXXXX1721,[REDACTED - Aurangabad],,ACTUAL
111014961264,South West Delhi,110028,1071,SN-2139849,"ABC, Bhiwandi, Mumbai, Maharashtra",400016,Mumbai,2026-02-06,2026-02-07,2026-02-10,,2026-02-09,Customer not available,Cod,RTO,A17A9EEC06,R*** C***,XXXXXX6732,[REDACTED - South West Delhi],,ACTUAL
110914953132,Chennai,600023,797,EWE-2717649,"ABC, Bhiwandi, Mumbai, Maharashtra",400016,Mumbai,2026-02-06,2026-02-06,2026-02-07,2026-02-08,2026-02-08,Landmark missing,Cod,Delivered,A4F15D03C4,T*** C***,XXXXXX2834,[REDACTED - Chennai],,ACTUAL
111014966458,South Delhi,110024,4850,ADX-2405666,"ABC, Bhiwandi, Mumbai, Maharashtra",400016,Mumbai,2026-02-06,2026-02-07,2026-02-15,2026-02-15,2026-02-12,Not Applicable,Cod,Delivered,6ADEF88CA9,P*** C***,XXXXXX9306,[REDACTED - South Delhi],high_value_order,ACTUAL
111014961667,Gurgaon,122001,1101,WER-2719040,"ABC, Bhiwandi, Mumbai, Maharashtra",400016,Mumbai,2026-02-06,2026-02-09,2026-03-05,,2026-02-14,Landmark missing,Cod,Out of delivery,B9B550470E,M*** C***,XXXXXX3636,[REDACTED - Gurgaon],,ACTUAL
110114858469,Kanchipuram,600100,1171,YBB-2253319,"ABC, Bhiwandi, Mumbai, Maharashtra",400016,Mumbai,2026-02-06,2026-02-07,2026-02-10,2026-02-11,2026-02-12,Customer not available,Prepaid,Delivered,8759BA60CC,A*** C***,XXXXXX5306,[REDACTED - Kanchipuram],,ACTUAL
102914823893,Thane,400708,499,MKB-2054070,"ABC, Bhiwandi, Mumbai, Maharashtra",400016,Mumbai,2026-02-06,2026-02-07,2026-02-08,2026-02-09,2026-02-09,Customer not available,Prepaid,Delivered,2F8E819A3F,A*** C***,XXXXXX4068,[REDACTED - Thane],,ACTUAL
110914954481,Allahabad,211003,865,ATT-2701851,"ABC, Bhiwandi, Mumbai, Maharashtra",400016,Mumbai,2026-02-06,2026-02-08,2026-02-08,2026-02-08,2026-02-10,Not Applicable,Cod,Delivered,D8218EC960,R*** C***,XXXXXX4611,[REDACTED - Allahabad],,ACTUAL
110714935897,Ajmer,305801,1814,SRS-2737454,"ABC, Bhiwandi, Mumbai, Maharashtra",400016,Mumbai,2026-02-06,2026-02-08,2026-02-10,2026-02-10,2026-02-11,Not Applicable,Cod,Delivered,F31D8E3C22,S*** C***,XXXXXX6457,[REDACTED - Ajmer],,ACTUAL
100314748245,Ajmer,305001,2397,EWE-2730866,"ABC, Bhiwandi, Mumbai, Maharashtra",400016,Mumbai,2026-02-06,2026-02-07,2026-02-11,,2026-02-11,Landmark missing,Cod,RTO,47D159212D,A*** C***,XXXXXX3434,[REDACTED - Ajmer],,ACTUAL
110814938636,Noida (Greater Noida),201301,250,FWS-2722688,"ABC, Bhiwandi, Mumbai, Maharashtra",400016,Mumbai,2026-02-06,2026-02-08,2026-02-08,2026-02-08,2026-02-10,Customer not available,Cod,Delivered,96292E9D10,S*** C***,XXXXXX0969,[REDACTED - Noida (Greater Noida)],,ACTUAL
102014725591,Aizawl,796005,1034,SRS-1613769,"ABC, Bhiwandi, Mumbai, Maharashtra",400016,Mumbai,2026-02-06,2026-02-08,2026-02-09,2026-02-10,2026-02-12,Delivery postponed by customer,Cod,Delivered,358890B171,L*** C***,XXXXXX9079,[REDACTED - Aizawl],,ACTUAL
110814937490,Mumbai,400018,1772,DDS-2117777,"ABC, Bhiwandi, Mumbai, Maharashtra",400016,Mumbai,2026-02-06,2026-02-07,2026-02-12,2026-02-12,2026-02-13,Not Applicable,Cod,Delivered,EEAAAB0E27,a*** C***,XXXXXX2785,[REDACTED - Mumbai],,ACTUAL
110714935224,Puruliya,723101,1458,SRS-1707546,"ABC, Bhiwandi, Mumbai, Maharashtra",400016,Mumbai,2026-02-06,2026-02-08,2026-02-13,2026-02-13,2026-02-13,Not Applicable,Cod,Delivered,1096C66CC7,M*** C***,XXXXXX1724,[REDACTED - Puruliya],,ACTUAL
110414888306,Mumbai,400016,1699,PCE-2751336,"ABC, Bhiwandi, Mumbai, Maharashtra",400016,Mumbai,2026-02-06,2026-02-08,2026-02-09,2026-02-09,2026-02-10,Not Applicable,Cod,Delivered,5346F13EB0,N*** C***,XXXXXX9955,[REDACTED - Mumbai],,ACTUAL
111014967758,Mumbai,400067,3629,ADX-2002639,"ABC, Bhiwandi, Mumbai, Maharashtra",400016,Mumbai,2026-02-06,2026-02-07,,,2026-02-11,Not Applicable,Cod,Lost,BEFDE8A9E7,U*** C***,XXXXXX0071,[REDACTED - Mumbai],high_value_order,ACTUAL
101714899881,Ganjam,760004,589,LAA-2756680,"ABC, Bhiwandi, Mumbai, Maharashtra",400016,Mumbai,2026-02-06,2026-02-07,2026-02-08,2026-02-08,2026-02-08,Not Applicable,Cod,Delivered,FC147BD21C,S*** C***,XXXXXX2383,[REDACTED - Ganjam],,ACTUAL
110714927507,Hyderabad,500089,717,CIQ-2593220,"ABC, Bhiwandi, Mumbai, Maharashtra",400016,Mumbai,2026-02-06,2026-02-08,2026-02-12,,2026-02-10,COD payment declined,Cod,RTO,3C53866645,P*** C***,XXXXXX8101,[REDACTED - Hyderabad],,ACTUAL
110314883707,Ranchi,834001,599,KS-2695839,"ABC, Bhiwandi, Mumbai, Maharashtra",400016,Mumbai,2026-02-06,2026-02-07,2026-02-09,2026-02-09,2026-02-09,Not Applicable,Prepaid,Delivered,20EFFA339E,B*** C***,XXXXXX8078,[REDACTED - Ranchi],,ACTUAL
110814940689,Hanumangarh,335512,1676,YZK-2055796,"ABC, Bhiwandi, Mumbai, Maharashtra",400016,Mumbai,2026-02-06,2026-02-07,2026-02-08,2026-02-08,2026-02-08,Not Applicable,Cod,Delivered,1C61B267C0,P*** C***,XXXXXX6435,[REDACTED - Hanumangarh],,ACTUAL
111014966466,South Delhi,110024,1360,SYB-2057041,"ABC, Bhiwandi, Mumbai, Maharashtra",400016,Mumbai,2026-02-06,2026-02-08,2026-02-08,2026-02-08,2026-02-10,Not Applicable,Prepaid,Delivered,203A231F49,P*** C***,XXXXXX9306,[REDACTED - South Delhi],,ACTUAL
101614919841,North Delhi,110054,779,FKS-2751515,"ABC, Bhiwandi, Mumbai, Maharashtra",400016,Mumbai,2026-02-06,2026-02-08,2026-02-08,2026-02-08,2026-02-09,Address issue,Cod,Delivered,3BB6C766D8,M*** C***,XXXXXX5020,[REDACTED - North Delhi],,ACTUAL
110314880992,Howrah,711316,732,VLL-2157931,"ABC, Bhiwandi, Mumbai, Maharashtra",400016,Mumbai,2026-02-06,2026-02-07,2026-02-08,,2026-02-08,Landmark missing,Cod,RTO,9907E6D33C,S*** C***,XXXXXX9345,[REDACTED - Howrah],,ACTUAL
101614670372,North Delhi,110054,709,YZK-2756580,"ABC, Bhiwandi, Mumbai, Maharashtra",400016,Mumbai,2026-02-06,2026-02-08,2026-02-13,2026-02-13,2026-02-10,Not Applicable,Cod,Delivered,C17986399C,M*** C***,XXXXXX5020,[REDACTED - North Delhi],,ACTUAL
110414891134,Firozpur,152116,2151,XXC-2631192,"ABC, Bhiwandi, Mumbai, Maharashtra",400016,Mumbai,2026-02-06,2026-02-08,,,2026-02-11,Not Applicable,Prepaid,Pickup done,41461AB4C3,R*** C***,XXXXXX1650,[REDACTED - Firozpur],not_yet_attempted,ACTUAL
111114976339,Thane,400605,840,DOP-2777219,"ABC, Bhiwandi, Mumbai, Maharashtra",400016,Mumbai,2026-02-06,2026-02-08,,,2026-02-13,Not Applicable,Cod,Pickup done,8629954C93,M*** C***,XXXXXX6421,[REDACTED - Thane],not_yet_attempted,ACTUAL
110414896619,EAST MIDNAPORE,721605,777,FKS-1690658,"ABC, Bhiwandi, Mumbai, Maharashtra",400016,Mumbai,2026-02-06,2026-02-07,2026-02-07,2026-02-08,2026-02-10,Delivery postponed by customer,Cod,Delivered,FE756CC039,M*** C***,XXXXXX9011,[REDACTED - EAST MIDNAPORE],,ACTUAL
110614921832,BANGALORE,560013,199,SC-616335,"ABC, Bhiwandi, Mumbai, Maharashtra",400016,Mumbai,2026-02-06,2026-02-08,2026-02-11,2026-02-11,2026-02-11,Not Applicable,Cod,Delivered,0EEC671A65,B*** C***,XXXXXX0603,[REDACTED - BANGALORE],,ACTUAL
110514901875,Indore,452009,745,HYJ-2699802,"ABC, Bhiwandi, Mumbai, Maharashtra",400016,Mumbai,2026-02-06,2026-02-08,2026-02-09,2026-02-09,2026-02-10,Not Applicable,Cod,Delivered,94A9FBC273,N*** C***,XXXXXX9393,[REDACTED - Indore],,ACTUAL
110414898192,Bangalore,560059,775,YTS-1465896,"ABC, Bhiwandi, Mumbai, Maharashtra",400016,Mumbai,2026-02-06,2026-02-09,2026-02-10,2026-02-10,2026-02-11,Not Applicable,Cod,Delivered,DA9195E40A,P*** C***,XXXXXX3733,[REDACTED - Bangalore],,ACTUAL
110614918952,Moradabad,244001,1081,VBB-2736286,"ABC, Bhiwandi, Mumbai, Maharashtra",400016,Mumbai,2026-02-06,2026-02-07,2026-02-07,2026-02-07,2026-02-09,Not Applicable,Cod,Delivered,821E05AE67,A*** C***,XXXXXX7621,[REDACTED - Moradabad],,ACTUAL
110814943364,Datia,475661,499,MSR-2720666,"ABC, Bhiwandi, Mumbai, Maharashtra",400016,Mumbai,2026-02-06,2026-02-07,2026-02-09,,2026-02-08,Address issue,Cod,RTO,0E452FAB3F,D*** C***,XXXXXX9308,[REDACTED - Datia],,ACTUAL
110814943363,Datia,475661,389,MSR-2713023,"ABC, Bhiwandi, Mumbai, Maharashtra",400016,Mumbai,2026-02-06,2026-02-07,2026-02-10,2026-02-10,2026-02-10,Not Applicable,Cod,Delivered,7FB2C3957F,D*** C***,XXXXXX9308,[REDACTED - Datia],,ACTUAL
110814941667,Faridabad,121009,925,HBZ-2653126,"ABC, Bhiwandi, Mumbai, Maharashtra",400016,Mumbai,2026-02-06,2026-02-08,2026-02-08,2026-02-08,2026-02-09,Not Applicable,Cod,Delivered,5B1259E841,S*** C***,XXXXXX0523,[REDACTED - Faridabad],,ACTUAL
110614912349,Ambala,133001,1219,ADX-2074329,"ABC, Bhiwandi, Mumbai, Maharashtra",400016,Mumbai,2026-02-06,2026-02-07,2026-02-11,,2026-02-10,COD payment declined,Cod,RTO,97FFD305E2,R*** C***,XXXXXX0002,[REDACTED - Ambala],,ACTUAL
110814949226,Pune,412105,996,MY-2636973,"ABC, Bhiwandi, Mumbai, Maharashtra",400016,Mumbai,2026-02-06,2026-02-07,2026-02-11,,2026-02-11,Landmark missing,Cod,RTO,90CC68F1F9,R*** C***,XXXXXX9041,[REDACTED - Pune],,ACTUAL
110914959986,Bangalore,560035,649,PNA-2028354,"ABC, Bhiwandi, Mumbai, Maharashtra",400016,Mumbai,2026-02-06,2026-02-07,2026-02-12,2026-02-12,2026-02-12,Not Applicable,Prepaid,Delivered,1CC51A3D4E,S*** C***,XXXXXX0042,[REDACTED - Bangalore],,ACTUAL
110514908435,Nellore,524001,1688,CRH-2627575,"ABC, Bhiwandi, Mumbai, Maharashtra",400016,Mumbai,2026-02-06,2026-02-07,,,2026-02-09,Not Applicable,Prepaid,Order Packed,598F824A6D,S*** C***,XXXXXX4999,[REDACTED - Nellore],not_yet_attempted,ACTUAL
110714932435,South West Delhi,110074,949,0PQ-2461018,"ABC, Bhiwandi, Mumbai, Maharashtra",400016,Mumbai,2026-02-06,2026-02-08,2026-02-11,2026-02-12,2026-02-12,Phone not reachable,Prepaid,Delivered,E98D279772,A*** C***,XXXXXX6148,[REDACTED - South West Delhi],,ACTUAL
110614923269,Bhopal,462030,749,27K-2683967,"ABC, Bhiwandi, Mumbai, Maharashtra",400016,Mumbai,2026-02-06,2026-02-07,2026-02-07,2026-02-07,2026-02-09,Not Applicable,Prepaid,Delivered,13703C109B,P*** C***,XXXXXX1555,[REDACTED - Bhopal],,ACTUAL
110514908436,Nellore,524001,545,MBC-2702938,"ABC, Bhiwandi, Mumbai, Maharashtra",400016,Mumbai,2026-02-06,2026-02-07,,,2026-02-10,Not Applicable,Cod,In-Transit,EE9B0F16DE,S*** C***,XXXXXX4999,[REDACTED - Nellore],not_yet_attempted,ACTUAL
110714936116,Chennai,600010,1499,PCL-2609323,"ABC, Bhiwandi, Mumbai, Maharashtra",400016,Mumbai,2026-02-06,2026-02-07,2026-02-09,2026-02-09,2026-02-09,Not Applicable,Cod,Delivered,6A73074D0F,A*** C***,XXXXXX9594,[REDACTED - Chennai],,ACTUAL
110514899145,Baran,325205,499,JJS-2721436,"ABC, Bhiwandi, Mumbai, Maharashtra",400016,Mumbai,2026-02-06,2026-02-08,2026-02-11,,2026-02-11,Landmark missing,Cod,RTO,0DE293CE2B,P*** C***,XXXXXX6475,[REDACTED - Baran],,ACTUAL
111014969098,Bangalore,560016,1008,DUE-1794509,"ABC, Bhiwandi, Mumbai, Maharashtra",400016,Mumbai,2026-02-06,2026-02-07,2026-02-11,2026-02-11,2026-02-13,Not Applicable,Prepaid,Delivered,D3774C7AC4,D*** C***,XXXXXX9963,[REDACTED - Bangalore],,ACTUAL
110714936328,Chennai,600002,1946,SRS-2729853,"ABC, Bhiwandi, Mumbai, Maharashtra",400016,Mumbai,2026-02-06,2026-02-07,2026-02-10,2026-02-10,2026-02-11,Not Applicable,Prepaid,Delivered,3F23578135,F*** C***,XXXXXX5071,[REDACTED - Chennai],,ACTUAL
110914949861,Thane,400706,482,GLT-2273640,"ABC, Bhiwandi, Mumbai, Maharashtra",400016,Mumbai,2026-02-06,2026-02-07,2026-02-09,2026-02-09,2026-02-10,Not Applicable,Prepaid,Delivered,FD26EF85FD,K*** C***,XXXXXX8879,[REDACTED - Thane],,ACTUAL
110814938370,North Delhi,110007,1487,ADX-2060438,"ABC, Bhiwandi, Mumbai, Maharashtra",400016,Mumbai,2026-02-06,2026-02-07,2026-03-05,,2026-02-09,Phone not reachable,Prepaid,Out of delivery,C861FA17CD,M*** C***,XXXXXX1864,[REDACTED - North Delhi],,ACTUAL
110714936115,Chennai,600010,492,BM7-1951097,"ABC, Bhiwandi, Mumbai, Maharashtra",400016,Mumbai,2026-02-06,2026-02-09,,,2026-02-11,Not Applicable,Cod,In-Transit,A908B5E185,A*** C***,XXXXXX9594,[REDACTED - Chennai],not_yet_attempted,ACTUAL
110314883562,Sheopur,476337,499,JJS-2777345,"ABC, Bhiwandi, Mumbai, Maharashtra",400016,Mumbai,2026-02-06,2026-02-07,2026-02-11,2026-02-12,2026-02-12,Address issue,Cod,Delivered,9E8F8789DB,P*** C***,XXXXXX8765,[REDACTED - Sheopur],,ACTUAL
110614918563,Agra,282001,584,LCL-1817578,"ABC, Bhiwandi, Mumbai, Maharashtra",400016,Mumbai,2026-02-06,2026-02-07,2026-02-09,2026-02-10,2026-02-11,Customer requested re-attempt,Cod,Delivered,6E8324D4B7,S*** C***,XXXXXX4308,[REDACTED - Agra],,ACTUAL
111114973203,Mumbai,400104,699,BOX-763457,"ABC, Bhiwandi, Mumbai, Maharashtra",400016,Mumbai,2026-02-06,2026-02-07,2026-02-13,2026-02-13,2026-02-11,Not Applicable,Cod,Delivered,61C2262036,S*** C***,XXXXXX2006,[REDACTED - Mumbai],,ACTUAL
110714928514,Ramgarh,829122,1114,SN-2732951,"ABC, Bhiwandi, Mumbai, Maharashtra",400016,Mumbai,2026-02-06,2026-02-06,2026-02-06,2026-02-06,2026-02-08,Not Applicable,Prepaid,Delivered,11C7640737,P*** C***,XXXXXX8455,[REDACTED - Ramgarh],,ACTUAL
102614798636,Lucknow,226010,1531,HP8-2700118,"ABC, Bhiwandi, Mumbai, Maharashtra",400016,Mumbai,2026-02-06,2026-02-07,2026-02-07,2026-02-08,2026-02-09,Customer not available,Prepaid,Delivered,0C6492794F,S*** C***,XXXXXX0999,[REDACTED - Lucknow],,ACTUAL
110514911891,Jalandhar,144002,759,XHZ-2674227,"ABC, Bhiwandi, Mumbai, Maharashtra",400016,Mumbai,2026-02-06,2026-02-07,2026-02-08,2026-02-08,2026-02-10,Not Applicable,Cod,Delivered,F1A0BA7B79,R*** C***,XXXXXX0152,[REDACTED - Jalandhar],,ACTUAL
101414652050,East Delhi,110092,1199,MKB-2708872,"ABC, Bhiwandi, Mumbai, Maharashtra",400016,Mumbai,2026-02-06,2026-02-07,2026-02-13,2026-02-13,2026-02-10,Not Applicable,Prepaid,Delivered,DE2435FA7D,A*** C***,XXXXXX1868,[REDACTED - East Delhi],,ACTUAL
110714925044,Bhopal,462039,658,WKT-2324248,"ABC, Bhiwandi, Mumbai, Maharashtra",400016,Mumbai,2026-02-06,2026-02-09,2026-02-09,2026-02-09,2026-02-11,Not Applicable,Cod,Delivered,FCC6573E40,S*** C***,XXXXXX2324,[REDACTED - Bhopal],,ACTUAL
110814948864,Thane,400610,1199,TSX-2725878,"ABC, Bhiwandi, Mumbai, Maharashtra",400016,Mumbai,2026-02-06,2026-02-07,2026-02-10,2026-02-10,2026-02-12,Not Applicable,Cod,Delivered,CF4AC9091A,G*** C***,XXXXXX3839,[REDACTED - Thane],,ACTUAL
110614921031,Mumbai,400016,799,XXC-1867771,"ABC, Bhiwandi, Mumbai, Maharashtra",400016,Mumbai,2026-02-06,2026-02-07,,,2026-02-08,Not Applicable,Cod,In-Transit,CC93316A9B,J*** C***,XXXXXX2057,[REDACTED - Mumbai],not_yet_attempted,ACTUAL
110714930324,Jammu,180004,230,CIV-2728079,"ABC, Bhiwandi, Mumbai, Maharashtra",400016,Mumbai,2026-02-06,2026-02-08,2026-02-08,2026-02-08,2026-02-10,Not Applicable,Cod,Delivered,AB2AA05A48,G*** C***,XXXXXX0626,[REDACTED - Jammu],,ACTUAL
110814939417,East Delhi,110095,969,FUF-2679348,"ABC, Bhiwandi, Mumbai, Maharashtra",400016,Mumbai,2026-02-06,2026-02-08,2026-02-10,2026-02-10,2026-02-11,Not Applicable,Prepaid,Delivered,19C27322AB,B*** C***,XXXXXX1100,[REDACTED - East Delhi],,ACTUAL
110714927595,Angul,759111,349,DCH-2583490,"ABC, Bhiwandi, Mumbai, Maharashtra",400016,Mumbai,2026-02-06,2026-02-09,2026-02-10,2026-02-10,2026-02-12,Not Applicable,Prepaid,Delivered,D95C565724,D*** C***,XXXXXX3029,[REDACTED - Angul],,ACTUAL
111014971964,North Delhi,110085,1189,ADX-2074327,"ABC, Bhiwandi, Mumbai, Maharashtra",400016,Mumbai,2026-02-06,2026-02-07,2026-02-09,2026-02-09,2026-02-09,Not Applicable,Prepaid,Delivered,1D1C2FC7DD,M*** C***,XXXXXX4004,[REDACTED - North Delhi],,ACTUAL
101614748787,East Delhi,110092,899,XHZ-2753357,"ABC, Bhiwandi, Mumbai, Maharashtra",400016,Mumbai,2026-02-06,2026-02-07,2026-02-09,2026-02-09,2026-02-09,Not Applicable,Cod,Delivered,9587BAE2FD,A*** C***,XXXXXX1868,[REDACTED - East Delhi],,ACTUAL
102414783767,Surat,395003,790,CDY-2660982,"ABC, Bhiwandi, Mumbai, Maharashtra",400016,Mumbai,2026-02-06,2026-02-07,2026-02-13,,2026-02-12,Customer refused delivery,Prepaid,RTO,A15CC9417F,D*** C***,XXXXXX7777,[REDACTED - Surat],,ACTUAL
111014968563,Mumbai,400056,767,DIZ-2589147,"ABC, Bhiwandi, Mumbai, Maharashtra",400016,Mumbai,2026-02-06,2026-02-06,2026-02-07,2026-02-08,2026-02-09,Customer requested re-attempt,Cod,Delivered,6F3B14418F,M*** C***,XXXXXX3893,[REDACTED - Mumbai],,ACTUAL
110614921858,Bangalore,560077,359,DCH-2583646,"ABC, Bhiwandi, Mumbai, Maharashtra",400016,Mumbai,2026-02-06,2026-02-09,2026-02-10,2026-02-12,2026-02-14,Customer requested re-attempt,Cod,Delivered,361ACD9870,J*** C***,XXXXXX8688,[REDACTED - Bangalore],,ACTUAL
110114859957,Kanchipuram,600091,623,XUA-2448023,"ABC, Bhiwandi, Mumbai, Maharashtra",400016,Mumbai,2026-02-06,2026-02-08,2026-02-08,2026-02-08,2026-02-09,Not Applicable,Cod,Delivered,ADE8091D5B,J*** C***,XXXXXX0272,[REDACTED - Kanchipuram],,ACTUAL
111114973105,Mumbai,400058,599,DCH-2643857,"ABC, Bhiwandi, Mumbai, Maharashtra",400016,Mumbai,2026-02-06,2026-02-07,2026-02-09,2026-02-09,2026-02-09,Not Applicable,Cod,Delivered,FBB40B026F,S*** C***,XXXXXX9429,[REDACTED - Mumbai],,ACTUAL
110514910720,Faridabad,121003,900,0PT-2392186,"ABC, Bhiwandi, Mumbai, Maharashtra",400016,Mumbai,2026-02-06,2026-02-08,2026-02-08,2026-02-09,2026-02-11,Phone not reachable,Cod,Delivered,FBFBB2F9CC,S*** C***,XXXXXX2130,[REDACTED - Faridabad],,ACTUAL
111014964781,Kolkata,700078,349,BUV-2618244,"ABC, Bhiwandi, Mumbai, Maharashtra",400016,Mumbai,2026-02-06,2026-02-08,2026-02-09,2026-02-09,2026-02-10,Not Applicable,Cod,Delivered,6404B7CE3F,H*** C***,XXXXXX1895,[REDACTED - Kolkata],,ACTUAL
110714934241,Allahabad,211016,1813,LSM-2744626,"ABC, Bhiwandi, Mumbai, Maharashtra",400016,Mumbai,2026-02-06,2026-02-07,2026-02-12,,2026-02-12,Address issue,Cod,RTO,8F856F1425,S*** C***,XXXXXX7804,[REDACTED - Allahabad],,ACTUAL
111014967481,Mumbai,400050,1439,SRS-2752170,"ABC, Bhiwandi, Mumbai, Maharashtra",400016,Mumbai,2026-02-06,2026-02-07,2026-02-08,2026-02-08,2026-02-08,Not Applicable,Cod,Delivered,587290E741,R*** C***,XXXXXX5279,[REDACTED - Mumbai],,ACTUAL
110614918873,Gautam Buddha Nagar,201301,1900,MDX-2707026,"ABC, Bhiwandi, Mumbai, Maharashtra",400016,Mumbai,2026-02-06,2026-02-08,2026-02-14,2026-02-15,2026-02-12,Customer requested re-attempt,Prepaid,Delivered,F8D9809808,S*** C***,XXXXXX9184,[REDACTED - Gautam Buddha Nagar],,ACTUAL
103014837716,Nagpur,440032,899,ELV-2629227,"ABC, Bhiwandi, Mumbai, Maharashtra",400016,Mumbai,2026-02-06,2026-02-08,2026-02-10,2026-02-10,2026-02-12,Not Applicable,Cod,Delivered,6216FAFEDD,V*** C***,XXXXXX3015,[REDACTED - Nagpur],,ACTUAL
110514902510,North Goa,403509,769,SII-2388418,"ABC, Bhiwandi, Mumbai, Maharashtra",400016,Mumbai,2026-02-06,2026-02-08,2026-02-09,2026-02-09,2026-02-09,Not Applicable,Prepaid,Delivered,CF3020929D,V*** C***,XXXXXX1377,[REDACTED - North Goa],,ACTUAL
110814945058,Bangalore,560062,668,LUY-1491667,"ABC, Bhiwandi, Mumbai, Maharashtra",400016,Mumbai,2026-02-06,2026-02-08,2026-02-10,2026-02-10,2026-02-10,Not Applicable,Cod,Delivered,9E26D8EE5F,H*** C***,XXXXXX8488,[REDACTED - Bangalore],,ACTUAL
110414895621,Tirunelveli,627001,1240,MBE-775667,"ABC, Bhiwandi, Mumbai, Maharashtra",400016,Mumbai,2026-02-06,2026-02-07,2026-02-12,,2026-02-12,Address issue,Cod,RTO,6714A5AF12,A*** C***,XXXXXX7788,[REDACTED - Tirunelveli],,ACTUAL
111114973020,Mumbai,400022,549,CAR-692280,"ABC, Bhiwandi, Mumbai, Maharashtra",400016,Mumbai,2026-02-06,2026-02-07,2026-02-08,2026-02-08,2026-02-10,Not Applicable,Cod,Delivered,E61FA2B43F,K*** C***,XXXXXX2866,[REDACTED - Mumbai],,ACTUAL
110914960662,Chennai,600012,499,XHZ-2698233,"ABC, Bhiwandi, Mumbai, Maharashtra",400016,Mumbai,2026-02-06,2026-02-08,2026-02-08,2026-02-08,2026-02-10,Not Applicable,Cod,Delivered,642EEFB240,T*** C***,XXXXXX0420,[REDACTED - Chennai],,ACTUAL
111014965352,Agra,282001,449,CRH-2696615,"ABC, Bhiwandi, Mumbai, Maharashtra",400016,Mumbai,2026-02-06,2026-02-08,2026-02-09,2026-02-09,2026-02-11,Not Applicable,Cod,Delivered,99DEA71850,S*** C***,XXXXXX4308,[REDACTED - Agra],,ACTUAL
110614925961,Bangalore,560100,839,CDY-2731996,"ABC, Bhiwandi, Mumbai, Maharashtra",400016,Mumbai,2026-02-06,2026-02-08,2026-02-09,2026-02-09,2026-02-10,Not Applicable,Prepaid,Delivered,0FAE8D4428,u*** C***,XXXXXX1958,[REDACTED - Bangalore],,ACTUAL
110614917649,Bangalore,560100,758,CDY-2683423,"ABC, Bhiwandi, Mumbai, Maharashtra",400016,Mumbai,2026-02-07,2026-02-09,2026-02-12,2026-02-12,2026-02-13,Not Applicable,Cod,Delivered,88B60F774B,u*** C***,XXXXXX1958,[REDACTED - Bangalore],,ACTUAL
111014963714,East Delhi,110095,349,SCM-2716097,"ABC, Bhiwandi, Mumbai, Maharashtra",400016,Mumbai,2026-02-07,2026-02-08,2026-02-09,2026-02-09,2026-02-10,Not Applicable,Cod,Delivered,4BE308E101,N*** C***,XXXXXX7040,[REDACTED - East Delhi],,ACTUAL
110314881992,Dimapur,797112,455,LIH-2195269,"ABC, Bhiwandi, Mumbai, Maharashtra",400016,Mumbai,2026-02-07,2026-02-08,2026-02-08,2026-02-08,2026-02-10,Phone not reachable,Prepaid,Delivered,27D45D8F81,a*** C***,XXXXXX8146,[REDACTED - Dimapur],,ACTUAL
103114852238,Jorhat,785001,659,FKS-2703745,"ABC, Bhiwandi, Mumbai, Maharashtra",400016,Mumbai,2026-02-07,2026-02-09,2026-02-10,,2026-02-10,Phone not reachable,Cod,RTO,6B91D7AD49,N*** C***,XXXXXX9037,[REDACTED - Jorhat],,ACTUAL
102514791707,Surendra Nagar,363310,1568,CRH-2745105,"ABC, Bhiwandi, Mumbai, Maharashtra",400016,Mumbai,2026-02-07,2026-02-07,2026-03-04,,2026-02-09,Customer requested re-attempt,Cod,Out of delivery,33F7B75114,S*** C***,XXXXXX9261,[REDACTED - Surendra Nagar],,ACTUAL
110914949970,Kota,324010,199,GEW-2637532,"ABC, Bhiwandi, Mumbai, Maharashtra",400016,Mumbai,2026-02-07,2026-02-08,2026-02-14,2026-02-14,2026-02-13,Not Applicable,Cod,Delivered,A34A95BF7E,K*** C***,XXXXXX7480,[REDACTED - Kota],,ACTUAL
110914955641,Jalgaon,425201,742,FKS-1690697,"ABC, Bhiwandi, Mumbai, Maharashtra",400016,Mumbai,2026-02-07,2026-02-08,2026-02-08,2026-02-08,2026-02-10,Delivery postponed by customer,Prepaid,Delivered,0463BDB118,S*** C***,XXXXXX3101,[REDACTED - Jalgaon],,ACTUAL
110814948480,Dharwad,580029,849,XHZ-2685395,"ABC, Bhiwandi, Mumbai, Maharashtra",400016,Mumbai,2026-02-07,2026-02-08,2026-02-08,2026-02-08,2026-02-10,Address issue,Cod,Delivered,BCDBFE4785,S*** C***,XXXXXX3534,[REDACTED - Dharwad],,ACTUAL
110414888099,Jaipur,302017,847,SB9-2125802,"ABC, Bhiwandi, Mumbai, Maharashtra",400016,Mumbai,2026-02-07,2026-02-08,2026-02-10,2026-02-10,2026-02-11,Not Applicable,Prepaid,Delivered,C5FC109214,J*** C***,XXXXXX5302,[REDACTED - Jaipur],,ACTUAL
110914952974,Indore,452003,569,YC-2740584,"ABC, Bhiwandi, Mumbai, Maharashtra",400016,Mumbai,2026-02-07,2026-02-09,2026-02-12,2026-02-12,2026-02-12,Not Applicable,Cod,Delivered,140A30529D,A*** C***,XXXXXX8777,[REDACTED - Indore],,ACTUAL
110814948556,Dharwad,580029,1657,FUF-2314001,"ABC, Bhiwandi, Mumbai, Maharashtra",400016,Mumbai,2026-02-07,2026-02-09,2026-02-14,,2026-02-13,Landmark missing,Cod,RTO,4DC0FC588C,S*** C***,XXXXXX3534,[REDACTED - Dharwad],,ACTUAL
111014969144,Pune,411028,987,LJK-1453982,"ABC, Bhiwandi, Mumbai, Maharashtra",400016,Mumbai,2026-02-07,2026-02-10,2026-02-14,2026-02-14,2026-02-16,Not Applicable,Prepaid,Delivered,403BA215B3,L*** C***,XXXXXX8368,[REDACTED - Pune],,ACTUAL
110714933170,Indore,452001,499,JJS-2769469,"ABC, Bhiwandi, Mumbai, Maharashtra",400016,Mumbai,2026-02-07,2026-02-09,2026-02-09,2026-02-10,2026-02-12,Landmark missing,Prepaid,Delivered,DA38FFBAA2,S*** C***,XXXXXX1115,[REDACTED - Indore],,ACTUAL
110914949969,Kota,324010,989,EWE-2702003,"ABC, Bhiwandi, Mumbai, Maharashtra",400016,Mumbai,2026-02-07,2026-02-08,2026-02-13,,2026-02-12,Address issue,Cod,RTO,55FEEE66AC,K*** C***,XXXXXX7480,[REDACTED - Kota],,ACTUAL
111014963563,Bangalore,560102,959,JL-2613696,"ABC, Bhiwandi, Mumbai, Maharashtra",400016,Mumbai,2026-02-07,2026-02-09,2026-02-15,2026-02-15,2026-02-15,Not Applicable,Prepaid,Delivered,EAEFD82F20,P*** C***,XXXXXX4355,[REDACTED - Bangalore],,ACTUAL
110414890873,Ballia,277001,1071,SN-2139849,"ABC, Bhiwandi, Mumbai, Maharashtra",400016,Mumbai,2026-02-07,2026-02-09,2026-02-13,,2026-02-11,Landmark missing,Cod,RTO,3B3A998F46,A*** C***,XXXXXX2779,[REDACTED - Ballia],,ACTUAL
110914952703,Tiruvallur,600087,686,YGS-2592150,"ABC, Bhiwandi, Mumbai, Maharashtra",400016,Mumbai,2026-02-07,2026-02-08,2026-02-08,2026-02-08,2026-02-09,Not Applicable,Cod,Delivered,68497E35B5,A*** C***,XXXXXX3333,[REDACTED - Tiruvallur],,ACTUAL
110614916127,Patiala,147001,898,BUC-2676370,"ABC, Bhiwandi, Mumbai, Maharashtra",400016,Mumbai,2026-02-07,2026-02-07,2026-02-11,,2026-02-10,COD payment declined,Cod,RTO,573A5AF83B,V*** C***,XXXXXX0280,[REDACTED - Patiala],,ACTUAL
111014965951,New Delhi,110094,449,PS5-2785118,"ABC, Bhiwandi, Mumbai, Maharashtra",400016,Mumbai,2026-02-07,2026-02-09,2026-02-11,2026-02-12,2026-02-13,Phone not reachable,Cod,Delivered,AEB2935986,J*** C***,XXXXXX8036,[REDACTED - New Delhi],,ACTUAL
111014966336,Pune,411028,849,HZT-2710372,"ABC, Bhiwandi, Mumbai, Maharashtra",400016,Mumbai,2026-02-07,2026-02-09,2026-02-12,2026-02-12,2026-02-10,Not Applicable,Cod,Delivered,EA4390BFE3,T*** C***,XXXXXX0505,[REDACTED - Pune],,ACTUAL
110814939741,Bhopal,462043,899,MBC-2685024,"ABC, Bhiwandi, Mumbai, Maharashtra",400016,Mumbai,2026-02-07,2026-02-07,2026-02-08,2026-02-08,2026-02-10,Not Applicable,Prepaid,Delivered,81C38359BF,A*** C***,XXXXXX8168,[REDACTED - Bhopal],,ACTUAL
110614915125,Bangalore,560036,439,ABL-1518879,"ABC, Bhiwandi, Mumbai, Maharashtra",400016,Mumbai,2026-02-07,2026-02-10,2026-02-11,2026-02-11,2026-02-12,Not Applicable,Prepaid,Delivered,CDEE6A2D2F,A*** C***,XXXXXX0520,[REDACTED - Bangalore],,ACTUAL
110314877233,Ahmedabad,380007,971,YTS-2739378,"ABC, Bhiwandi, Mumbai, Maharashtra",400016,Mumbai,2026-02-07,2026-02-09,2026-02-13,2026-02-13,2026-02-13,Not Applicable,Cod,Delivered,26069883EC,S*** C***,XXXXXX9379,[REDACTED - Ahmedabad],,ACTUAL
110914953265,Mumbai,400072,299,MYS-2359834,"ABC, Bhiwandi, Mumbai, Maharashtra",400016,Mumbai,2026-02-07,2026-02-08,2026-02-11,2026-02-11,2026-02-11,Not Applicable,Cod,Delivered,365F01C349,A*** C***,XXXXXX5265,[REDACTED - Mumbai],,ACTUAL
110814942464,Hyderabad,500012,713,FBO-1977217,"ABC, Bhiwandi, Mumbai, Maharashtra",400016,Mumbai,2026-02-07,2026-02-07,2026-02-13,2026-02-13,2026-02-12,Not Applicable,Cod,Delivered,99187553AB,M*** C***,XXXXXX9231,[REDACTED - Hyderabad],,ACTUAL
111114982017,Mumbai,400097,999,RKD-2761758,"ABC, Bhiwandi, Mumbai, Maharashtra",400016,Mumbai,2026-02-07,2026-02-08,2026-02-11,,2026-02-11,Customer cancelled order,Cod,RTO,E5DB20A0E7,N*** C***,XXXXXX0733,[REDACTED - Mumbai],,ACTUAL
100914566819,Papum Pare,791110,699,CB9-2748213,"ABC, Bhiwandi, Mumbai, Maharashtra",400016,Mumbai,2026-02-07,2026-02-08,2026-02-11,2026-02-11,2026-02-10,Not Applicable,Prepaid,Delivered,7B62B37349,T*** C***,XXXXXX7832,[REDACTED - Papum Pare],,ACTUAL
101414647862,Kamrup,781003,879,OTE-2748723,"ABC, Bhiwandi, Mumbai, Maharashtra",400016,Mumbai,2026-02-07,2026-02-09,2026-02-11,2026-02-11,2026-02-12,Not Applicable,Cod,Delivered,5D8C6B01D8,A*** C***,XXXXXX8105,[REDACTED - Kamrup],,ACTUAL
110914956633,Medak,502032,1439,SRS-2390031,"ABC, Bhiwandi, Mumbai, Maharashtra",400016,Mumbai,2026-02-07,2026-02-08,2026-02-09,2026-02-09,2026-02-11,Not Applicable,Cod,Delivered,DE559D6E04,R*** C***,XXXXXX2301,[REDACTED - Medak],,ACTUAL
110514909489,Bangalore,560002,1362,SN-2620686,"ABC, Bhiwandi, Mumbai, Maharashtra",400016,Mumbai,2026-02-07,2026-02-07,2026-02-10,2026-02-10,2026-02-10,Not Applicable,Cod,Delivered,BA364BBB02,R*** C***,XXXXXX1725,[REDACTED - Bangalore],,ACTUAL
110714928115,Faridkot,151203,499,TGX-2715496,"ABC, Bhiwandi, Mumbai, Maharashtra",400016,Mumbai,2026-02-07,2026-02-08,2026-02-09,2026-02-09,2026-02-10,Not Applicable,Cod,Delivered,9D068E2BA6,V*** C***,XXXXXX8008,[REDACTED - Faridkot],,ACTUAL
110314877854,Karnal,132001,1393,FBO-1977120,"ABC, Bhiwandi, Mumbai, Maharashtra",400016,Mumbai,2026-02-07,2026-02-09,2026-02-13,2026-02-13,2026-02-15,Not Applicable,Cod,Delivered,CC9B1F834F,S*** C***,XXXXXX3333,[REDACTED - Karnal],,ACTUAL
110714935786,Jodhpur,342001,899,KMX-2582989,"ABC, Bhiwandi, Mumbai, Maharashtra",400016,Mumbai,2026-02-07,2026-02-07,2026-02-08,2026-02-08,2026-02-09,Not Applicable,Prepaid,Delivered,CA32A82768,P*** C***,XXXXXX9446,[REDACTED - Jodhpur],,ACTUAL
110814949070,Kishangarh,305801,349,BUV-2618246,"ABC, Bhiwandi, Mumbai, Maharashtra",400016,Mumbai,2026-02-07,2026-02-08,2026-02-12,2026-02-13,2026-02-13,Phone not reachable,Cod,Delivered,24345E5EA4,S*** C***,XXXXXX6777,[REDACTED - Kishangarh],,ACTUAL
111014963141,Bangalore,560037,779,AL2-2731295,"ABC, Bhiwandi, Mumbai, Maharashtra",400016,Mumbai,2026-02-07,2026-02-08,2026-02-10,2026-02-10,2026-02-10,Not Applicable,Cod,Delivered,D98D015A2A,S*** C***,XXXXXX6040,[REDACTED - Bangalore],,ACTUAL
110914949650,Tiruvallur,600099,1688,BYN-2544739,"ABC, Bhiwandi, Mumbai, Maharashtra",400016,Mumbai,2026-02-07,2026-02-10,2026-02-13,2026-02-13,2026-02-13,Not Applicable,Prepaid,Delivered,4C90B93710,N*** C***,XXXXXX7908,[REDACTED - Tiruvallur],,ACTUAL
110814943230,Pali,306401,749,HSD-1739686,"ABC, Bhiwandi, Mumbai, Maharashtra",400016,Mumbai,2026-02-07,2026-02-09,2026-02-14,2026-02-15,2026-02-12,Phone not reachable,Prepaid,Delivered,9BD79433B9,U*** C***,XXXXXX6844,[REDACTED - Pali],,ACTUAL
111014966795,Sonipat,131001,1101,LSM-2674481,"ABC, Bhiwandi, Mumbai, Maharashtra",400016,Mumbai,2026-02-07,2026-02-09,2026-02-10,2026-02-10,2026-02-12,Not Applicable,Prepaid,Delivered,6BE345365E,N*** C***,XXXXXX7764,[REDACTED - Sonipat],,ACTUAL
111014970158,South West Delhi,110075,691,SNL-2334854,"ABC, Bhiwandi, Mumbai, Maharashtra",400016,Mumbai,2026-02-07,2026-02-08,,,2026-02-11,Not Applicable,Prepaid,In-Transit,7E126F8A00,S*** C***,XXXXXX2147,[REDACTED - South West Delhi],not_yet_attempted,ACTUAL
110614923927,K.V.Rangareddy,500084,699,CAM-2769812,"ABC, Bhiwandi, Mumbai, Maharashtra",400016,Mumbai,2026-02-07,2026-02-09,2026-02-12,2026-02-12,2026-02-12,Not Applicable,Cod,Delivered,4E0BC97DFC,P*** C***,XXXXXX8167,[REDACTED - K.V.Rangareddy],,ACTUAL
111014961452,Faridabad,121010,435,YKL-2257993,"ABC, Bhiwandi, Mumbai, Maharashtra",400016,Mumbai,2026-02-07,2026-02-08,2026-02-11,2026-02-11,2026-02-11,Not Applicable,Prepaid,Delivered,391FCD95DA,J*** C***,XXXXXX8244,[REDACTED - Faridabad],,ACTUAL
110214875416,Bangalore,560097,601,FP-2592321,"ABC, Bhiwandi, Mumbai, Maharashtra",400016,Mumbai,2026-02-07,2026-02-08,2026-02-16,,2026-02-15,Customer refused delivery,Cod,RTO,A0D095BFCF,A*** C***,XXXXXX9588,[REDACTED - Bangalore],,ACTUAL
110614914558,Chennai,600079,1047,XHZ-2715066,"ABC, Bhiwandi, Mumbai, Maharashtra",400016,Mumbai,2026-02-07,2026-02-08,2026-02-09,,2026-02-09,Landmark missing,Cod,RTO,2C2497C76C,R*** C***,XXXXXX9916,[REDACTED - Chennai],,ACTUAL
110914952121,Chennai,600011,1548,DYZ-2744948,"ABC, Bhiwandi, Mumbai, Maharashtra",400016,Mumbai,2026-02-07,2026-02-10,2026-02-14,,2026-02-14,Customer cancelled order,Cod,RTO,00FC483CA3,K*** C***,XXXXXX0622,[REDACTED - Chennai],,ACTUAL
110914956904,Bangalore,560038,939,FKS-2239659,"ABC, Bhiwandi, Mumbai, Maharashtra",400016,Mumbai,2026-02-07,2026-02-08,2026-02-12,2026-02-12,2026-02-10,Not Applicable,Cod,Delivered,4EE724E18B,A*** C***,XXXXXX1816,[REDACTED - Bangalore],,ACTUAL
110214875415,Bangalore,560097,645,DIZ-2566496,"ABC, Bhiwandi, Mumbai, Maharashtra",400016,Mumbai,2026-02-07,2026-02-08,2026-02-14,,2026-02-13,Customer not available,Cod,RTO,C46F4743D8,A*** C***,XXXXXX9588,[REDACTED - Bangalore],,ACTUAL
110714931925,Jaipur,302019,662,CP7-2325874,"ABC, Bhiwandi, Mumbai, Maharashtra",400016,Mumbai,2026-02-07,2026-02-10,2026-02-13,,2026-02-12,Customer not available,Cod,RTO,8689D9D6C7,A*** C***,XXXXXX9598,[REDACTED - Jaipur],,ACTUAL
111014964479,Mumbai,400072,821,LCQ-2563408,"ABC, Bhiwandi, Mumbai, Maharashtra",400016,Mumbai,2026-02-07,2026-02-08,2026-02-11,2026-02-11,2026-02-13,Not Applicable,Cod,Delivered,DA2FB6A259,P*** C***,XXXXXX9491,[REDACTED - Mumbai],,ACTUAL
110214875404,Bangalore,560097,724,YTS-1465894,"ABC, Bhiwandi, Mumbai, Maharashtra",400016,Mumbai,2026-02-07,2026-02-08,2026-02-13,2026-02-13,2026-02-13,Not Applicable,Prepaid,Delivered,6925DCEB09,A*** C***,XXXXXX9588,[REDACTED - Bangalore],,ACTUAL
111014963533,Mumbai,400072,977,JUB-2727907,"ABC, Bhiwandi, Mumbai, Maharashtra",400016,Mumbai,2026-02-07,2026-02-08,2026-02-08,2026-02-08,2026-02-09,Customer not available,Prepaid,Delivered,06BDCBE074,P*** C***,XXXXXX9491,[REDACTED - Mumbai],,ACTUAL
110514903074,East Sikkim,737132,499,JJS-2769486,"ABC, Bhiwandi, Mumbai, Maharashtra",400016,Mumbai,2026-02-08,2026-02-10,2026-02-11,2026-02-13,2026-02-13,Customer requested re-attempt,Cod,Delivered,9A15B51B3B,A*** C***,XXXXXX6090,[REDACTED - East Sikkim],,ACTUAL
110814944192,Faridabad,121001,929,GGH-2738760,"ABC, Bhiwandi, Mumbai, Maharashtra",400016,Mumbai,2026-02-08,2026-02-09,2026-02-14,2026-02-14,2026-02-13,Not Applicable,Cod,Delivered,F928EE48D8,R*** C***,XXXXXX6812,[REDACTED - Faridabad],,ACTUAL
110614924193,Gurgaon,122002,579,EWE-2740285,"ABC, Bhiwandi, Mumbai, Maharashtra",400016,Mumbai,2026-02-08,2026-02-09,2026-02-12,2026-02-12,2026-02-14,Not Applicable,Cod,Delivered,1B878A0BF3,I*** C***,XXXXXX9542,[REDACTED - Gurgaon],,ACTUAL
111014962863,Gurgaon,122001,689,EWE-2751221,"ABC, Bhiwandi, Mumbai, Maharashtra",400016,Mumbai,2026-02-08,2026-02-09,2026-02-10,2026-02-10,2026-02-10,Not Applicable,Cod,Delivered,5120D8D37E,N*** C***,XXXXXX2196,[REDACTED - Gurgaon],,ACTUAL
110814949311,South Goa,403707,769,SII-2388419,"ABC, Bhiwandi, Mumbai, Maharashtra",400016,Mumbai,2026-02-08,2026-02-09,2026-02-14,2026-02-14,2026-02-15,Not Applicable,Prepaid,Delivered,641108A093,J*** C***,XXXXXX0779,[REDACTED - South Goa],,ACTUAL
110414892513,Agra,282004,854,XHZ-2667842,"ABC, Bhiwandi, Mumbai, Maharashtra",400016,Mumbai,2026-02-08,2026-02-09,2026-02-13,,2026-02-12,COD payment declined,Cod,RTO,E162D54CF7,S*** C***,XXXXXX1112,[REDACTED - Agra],,ACTUAL
110914959093,Palakkad,679309,950,OTH-2258214,"ABC, Bhiwandi, Mumbai, Maharashtra",400016,Mumbai,2026-02-08,2026-02-09,2026-02-10,2026-02-10,2026-02-12,Not Applicable,Cod,Delivered,8F78C59C50,S*** C***,XXXXXX4814,[REDACTED - Palakkad],,ACTUAL
111114973438,Bangalore,560068,895,ABL-1683508,"ABC, Bhiwandi, Mumbai, Maharashtra",400016,Mumbai,2026-02-08,2026-02-10,2026-02-19,2026-02-19,2026-02-16,Not Applicable,Prepaid,Delivered,4AC13A6910,H*** C***,XXXXXX0220,[REDACTED - Bangalore],,ACTUAL
111114975910,Agra,282001,972,WER-2669674,"ABC, Bhiwandi, Mumbai, Maharashtra",400016,Mumbai,2026-02-08,2026-02-09,2026-02-09,2026-02-11,2026-02-12,Landmark missing,Prepaid,Delivered,A42D06E248,S*** C***,XXXXXX9693,[REDACTED - Agra],,ACTUAL
111014963285,Bangalore,560100,1984,SRS-2242784,"ABC, Bhiwandi, Mumbai, Maharashtra",400016,Mumbai,2026-02-08,2026-02-09,2026-02-14,2026-02-15,2026-02-12,Landmark missing,Cod,Delivered,5D90E689A8,E*** C***,XXXXXX3878,[REDACTED - Bangalore],,ACTUAL
110914959880,West Delhi,110064,1844,CRH-2696614,"ABC, Bhiwandi, Mumbai, Maharashtra",400016,Mumbai,2026-02-08,2026-02-09,2026-02-10,2026-02-12,2026-02-12,Delivery postponed by customer,Prepaid,Delivered,A5CA5E98BA,A*** C***,XXXXXX1803,[REDACTED - West Delhi],,ACTUAL
110514903005,Mumbai,400032,683,WEY-2621185,"ABC, Bhiwandi, Mumbai, Maharashtra",400016,Mumbai,2026-02-08,2026-02-10,2026-02-12,2026-02-12,2026-02-14,Not Applicable,Prepaid,Delivered,4809817EF9,P*** C***,XXXXXX7058,[REDACTED - Mumbai],,ACTUAL
110914954343,Jam Nagar,361001,349,DCH-2643762,"ABC, Bhiwandi, Mumbai, Maharashtra",400016,Mumbai,2026-02-08,2026-02-09,2026-02-09,2026-02-09,2026-02-10,Not Applicable,Cod,Delivered,E86A946666,S*** C***,XXXXXX3000,[REDACTED - Jam Nagar],,ACTUAL
110714935072,Guna,473001,2366,ABL-1546798,"ABC, Bhiwandi, Mumbai, Maharashtra",400016,Mumbai,2026-02-08,2026-02-09,2026-02-11,2026-02-11,2026-02-12,Not Applicable,Prepaid,Delivered,4979F02F58,M*** C***,XXXXXX6290,[REDACTED - Guna],,ACTUAL
111014971819,Mumbai,400068,427,MY-2390276,"ABC, Bhiwandi, Mumbai, Maharashtra",400016,Mumbai,2026-02-08,2026-02-09,2026-02-11,2026-02-11,2026-02-12,Not Applicable,Prepaid,Delivered,0982376C4E,S*** C***,XXXXXX5182,[REDACTED - Mumbai],,ACTUAL
110714926608,Shimla,171009,528,TSW-2126443,"ABC, Bhiwandi, Mumbai, Maharashtra",400016,Mumbai,2026-02-08,2026-02-09,2026-02-14,2026-02-14,2026-02-12,Not Applicable,Cod,Delivered,5BCEDE525B,A*** C***,XXXXXX6769,[REDACTED - Shimla],,ACTUAL
111114972972,Mumbai,400012,782,CBS-2732481,"ABC, Bhiwandi, Mumbai, Maharashtra",400016,Mumbai,2026-02-08,2026-02-09,2026-02-12,2026-02-13,2026-02-14,Phone not reachable,Cod,Delivered,678160D8DF,D*** C***,XXXXXX8067,[REDACTED - Mumbai],,ACTUAL
111014972202,North West Delhi,110089,779,CB9-2620080,"ABC, Bhiwandi, Mumbai, Maharashtra",400016,Mumbai,2026-02-08,2026-02-09,2026-02-12,2026-02-12,2026-02-12,Not Applicable,Prepaid,Delivered,5CF78363FA,S*** C***,XXXXXX6343,[REDACTED - North West Delhi],,ACTUAL
101714693891,Dhanbad,826004,749,LTY-2753879,"ABC, Bhiwandi, Mumbai, Maharashtra",400016,Mumbai,2026-02-08,2026-02-08,2026-02-10,2026-02-10,2026-02-10,Not Applicable,Prepaid,Delivered,6794321AFD,A*** C***,XXXXXX6176,[REDACTED - Dhanbad],,ACTUAL
110314886126,K.V.Rangareddy,500018,911,SN-2159799,"ABC, Bhiwandi, Mumbai, Maharashtra",400016,Mumbai,2026-02-08,2026-02-09,2026-02-12,2026-02-12,2026-02-12,Not Applicable,Cod,Delivered,1E8E6822F5,p*** C***,XXXXXX3172,[REDACTED - K.V.Rangareddy],,ACTUAL
110814938561,Bangalore,560043,859,WER-1506644,"ABC, Bhiwandi, Mumbai, Maharashtra",400016,Mumbai,2026-02-08,2026-02-10,2026-02-13,2026-02-14,2026-02-16,Address issue,Prepaid,Delivered,049D6D21D3,N*** C***,XXXXXX0177,[REDACTED - Bangalore],,ACTUAL
111014963364,Bangalore,560100,2039,DOP-2791434,"ABC, Bhiwandi, Mumbai, Maharashtra",400016,Mumbai,2026-02-08,2026-02-09,2026-02-11,2026-02-11,2026-02-13,Not Applicable,Prepaid,Delivered,FB11313B6B,E*** C***,XXXXXX2965,[REDACTED - Bangalore],,ACTUAL
110914956573,Hyderabad,500016,1729,SRS-2752132,"ABC, Bhiwandi, Mumbai, Maharashtra",400016,Mumbai,2026-02-08,2026-02-10,2026-02-11,,2026-02-11,COD payment declined,Cod,RTO,97B0A3A69B,P*** C***,XXXXXX3131,[REDACTED - Hyderabad],,ACTUAL
103014834251,Hyderabad,500039,894,YGS-2543871,"ABC, Bhiwandi, Mumbai, Maharashtra",400016,Mumbai,2026-02-08,2026-02-10,2026-02-10,2026-02-11,2026-02-12,Customer not available,Cod,Delivered,68CF5FCAB6,M*** C***,XXXXXX6997,[REDACTED - Hyderabad],,ACTUAL
110814942467,Hyderabad,500012,584,MBC-2786576,"ABC, Bhiwandi, Mumbai, Maharashtra",400016,Mumbai,2026-02-08,2026-02-09,,,2026-02-13,Not Applicable,Cod,In-Transit,B6F392D601,M*** C***,XXXXXX9231,[REDACTED - Hyderabad],not_yet_attempted,ACTUAL
110914952328,Gautam Buddha Nagar,201307,1511,BDX-2030993,"ABC, Bhiwandi, Mumbai, Maharashtra",400016,Mumbai,2026-02-08,2026-02-10,2026-02-13,,2026-02-13,Customer refused delivery,Cod,RTO,99644951CD,A*** C***,XXXXXX3399,[REDACTED - Gautam Buddha Nagar],,ACTUAL
110914961007,Kanchipuram,600119,859,WER-1506643,"ABC, Bhiwandi, Mumbai, Maharashtra",400016,Mumbai,2026-02-08,2026-02-09,2026-02-15,,2026-02-15,Landmark missing,Cod,RTO,0AFA456419,R*** C***,XXXXXX7714,[REDACTED - Kanchipuram],,ACTUAL
110614920642,Patiala,140603,1098,CRH-2627475,"ABC, Bhiwandi, Mumbai, Maharashtra",400016,Mumbai,2026-02-08,2026-02-09,2026-02-13,,2026-02-12,Address issue,Cod,RTO,AC7217B97F,A*** C***,XXXXXX2122,[REDACTED - Patiala],,ACTUAL
110814938715,Aligarh,202126,441,QMB-2271142,"ABC, Bhiwandi, Mumbai, Maharashtra",400016,Mumbai,2026-02-08,2026-02-09,2026-02-13,2026-02-13,2026-02-13,Not Applicable,Prepaid,Delivered,CF42F244F9,h*** C***,XXXXXX4512,[REDACTED - Aligarh],,ACTUAL
111114975325,West Delhi,110064,1641,XHC-2732511,"ABC, Bhiwandi, Mumbai, Maharashtra",400016,Mumbai,2026-02-08,2026-02-09,2026-02-13,2026-02-13,2026-02-12,Not Applicable,Cod,Delivered,A022F552C2,S*** C***,XXXXXX2589,[REDACTED - West Delhi],,ACTUAL
111014962200,Patna,800025,387,HBK-2233686,"ABC, Bhiwandi, Mumbai, Maharashtra",400016,Mumbai,2026-02-08,2026-02-11,2026-02-12,2026-02-12,2026-02-14,Not Applicable,Cod,Delivered,2AAD1958FE,m*** C***,XXXXXX3555,[REDACTED - Patna],,ACTUAL
110914952318,Gautam Buddha Nagar,201307,1360,SYB-2057041,"ABC, Bhiwandi, Mumbai, Maharashtra",400016,Mumbai,2026-02-08,2026-02-08,2026-02-08,2026-02-08,2026-02-10,Not Applicable,Cod,Delivered,14C7AEA069,A*** C***,XXXXXX3399,[REDACTED - Gautam Buddha Nagar],,ACTUAL
110914953006,Thane,401201,969,ADX-2681969,"ABC, Bhiwandi, Mumbai, Maharashtra",400016,Mumbai,2026-02-08,2026-02-10,2026-02-14,,2026-02-13,Address issue,Cod,RTO,6BB8B53F18,A*** C***,XXXXXX2479,[REDACTED - Thane],,ACTUAL
110614920641,Patiala,140603,649,TCA-2100033,"ABC, Bhiwandi, Mumbai, Maharashtra",400016,Mumbai,2026-02-08,2026-02-09,2026-02-15,2026-02-15,2026-02-12,Not Applicable,Cod,Delivered,89A05E38AA,A*** C***,XXXXXX2122,[REDACTED - Patiala],,ACTUAL
101714695897,Rajnandgaon,491441,849,WER-2749880,"ABC, Bhiwandi, Mumbai, Maharashtra",400016,Mumbai,2026-02-08,2026-02-10,2026-02-12,2026-02-12,2026-02-13,Not Applicable,Cod,Delivered,26A88884B0,A*** C***,XXXXXX6686,[REDACTED - Rajnandgaon],,ACTUAL
111014970142,Mumbai,400067,2110,SRS-1688328,"ABC, Bhiwandi, Mumbai, Maharashtra",400016,Mumbai,2026-02-08,2026-02-10,2026-02-17,,2026-02-15,Customer not available,Cod,RTO,93C2DD7B1B,B*** C***,XXXXXX7736,[REDACTED - Mumbai],,ACTUAL
103114840156,Krishna,520010,2942,CDY-1434969,"ABC, Bhiwandi, Mumbai, Maharashtra",400016,Mumbai,2026-02-08,2026-02-09,2026-02-12,2026-02-12,2026-02-12,Not Applicable,Prepaid,Delivered,8296E50394,K*** C***,XXXXXX1488,[REDACTED - Krishna],high_value_order,ACTUAL
110214871111,West Delhi,110087,615,YXN-2746621,"ABC, Bhiwandi, Mumbai, Maharashtra",400016,Mumbai,2026-02-08,2026-02-08,2026-02-11,2026-02-11,2026-02-11,Not Applicable,Cod,Delivered,37E6AA24CC,K*** C***,XXXXXX4524,[REDACTED - West Delhi],,ACTUAL
110814942466,Hyderabad,500012,410,OJO-2702617,"ABC, Bhiwandi, Mumbai, Maharashtra",400016,Mumbai,2026-02-08,2026-02-09,2026-02-11,2026-02-11,2026-02-12,Not Applicable,Prepaid,Delivered,50C864FD7B,M*** C***,XXXXXX9231,[REDACTED - Hyderabad],,ACTUAL
110814944393,Jodhpur,342601,842,YGS-2685253,"ABC, Bhiwandi, Mumbai, Maharashtra",400016,Mumbai,2026-02-08,2026-02-10,2026-02-10,2026-02-10,2026-02-12,Customer requested re-attempt,Cod,Delivered,ED9CE8DF5C,A*** C***,XXXXXX4144,[REDACTED - Jodhpur],,ACTUAL
111014964089,Panipat,132103,709,YTS-2724013,"ABC, Bhiwandi, Mumbai, Maharashtra",400016,Mumbai,2026-02-08,2026-02-10,2026-02-17,,2026-02-16,Customer not available,Prepaid,RTO,8FE32E38A4,v*** C***,XXXXXX7014,[REDACTED - Panipat],,ACTUAL
110814949033,Chandigarh,160018,2267,ADX-2041447,"ABC, Bhiwandi, Mumbai, Maharashtra",400016,Mumbai,2026-02-08,2026-02-10,2026-02-12,2026-02-12,2026-02-14,Not Applicable,Cod,Delivered,90D997F8A5,C*** C***,XXXXXX1557,[REDACTED - Chandigarh],,ACTUAL
110414898571,Moradabad,244302,454,MIG-2602482,"ABC, Bhiwandi, Mumbai, Maharashtra",400016,Mumbai,2026-02-08,2026-02-09,,,2026-02-11,Not Applicable,Cod,In-Transit,CF28A822A3,R*** C***,XXXXXX2100,[REDACTED - Moradabad],not_yet_attempted,ACTUAL
110114862794,Rampur,244901,1759,SRS-2027670,"ABC, Bhiwandi, Mumbai, Maharashtra",400016,Mumbai,2026-02-08,2026-02-09,2026-02-11,2026-02-11,2026-02-12,Not Applicable,Cod,Delivered,8B5B844D7B,I*** C***,XXXXXX5590,[REDACTED - Rampur],,ACTUAL
111014969784,North West Delhi,110009,811,YGS-2072272,"ABC, Bhiwandi, Mumbai, Maharashtra",400016,Mumbai,2026-02-08,2026-02-09,2026-02-13,2026-02-13,2026-02-13,Not Applicable,Cod,Delivered,8B72901504,S*** C***,XXXXXX9946,[REDACTED - North West Delhi],,ACTUAL
111014965778,Lucknow,226003,859,WER-1506642,"ABC, Bhiwandi, Mumbai, Maharashtra",400016,Mumbai,2026-02-08,2026-02-10,2026-02-13,,2026-02-12,Customer cancelled order,Cod,RTO,70709C0E4D,m*** C***,XXXXXX4511,[REDACTED - Lucknow],,ACTUAL
110914950130,Ghaziabad,201012,1627,KQS-2673229,"ABC, Bhiwandi, Mumbai, Maharashtra",400016,Mumbai,2026-02-08,2026-02-10,2026-02-14,,2026-02-13,Address issue,Cod,RTO,1457034C2C,M*** C***,XXXXXX5882,[REDACTED - Ghaziabad],,ACTUAL
110814945015,Indore,452005,777,0PQ-2460941,"ABC, Bhiwandi, Mumbai, Maharashtra",400016,Mumbai,2026-02-08,2026-02-09,2026-02-11,2026-02-11,2026-02-12,Not Applicable,Cod,Delivered,0F6F6FAFBF,A*** C***,XXXXXX8376,[REDACTED - Indore],,ACTUAL
110914957037,Mumbai,400064,512,NFV-2349425,"ABC, Bhiwandi, Mumbai, Maharashtra",400016,Mumbai,2026-02-08,2026-02-09,2026-02-13,2026-02-13,2026-02-11,Not Applicable,Cod,Delivered,0FB408C463,K*** C***,XXXXXX1284,[REDACTED - Mumbai],,ACTUAL
110814947299,Pauri Garhwal,246174,698,CRH-2696836,"ABC, Bhiwandi, Mumbai, Maharashtra",400016,Mumbai,2026-02-08,2026-02-09,2026-02-11,2026-02-11,2026-02-11,Not Applicable,Prepaid,Delivered,BB58284C58,M*** C***,XXXXXX1667,[REDACTED - Pauri Garhwal],,ACTUAL
110714933242,Gautam Buddha Nagar,201310,1090,ATT-2685985,"ABC, Bhiwandi, Mumbai, Maharashtra",400016,Mumbai,2026-02-09,2026-02-10,2026-02-12,2026-02-12,2026-02-13,Not Applicable,Cod,Delivered,CC6DFAEB13,P*** C***,XXXXXX2529,[REDACTED - Gautam Buddha Nagar],,ACTUAL
102614928045,Mumbai,400069,799,MKB-2763718,"ABC, Bhiwandi, Mumbai, Maharashtra",400016,Mumbai,2026-02-09,2026-02-10,2026-02-14,,2026-02-13,Customer not available,Cod,RTO,E07329D6C9,M*** C***,XXXXXX0120,[REDACTED - Mumbai],,ACTUAL
111014969990,Chennai,600012,669,LNS-1676173,"ABC, Bhiwandi, Mumbai, Maharashtra",400016,Mumbai,2026-02-09,2026-02-10,2026-02-12,2026-02-12,2026-02-12,Not Applicable,Cod,Delivered,346C9366DE,M*** C***,XXXXXX3700,[REDACTED - Chennai],,ACTUAL
102614796038,Mumbai,400069,1617,KNT-2759845,"ABC, Bhiwandi, Mumbai, Maharashtra",400016,Mumbai,2026-02-09,2026-02-10,2026-02-13,,2026-02-13,Phone not reachable,Cod,RTO,FF8BD28A38,M*** C***,XXXXXX0120,[REDACTED - Mumbai],,ACTUAL
111014971501,Pune,411028,1305,KEF-2407510,"ABC, Bhiwandi, Mumbai, Maharashtra",400016,Mumbai,2026-02-09,2026-02-09,2026-02-10,,2026-02-10,Address issue,Cod,RTO,7AD26CF101,G*** C***,XXXXXX7896,[REDACTED - Pune],,ACTUAL
110614919721,Bangalore,560048,790,THD-2527847,"ABC, Bhiwandi, Mumbai, Maharashtra",400016,Mumbai,2026-02-09,2026-02-11,2026-02-12,2026-02-12,2026-02-12,Not Applicable,Cod,Delivered,BE7670712A,S*** C***,XXXXXX1199,[REDACTED - Bangalore],,ACTUAL
102314760768,Kamrup,781006,637,RMM-2433271,"ABC, Bhiwandi, Mumbai, Maharashtra",400016,Mumbai,2026-02-09,2026-02-10,2026-02-10,2026-02-10,2026-02-12,Not Applicable,Prepaid,Delivered,CAE30F85E7,A*** C***,XXXXXX1583,[REDACTED - Kamrup],,ACTUAL
110614912183,JAINTIA HILLS,793150,717,GGH-2331337,"ABC, Bhiwandi, Mumbai, Maharashtra",400016,Mumbai,2026-02-09,2026-02-12,2026-02-14,2026-02-14,2026-02-14,Not Applicable,Cod,Delivered,BAC5D9F2F2,S*** C***,XXXXXX9312,[REDACTED - JAINTIA HILLS],,ACTUAL
110714935296,East Delhi,110091,449,BUC-2676385,"ABC, Bhiwandi, Mumbai, Maharashtra",400016,Mumbai,2026-02-09,2026-02-09,2026-02-16,,2026-02-15,Customer not available,Cod,RTO,25FEF173B1,T*** C***,XXXXXX9178,[REDACTED - East Delhi],,ACTUAL
101814707356,Gautam Buddha Nagar,201303,449,DHB-2704546,"ABC, Bhiwandi, Mumbai, Maharashtra",400016,Mumbai,2026-02-09,2026-02-10,2026-02-10,2026-02-10,2026-02-12,Not Applicable,Prepaid,Delivered,F0FA38B379,S*** C***,XXXXXX3232,[REDACTED - Gautam Buddha Nagar],,ACTUAL
111014969006,Udaipur,313003,891,YGS-2173428,"ABC, Bhiwandi, Mumbai, Maharashtra",400016,Mumbai,2026-02-09,2026-02-10,2026-02-13,2026-02-13,2026-02-13,Not Applicable,Prepaid,Delivered,C7C25710FB,A*** C***,XXXXXX1361,[REDACTED - Udaipur],,ACTUAL
110514907338,North West Delhi,110052,649,CRH-2696468,"ABC, Bhiwandi, Mumbai, Maharashtra",400016,Mumbai,2026-02-09,2026-02-09,2026-02-10,2026-02-10,2026-02-11,Not Applicable,Prepaid,Delivered,20A97729ED,H*** C***,XXXXXX9139,[REDACTED - North West Delhi],,ACTUAL
110414892205,Karnal,132001,349,SCM-2716097,"ABC, Bhiwandi, Mumbai, Maharashtra",400016,Mumbai,2026-02-09,2026-02-11,2026-02-15,,2026-02-14,Landmark missing,Cod,RTO,B9E1EB021D,H*** C***,XXXXXX6162,[REDACTED - Karnal],,ACTUAL
110314886611,Pune,411060,509,YUB-2555482,"ABC, Bhiwandi, Mumbai, Maharashtra",400016,Mumbai,2026-02-09,2026-02-11,2026-02-15,2026-02-15,2026-02-15,Not Applicable,Prepaid,Delivered,AF3E83B431,M*** C***,XXXXXX6894,[REDACTED - Pune],,ACTUAL
110414895470,Barmer,344001,689,EWE-2751221,"ABC, Bhiwandi, Mumbai, Maharashtra",400016,Mumbai,2026-02-09,2026-02-10,2026-02-12,2026-02-12,2026-02-14,Not Applicable,Cod,Delivered,68246D6F27,s*** C***,XXXXXX9827,[REDACTED - Barmer],,ACTUAL
101314635748,Aizawl,796001,1019,YZK-2756615,"ABC, Bhiwandi, Mumbai, Maharashtra",400016,Mumbai,2026-02-09,2026-02-09,2026-02-12,2026-02-12,2026-02-12,Not Applicable,Prepaid,Delivered,99A5C038FC,M*** C***,XXXXXX2156,[REDACTED - Aizawl],,ACTUAL
110914951064,Vadodara,390021,1338,FP-2627699,"ABC, Bhiwandi, Mumbai, Maharashtra",400016,Mumbai,2026-02-09,2026-02-10,2026-02-14,2026-02-14,2026-02-14,Not Applicable,Cod,Delivered,A681375FD2,S*** C***,XXXXXX0119,[REDACTED - Vadodara],,ACTUAL
110814944725,Bhopal,462026,1098,CRH-2627612,"ABC, Bhiwandi, Mumbai, Maharashtra",400016,Mumbai,2026-02-09,2026-02-11,2026-02-15,,2026-02-14,COD payment declined,Cod,RTO,AF29BC3962,A*** C***,XXXXXX4246,[REDACTED - Bhopal],,ACTUAL
110614916658,Hyderabad,500037,699,PCL-2514893,"ABC, Bhiwandi, Mumbai, Maharashtra",400016,Mumbai,2026-02-09,2026-02-12,2026-02-15,,2026-02-14,Address issue,Cod,RTO,361280FA68,V*** C***,XXXXXX0044,[REDACTED - Hyderabad],,ACTUAL
110914958364,Hyderabad,500018,560,WER-2364836,"ABC, Bhiwandi, Mumbai, Maharashtra",400016,Mumbai,2026-02-09,2026-02-11,,,2026-02-14,Not Applicable,Cod,Lost,58510FD04D,P*** C***,XXXXXX7688,[REDACTED - Hyderabad],,ACTUAL
111114973878,roorkee,247667,689,EWE-2751221,"ABC, Bhiwandi, Mumbai, Maharashtra",400016,Mumbai,2026-02-09,2026-02-09,2026-02-14,2026-02-14,2026-02-14,Not Applicable,Cod,Delivered,7046A7BC26,s*** C***,XXXXXX7276,[REDACTED - roorkee],,ACTUAL
111014962860,Gurgaon,122001,1249,XHC-2732542,"ABC, Bhiwandi, Mumbai, Maharashtra",400016,Mumbai,2026-02-09,2026-02-10,2026-02-13,2026-02-13,2026-02-13,Not Applicable,Cod,Delivered,276450BB21,N*** C***,XXXXXX2196,[REDACTED - Gurgaon],,ACTUAL
111014972685,Mumbai,400070,877,QTH-2264591,"ABC, Bhiwandi, Mumbai, Maharashtra",400016,Mumbai,2026-02-09,2026-02-11,2026-02-13,2026-02-14,2026-02-14,Address issue,Cod,Delivered,779314D5E6,M*** C***,XXXXXX3055,[REDACTED - Mumbai],,ACTUAL
110814938887,Morbi,363641,349,DHB-2625262,"ABC, Bhiwandi, Mumbai, Maharashtra",400016,Mumbai,2026-02-09,2026-02-10,2026-02-12,2026-02-12,2026-02-12,Not Applicable,Cod,Delivered,83A4094F19,R*** C***,XXXXXX0700,[REDACTED - Morbi],,ACTUAL
103014831572,Gurgaon,122002,499,JJS-2777335,"ABC, Bhiwandi, Mumbai, Maharashtra",400016,Mumbai,2026-02-09,2026-02-12,2026-02-15,2026-02-15,2026-02-13,Not Applicable,Cod,Delivered,551EA2691A,A*** C***,XXXXXX7070,[REDACTED - Gurgaon],,ACTUAL
110714935307,Pune,411060,1355,SRS-1941435,"ABC, Bhiwandi, Mumbai, Maharashtra",400016,Mumbai,2026-02-09,2026-02-10,2026-02-12,2026-02-12,2026-02-14,Not Applicable,Cod,Delivered,7D7CFB1294,G*** C***,XXXXXX1588,[REDACTED - Pune],,ACTUAL
110814938755,Ganganagar,335001,551,JUV-2524457,"ABC, Bhiwandi, Mumbai, Maharashtra",400016,Mumbai,2026-02-09,2026-02-10,2026-02-12,2026-02-12,2026-02-12,Not Applicable,Cod,Delivered,6E97B99DF8,K*** C***,XXXXXX0777,[REDACTED - Ganganagar],,ACTUAL
110714933904,Gurgaon,122002,599,KS-2695621,"ABC, Bhiwandi, Mumbai, Maharashtra",400016,Mumbai,2026-02-09,2026-02-12,2026-02-15,2026-02-15,2026-02-16,Not Applicable,Prepaid,Delivered,57FCA3402F,A*** C***,XXXXXX7070,[REDACTED - Gurgaon],,ACTUAL
110914957301,Indore,452001,334,YSY-2373491,"ABC, Bhiwandi, Mumbai, Maharashtra",400016,Mumbai,2026-02-09,2026-02-10,2026-02-11,2026-02-12,2026-02-13,Landmark missing,Prepaid,Delivered,F9C67DB19C,S*** C***,XXXXXX6864,[REDACTED - Indore],,ACTUAL
110314876116,Nashik,422401,1197,BUC-2765543,"ABC, Bhiwandi, Mumbai, Maharashtra",400016,Mumbai,2026-02-09,2026-02-10,2026-02-13,2026-02-13,2026-02-15,Not Applicable,Cod,Delivered,F4588B72B1,R*** C***,XXXXXX0155,[REDACTED - Nashik],,ACTUAL
110214874259,Bhopal,462003,790,FUF-2588334,"ABC, Bhiwandi, Mumbai, Maharashtra",400016,Mumbai,2026-02-09,2026-02-11,2026-02-16,,2026-02-15,Customer cancelled order,Cod,RTO,4B41FF519F,N*** C***,XXXXXX6884,[REDACTED - Bhopal],,ACTUAL
111114978349,Bangalore,560040,837,0PQ-2461015,"ABC, Bhiwandi, Mumbai, Maharashtra",400016,Mumbai,2026-02-09,2026-02-11,2026-02-15,,2026-02-14,COD payment declined,Cod,RTO,61EEC6C533,S*** C***,XXXXXX1851,[REDACTED - Bangalore],,ACTUAL
110914955186,Vadodara,390011,849,LTL-1989285,"ABC, Bhiwandi, Mumbai, Maharashtra",400016,Mumbai,2026-02-09,2026-02-10,2026-02-11,2026-02-12,2026-02-13,Phone not reachable,Cod,Delivered,DD8E4AEFF9,J*** C***,XXXXXX1508,[REDACTED - Vadodara],,ACTUAL
101514899860,Faridabad,121004,689,BCC-2744486,"ABC, Bhiwandi, Mumbai, Maharashtra",400016,Mumbai,2026-02-09,2026-02-10,2026-02-16,,2026-02-14,Landmark missing,Cod,RTO,491B4733A0,P*** C***,XXXXXX5560,[REDACTED - Faridabad],,ACTUAL
110914955924,Bangalore,560102,499,YWB-1855003,"ABC, Bhiwandi, Mumbai, Maharashtra",400016,Mumbai,2026-02-09,2026-02-11,2026-03-04,,2026-02-14,Phone not reachable,Cod,Out of delivery,6A586AEF58,M*** C***,XXXXXX6500,[REDACTED - Bangalore],,ACTUAL
110714930510,Jaipur,302002,592,YGS-2021506,"ABC, Bhiwandi, Mumbai, Maharashtra",400016,Mumbai,2026-02-09,2026-02-10,2026-02-14,2026-02-14,2026-02-15,Not Applicable,Cod,Delivered,47A7DBE998,I*** C***,XXXXXX1223,[REDACTED - Jaipur],,ACTUAL
110114857590,Ghaziabad,201010,1133,EWE-2730871,"ABC, Bhiwandi, Mumbai, Maharashtra",400016,Mumbai,2026-02-09,2026-02-10,2026-02-13,,2026-02-12,Phone not reachable,Cod,RTO,C2B987C287,V*** C***,XXXXXX2630,[REDACTED - Ghaziabad],,ACTUAL
110914956353,Bangalore,560079,1198,YWB-2620738,"ABC, Bhiwandi, Mumbai, Maharashtra",400016,Mumbai,2026-02-09,2026-02-11,2026-02-15,2026-02-15,2026-02-17,Not Applicable,Cod,Delivered,2FC9BA5597,n*** C***,XXXXXX8848,[REDACTED - Bangalore],,ACTUAL
102914826439,Lawngtlai,796891,949,FKS-2715162,"ABC, Bhiwandi, Mumbai, Maharashtra",400016,Mumbai,2026-02-09,2026-02-11,2026-02-13,2026-02-13,2026-02-13,Not Applicable,Cod,Delivered,6F07399DA8,M*** C***,XXXXXX4373,[REDACTED - Lawngtlai],,ACTUAL
110614923652,Hyderabad,500082,2047,SRS-2692677,"ABC, Bhiwandi, Mumbai, Maharashtra",400016,Mumbai,2026-02-09,2026-02-10,2026-02-16,,2026-02-15,COD payment declined,Cod,RTO,67846773F0,J*** C***,XXXXXX5209,[REDACTED - Hyderabad],,ACTUAL
111014961755,Vadodara,390011,305,OJO-2741616,"ABC, Bhiwandi, Mumbai, Maharashtra",400016,Mumbai,2026-02-09,2026-02-11,2026-02-15,2026-02-15,2026-02-16,Not Applicable,Prepaid,Delivered,775A37E30E,N*** C***,XXXXXX3328,[REDACTED - Vadodara],,ACTUAL
101614962271,Faridabad,121009,749,BCC-2744503,"ABC, Bhiwandi, Mumbai, Maharashtra",400016,Mumbai,2026-02-09,2026-02-10,2026-02-13,,2026-02-12,Customer refused delivery,Cod,RTO,71A81350AD,P*** C***,XXXXXX8078,[REDACTED - Faridabad],,ACTUAL
110814941110,Guntur,522413,497,FY-2469208,"ABC, Bhiwandi, Mumbai, Maharashtra",400016,Mumbai,2026-02-09,2026-02-11,2026-02-11,2026-02-12,2026-02-13,Address issue,Prepaid,Delivered,DB7535B09B,S*** C***,XXXXXX4803,[REDACTED - Guntur],,ACTUAL
111014966388,Gurgaon,122017,2141,LMS-2731525,"ABC, Bhiwandi, Mumbai, Maharashtra",400016,Mumbai,2026-02-09,2026-02-10,2026-02-16,,2026-02-16,Phone not reachable,Cod,RTO,F76E4FB5A0,T*** C***,XXXXXX2159,[REDACTED - Gurgaon],,ACTUAL
110814939225,Bangalore,560035,1759,SRS-2027669,"ABC, Bhiwandi, Mumbai, Maharashtra",400016,Mumbai,2026-02-09,2026-02-11,2026-02-15,2026-02-15,2026-02-15,Not Applicable,Prepaid,Delivered,2BA6D33055,P*** C***,XXXXXX6564,[REDACTED - Bangalore],,ACTUAL
101214622911,Krishna,520010,2109,HWT-1997075,"ABC, Bhiwandi, Mumbai, Maharashtra",400016,Mumbai,2026-02-09,2026-02-12,2026-02-16,,2026-02-15,Phone not reachable,Cod,RTO,9FA558D7B8,M*** C***,XXXXXX5325,[REDACTED - Krishna],,ACTUAL
110914956738,K.V.Rangareddy,500049,1729,SRS-2752136,"ABC, Bhiwandi, Mumbai, Maharashtra",400016,Mumbai,2026-02-09,2026-02-10,2026-02-13,,2026-02-12,Phone not reachable,Cod,RTO,FE66A91EB7,S*** C***,XXXXXX6661,[REDACTED - K.V.Rangareddy],,ACTUAL
110714928981,Sidhi,486889,1079,0PQ-2666858,"ABC, Bhiwandi, Mumbai, Maharashtra",400016,Mumbai,2026-02-09,2026-02-10,2026-02-16,2026-02-17,2026-02-16,Delivery postponed by customer,Cod,Delivered,960FDEE156,N*** C***,XXXXXX4353,[REDACTED - Sidhi],,ACTUAL
110714933201,Mumbai,400051,1090,YC-2704328,"ABC, Bhiwandi, Mumbai, Maharashtra",400016,Mumbai,2026-02-09,2026-02-09,2026-02-10,2026-02-10,2026-02-11,Not Applicable,Prepaid,Delivered,CD57F80EF4,V*** C***,XXXXXX2578,[REDACTED - Mumbai],,ACTUAL
110714927865,Kanpur Nagar,208001,499,STB-1833684,"ABC, Bhiwandi, Mumbai, Maharashtra",400016,Mumbai,2026-02-09,2026-02-12,2026-02-16,2026-02-16,2026-02-16,Not Applicable,Cod,Delivered,39386D51FB,A*** C***,XXXXXX0222,[REDACTED - Kanpur Nagar],,ACTUAL
110714926849,Ernakulam,682018,1312,LAA-1867613,"ABC, Bhiwandi, Mumbai, Maharashtra",400016,Mumbai,2026-02-10,2026-02-11,2026-02-15,2026-02-15,2026-02-16,Not Applicable,Prepaid,Delivered,56155954E0,L*** C***,XXXXXX3106,[REDACTED - Ernakulam],,ACTUAL
103114851404,Ajmer,305001,1047,SRS-2110939,"ABC, Bhiwandi, Mumbai, Maharashtra",400016,Mumbai,2026-02-10,2026-02-11,,,2026-02-15,Not Applicable,Cod,In-Transit,7885A7F996,A*** C***,XXXXXX0252,[REDACTED - Ajmer],not_yet_attempted,ACTUAL
101214616273,East Singhbhum,831011,689,EWE-2751243,"ABC, Bhiwandi, Mumbai, Maharashtra",400016,Mumbai,2026-02-10,2026-02-10,2026-02-11,2026-02-11,2026-02-12,Not Applicable,Prepaid,Delivered,69BA22114A,P*** C***,XXXXXX9193,[REDACTED - East Singhbhum],,ACTUAL
111114975728,New Delhi,110053,569,YC-2740575,"ABC, Bhiwandi, Mumbai, Maharashtra",400016,Mumbai,2026-02-10,2026-02-12,2026-02-14,2026-02-14,2026-02-15,Not Applicable,Prepaid,Delivered,4E8152D2A0,A*** C***,XXXXXX3229,[REDACTED - New Delhi],,ACTUAL
110914957930,Ahmedabad,382481,580,FKS-2355322,"ABC, Bhiwandi, Mumbai, Maharashtra",400016,Mumbai,2026-02-10,2026-02-12,2026-02-15,,2026-02-14,Address issue,Cod,RTO,93D011F332,L*** C***,XXXXXX9809,[REDACTED - Ahmedabad],,ACTUAL
110214866736,Duliajan,786602,877,QTH-2264591,"ABC, Bhiwandi, Mumbai, Maharashtra",400016,Mumbai,2026-02-10,2026-02-12,2026-02-17,2026-02-17,2026-02-17,Not Applicable,Cod,Delivered,E81701DFB3,K*** C***,XXXXXX6836,[REDACTED - Duliajan],,ACTUAL
110114856370,Ludhiana,141001,1025,YTS-2688120,"ABC, Bhiwandi, Mumbai, Maharashtra",400016,Mumbai,2026-02-10,2026-02-11,2026-02-15,2026-02-15,2026-02-15,Not Applicable,Cod,Delivered,927021A9BB,R*** C***,XXXXXX3361,[REDACTED - Ludhiana],,ACTUAL
110814949503,North 24 Parganas,743144,859,WER-1506644,"ABC, Bhiwandi, Mumbai, Maharashtra",400016,Mumbai,2026-02-10,2026-02-11,2026-02-11,2026-02-12,2026-02-12,Delivery postponed by customer,Cod,Delivered,9A3C48CB0F,S*** C***,XXXXXX9880,[REDACTED - North 24 Parganas],,ACTUAL
110914959548,Bangalore,560078,699,BUC-2785018,"ABC, Bhiwandi, Mumbai, Maharashtra",400016,Mumbai,2026-02-10,2026-02-10,2026-02-11,2026-02-11,2026-02-11,Not Applicable,Cod,Delivered,99C0FA863A,S*** C***,XXXXXX2614,[REDACTED - Bangalore],,ACTUAL
103014830444,Surat,395004,555,MSR-1889737,"ABC, Bhiwandi, Mumbai, Maharashtra",400016,Mumbai,2026-02-10,2026-02-12,2026-02-15,2026-02-15,2026-02-16,Not Applicable,Prepaid,Delivered,D377C1764C,S*** C***,XXXXXX0766,[REDACTED - Surat],,ACTUAL
102914824378,Hyderabad,500019,936,JL-2341006,"ABC, Bhiwandi, Mumbai, Maharashtra",400016,Mumbai,2026-02-10,2026-02-12,2026-02-13,2026-02-13,2026-02-15,Not Applicable,Cod,Delivered,FD7C52F9C2,P*** C***,XXXXXX3008,[REDACTED - Hyderabad],,ACTUAL
111114979363,Central Delhi,110005,449,IVE-2497240,"ABC, Bhiwandi, Mumbai, Maharashtra",400016,Mumbai,2026-02-10,2026-02-11,2026-02-20,2026-02-20,2026-02-17,Not Applicable,Prepaid,Delivered,1641E1FC5F,M*** C***,XXXXXX8986,[REDACTED - Central Delhi],,ACTUAL
110114856362,Ludhiana,141001,742,FKS-1690695,"ABC, Bhiwandi, Mumbai, Maharashtra",400016,Mumbai,2026-02-10,2026-02-11,2026-02-12,2026-02-12,2026-02-12,Not Applicable,Cod,Delivered,FD92C6DB7D,R*** C***,XXXXXX3361,[REDACTED - Ludhiana],,ACTUAL
110614923736,Raipur,492008,860,JIX-2609764,"ABC, Bhiwandi, Mumbai, Maharashtra",400016,Mumbai,2026-02-10,2026-02-11,2026-02-12,2026-02-12,2026-02-14,Not Applicable,Cod,Delivered,D9DC4C8F1D,D*** C***,XXXXXX1801,[REDACTED - Raipur],,ACTUAL
110214871736,Bangalore,560027,849,YTS-2156844,"ABC, Bhiwandi, Mumbai, Maharashtra",400016,Mumbai,2026-02-10,2026-02-11,2026-02-14,2026-02-15,2026-02-15,Landmark missing,Cod,Delivered,C2F12D74EF,A*** C***,XXXXXX4868,[REDACTED - Bangalore],,ACTUAL
110914957845,Bangalore,560078,798,LCQ-2616189,"ABC, Bhiwandi, Mumbai, Maharashtra",400016,Mumbai,2026-02-10,2026-02-10,2026-02-17,2026-02-17,2026-02-15,Not Applicable,Prepaid,Delivered,860E16BCD5,S*** C***,XXXXXX2614,[REDACTED - Bangalore],,ACTUAL
110714935324,Prakasam,523001,231,BKZ-2440664,"ABC, Bhiwandi, Mumbai, Maharashtra",400016,Mumbai,2026-02-10,2026-02-12,2026-02-14,2026-02-14,2026-02-16,Not Applicable,Cod,Delivered,7B741E42E7,A*** C***,XXXXXX0856,[REDACTED - Prakasam],,ACTUAL
110314886242,Gautam Buddha Nagar,201301,2554,ADX-2693673,"ABC, Bhiwandi, Mumbai, Maharashtra",400016,Mumbai,2026-02-10,2026-02-12,2026-02-13,2026-02-15,2026-02-15,Customer not available,Prepaid,Delivered,894B79A97A,k*** C***,XXXXXX5055,[REDACTED - Gautam Buddha Nagar],,ACTUAL
102714806788,Ahmedabad,380004,579,YKL-2200609,"ABC, Bhiwandi, Mumbai, Maharashtra",400016,Mumbai,2026-02-10,2026-02-13,2026-02-15,2026-02-15,2026-02-15,Not Applicable,Prepaid,Delivered,CC67700AA5,S*** C***,XXXXXX7108,[REDACTED - Ahmedabad],,ACTUAL
102014732949,Bangalore,560093,649,EWE-2765653,"ABC, Bhiwandi, Mumbai, Maharashtra",400016,Mumbai,2026-02-10,2026-02-11,2026-02-12,2026-02-14,2026-02-14,Phone not reachable,Prepaid,Delivered,B961EA7FD7,S*** C***,XXXXXX9923,[REDACTED - Bangalore],,ACTUAL
110714936245,Udaipur,313011,410,OJO-2702616,"ABC, Bhiwandi, Mumbai, Maharashtra",400016,Mumbai,2026-02-10,2026-02-11,2026-02-12,2026-02-12,2026-02-12,Not Applicable,Cod,Delivered,6D80C8B0C0,A*** C***,XXXXXX1284,[REDACTED - Udaipur],,ACTUAL
110714926650,Prakasam,523001,1198,HZT-2710139,"ABC, Bhiwandi, Mumbai, Maharashtra",400016,Mumbai,2026-02-10,2026-02-11,2026-02-15,2026-02-15,2026-02-13,Not Applicable,Cod,Delivered,7F1E1A530E,A*** C***,XXXXXX0856,[REDACTED - Prakasam],,ACTUAL
110314880937,Mumbai,400053,799,FB3-2658130,"ABC, Bhiwandi, Mumbai, Maharashtra",400016,Mumbai,2026-02-10,2026-02-11,2026-02-13,2026-02-13,2026-02-14,Not Applicable,Cod,Delivered,4C12D5B4F6,K*** C***,XXXXXX8113,[REDACTED - Mumbai],,ACTUAL
110714936242,Udaipur,313011,450,OJO-2702754,"ABC, Bhiwandi, Mumbai, Maharashtra",400016,Mumbai,2026-02-10,2026-02-11,2026-02-16,,2026-02-14,Phone not reachable,Cod,RTO,3BD528514E,A*** C***,XXXXXX1284,[REDACTED - Udaipur],,ACTUAL
111014966735,Gautam Buddha Nagar,201307,419,DCH-2320223,"ABC, Bhiwandi, Mumbai, Maharashtra",400016,Mumbai,2026-02-10,2026-02-11,2026-02-13,2026-02-13,2026-02-14,Not Applicable,Prepaid,Delivered,4B3EF472E2,S*** C***,XXXXXX3501,[REDACTED - Gautam Buddha Nagar],,ACTUAL
110514910070,Gurgaon,122001,925,HBZ-2653127,"ABC, Bhiwandi, Mumbai, Maharashtra",400016,Mumbai,2026-02-10,2026-02-12,2026-02-15,2026-02-15,2026-02-15,Not Applicable,Cod,Delivered,23BD5ECC5C,S*** C***,XXXXXX5993,[REDACTED - Gurgaon],,ACTUAL
110514902987,Dhanbad,826004,717,HZT-2722654,"ABC, Bhiwandi, Mumbai, Maharashtra",400016,Mumbai,2026-02-10,2026-02-11,2026-03-04,,2026-02-17,Address issue,Cod,Out of delivery,B24D8B9252,S*** C***,XXXXXX6206,[REDACTED - Dhanbad],,ACTUAL
110814948041,Rohtak,124001,680,ATU-2213809,"ABC, Bhiwandi, Mumbai, Maharashtra",400016,Mumbai,2026-02-10,2026-02-12,2026-02-15,,2026-02-15,Phone not reachable,Cod,RTO,E8F31D5F88,G*** C***,XXXXXX4496,[REDACTED - Rohtak],,ACTUAL
110614914370,Golaghat,785614,717,XXC-2631194,"ABC, Bhiwandi, Mumbai, Maharashtra",400016,Mumbai,2026-02-10,2026-02-12,2026-02-14,2026-02-14,2026-02-15,Not Applicable,Cod,Delivered,C7E1CD1FA5,T*** C***,XXXXXX6363,[REDACTED - Golaghat],,ACTUAL
111114979349,North West Delhi,110034,499,YWB-2338231,"ABC, Bhiwandi, Mumbai, Maharashtra",400016,Mumbai,2026-02-10,2026-02-11,2026-02-14,2026-02-14,2026-02-14,Not Applicable,Prepaid,Delivered,BB97100773,S*** C***,XXXXXX3571,[REDACTED - North West Delhi],,ACTUAL
111114973246,Mumbai,400017,895,ABL-1683508,"ABC, Bhiwandi, Mumbai, Maharashtra",400016,Mumbai,2026-02-10,2026-02-11,2026-02-19,2026-02-19,2026-02-17,Not Applicable,Prepaid,Delivered,D35643DF8F,J*** C***,XXXXXX7773,[REDACTED - Mumbai],,ACTUAL
110714932375,Gurgaon,122001,649,KDL-2610084,"ABC, Bhiwandi, Mumbai, Maharashtra",400016,Mumbai,2026-02-10,2026-02-11,2026-02-16,2026-02-16,2026-02-17,Not Applicable,Cod,Delivered,537A2A0E18,K*** C***,XXXXXX3030,[REDACTED - Gurgaon],,ACTUAL
110714932310,Gurgaon,122001,1399,PCL-2609296,"ABC, Bhiwandi, Mumbai, Maharashtra",400016,Mumbai,2026-02-10,2026-02-10,2026-02-13,2026-02-13,2026-02-13,Not Applicable,Cod,Delivered,E2F61B7EBA,K*** C***,XXXXXX3030,[REDACTED - Gurgaon],,ACTUAL
103014834670,Hyderabad,500059,915,YGS-2543888,"ABC, Bhiwandi, Mumbai, Maharashtra",400016,Mumbai,2026-02-10,2026-02-12,2026-02-21,,2026-02-19,Landmark missing,Cod,RTO,9B0038A0B6,M*** C***,XXXXXX7578,[REDACTED - Hyderabad],,ACTUAL
110614917977,Warangal,506001,1594,ATU-1766743,"ABC, Bhiwandi, Mumbai, Maharashtra",400016,Mumbai,2026-02-10,2026-02-11,2026-02-16,,2026-02-15,Customer cancelled order,Cod,RTO,B5ED280D96,A*** C***,XXXXXX5393,[REDACTED - Warangal],,ACTUAL
111014972499,Pune,411037,2907,FP-2348320,"ABC, Bhiwandi, Mumbai, Maharashtra",400016,Mumbai,2026-02-10,2026-02-11,,,2026-02-13,Not Applicable,Cod,Lost,6E58B6BDBF,J*** C***,XXXXXX7715,[REDACTED - Pune],high_value_order,ACTUAL
110314884829,Surat,395009,1399,JJD-1841854,"ABC, Bhiwandi, Mumbai, Maharashtra",400016,Mumbai,2026-02-10,2026-02-11,2026-02-17,2026-02-17,2026-02-14,Not Applicable,Cod,Delivered,8E04321A3A,R*** C***,XXXXXX4032,[REDACTED - Surat],,ACTUAL
110614918420,Ahmedabad,380008,745,YTS-2739316,"ABC, Bhiwandi, Mumbai, Maharashtra",400016,Mumbai,2026-02-10,2026-02-12,2026-02-17,,2026-02-16,Landmark missing,Cod,RTO,3FCD48419E,D*** C***,XXXXXX0872,[REDACTED - Ahmedabad],,ACTUAL
110114856490,Jalandhar,144001,799,SB9-2506290,"ABC, Bhiwandi, Mumbai, Maharashtra",400016,Mumbai,2026-02-10,2026-02-11,2026-02-12,2026-02-12,2026-02-12,Not Applicable,Prepaid,Delivered,117AA52D74,P*** C***,XXXXXX0065,[REDACTED - Jalandhar],,ACTUAL
110814944799,Mumbai,400086,2208,TKS-2678137,"ABC, Bhiwandi, Mumbai, Maharashtra",400016,Mumbai,2026-02-10,2026-02-11,2026-02-12,2026-02-12,2026-02-12,Not Applicable,Cod,Delivered,502CACDA9D,S*** C***,XXXXXX2087,[REDACTED - Mumbai],,ACTUAL
111014961762,Mumbai,400011,954,CRH-2281359,"ABC, Bhiwandi, Mumbai, Maharashtra",400016,Mumbai,2026-02-10,2026-02-11,2026-02-12,,2026-02-12,Customer refused delivery,Cod,RTO,582B0CFF09,N*** C***,XXXXXX5451,[REDACTED - Mumbai],,ACTUAL
110914960001,Rajkot,360004,1338,CDG-2166395,"ABC, Bhiwandi, Mumbai, Maharashtra",400016,Mumbai,2026-02-10,2026-02-11,2026-02-16,,2026-02-14,Phone not reachable,Cod,RTO,99AAA36B0E,S*** C***,XXXXXX5555,[REDACTED - Rajkot],,ACTUAL
110614914177,Golaghat,785614,1635,MSR-1724748,"ABC, Bhiwandi, Mumbai, Maharashtra",400016,Mumbai,2026-02-10,2026-02-11,2026-02-13,2026-02-13,2026-02-13,Not Applicable,Prepaid,Delivered,1CE3B9139D,T*** C***,XXXXXX6363,[REDACTED - Golaghat],,ACTUAL
110914954952,Kanchipuram,603202,1133,JL-2316924,"ABC, Bhiwandi, Mumbai, Maharashtra",400016,Mumbai,2026-02-10,2026-02-11,2026-02-15,2026-02-15,2026-02-15,Not Applicable,Cod,Delivered,776F5C9615,A*** C***,XXXXXX5503,[REDACTED - Kanchipuram],,ACTUAL
110914961204,Mumbai,400072,2024,GEW-2637532,"ABC, Bhiwandi, Mumbai, Maharashtra",400016,Mumbai,2026-02-10,2026-02-13,2026-02-15,2026-02-15,2026-02-15,Not Applicable,Prepaid,Delivered,622F57BC4E,M*** C***,XXXXXX1311,[REDACTED - Mumbai],,ACTUAL
110714929598,Chandigarh,160008,1474,XHC-2685549,"ABC, Bhiwandi, Mumbai, Maharashtra",400016,Mumbai,2026-02-10,2026-02-12,2026-02-17,2026-02-17,2026-02-17,Not Applicable,Cod,Delivered,694D8140AE,B*** C***,XXXXXX1000,[REDACTED - Chandigarh],,ACTUAL
110814945907,Hyderabad,500050,436,YKL-2244533,"ABC, Bhiwandi, Mumbai, Maharashtra",400016,Mumbai,2026-02-10,2026-02-12,2026-02-12,2026-02-13,2026-02-14,Delivery postponed by customer,Prepaid,Delivered,F670C03F63,C*** C***,XXXXXX6765,[REDACTED - Hyderabad],,ACTUAL
110914960058,Tiruvallur,600062,572,GOE-1975698,"ABC, Bhiwandi, Mumbai, Maharashtra",400016,Mumbai,2026-02-10,2026-02-12,2026-02-15,2026-02-16,2026-02-16,Phone not reachable,Cod,Delivered,101E0D8FAD,V*** C***,XXXXXX6664,[REDACTED - Tiruvallur],,ACTUAL
110714935176,South West Delhi,110043,979,SN-2002281,"ABC, Bhiwandi, Mumbai, Maharashtra",400016,Mumbai,2026-02-10,2026-02-11,2026-02-14,,2026-02-13,Landmark missing,Cod,RTO,C46552BA0D,S*** C***,XXXXXX6363,[REDACTED - South West Delhi],,ACTUAL
100614538260,Srikakulam,532421,969,XHZ-2715071,"ABC, Bhiwandi, Mumbai, Maharashtra",400016,Mumbai,2026-02-10,2026-02-11,2026-02-14,2026-02-14,2026-02-14,Not Applicable,Cod,Delivered,9D15C97085,R*** C***,XXXXXX1427,[REDACTED - Srikakulam],,ACTUAL
101914716054,Mumbai,400052,969,XHZ-2715066,"ABC, Bhiwandi, Mumbai, Maharashtra",400016,Mumbai,2026-02-13,2026-02-14,2026-02-15,2026-02-16,2026-02-17,Customer requested re-attempt,Cod,Delivered,AA258BF1DD,N*** C***,XXXXXX6233,[REDACTED - Mumbai],,ACTUAL
110914949881,New Delhi,110009,1429,LSM-2718177,"ABC, Bhiwandi, Mumbai, Maharashtra",400016,Mumbai,2026-02-13,2026-02-15,2026-02-18,2026-02-18,2026-02-18,Not Applicable,Cod,Delivered,746398BEA3,S*** C***,XXXXXX0381,[REDACTED - New Delhi],,ACTUAL
110914951465,Khorda,751004,899,WHA-2746315,"ABC, Bhiwandi, Mumbai, Maharashtra",400016,Mumbai,2026-02-13,2026-02-14,2026-02-15,2026-02-15,2026-02-15,Not Applicable,Cod,Delivered,F3164D66EF,S*** C***,XXXXXX0818,[REDACTED - Khorda],,ACTUAL
103114850082,Gurgaon,122015,799,KMX-2388047,"ABC, Bhiwandi, Mumbai, Maharashtra",400016,Mumbai,2026-02-13,2026-02-15,2026-02-19,,2026-02-19,Address issue,Cod,In-Transit,B5C5BAC24F,P*** C***,XXXXXX3551,[REDACTED - Gurgaon],,ACTUAL
110814947111,Lucknow,226003,751,HBZ-2635364,"ABC, Bhiwandi, Mumbai, Maharashtra",400016,Mumbai,2026-02-13,2026-02-15,2026-02-18,2026-02-20,2026-02-21,Address issue,Cod,Delivered,B2501E969C,M*** C***,XXXXXX0759,[REDACTED - Lucknow],,ACTUAL
111114981307,Thane,400706,4366,0PQ-1885863,"ABC, Bhiwandi, Mumbai, Maharashtra",400016,Mumbai,2026-02-13,2026-02-15,2026-02-17,2026-02-17,2026-02-19,Not Applicable,Prepaid,Delivered,52BC0619CB,A*** C***,XXXXXX5609,[REDACTED - Thane],high_value_order,ACTUAL
110814946818,Pune,411015,1019,JML-2677103,"ABC, Bhiwandi, Mumbai, Maharashtra",400016,Mumbai,2026-02-13,2026-02-15,2026-02-21,2026-02-21,2026-02-21,Not Applicable,Prepaid,Delivered,9D9633D651,S*** C***,XXXXXX9661,[REDACTED - Pune],,ACTUAL
110914955648,Kanpur Nagar,208006,1412,SB9-2125780,"ABC, Bhiwandi, Mumbai, Maharashtra",400016,Mumbai,2026-02-13,2026-02-14,2026-02-15,2026-02-16,2026-02-16,Delivery postponed by customer,Prepaid,Delivered,63B0B49C35,N*** C***,XXXXXX3034,[REDACTED - Kanpur Nagar],,ACTUAL
110714928216,Patna,800013,685,TCA-2749709,"ABC, Bhiwandi, Mumbai, Maharashtra",400016,Mumbai,2026-02-13,2026-02-14,2026-02-17,2026-02-17,2026-02-17,Not Applicable,Cod,Delivered,8AD3937EB6,M*** C***,XXXXXX5796,[REDACTED - Patna],,ACTUAL
110814939804,Thane,400706,2239,GLT-1660108,"ABC, Bhiwandi, Mumbai, Maharashtra",400016,Mumbai,2026-02-13,2026-02-15,2026-02-16,2026-02-16,2026-02-18,Not Applicable,Cod,Delivered,269D4C90D4,A*** C***,XXXXXX5609,[REDACTED - Thane],,ACTUAL
110414897316,Prakasam,523155,211,DH-2586837,"ABC, Bhiwandi, Mumbai, Maharashtra",400016,Mumbai,2026-02-13,2026-02-15,2026-02-22,2026-02-22,2026-02-19,Not Applicable,Cod,Delivered,512BCE931E,S*** C***,XXXXXX4184,[REDACTED - Prakasam],,ACTUAL
110714936046,Mumbai,400012,525,KDN-2640665,"ABC, Bhiwandi, Mumbai, Maharashtra",400016,Mumbai,2026-02-13,2026-02-14,2026-02-16,,2026-02-16,Phone not reachable,Cod,RTO,D78CACD5AE,D*** C***,XXXXXX8067,[REDACTED - Mumbai],,ACTUAL
110814942609,Ahmedabad,380059,2158,HYJ-1952874,"ABC, Bhiwandi, Mumbai, Maharashtra",400016,Mumbai,2026-02-13,2026-02-13,2026-02-15,2026-02-15,2026-02-16,Not Applicable,Cod,Delivered,866FF41578,A*** C***,XXXXXX8611,[REDACTED - Ahmedabad],,ACTUAL
110314879035,East Singhbhum,831003,505,YKL-2200620,"ABC, Bhiwandi, Mumbai, Maharashtra",400016,Mumbai,2026-02-13,2026-02-15,2026-02-21,2026-02-21,2026-02-21,Not Applicable,Cod,Delivered,981CC8B9FE,S*** C***,XXXXXX4891,[REDACTED - East Singhbhum],,ACTUAL
110914957858,Namakkal,637014,2094,SRS-1707548,"ABC, Bhiwandi, Mumbai, Maharashtra",400016,Mumbai,2026-02-13,2026-02-14,2026-02-18,2026-02-18,2026-02-19,Not Applicable,Cod,Delivered,487DD160C2,B*** C***,XXXXXX8990,[REDACTED - Namakkal],,ACTUAL
111014961359,Kheda,387001,2136,SN-2392392,"ABC, Bhiwandi, Mumbai, Maharashtra",400016,Mumbai,2026-02-13,2026-02-14,2026-02-14,2026-02-15,2026-02-17,Customer not available,Cod,Delivered,9C293CBE77,J*** C***,XXXXXX4298,[REDACTED - Kheda],,ACTUAL
110414895465,Mandya,571401,587,YGS-1832477,"ABC, Bhiwandi, Mumbai, Maharashtra",400016,Mumbai,2026-02-13,2026-02-13,2026-02-14,2026-02-14,2026-02-16,Not Applicable,Prepaid,Delivered,DEEFBF509E,S*** C***,XXXXXX5494,[REDACTED - Mandya],,ACTUAL
111014964651,Surat,395006,647,FB3-2087363,"ABC, Bhiwandi, Mumbai, Maharashtra",400016,Mumbai,2026-02-13,2026-02-15,2026-02-19,2026-02-19,2026-02-18,Not Applicable,Cod,Delivered,3CF42AE9FC,R*** C***,XXXXXX4384,[REDACTED - Surat],,ACTUAL
110214869789,Visakhapatnam,530017,821,LCQ-2563398,"ABC, Bhiwandi, Mumbai, Maharashtra",400016,Mumbai,2026-02-13,2026-02-15,2026-02-19,2026-02-19,2026-02-19,Not Applicable,Cod,Delivered,22626E897E,G*** C***,XXXXXX5055,[REDACTED - Visakhapatnam],,ACTUAL
110614918787,Lucknow,226003,639,LSB-2663825,"ABC, Bhiwandi, Mumbai, Maharashtra",400016,Mumbai,2026-02-13,2026-02-14,2026-02-17,2026-02-17,2026-02-17,Not Applicable,Prepaid,Delivered,092EBE4DBD,P*** C***,XXXXXX4111,[REDACTED - Lucknow],,ACTUAL
110114863726,Thane,421204,749,TJ-2384263,"ABC, Bhiwandi, Mumbai, Maharashtra",400016,Mumbai,2026-02-13,2026-02-15,2026-02-20,,2026-02-20,Address issue,Cod,RTO,91C1AD769E,B*** C***,XXXXXX0240,[REDACTED - Thane],,ACTUAL
110914950472,Faridabad,121006,889,DDS-2117775,"ABC, Bhiwandi, Mumbai, Maharashtra",400016,Mumbai,2026-02-13,2026-02-13,2026-02-15,2026-02-15,2026-02-17,Not Applicable,Cod,Delivered,719F7486CD,P*** C***,XXXXXX3666,[REDACTED - Faridabad],,ACTUAL
111114980253,Pune,411057,1004,YTS-2688155,"ABC, Bhiwandi, Mumbai, Maharashtra",400016,Mumbai,2026-02-13,2026-02-14,2026-02-16,2026-02-16,2026-02-18,Not Applicable,Prepaid,Delivered,31329A7CA7,N*** C***,XXXXXX3923,[REDACTED - Pune],,ACTUAL
110614914953,Sirsa,125102,507,YGS-2668261,"ABC, Bhiwandi, Mumbai, Maharashtra",400016,Mumbai,2026-02-13,2026-02-15,2026-02-21,2026-02-21,2026-02-20,Not Applicable,Cod,Delivered,3FC5DBB008,S*** C***,XXXXXX0777,[REDACTED - Sirsa],,ACTUAL
102914823757,Birbhum,731101,717,AJ-2446574,"ABC, Bhiwandi, Mumbai, Maharashtra",400016,Mumbai,2026-02-13,2026-02-15,2026-02-15,2026-02-16,2026-02-18,Customer requested re-attempt,Cod,Delivered,C127492689,M*** C***,XXXXXX6954,[REDACTED - Birbhum],,ACTUAL
110814937607,Ghaziabad,201014,450,KNI-543230,"ABC, Bhiwandi, Mumbai, Maharashtra",400016,Mumbai,2026-02-13,2026-02-14,2026-02-17,,2026-02-16,Address issue,Cod,RTO,DE2846B5B9,A*** C***,XXXXXX2800,[REDACTED - Ghaziabad],,ACTUAL
110914956444,Patna,800006,689,EWE-2751222,"ABC, Bhiwandi, Mumbai, Maharashtra",400016,Mumbai,2026-02-13,2026-02-15,2026-02-17,2026-02-17,2026-02-17,Not Applicable,Cod,Delivered,68BCC60D43,A*** C***,XXXXXX6161,[REDACTED - Patna],,ACTUAL
110914951078,Bangalore,560037,779,GGH-2642690,"ABC, Bhiwandi, Mumbai, Maharashtra",400016,Mumbai,2026-02-13,2026-02-14,2026-02-18,2026-02-18,2026-02-19,Not Applicable,Prepaid,Delivered,63F5C2BEE1,V*** C***,XXXXXX7567,[REDACTED - Bangalore],,ACTUAL
102014732563,Mumbai,400012,1319,ADX-2233443,"ABC, Bhiwandi, Mumbai, Maharashtra",400016,Mumbai,2026-02-13,2026-02-14,2026-02-15,2026-02-15,2026-02-17,Not Applicable,Prepaid,Delivered,9E1A1E856B,A*** C***,XXXXXX3092,[REDACTED - Mumbai],,ACTUAL
110114853599,Visakhapatnam,530017,541,CB9-2523373,"ABC, Bhiwandi, Mumbai, Maharashtra",400016,Mumbai,2026-02-13,2026-02-14,2026-02-16,2026-02-16,2026-02-18,Not Applicable,Prepaid,Delivered,D9E44CCF6D,G*** C***,XXXXXX3137,[REDACTED - Visakhapatnam],,ACTUAL
110614923127,Sawai Madhopur,322021,1025,YTS-2688118,"ABC, Bhiwandi, Mumbai, Maharashtra",400016,Mumbai,2026-02-13,2026-02-15,2026-02-18,2026-02-18,2026-02-18,Not Applicable,Cod,Delivered,71F64D4993,s*** C***,XXXXXX7110,[REDACTED - Sawai Madhopur],,ACTUAL
110314883303,Champhai,796321,665,XUA-2448121,"ABC, Bhiwandi, Mumbai, Maharashtra",400016,Mumbai,2026-02-13,2026-02-14,,,2026-02-16,Not Applicable,Cod,In-Transit,D1B8F31A13,L*** C***,XXXXXX5492,[REDACTED - Champhai],not_yet_attempted,ACTUAL
110814945375,Bellary,583201,329,SCM-2784739,"ABC, Bhiwandi, Mumbai, Maharashtra",400016,Mumbai,2026-02-13,2026-02-14,2026-02-15,2026-02-17,2026-02-18,Customer not available,Cod,Delivered,E198941769,D*** C***,XXXXXX3074,[REDACTED - Bellary],,ACTUAL
111014969492,Pune,411014,889,BFM-2245529,"ABC, Bhiwandi, Mumbai, Maharashtra",400016,Mumbai,2026-02-13,2026-02-15,2026-02-16,2026-02-16,2026-02-18,Not Applicable,Cod,Delivered,985CC8BF79,S*** C***,XXXXXX3059,[REDACTED - Pune],,ACTUAL
110914957020,East Delhi,110051,693,QMB-2573086,"ABC, Bhiwandi, Mumbai, Maharashtra",400016,Mumbai,2026-02-13,2026-02-14,2026-02-17,,2026-02-17,Customer not available,Cod,RTO,225913ABB6,H*** C***,XXXXXX6841,[REDACTED - East Delhi],,ACTUAL
110114860916,Aizawl,796001,931,CBS-2716404,"ABC, Bhiwandi, Mumbai, Maharashtra",400016,Mumbai,2026-02-13,2026-02-15,2026-02-17,2026-02-17,2026-02-19,Not Applicable,Cod,Delivered,252679A50C,A*** C***,XXXXXX9910,[REDACTED - Aizawl],,ACTUAL
111114976442,Gurgaon,122003,1295,SII-2269113,"ABC, Bhiwandi, Mumbai, Maharashtra",400016,Mumbai,2026-02-13,2026-02-14,2026-02-15,2026-02-15,2026-02-16,Not Applicable,Prepaid,Delivered,F335A26153,I*** C***,XXXXXX8844,[REDACTED - Gurgaon],,ACTUAL
110414894546,Aizawl,796001,823,CLZ-2684198,"ABC, Bhiwandi, Mumbai, Maharashtra",400016,Mumbai,2026-02-13,2026-02-14,2026-02-14,2026-02-16,2026-02-16,Customer not available,Cod,Delivered,68CA24477C,A*** C***,XXXXXX9910,[REDACTED - Aizawl],,ACTUAL
101614680179,Papum Pare,791110,1159,SB9-2730785,"ABC, Bhiwandi, Mumbai, Maharashtra",400016,Mumbai,2026-02-13,2026-02-14,2026-02-14,2026-02-14,2026-02-16,Landmark missing,Cod,Delivered,CC8B426E37,M*** C***,XXXXXX6349,[REDACTED - Papum Pare],,ACTUAL
110414894545,Aizawl,796001,1820,BFM-2708732,"ABC, Bhiwandi, Mumbai, Maharashtra",400016,Mumbai,2026-02-13,2026-02-14,,,2026-02-18,Not Applicable,Prepaid,In-Transit,6D84330B1F,A*** C***,XXXXXX9910,[REDACTED - Aizawl],not_yet_attempted,ACTUAL
110914954355,Gautam Buddha Nagar,201303,889,DDS-2117776,"ABC, Bhiwandi, Mumbai, Maharashtra",400016,Mumbai,2026-02-13,2026-02-14,,,2026-02-19,Not Applicable,Cod,Order Packed,1F5FCA1A7D,A*** C***,XXXXXX7016,[REDACTED - Gautam Buddha Nagar],not_yet_attempted,ACTUAL
110914953078,South Delhi,110062,889,DDS-2117775,"ABC, Bhiwandi, Mumbai, Maharashtra",400016,Mumbai,2026-02-13,2026-02-14,2026-02-20,2026-02-20,2026-02-20,Not Applicable,Prepaid,Delivered,21E6B97D48,B*** C***,XXXXXX0305,[REDACTED - South Delhi],,ACTUAL
110814948363,Hyderabad,500050,912,BCC-2436770,"ABC, Bhiwandi, Mumbai, Maharashtra",400016,Mumbai,2026-02-13,2026-02-15,2026-02-15,2026-02-15,2026-02-17,Address issue,Cod,Delivered,ED1C666585,S*** C***,XXXXXX1610,[REDACTED - Hyderabad],,ACTUAL
110814948690,Mumbai,400012,299,TQB-995055,"ABC, Bhiwandi, Mumbai, Maharashtra",400016,Mumbai,2026-02-13,2026-02-14,2026-02-18,2026-02-18,2026-02-19,Not Applicable,Cod,Delivered,D9BA2A336F,M*** C***,XXXXXX4214,[REDACTED - Mumbai],,ACTUAL
110914956102,Bangalore,560068,853,SN-1945996,"ABC, Bhiwandi, Mumbai, Maharashtra",400016,Mumbai,2026-02-13,2026-02-14,2026-02-15,,2026-02-15,COD payment declined,Cod,RTO,4F68FF2AB5,D*** C***,XXXXXX1408,[REDACTED - Bangalore],,ACTUAL
111114974908,Kanchipuram,600056,1439,CP7-2237770,"ABC, Bhiwandi, Mumbai, Maharashtra",400016,Mumbai,2026-02-13,2026-02-15,2026-02-16,2026-02-17,2026-02-18,Delivery postponed by customer,Cod,Delivered,85F40C70C5,P*** C***,XXXXXX6058,[REDACTED - Kanchipuram],,ACTUAL
111014970181,Gurgaon,122001,999,YLA-2711321,"ABC, Bhiwandi, Mumbai, Maharashtra",400016,Mumbai,2026-02-13,2026-02-13,2026-02-16,2026-02-16,2026-02-17,Not Applicable,Cod,Delivered,67C8446C04,K*** C***,XXXXXX5070,[REDACTED - Gurgaon],,ACTUAL
110914953274,Kannur,670304,279,OHM-2786339,"ABC, Bhiwandi, Mumbai, Maharashtra",400016,Mumbai,2026-02-13,2026-02-14,2026-02-21,,2026-02-20,Phone not reachable,Cod,RTO,55432A1343,F*** C***,XXXXXX4872,[REDACTED - Kannur],,ACTUAL
110914955597,Hyderabad,500049,892,EWE-2717746,"ABC, Bhiwandi, Mumbai, Maharashtra",400016,Mumbai,2026-02-13,2026-02-16,2026-02-17,2026-02-17,2026-02-17,Not Applicable,Cod,Delivered,96260E128D,S*** C***,XXXXXX6661,[REDACTED - Hyderabad],,ACTUAL
101414647039,Bhopal,462021,469,QZY-2750101,"ABC, Bhiwandi, Mumbai, Maharashtra",400016,Mumbai,2026-02-13,2026-02-14,2026-02-14,2026-02-14,2026-02-16,Not Applicable,Cod,Delivered,FF83750C57,s*** C***,XXXXXX8757,[REDACTED - Bhopal],,ACTUAL
110614921906,Bangalore,560076,536,SCR-2009987,"ABC, Bhiwandi, Mumbai, Maharashtra",400016,Mumbai,2026-02-13,2026-02-14,2026-02-20,,2026-02-18,Customer refused delivery,Cod,RTO,69F04B61E6,D*** C***,XXXXXX4400,[REDACTED - Bangalore],,ACTUAL
110614918024,Ahmedabad,380058,567,KS-2286252,"ABC, Bhiwandi, Mumbai, Maharashtra",400016,Mumbai,2026-02-13,2026-02-15,2026-02-17,2026-02-17,2026-02-19,Not Applicable,Prepaid,Delivered,50E788125E,N*** C***,XXXXXX9182,[REDACTED - Ahmedabad],,ACTUAL
110714935132,Sirsa,125102,1000,SE-2722988,"ABC, Bhiwandi, Mumbai, Maharashtra",400016,Mumbai,2026-02-13,2026-02-14,2026-02-15,2026-02-16,2026-02-17,Address issue,Prepaid,Delivered,AA29F5E40C,G*** C***,XXXXXX3577,[REDACTED - Sirsa],,ACTUAL
110914950029,Kanchipuram,603103,889,DDS-2117778,"ABC, Bhiwandi, Mumbai, Maharashtra",400016,Mumbai,2026-02-13,2026-02-15,2026-02-17,2026-02-17,2026-02-18,Not Applicable,Cod,Delivered,230F894BF2,V*** C***,XXXXXX0704,[REDACTED - Kanchipuram],,ACTUAL
110514901534,Kangra,176215,1123,WER-2669685,"ABC, Bhiwandi, Mumbai, Maharashtra",400016,Mumbai,2026-02-13,2026-02-14,2026-02-15,2026-02-15,2026-02-16,Not Applicable,Cod,Delivered,301563137D,S*** C***,XXXXXX3254,[REDACTED - Kangra],,ACTUAL
111014971453,Mumbai,400008,899,0PT-1925496,"ABC, Bhiwandi, Mumbai, Maharashtra",400016,Mumbai,2026-02-13,2026-02-16,2026-02-20,2026-02-20,2026-02-18,Not Applicable,Cod,Delivered,FD3DDCFB56,s*** C***,XXXXXX7811,[REDACTED - Mumbai],,ACTUAL
110914959731,K.V.Rangareddy,500084,696,DUE-2414081,"ABC, Bhiwandi, Mumbai, Maharashtra",400016,Mumbai,2026-02-13,2026-02-15,2026-02-19,,2026-02-18,Customer not available,Cod,RTO,593B8652A8,D*** C***,XXXXXX7594,[REDACTED - K.V.Rangareddy],,ACTUAL
111014966175,Kolkata,700010,599,VNT-2332133,"ABC, Bhiwandi, Mumbai, Maharashtra",400016,Mumbai,2026-02-13,2026-02-14,2026-02-21,2026-02-21,2026-02-18,Not Applicable,Cod,Delivered,656C7BFA79,S*** C***,XXXXXX2977,[REDACTED - Kolkata],,ACTUAL
110714933283,Hyderabad,500089,1338,NYA-1665734,"ABC, Bhiwandi, Mumbai, Maharashtra",400016,Mumbai,2026-02-13,2026-02-16,2026-02-16,2026-02-17,2026-02-18,Phone not reachable,Prepaid,Delivered,914ED9005C,M*** C***,XXXXXX1176,[REDACTED - Hyderabad],,ACTUAL
110114854556,Lawngtlai,796891,305,IVE-2614663,"ABC, Bhiwandi, Mumbai, Maharashtra",400016,Mumbai,2026-02-13,2026-02-15,2026-02-17,2026-02-17,2026-02-17,Not Applicable,Prepaid,Delivered,122D121F0D,R*** C***,XXXXXX3152,[REDACTED - Lawngtlai],,ACTUAL
102114741597,Dakshina Kannada,575018,349,DXT-2190403,"ABC, Bhiwandi, Mumbai, Maharashtra",400016,Mumbai,2026-02-13,2026-02-15,2026-02-18,,2026-02-17,Address issue,Cod,RTO,61EAAAF489,J*** C***,XXXXXX1743,[REDACTED - Dakshina Kannada],,ACTUAL
102314760756,Central Delhi,110003,906,JIX-2766526,"ABC, Bhiwandi, Mumbai, Maharashtra",400016,Mumbai,2026-02-13,2026-02-15,2026-02-18,,2026-02-18,COD payment declined,Cod,RTO,E0DDA4D174,P*** C***,XXXXXX9745,[REDACTED - Central Delhi],,ACTUAL
110514908676,Dhanbad,826001,275,LTL-1373933,"ABC, Bhiwandi, Mumbai, Maharashtra",400016,Mumbai,2026-02-13,2026-02-15,2026-02-15,2026-02-17,2026-02-17,Phone not reachable,Cod,Delivered,950286C91B,R*** C***,XXXXXX2566,[REDACTED - Dhanbad],,ACTUAL
111014971839,Raigarh(MH),410218,999,JTM-2566141,"ABC, Bhiwandi, Mumbai, Maharashtra",400016,Mumbai,2026-02-13,2026-02-15,2026-02-20,2026-02-20,2026-02-17,Not Applicable,Cod,Delivered,9B8EFF84A6,P*** C***,XXXXXX3804,[REDACTED - Raigarh(MH)],,ACTUAL
110814946259,K.V.Rangareddy,500084,345,NEL-2297078,"ABC, Bhiwandi, Mumbai, Maharashtra",400016,Mumbai,2026-02-13,2026-02-14,2026-02-21,2026-02-21,2026-02-18,Not Applicable,Cod,Delivered,411E4F80BB,S*** C***,XXXXXX9309,[REDACTED - K.V.Rangareddy],,ACTUAL
102314766616,Ernakulam,682021,504,XYX-2312732,"ABC, Bhiwandi, Mumbai, Maharashtra",400016,Mumbai,2026-02-13,2026-02-15,2026-02-18,2026-02-18,2026-02-19,Not Applicable,Prepaid,Delivered,353FA56E9E,G*** C***,XXXXXX4006,[REDACTED - Ernakulam],,ACTUAL
101614682356,Nashik,422009,749,HP8-2762421,"ABC, Bhiwandi, Mumbai, Maharashtra",400016,Mumbai,2026-02-13,2026-02-15,2026-02-19,,2026-02-18,Phone not reachable,Cod,RTO,4C57FF9978,S*** C***,XXXXXX2222,[REDACTED - Nashik],,ACTUAL
110814943335,North 24 Parganas,700156,859,WER-1506643,"ABC, Bhiwandi, Mumbai, Maharashtra",400016,Mumbai,2026-02-13,2026-02-14,2026-02-18,2026-02-20,2026-02-20,Phone not reachable,Prepaid,Delivered,00E4338F83,P*** C***,XXXXXX4444,[REDACTED - North 24 Parganas],,ACTUAL
110814944248,Ambala,134003,488,BFM-2550659,"ABC, Bhiwandi, Mumbai, Maharashtra",400016,Mumbai,2026-02-13,2026-02-14,2026-02-14,2026-02-14,2026-02-15,Landmark missing,Prepaid,Delivered,49587A42F0,N*** C***,XXXXXX3403,[REDACTED - Ambala],,ACTUAL
110214872155,Katni,483503,1008,XYX-2724795,"ABC, Bhiwandi, Mumbai, Maharashtra",400016,Mumbai,2026-02-13,2026-02-14,2026-02-17,,2026-02-17,Address issue,Cod,RTO,E7866D5B51,M*** C***,XXXXXX8844,[REDACTED - Katni],,ACTUAL
111014969750,South Delhi,110017,360,JFG-2506128,"ABC, Bhiwandi, Mumbai, Maharashtra",400016,Mumbai,2026-02-13,2026-02-14,2026-02-19,,2026-02-19,Address issue,Cod,RTO,F0A4229A45,a*** C***,XXXXXX1555,[REDACTED - South Delhi],,ACTUAL
110614915618,K.V.Rangareddy,500018,1090,JML-2700018,"ABC, Bhiwandi, Mumbai, Maharashtra",400016,Mumbai,2026-02-13,2026-02-15,2026-02-17,2026-02-18,2026-02-19,Phone not reachable,Cod,Delivered,024649CAF6,G*** C***,XXXXXX8417,[REDACTED - K.V.Rangareddy],,ACTUAL
110914956188,North 24 Parganas,700091,899,ZIQ-2689934,"ABC, Bhiwandi, Mumbai, Maharashtra",400016,Mumbai,2026-02-13,2026-02-14,2026-02-15,2026-02-15,2026-02-17,Not Applicable,Cod,Delivered,5BC71CCDFA,A*** C***,XXXXXX1101,[REDACTED - North 24 Parganas],,ACTUAL
110914949781,Hyderabad,500097,594,CDY-2622179,"ABC, Bhiwandi, Mumbai, Maharashtra",400016,Mumbai,2026-02-13,2026-02-14,2026-02-14,2026-02-14,2026-02-16,Customer requested re-attempt,Prepaid,Delivered,7B7F4D25AF,S*** C***,XXXXXX3490,[REDACTED - Hyderabad],,ACTUAL
110914959045,Thane,401101,749,KNO-2488482,"ABC, Bhiwandi, Mumbai, Maharashtra",400016,Mumbai,2026-02-13,2026-02-13,2026-02-17,2026-02-17,2026-02-17,Not Applicable,Prepaid,Delivered,FCDD9F1BF6,R*** C***,XXXXXX6243,[REDACTED - Thane],,ACTUAL
103014828741,Ernakulam,682017,754,YGS-1995923,"ABC, Bhiwandi, Mumbai, Maharashtra",400016,Mumbai,2026-02-13,2026-02-14,2026-02-20,2026-02-20,2026-02-20,Not Applicable,Prepaid,Delivered,8D2D294B48,P*** C***,XXXXXX6667,[REDACTED - Ernakulam],,ACTUAL
110814941936,Hyderabad,500059,827,YGL-2271887,"ABC, Bhiwandi, Mumbai, Maharashtra",400016,Mumbai,2026-02-13,2026-02-13,2026-02-18,2026-02-18,2026-02-15,Not Applicable,Prepaid,Delivered,CA1F25B3E1,n*** C***,XXXXXX1935,[REDACTED - Hyderabad],,ACTUAL
111114977452,Ghaziabad,201010,689,EWE-2751219,"ABC, Bhiwandi, Mumbai, Maharashtra",400016,Mumbai,2026-02-13,2026-02-16,2026-02-21,2026-02-21,2026-02-21,Not Applicable,Prepaid,Delivered,1ADD037881,s*** C***,XXXXXX9657,[REDACTED - Ghaziabad],,ACTUAL
110314881249,Virudhunagar,626125,1250,SE-2709044,"ABC, Bhiwandi, Mumbai, Maharashtra",400016,Mumbai,2026-02-13,2026-02-15,,,2026-02-18,Not Applicable,Cod,Pickup done,E82E88DE6D,D*** C***,XXXXXX4315,[REDACTED - Virudhunagar],not_yet_attempted,ACTUAL
110614915215,Lakhimpur,787001,752,LCQ-2616161,"ABC, Bhiwandi, Mumbai, Maharashtra",400016,Mumbai,2026-02-13,2026-02-14,2026-02-17,,2026-02-17,Phone not reachable,Cod,RTO,23BCA3F175,B*** C***,XXXXXX5404,[REDACTED - Lakhimpur],,ACTUAL
111014963053,South Goa,403401,1142,DH-2586615,"ABC, Bhiwandi, Mumbai, Maharashtra",400016,Mumbai,2026-02-13,2026-02-13,2026-02-16,2026-02-16,2026-02-18,Not Applicable,Cod,Delivered,1BB38EF94B,M*** C***,XXXXXX4055,[REDACTED - South Goa],,ACTUAL
110714935143,Mayurbhanj,757087,885,CDY-2732057,"ABC, Bhiwandi, Mumbai, Maharashtra",400016,Mumbai,2026-02-13,2026-02-16,2026-02-19,2026-02-19,2026-02-19,Not Applicable,Cod,Delivered,3BB20F247B,A*** C***,XXXXXX0934,[REDACTED - Mayurbhanj],,ACTUAL
110814946170,Kolkata,700019,545,TGX-2615937,"ABC, Bhiwandi, Mumbai, Maharashtra",400016,Mumbai,2026-02-13,2026-02-14,2026-02-18,,2026-02-16,Phone not reachable,Cod,RTO,F143295F14,R*** C***,XXXXXX3036,[REDACTED - Kolkata],,ACTUAL
110614915122,K.V.Rangareddy,500032,960,YPW-2404870,"ABC, Bhiwandi, Mumbai, Maharashtra",400016,Mumbai,2026-02-13,2026-02-14,2026-02-20,2026-02-20,2026-02-17,Not Applicable,Cod,Delivered,BC5D9C024B,M*** C***,XXXXXX4699,[REDACTED - K.V.Rangareddy],,ACTUAL
111114975291,Mumbai,400066,799,ZIQ-2689937,"ABC, Bhiwandi, Mumbai, Maharashtra",400016,Mumbai,2026-02-13,2026-02-14,2026-02-17,2026-02-17,2026-02-18,Not Applicable,Prepaid,Delivered,1F03187742,M*** C***,XXXXXX6992,[REDACTED - Mumbai],,ACTUAL
110314886937,Ghaziabad,201002,2465,ADX-2041462,"ABC, Bhiwandi, Mumbai, Maharashtra",400016,Mumbai,2026-02-13,2026-02-15,2026-02-18,2026-02-18,2026-02-18,Not Applicable,Prepaid,Delivered,8394AC4C77,S*** C***,XXXXXX0290,[REDACTED - Ghaziabad],,ACTUAL
111014963698,Raigarh(MH),410218,839,SCR-2009987,"ABC, Bhiwandi, Mumbai, Maharashtra",400016,Mumbai,2026-02-13,2026-02-16,2026-02-18,2026-02-18,2026-02-19,Not Applicable,Prepaid,Delivered,A55B740118,S*** C***,XXXXXX2304,[REDACTED - Raigarh(MH)],,ACTUAL
110314886560,K.V.Rangareddy,500049,2143,SRS-2729956,"ABC, Bhiwandi, Mumbai, Maharashtra",400016,Mumbai,2026-02-13,2026-02-14,2026-02-19,2026-02-19,2026-02-20,Not Applicable,Cod,Delivered,76C7F580F9,M*** C***,XXXXXX4699,[REDACTED - K.V.Rangareddy],,ACTUAL
110814939744,Adilabad,504106,250,FWS-2722695,"ABC, Bhiwandi, Mumbai, Maharashtra",400016,Mumbai,2026-02-13,2026-02-14,2026-02-16,2026-02-17,2026-02-19,Landmark missing,Cod,Delivered,A9D258A524,K*** C***,XXXXXX9494,[REDACTED - Adilabad],,ACTUAL
110514901062,South West Delhi,110028,539,EWE-2751302,"ABC, Bhiwandi, Mumbai, Maharashtra",400016,Mumbai,2026-02-13,2026-02-14,2026-02-20,,2026-02-18,Landmark missing,Cod,RTO,33B52FEAEA,D*** C***,XXXXXX3385,[REDACTED - South West Delhi],,ACTUAL
110914957480,North East Delhi,110053,999,FWS-2747165,"ABC, Bhiwandi, Mumbai, Maharashtra",400016,Mumbai,2026-02-13,2026-02-15,2026-02-17,2026-02-17,2026-02-19,Not Applicable,Cod,Delivered,47E58363A3,N*** C***,XXXXXX2781,[REDACTED - North East Delhi],,ACTUAL
100614534302,Gurdaspur,143521,559,MDX-2738607,"ABC, Bhiwandi, Mumbai, Maharashtra",400016,Mumbai,2026-02-13,2026-02-15,2026-02-15,2026-02-15,2026-02-16,Delivery postponed by customer,Cod,Delivered,C66AA944EB,M*** C***,XXXXXX3770,[REDACTED - Gurdaspur],,ACTUAL
102014726436,Firozpur,152116,1098,0PT-1660828,"ABC, Bhiwandi, Mumbai, Maharashtra",400016,Mumbai,2026-02-13,2026-02-14,2026-02-16,2026-02-16,2026-02-16,Not Applicable,Cod,Delivered,8571759318,M*** C***,XXXXXX1000,[REDACTED - Firozpur],,ACTUAL
110914960396,Gautam Buddha Nagar,201301,1192,QZY-2626137,"ABC, Bhiwandi, Mumbai, Maharashtra",400016,Mumbai,2026-02-13,2026-02-14,2026-02-17,2026-02-17,2026-02-18,Not Applicable,Cod,Delivered,ADAEB0DDA9,S*** C***,XXXXXX6333,[REDACTED - Gautam Buddha Nagar],,ACTUAL
110914952983,Bangalore,560025,149,TIA-2758615,"ABC, Bhiwandi, Mumbai, Maharashtra",400016,Mumbai,2026-02-13,2026-02-14,2026-02-14,2026-02-14,2026-02-16,Delivery postponed by customer,Prepaid,Delivered,157800BF1E,H*** C***,XXXXXX3284,[REDACTED - Bangalore],,ACTUAL
110414898179,Bangalore,560018,522,THD-1584988,"ABC, Bhiwandi, Mumbai, Maharashtra",400016,Mumbai,2026-02-13,2026-02-14,2026-02-16,2026-02-16,2026-02-17,Not Applicable,Cod,Delivered,63FC92E44A,S*** C***,XXXXXX2988,[REDACTED - Bangalore],,ACTUAL
101114605565,Gautam Buddha Nagar,201306,699,CB9-2748206,"ABC, Bhiwandi, Mumbai, Maharashtra",400016,Mumbai,2026-02-13,2026-02-14,2026-02-16,2026-02-17,2026-02-17,Phone not reachable,Cod,Delivered,F1CF5DD0AC,R*** C***,XXXXXX9186,[REDACTED - Gautam Buddha Nagar],,ACTUAL
111114982053,Raigarh(MH),410210,2705,SRS-1809733,"ABC, Bhiwandi, Mumbai, Maharashtra",400016,Mumbai,2026-02-13,2026-02-16,2026-02-19,2026-02-19,2026-02-19,Not Applicable,Cod,Delivered,B3F1465E98,P*** C***,XXXXXX9130,[REDACTED - Raigarh(MH)],high_value_order,ACTUAL
110714929846,Nagpur,440023,372,ETZ-2376304,"ABC, Bhiwandi, Mumbai, Maharashtra",400016,Mumbai,2026-02-13,2026-02-15,2026-02-15,2026-02-15,2026-02-17,Not Applicable,Cod,Delivered,91841DC63C,P*** C***,XXXXXX8804,[REDACTED - Nagpur],,ACTUAL
110914953635,BANGALORE,560032,2183,SRS-2692633,"ABC, Bhiwandi, Mumbai, Maharashtra",400016,Mumbai,2026-02-13,2026-02-16,2026-02-20,2026-02-21,2026-02-21,Landmark missing,Prepaid,Delivered,8B81BA9609,p*** C***,XXXXXX0870,[REDACTED - BANGALORE],,ACTUAL
110514910090,Ganjam,760001,599,YWH-2253026,"ABC, Bhiwandi, Mumbai, Maharashtra",400016,Mumbai,2026-02-14,2026-02-16,2026-02-17,2026-02-17,2026-02-19,Not Applicable,Prepaid,Delivered,238D6D641A,A*** C***,XXXXXX0997,[REDACTED - Ganjam],,ACTUAL
111014970676,Mumbai,400053,567,FP-2445786,"ABC, Bhiwandi, Mumbai, Maharashtra",400016,Mumbai,2026-02-14,2026-02-15,2026-02-16,2026-02-16,2026-02-17,Not Applicable,Cod,Delivered,AB6D3D44E5,J*** C***,XXXXXX4848,[REDACTED - Mumbai],,ACTUAL
111014963889,Ahmedabad,382449,449,SCM-2760661,"ABC, Bhiwandi, Mumbai, Maharashtra",400016,Mumbai,2026-02-14,2026-02-16,2026-02-23,2026-02-23,2026-02-20,Not Applicable,Cod,Delivered,2FC2558B2F,N*** C***,XXXXXX9159,[REDACTED - Ahmedabad],,ACTUAL
110814946044,Udupi,574107,1499,PCL-2609319,"ABC, Bhiwandi, Mumbai, Maharashtra",400016,Mumbai,2026-02-14,2026-02-15,2026-02-20,,2026-02-18,Landmark missing,Cod,RTO,1F292D75B8,R*** C***,XXXXXX2042,[REDACTED - Udupi],,ACTUAL
110614923300,Surat,395006,244,DHB-2625426,"ABC, Bhiwandi, Mumbai, Maharashtra",400016,Mumbai,2026-02-14,2026-02-15,2026-02-18,2026-02-18,2026-02-19,Not Applicable,Cod,Delivered,EC7297FE32,D*** C***,XXXXXX3091,[REDACTED - Surat],,ACTUAL
110614924223,Mumbai,400043,1984,SRS-2692659,"ABC, Bhiwandi, Mumbai, Maharashtra",400016,Mumbai,2026-02-14,2026-02-16,2026-02-16,2026-02-16,2026-02-18,Phone not reachable,Prepaid,Delivered,83DEFA03C1,U*** C***,XXXXXX7776,[REDACTED - Mumbai],,ACTUAL
110914953422,Noida (Greater Noida),201301,599,FUN-1753670,"ABC, Bhiwandi, Mumbai, Maharashtra",400016,Mumbai,2026-02-14,2026-02-14,2026-02-17,,2026-02-15,Customer refused delivery,Cod,RTO,36B2B9AE12,S*** C***,XXXXXX0620,[REDACTED - Noida (Greater Noida)],,ACTUAL
110414898352,Kasargod,671321,929,GGH-2738780,"ABC, Bhiwandi, Mumbai, Maharashtra",400016,Mumbai,2026-02-14,2026-02-16,2026-03-05,,2026-02-19,Customer not available,Prepaid,Out of delivery,7C0461A6B7,Z*** C***,XXXXXX1120,[REDACTED - Kasargod],,ACTUAL
110914953558,Kota,324009,1199,MYQ-2723064,"ABC, Bhiwandi, Mumbai, Maharashtra",400016,Mumbai,2026-02-14,2026-02-16,2026-02-18,2026-02-18,2026-02-20,Not Applicable,Cod,Delivered,FEBC72657F,P*** C***,XXXXXX7352,[REDACTED - Kota],,ACTUAL
110414894344,Junagadh,362266,928,XHZ-1671428,"ABC, Bhiwandi, Mumbai, Maharashtra",400016,Mumbai,2026-02-14,2026-02-16,2026-02-19,2026-02-19,2026-02-21,Not Applicable,Prepaid,Delivered,541535856B,J*** C***,XXXXXX3234,[REDACTED - Junagadh],,ACTUAL
101514656079,Ludhiana,141013,739,YZK-2723595,"ABC, Bhiwandi, Mumbai, Maharashtra",400016,Mumbai,2026-02-14,2026-02-15,2026-02-17,2026-02-17,2026-02-17,Not Applicable,Cod,Delivered,49A9FF553B,S*** C***,XXXXXX7033,[REDACTED - Ludhiana],,ACTUAL
110414893976,New Delhi,110094,1933,HWT-2044709,"ABC, Bhiwandi, Mumbai, Maharashtra",400016,Mumbai,2026-02-14,2026-02-15,2026-02-18,,2026-02-17,Customer not available,Cod,RTO,5CB852791B,N*** C***,XXXXXX0869,[REDACTED - New Delhi],,ACTUAL
111114980072,Thane,400601,961,KKX-2679435,"ABC, Bhiwandi, Mumbai, Maharashtra",400016,Mumbai,2026-02-14,2026-02-15,2026-02-20,,2026-02-20,COD payment declined,Cod,RTO,82D0899C8E,M*** C***,XXXXXX4768,[REDACTED - Thane],,ACTUAL
110714931983,Krishna,520003,582,WNX-2539506,"ABC, Bhiwandi, Mumbai, Maharashtra",400016,Mumbai,2026-02-14,2026-02-15,2026-02-15,2026-02-15,2026-02-17,Phone not reachable,Prepaid,Delivered,6BBB3F4005,G*** C***,XXXXXX6658,[REDACTED - Krishna],,ACTUAL
110914960008,Bangalore,560035,398,KS-1507048,"ABC, Bhiwandi, Mumbai, Maharashtra",400016,Mumbai,2026-02-14,2026-02-15,,,2026-02-19,Not Applicable,Cod,In-Transit,4FF98F894A,P*** C***,XXXXXX1378,[REDACTED - Bangalore],not_yet_attempted,ACTUAL
111014964280,BANGALORE,560032,2252,SRS-2660249,"ABC, Bhiwandi, Mumbai, Maharashtra",400016,Mumbai,2026-02-14,2026-02-15,,,2026-02-18,Not Applicable,Cod,In-Transit,5E1A5D4724,p*** C***,XXXXXX0870,[REDACTED - BANGALORE],not_yet_attempted,ACTUAL
110814947192,Dehradun,248001,1721,DUE-1510929,"ABC, Bhiwandi, Mumbai, Maharashtra",400016,Mumbai,2026-02-14,2026-02-15,2026-02-17,2026-02-17,2026-02-18,Not Applicable,Cod,Delivered,D52CEBAE02,G*** C***,XXXXXX3053,[REDACTED - Dehradun],,ACTUAL
111014968918,North 24 Parganas,700156,348,CB8-2689296,"ABC, Bhiwandi, Mumbai, Maharashtra",400016,Mumbai,2026-02-14,2026-02-15,2026-02-18,2026-02-18,2026-02-17,Not Applicable,Cod,Delivered,E2C6855AFF,B*** C***,XXXXXX4618,[REDACTED - North 24 Parganas],,ACTUAL
111014967553,South West Delhi,110037,599,YWB-2661821,"ABC, Bhiwandi, Mumbai, Maharashtra",400016,Mumbai,2026-02-14,2026-02-16,2026-02-21,,2026-02-20,Customer not available,Cod,RTO,EC0B573C2C,S*** C***,XXXXXX1944,[REDACTED - South West Delhi],,ACTUAL
110814942650,Hyderabad,500047,894,JUV-2638418,"ABC, Bhiwandi, Mumbai, Maharashtra",400016,Mumbai,2026-02-14,2026-02-15,2026-02-19,2026-02-19,2026-02-19,Not Applicable,Cod,Delivered,D7F810DB87,A*** C***,XXXXXX0008,[REDACTED - Hyderabad],,ACTUAL
111014965470,Bangalore,560087,899,PCL-1854549,"ABC, Bhiwandi, Mumbai, Maharashtra",400016,Mumbai,2026-02-14,2026-02-15,2026-02-17,2026-02-17,2026-02-19,Not Applicable,Prepaid,Delivered,41A44ECEC0,s*** C***,XXXXXX9908,[REDACTED - Bangalore],,ACTUAL
110914960012,Thane,401107,522,THD-1585002,"ABC, Bhiwandi, Mumbai, Maharashtra",400016,Mumbai,2026-02-14,2026-02-15,2026-02-16,2026-02-17,2026-02-17,Delivery postponed by customer,Cod,Delivered,1D25CAE1F1,F*** C***,XXXXXX6843,[REDACTED - Thane],,ACTUAL
110914951740,Morbi,363641,569,YC-2740582,"ABC, Bhiwandi, Mumbai, Maharashtra",400016,Mumbai,2026-02-14,2026-02-15,2026-02-15,2026-02-15,2026-02-17,Not Applicable,Cod,Delivered,D5FEA57DA9,J*** C***,XXXXXX7735,[REDACTED - Morbi],,ACTUAL
110714927044,Kottayam,686005,1068,SN-2392395,"ABC, Bhiwandi, Mumbai, Maharashtra",400016,Mumbai,2026-02-14,2026-02-15,2026-02-16,2026-02-16,2026-02-17,Not Applicable,Prepaid,Delivered,F32483D6AC,N*** C***,XXXXXX5240,[REDACTED - Kottayam],,ACTUAL
111014972597,Mumbai,400015,878,YGS-2668522,"ABC, Bhiwandi, Mumbai, Maharashtra",400016,Mumbai,2026-02-14,2026-02-15,2026-02-16,,2026-02-16,Phone not reachable,Prepaid,RTO,6F60856B15,P*** C***,XXXXXX9269,[REDACTED - Mumbai],,ACTUAL
111014967332,North Delhi,110085,689,WEY-2680335,"ABC, Bhiwandi, Mumbai, Maharashtra",400016,Mumbai,2026-02-14,2026-02-16,2026-02-18,2026-02-18,2026-02-20,Not Applicable,Cod,Delivered,383AA8F5A8,S*** C***,XXXXXX2560,[REDACTED - North Delhi],,ACTUAL
110914958954,Dakshina Kannada,575017,2143,SRS-2729952,"ABC, Bhiwandi, Mumbai, Maharashtra",400016,Mumbai,2026-02-14,2026-02-14,2026-02-18,2026-02-18,2026-02-16,Not Applicable,Cod,Delivered,DB69F62FC7,P*** C***,XXXXXX4158,[REDACTED - Dakshina Kannada],,ACTUAL
103114850459,Ranchi,834001,889,EWE-2727743,"ABC, Bhiwandi, Mumbai, Maharashtra",400016,Mumbai,2026-02-14,2026-02-16,2026-02-16,2026-02-16,2026-02-18,Not Applicable,Cod,Delivered,22A4331591,I*** C***,XXXXXX6434,[REDACTED - Ranchi],,ACTUAL
110914956529,Mumbai,400008,799,0PT-2085776,"ABC, Bhiwandi, Mumbai, Maharashtra",400016,Mumbai,2026-02-14,2026-02-16,2026-02-17,2026-02-17,2026-02-18,Not Applicable,Prepaid,Delivered,2FF768A86B,R*** C***,XXXXXX6116,[REDACTED - Mumbai],,ACTUAL
101414748639,Raipur,492001,679,GLT-2750149,"ABC, Bhiwandi, Mumbai, Maharashtra",400016,Mumbai,2026-02-14,2026-02-14,2026-02-16,,2026-02-16,Landmark missing,Cod,RTO,6CD6D15DF2,P*** C***,XXXXXX0000,[REDACTED - Raipur],,ACTUAL
110614918576,Morena,476001,499,JJS-2769481,"ABC, Bhiwandi, Mumbai, Maharashtra",400016,Mumbai,2026-02-14,2026-02-14,2026-02-15,2026-02-15,2026-02-17,Not Applicable,Cod,Delivered,4835299620,N*** C***,XXXXXX4908,[REDACTED - Morena],,ACTUAL
110414895679,Mumbai,400063,796,SRS-1650461,"ABC, Bhiwandi, Mumbai, Maharashtra",400016,Mumbai,2026-02-14,2026-02-16,2026-02-19,2026-02-19,2026-02-19,Not Applicable,Cod,Delivered,0F3BE1566D,S*** C***,XXXXXX9576,[REDACTED - Mumbai],,ACTUAL
111114978402,Bangalore,560061,387,ETZ-2476073,"ABC, Bhiwandi, Mumbai, Maharashtra",400016,Mumbai,2026-02-14,2026-02-15,2026-02-19,,2026-02-17,Phone not reachable,Prepaid,RTO,744509F8B3,S*** C***,XXXXXX0917,[REDACTED - Bangalore],,ACTUAL
101614673547,Raipur,492001,869,XHZ-2753373,"ABC, Bhiwandi, Mumbai, Maharashtra",400016,Mumbai,2026-02-14,2026-02-16,2026-02-22,2026-02-22,2026-02-22,Not Applicable,Cod,Delivered,FB76FA344A,P*** C***,XXXXXX0000,[REDACTED - Raipur],,ACTUAL
111114976517,Noida,201301,847,SB9-2125800,"ABC, Bhiwandi, Mumbai, Maharashtra",400016,Mumbai,2026-02-14,2026-02-15,2026-02-20,2026-02-20,2026-02-19,Not Applicable,Prepaid,Delivered,3E8C4C1A44,A*** C***,XXXXXX0130,[REDACTED - Noida],,ACTUAL
101214835115,Mumbai,400089,969,LSM-2748421,"ABC, Bhiwandi, Mumbai, Maharashtra",400016,Mumbai,2026-02-14,2026-02-16,2026-02-19,2026-02-19,2026-02-19,Not Applicable,Prepaid,Delivered,C46EC35FFC,P*** C***,XXXXXX0329,[REDACTED - Mumbai],,ACTUAL
110814948538,South Goa,403802,2631,ADX-2041462,"ABC, Bhiwandi, Mumbai, Maharashtra",400016,Mumbai,2026-02-14,2026-02-15,2026-02-24,,2026-02-22,Customer refused delivery,Cod,RTO,7B5AA60E89,L*** C***,XXXXXX5843,[REDACTED - South Goa],,ACTUAL
110814943404,Aurangabad,431006,499,JJS-2777284,"ABC, Bhiwandi, Mumbai, Maharashtra",400016,Mumbai,2026-02-14,2026-02-16,2026-02-17,2026-02-17,2026-02-17,Not Applicable,Cod,Delivered,C9868B1D7F,S*** C***,XXXXXX9000,[REDACTED - Aurangabad],,ACTUAL
110614918233,Chandigarh,160047,1399,TKS-2678179,"ABC, Bhiwandi, Mumbai, Maharashtra",400016,Mumbai,2026-02-14,2026-02-16,2026-02-17,2026-02-19,2026-02-20,Phone not reachable,Cod,Delivered,80B26CF865,S*** C***,XXXXXX6491,[REDACTED - Chandigarh],,ACTUAL
110914955062,Ghaziabad,201003,1061,JL-2316917,"ABC, Bhiwandi, Mumbai, Maharashtra",400016,Mumbai,2026-02-14,2026-02-16,2026-02-21,2026-02-21,2026-02-22,Not Applicable,Cod,Delivered,4B9C264546,M*** C***,XXXXXX2785,[REDACTED - Ghaziabad],,ACTUAL
110814940306,Hyderabad,500007,2299,PCL-2736686,"ABC, Bhiwandi, Mumbai, Maharashtra",400016,Mumbai,2026-02-14,2026-02-15,2026-02-19,2026-02-19,2026-02-21,Not Applicable,Cod,Delivered,399C1F5FD4,K*** C***,XXXXXX2303,[REDACTED - Hyderabad],,ACTUAL
111014969135,Chennai,600023,1347,SRS-2160336,"ABC, Bhiwandi, Mumbai, Maharashtra",400016,Mumbai,2026-02-14,2026-02-15,2026-02-16,2026-02-16,2026-02-17,Not Applicable,Prepaid,Delivered,34E2A99BA9,K*** C***,XXXXXX3009,[REDACTED - Chennai],,ACTUAL
110814940531,Pune,411057,524,MBC-2500440,"ABC, Bhiwandi, Mumbai, Maharashtra",400016,Mumbai,2026-02-14,2026-02-15,2026-02-15,2026-02-15,2026-02-16,Address issue,Cod,Delivered,D02F1D27C1,T*** C***,XXXXXX2055,[REDACTED - Pune],,ACTUAL
102114740596,Satna,485001,899,BFM-2762805,"ABC, Bhiwandi, Mumbai, Maharashtra",400016,Mumbai,2026-02-14,2026-02-16,2026-02-17,2026-02-17,2026-02-19,Not Applicable,Cod,Delivered,36F2690844,S*** C***,XXXXXX8481,[REDACTED - Satna],,ACTUAL
110414887663,Panchkula,134109,634,CBS-2143497,"ABC, Bhiwandi, Mumbai, Maharashtra",400016,Mumbai,2026-02-14,2026-02-16,2026-02-20,2026-02-20,2026-02-20,Not Applicable,Prepaid,Delivered,AB1FC3E66A,U*** C***,XXXXXX6388,[REDACTED - Panchkula],,ACTUAL
110714929889,Sangrur,148001,2058,TSX-2725817,"ABC, Bhiwandi, Mumbai, Maharashtra",400016,Mumbai,2026-02-14,2026-02-15,2026-02-18,2026-02-18,2026-02-18,Not Applicable,Prepaid,Delivered,284B42CA92,S*** C***,XXXXXX5865,[REDACTED - Sangrur],,ACTUAL
102914823973,Palakkad,679101,719,DHB-2760907,"ABC, Bhiwandi, Mumbai, Maharashtra",400016,Mumbai,2026-02-14,2026-02-16,2026-02-17,2026-02-17,2026-02-19,Not Applicable,Cod,Delivered,EFBD5C703C,A*** C***,XXXXXX4208,[REDACTED - Palakkad],,ACTUAL
111014972225,Pune,411057,711,JL-2340966,"ABC, Bhiwandi, Mumbai, Maharashtra",400016,Mumbai,2026-02-14,2026-02-16,2026-02-21,2026-02-21,2026-02-20,Not Applicable,Prepaid,Delivered,663D203A81,A*** C***,XXXXXX6992,[REDACTED - Pune],,ACTUAL
110914954302,Bangalore,560075,1090,YC-2704327,"ABC, Bhiwandi, Mumbai, Maharashtra",400016,Mumbai,2026-02-14,2026-02-15,2026-02-19,2026-02-19,2026-02-16,Not Applicable,Cod,Delivered,CD1844E316,B*** C***,XXXXXX8509,[REDACTED - Bangalore],,ACTUAL
110814940132,Pune,411057,793,JIG-2566283,"ABC, Bhiwandi, Mumbai, Maharashtra",400016,Mumbai,2026-02-14,2026-02-15,2026-02-19,2026-02-19,2026-02-18,Not Applicable,Cod,Delivered,735F3F823C,T*** C***,XXXXXX2055,[REDACTED - Pune],,ACTUAL
110914954005,Gautam Buddha Nagar,201304,971,YTS-2739367,"ABC, Bhiwandi, Mumbai, Maharashtra",400016,Mumbai,2026-02-15,2026-02-18,2026-02-20,,2026-02-19,COD payment declined,Cod,RTO,D909D40573,N*** C***,XXXXXX5791,[REDACTED - Gautam Buddha Nagar],,ACTUAL
101314899835,Sirohi,307026,749,BCC-2744469,"ABC, Bhiwandi, Mumbai, Maharashtra",400016,Mumbai,2026-02-15,2026-02-16,2026-02-21,,2026-02-19,Customer refused delivery,Cod,RTO,8A9569FAA7,J*** C***,XXXXXX4133,[REDACTED - Sirohi],,ACTUAL
110214867017,Kamrup,781034,446,YSY-2373461,"ABC, Bhiwandi, Mumbai, Maharashtra",400016,Mumbai,2026-02-15,2026-02-16,2026-02-18,2026-02-18,2026-02-20,Not Applicable,Cod,Delivered,55019548AB,j*** C***,XXXXXX0129,[REDACTED - Kamrup],,ACTUAL
100114925501,Kanchipuram,602117,889,SB9-2448290,"ABC, Bhiwandi, Mumbai, Maharashtra",400016,Mumbai,2026-02-15,2026-02-16,2026-02-16,2026-02-16,2026-02-18,Not Applicable,Cod,Delivered,5760EA9C19,R*** C***,XXXXXX3717,[REDACTED - Kanchipuram],,ACTUAL
110914959868,Bangalore,560093,811,YGS-2072253,"ABC, Bhiwandi, Mumbai, Maharashtra",400016,Mumbai,2026-02-15,2026-02-17,2026-02-22,,2026-02-21,Customer refused delivery,Cod,RTO,FFF00697EB,S*** C***,XXXXXX2397,[REDACTED - Bangalore],,ACTUAL
111014968587,Bangalore,560077,349,SCM-2716132,"ABC, Bhiwandi, Mumbai, Maharashtra",400016,Mumbai,2026-02-15,2026-02-18,,,2026-02-21,Not Applicable,Prepaid,In-Transit,73717DC4DA,S*** C***,XXXXXX4864,[REDACTED - Bangalore],not_yet_attempted,ACTUAL
111014970756,Bangalore,560043,689,EWE-2751221,"ABC, Bhiwandi, Mumbai, Maharashtra",400016,Mumbai,2026-02-15,2026-02-16,2026-02-20,2026-02-20,2026-02-20,Not Applicable,Cod,Delivered,3E9C3984AC,S*** C***,XXXXXX4992,[REDACTED - Bangalore],,ACTUAL
110814948655,Bangalore,560057,494,YGS-1753367,"ABC, Bhiwandi, Mumbai, Maharashtra",400016,Mumbai,2026-02-15,2026-02-16,2026-02-18,2026-02-18,2026-02-19,Not Applicable,Prepaid,Delivered,4CBC0615BA,R*** C***,XXXXXX2314,[REDACTED - Bangalore],,ACTUAL
110914960924,Raigarh(MH),410203,847,SRS-1868933,"ABC, Bhiwandi, Mumbai, Maharashtra",400016,Mumbai,2026-02-15,2026-02-15,2026-02-17,2026-02-17,2026-02-19,Not Applicable,Prepaid,Delivered,7E8167A084,A*** C***,XXXXXX1574,[REDACTED - Raigarh(MH)],,ACTUAL
111014964224,Bangalore,560076,1349,TBF-2178545,"ABC, Bhiwandi, Mumbai, Maharashtra",400016,Mumbai,2026-02-15,2026-02-16,2026-02-17,2026-02-19,2026-02-18,Phone not reachable,Cod,Delivered,DF8036E61D,S*** C***,XXXXXX3344,[REDACTED - Bangalore],,ACTUAL
110414887747,Gurgaon,122002,829,SC-2761956,"ABC, Bhiwandi, Mumbai, Maharashtra",400016,Mumbai,2026-02-15,2026-02-15,2026-02-16,2026-02-18,2026-02-19,Customer requested re-attempt,Prepaid,Delivered,417534F9C8,D*** C***,XXXXXX7373,[REDACTED - Gurgaon],,ACTUAL
110214866738,Jaipur,302018,1029,VBB-2699375,"ABC, Bhiwandi, Mumbai, Maharashtra",400016,Mumbai,2026-02-15,2026-02-15,2026-02-17,2026-02-17,2026-02-18,Not Applicable,Cod,Delivered,5701AC5390,M*** C***,XXXXXX4459,[REDACTED - Jaipur],,ACTUAL
110614912296,Rupnagar,140308,198,LJL-2671864,"ABC, Bhiwandi, Mumbai, Maharashtra",400016,Mumbai,2026-02-15,2026-02-16,2026-02-19,2026-02-19,2026-02-19,Not Applicable,Prepaid,Delivered,5E5CC05BE9,D*** C***,XXXXXX5531,[REDACTED - Rupnagar],,ACTUAL
110914959933,West Delhi,110059,305,OJO-2741636,"ABC, Bhiwandi, Mumbai, Maharashtra",400016,Mumbai,2026-02-15,2026-02-17,,,2026-02-20,Not Applicable,Prepaid,Lost,93B35A1B16,N*** C***,XXXXXX5948,[REDACTED - West Delhi],,ACTUAL
101214613846,Jaipur,302018,789,FKS-2751400,"ABC, Bhiwandi, Mumbai, Maharashtra",400016,Mumbai,2026-02-15,2026-02-18,2026-02-23,,2026-02-23,Landmark missing,Cod,RTO,3B4EE34CFD,P*** C***,XXXXXX3803,[REDACTED - Jaipur],,ACTUAL
110614919042,Nellore,524003,1479,LSM-2718103,"ABC, Bhiwandi, Mumbai, Maharashtra",400016,Mumbai,2026-02-15,2026-02-16,,,2026-02-20,Not Applicable,Prepaid,In-Transit,E75159CA72,A*** C***,XXXXXX0489,[REDACTED - Nellore],not_yet_attempted,ACTUAL
110714933711,New Delhi,110060,349,SCM-2716124,"ABC, Bhiwandi, Mumbai, Maharashtra",400016,Mumbai,2026-02-15,2026-02-16,2026-02-21,2026-02-21,2026-02-21,Not Applicable,Prepaid,Delivered,8141DD3093,J*** C***,XXXXXX9788,[REDACTED - New Delhi],,ACTUAL
110614924001,Haridwar,249408,1091,VBB-2736177,"ABC, Bhiwandi, Mumbai, Maharashtra",400016,Mumbai,2026-02-15,2026-02-16,2026-02-16,2026-02-16,2026-02-17,Not Applicable,Prepaid,Delivered,11246F6377,A*** C***,XXXXXX0929,[REDACTED - Haridwar],,ACTUAL
111014963126,Kurukshetra,136135,799,CRH-2697135,"ABC, Bhiwandi, Mumbai, Maharashtra",400016,Mumbai,2026-02-15,2026-02-16,2026-02-16,2026-02-16,2026-02-18,Not Applicable,Prepaid,Delivered,85CD913B21,S*** C***,XXXXXX2784,[REDACTED - Kurukshetra],,ACTUAL
110814948122,South West Delhi,110077,2060,SRS-2660285,"ABC, Bhiwandi, Mumbai, Maharashtra",400016,Mumbai,2026-02-15,2026-02-17,2026-02-21,2026-02-21,2026-02-23,Not Applicable,Cod,Delivered,CC30AF5EC6,P*** C***,XXXXXX0834,[REDACTED - South West Delhi],,ACTUAL
110814948368,Hyderabad,500054,811,YGS-2072257,"ABC, Bhiwandi, Mumbai, Maharashtra",400016,Mumbai,2026-02-15,2026-02-16,2026-02-21,2026-02-21,2026-02-19,Not Applicable,Cod,Delivered,07D723C7E5,A*** C***,XXXXXX0572,[REDACTED - Hyderabad],,ACTUAL
111114977615,South West Delhi,110045,569,YC-2740582,"ABC, Bhiwandi, Mumbai, Maharashtra",400016,Mumbai,2026-02-15,2026-02-16,2026-02-16,2026-02-17,2026-02-17,Customer not available,Prepaid,Delivered,8034EC511D,M*** C***,XXXXXX3957,[REDACTED - South West Delhi],,ACTUAL
110814946137,Bilaspur(CGH),495001,1800,KCA-2686252,"ABC, Bhiwandi, Mumbai, Maharashtra",400016,Mumbai,2026-02-15,2026-02-17,2026-02-20,2026-02-20,2026-02-20,Not Applicable,Prepaid,Delivered,7020F06BF7,D*** C***,XXXXXX5738,[REDACTED - Bilaspur(CGH)],,ACTUAL
110914956329,North Goa,403004,809,YGS-2752306,"ABC, Bhiwandi, Mumbai, Maharashtra",400016,Mumbai,2026-02-15,2026-02-16,2026-02-19,,2026-02-19,Landmark missing,Cod,RTO,84CA980C16,S*** C***,XXXXXX9560,[REDACTED - North Goa],,ACTUAL
110514899187,Raigarh(MH),410206,617,WEY-2621146,"ABC, Bhiwandi, Mumbai, Maharashtra",400016,Mumbai,2026-02-15,2026-02-16,2026-02-17,2026-02-17,2026-02-19,Not Applicable,Prepaid,Delivered,EA0434BB63,S*** C***,XXXXXX7216,[REDACTED - Raigarh(MH)],,ACTUAL
111014971609,Agra,282001,921,BNO-1564694,"ABC, Bhiwandi, Mumbai, Maharashtra",400016,Mumbai,2026-02-15,2026-02-16,2026-02-17,2026-02-18,2026-02-18,Landmark missing,Cod,Delivered,AC1CB9D643,A*** C***,XXXXXX9992,[REDACTED - Agra],,ACTUAL
110314887020,Kangra,176061,779,CMW-2624365,"ABC, Bhiwandi, Mumbai, Maharashtra",400016,Mumbai,2026-02-15,2026-02-17,2026-02-18,2026-02-19,2026-02-21,Customer requested re-attempt,Cod,Delivered,6EDAA22F7F,M*** C***,XXXXXX3122,[REDACTED - Kangra],,ACTUAL
110914956638,West Delhi,110015,2321,VNT-2619672,"ABC, Bhiwandi, Mumbai, Maharashtra",400016,Mumbai,2026-02-15,2026-02-17,2026-02-20,2026-02-20,2026-02-21,Not Applicable,Prepaid,Delivered,A5FAD7A737,A*** C***,XXXXXX6947,[REDACTED - West Delhi],,ACTUAL
110814948461,K.V.Rangareddy,500019,486,YKL-2244667,"ABC, Bhiwandi, Mumbai, Maharashtra",400016,Mumbai,2026-02-15,2026-02-16,2026-03-05,,2026-02-22,Landmark missing,Cod,Out of delivery,F5DA4553B8,P*** C***,XXXXXX8350,[REDACTED - K.V.Rangareddy],,ACTUAL
110414897779,South Goa,403401,499,JJS-2721417,"ABC, Bhiwandi, Mumbai, Maharashtra",400016,Mumbai,2026-02-15,2026-02-16,2026-02-21,2026-02-21,2026-02-21,Not Applicable,Prepaid,Delivered,0A95AE4054,M*** C***,XXXXXX9363,[REDACTED - South Goa],,ACTUAL
110914956639,West Delhi,110015,599,VNT-2684491,"ABC, Bhiwandi, Mumbai, Maharashtra",400016,Mumbai,2026-02-15,2026-02-15,2026-02-21,,2026-02-19,Landmark missing,Cod,RTO,8F47CB1C67,A*** C***,XXXXXX6947,[REDACTED - West Delhi],,ACTUAL
110814949478,East Godavari,533105,1113,SN-2392386,"ABC, Bhiwandi, Mumbai, Maharashtra",400016,Mumbai,2026-02-15,2026-02-16,2026-02-16,2026-02-16,2026-02-17,Not Applicable,Cod,Delivered,0013FC099C,R*** C***,XXXXXX8884,[REDACTED - East Godavari],,ACTUAL
110314887021,Kangra,176061,2197,HZT-2710384,"ABC, Bhiwandi, Mumbai, Maharashtra",400016,Mumbai,2026-02-15,2026-02-16,2026-02-18,2026-02-18,2026-02-18,Not Applicable,Cod,Delivered,0C35D9B8BC,M*** C***,XXXXXX3122,[REDACTED - Kangra],,ACTUAL
110814946806,bangalore,560027,1322,DCH-2663929,"ABC, Bhiwandi, Mumbai, Maharashtra",400016,Mumbai,2026-02-15,2026-02-16,2026-02-17,2026-02-17,2026-02-18,Not Applicable,Cod,Delivered,683438EEF0,J*** C***,XXXXXX0078,[REDACTED - bangalore],,ACTUAL
110914955288,Salem,636005,1068,SN-2392392,"ABC, Bhiwandi, Mumbai, Maharashtra",400016,Mumbai,2026-02-15,2026-02-16,2026-02-18,2026-02-18,2026-02-19,Not Applicable,Prepaid,Delivered,2474639A91,G*** C***,XXXXXX4260,[REDACTED - Salem],,ACTUAL
110914955138,Indore,453771,826,JL-2340969,"ABC, Bhiwandi, Mumbai, Maharashtra",400016,Mumbai,2026-02-15,2026-02-18,,,2026-02-19,Not Applicable,Prepaid,Pickup done,1C01D7E5F9,P*** C***,XXXXXX9811,[REDACTED - Indore],not_yet_attempted,ACTUAL
111014972121,Bangalore,560043,1469,SRS-2518579,"ABC, Bhiwandi, Mumbai, Maharashtra",400016,Mumbai,2026-02-15,2026-02-16,2026-02-16,2026-02-16,2026-02-17,Not Applicable,Cod,Delivered,36C55F1077,M*** C***,XXXXXX7877,[REDACTED - Bangalore],,ACTUAL
110414893430,South 24 Parganas,700039,2443,0PQ-1921062,"ABC, Bhiwandi, Mumbai, Maharashtra",400016,Mumbai,2026-02-15,2026-02-17,2026-02-20,2026-02-20,2026-02-22,Not Applicable,Prepaid,Delivered,C6EA04AD4C,S*** C***,XXXXXX7293,[REDACTED - South 24 Parganas],,ACTUAL
110914951362,Bangalore,560076,299,CRH-2611847,"ABC, Bhiwandi, Mumbai, Maharashtra",400016,Mumbai,2026-02-15,2026-02-17,2026-02-19,,2026-02-19,Landmark missing,Cod,RTO,750A2D7638,S*** C***,XXXXXX5343,[REDACTED - Bangalore],,ACTUAL
110814943658,Kozhikode,673003,152,ECD-2693210,"ABC, Bhiwandi, Mumbai, Maharashtra",400016,Mumbai,2026-02-15,2026-02-18,2026-02-22,,2026-02-21,Customer cancelled order,Cod,RTO,39FA5BFAAF,N*** C***,XXXXXX9009,[REDACTED - Kozhikode],,ACTUAL
110614923420,Mumbai,400103,1511,ADX-2654766,"ABC, Bhiwandi, Mumbai, Maharashtra",400016,Mumbai,2026-02-15,2026-02-17,2026-02-21,,2026-02-21,Customer cancelled order,Cod,RTO,C9FC55E258,H*** C***,XXXXXX6653,[REDACTED - Mumbai],,ACTUAL
103114845114,Kanpur Nagar,208014,1529,SRS-2751113,"ABC, Bhiwandi, Mumbai, Maharashtra",400016,Mumbai,2026-02-15,2026-02-16,2026-02-17,2026-02-17,2026-02-18,Not Applicable,Prepaid,Delivered,B5E325E7B8,A*** C***,XXXXXX3071,[REDACTED - Kanpur Nagar],,ACTUAL
102914818151,Thane,401107,1409,SRS-2686784,"ABC, Bhiwandi, Mumbai, Maharashtra",400016,Mumbai,2026-02-15,2026-02-16,2026-02-22,,2026-02-21,COD payment declined,Cod,RTO,23DF4DFA47,B*** C***,XXXXXX0606,[REDACTED - Thane],,ACTUAL
111014967836,Ahmedabad,380024,605,OJO-2703804,"ABC, Bhiwandi, Mumbai, Maharashtra",400016,Mumbai,2026-02-15,2026-02-17,2026-02-21,,2026-02-21,COD payment declined,Cod,RTO,8BA58DB0FE,N*** C***,XXXXXX1837,[REDACTED - Ahmedabad],,ACTUAL
110714933125,Vadodara,390008,798,BUC-2580465,"ABC, Bhiwandi, Mumbai, Maharashtra",400016,Mumbai,2026-02-15,2026-02-16,2026-02-23,,2026-02-21,Customer refused delivery,Cod,RTO,35090649EC,N*** C***,XXXXXX2723,[REDACTED - Vadodara],,ACTUAL
110814944320,K.V.Rangareddy,500019,782,YGS-1995925,"ABC, Bhiwandi, Mumbai, Maharashtra",400016,Mumbai,2026-02-15,2026-02-17,2026-02-19,,2026-02-19,Address issue,Cod,RTO,DF0C721D7E,A*** C***,XXXXXX1061,[REDACTED - K.V.Rangareddy],,ACTUAL
110814943657,Kozhikode,673003,749,BYN-2544739,"ABC, Bhiwandi, Mumbai, Maharashtra",400016,Mumbai,2026-02-15,2026-02-16,2026-02-18,2026-02-20,2026-02-21,Address issue,Prepaid,Delivered,0CC5711007,N*** C***,XXXXXX9009,[REDACTED - Kozhikode],,ACTUAL
110814940606,Jodhpur,342001,632,CIV-1677623,"ABC, Bhiwandi, Mumbai, Maharashtra",400016,Mumbai,2026-02-15,2026-02-15,,,2026-02-18,Not Applicable,Cod,Pickup done,360931CECF,D*** C***,XXXXXX1760,[REDACTED - Jodhpur],not_yet_attempted,ACTUAL
110814945512,Parbhani,431401,2064,CIQ-2434425,"ABC, Bhiwandi, Mumbai, Maharashtra",400016,Mumbai,2026-02-15,2026-02-16,2026-02-17,2026-02-17,2026-02-19,Not Applicable,Prepaid,Delivered,5186C1F406,m*** C***,XXXXXX3546,[REDACTED - Parbhani],,ACTUAL
110814948523,Solan,173212,393,YSY-2333025,"ABC, Bhiwandi, Mumbai, Maharashtra",400016,Mumbai,2026-02-15,2026-02-18,2026-02-18,2026-02-18,2026-02-20,Customer not available,Cod,Delivered,95F98CE5E0,P*** C***,XXXXXX1193,[REDACTED - Solan],,ACTUAL
100614534464,South West Delhi,110074,1358,DYZ-2744968,"ABC, Bhiwandi, Mumbai, Maharashtra",400016,Mumbai,2026-02-17,2026-02-19,2026-02-22,2026-02-23,2026-02-23,Delivery postponed by customer,Prepaid,Delivered,9D1E4224AF,T*** C***,XXXXXX8073,[REDACTED - South West Delhi],,ACTUAL
110714934910,Dhanbad,828205,1029,YTS-2688215,"ABC, Bhiwandi, Mumbai, Maharashtra",400016,Mumbai,2026-02-17,2026-02-19,2026-02-20,2026-02-20,2026-02-22,Not Applicable,Cod,Delivered,6725DEFEDC,A*** C***,XXXXXX2636,[REDACTED - Dhanbad],,ACTUAL
110614920943,Agra,282007,349,BUV-2618239,"ABC, Bhiwandi, Mumbai, Maharashtra",400016,Mumbai,2026-02-17,2026-02-17,2026-02-22,,2026-02-21,Customer not available,Cod,RTO,4652B756CE,S*** C***,XXXXXX4605,[REDACTED - Agra],,ACTUAL
111014964019,West Delhi,110018,299,TQB-995055,"ABC, Bhiwandi, Mumbai, Maharashtra",400016,Mumbai,2026-02-17,2026-02-18,2026-02-20,2026-02-21,2026-02-22,Customer requested re-attempt,Cod,Delivered,0756A520F9,S*** C***,XXXXXX4559,[REDACTED - West Delhi],,ACTUAL
110614917973,Junagadh,362002,176,SIW-2338167,"ABC, Bhiwandi, Mumbai, Maharashtra",400016,Mumbai,2026-02-17,2026-02-18,2026-02-23,,2026-02-22,Customer cancelled order,Cod,RTO,6647AB88D6,h*** C***,XXXXXX7571,[REDACTED - Junagadh],,ACTUAL
110814946849,Central Delhi,110012,309,KEG-2682540,"ABC, Bhiwandi, Mumbai, Maharashtra",400016,Mumbai,2026-02-17,2026-02-19,2026-02-23,2026-02-23,2026-02-25,Not Applicable,Cod,Delivered,08631C8FA8,K*** C***,XXXXXX2369,[REDACTED - Central Delhi],,ACTUAL
110614923124,Meerut,250002,690,OJO-2680263,"ABC, Bhiwandi, Mumbai, Maharashtra",400016,Mumbai,2026-02-17,2026-02-18,2026-02-19,2026-02-19,2026-02-21,Not Applicable,Cod,Delivered,0932868E90,D*** C***,XXXXXX9944,[REDACTED - Meerut],,ACTUAL
110614918068,Junagadh,362002,301,TED-2308670,"ABC, Bhiwandi, Mumbai, Maharashtra",400016,Mumbai,2026-02-17,2026-02-20,2026-02-24,2026-02-24,2026-02-26,Not Applicable,Cod,Delivered,37A9BCDEC0,h*** C***,XXXXXX7571,[REDACTED - Junagadh],,ACTUAL
102614794994,West Delhi,110087,1699,0PT-2693770,"ABC, Bhiwandi, Mumbai, Maharashtra",400016,Mumbai,2026-02-17,2026-02-18,2026-02-19,2026-02-19,2026-02-21,Not Applicable,Cod,Delivered,06F497A1A0,V*** C***,XXXXXX2297,[REDACTED - West Delhi],,ACTUAL
110814948662,Pune,411014,449,PS5-2785202,"ABC, Bhiwandi, Mumbai, Maharashtra",400016,Mumbai,2026-02-17,2026-02-19,2026-02-22,2026-02-22,2026-02-23,Not Applicable,Prepaid,Delivered,222CD0A6AD,G*** C***,XXXXXX6088,[REDACTED - Pune],,ACTUAL
111014966206,South West Delhi,110029,998,HSZ-2740362,"ABC, Bhiwandi, Mumbai, Maharashtra",400016,Mumbai,2026-02-17,2026-02-20,2026-02-24,2026-02-24,2026-02-24,Not Applicable,Prepaid,Delivered,56C7323D19,L*** C***,XXXXXX1436,[REDACTED - South West Delhi],,ACTUAL
110914960861,Malda,732101,483,YKL-2244674,"ABC, Bhiwandi, Mumbai, Maharashtra",400016,Mumbai,2026-02-17,2026-02-20,2026-02-20,2026-02-22,2026-02-23,Customer requested re-attempt,Prepaid,Delivered,54654327A8,S*** C***,XXXXXX6076,[REDACTED - Malda],,ACTUAL
111014966204,South West Delhi,110029,2173,OTE-2748710,"ABC, Bhiwandi, Mumbai, Maharashtra",400016,Mumbai,2026-02-17,2026-02-18,,,2026-02-21,Not Applicable,Prepaid,In-Transit,7D0DE0CC85,L*** C***,XXXXXX1436,[REDACTED - South West Delhi],not_yet_attempted,ACTUAL
110814947735,Gurgaon,122002,549,JUQ-2727014,"ABC, Bhiwandi, Mumbai, Maharashtra",400016,Mumbai,2026-02-17,2026-02-20,2026-02-23,,2026-02-22,Phone not reachable,Cod,RTO,4FA52F74D5,N*** C***,XXXXXX4455,[REDACTED - Gurgaon],,ACTUAL
110514908499,Mumbai,400070,566,CB9-2523331,"ABC, Bhiwandi, Mumbai, Maharashtra",400016,Mumbai,2026-02-17,2026-02-18,2026-02-22,2026-02-22,2026-02-22,Not Applicable,Cod,Delivered,876393FD84,F*** C***,XXXXXX9865,[REDACTED - Mumbai],,ACTUAL
110914951101,Jalandhar,144102,1189,ADX-2074327,"ABC, Bhiwandi, Mumbai, Maharashtra",400016,Mumbai,2026-02-17,2026-02-19,2026-02-25,2026-02-25,2026-02-26,Not Applicable,Prepaid,Delivered,0707C356AA,K*** C***,XXXXXX7155,[REDACTED - Jalandhar],,ACTUAL
111014963901,Madurai,625003,3063,HBK-2233712,"ABC, Bhiwandi, Mumbai, Maharashtra",400016,Mumbai,2026-02-17,2026-02-18,2026-02-19,2026-02-20,2026-02-21,Customer not available,Cod,Delivered,D9BC226A1E,R*** C***,XXXXXX6631,[REDACTED - Madurai],high_value_order,ACTUAL
110714933868,nagpur,440010,745,QMB-2413563,"ABC, Bhiwandi, Mumbai, Maharashtra",400016,Mumbai,2026-02-17,2026-02-18,2026-02-22,,2026-02-21,Address issue,Cod,RTO,74B373BAE1,P*** C***,XXXXXX2288,[REDACTED - nagpur],,ACTUAL
110614917955,Bangalore,560092,890,ABL-1683507,"ABC, Bhiwandi, Mumbai, Maharashtra",400016,Mumbai,2026-02-17,2026-02-19,2026-02-21,2026-02-22,2026-02-23,Delivery postponed by customer,Prepaid,Delivered,0F85863931,v*** C***,XXXXXX3810,[REDACTED - Bangalore],,ACTUAL
110714935608,Durg,490026,1844,CMS-2675791,"ABC, Bhiwandi, Mumbai, Maharashtra",400016,Mumbai,2026-02-17,2026-02-19,2026-02-23,2026-02-23,2026-02-22,Not Applicable,Cod,Delivered,9C96CEBE47,L*** C***,XXXXXX2844,[REDACTED - Durg],,ACTUAL
110714932924,Visakhapatnam,530013,935,KQS-2707597,"ABC, Bhiwandi, Mumbai, Maharashtra",400016,Mumbai,2026-02-17,2026-02-20,2026-02-26,,2026-02-24,Customer refused delivery,Cod,RTO,D3C3B4E3CB,D*** C***,XXXXXX6677,[REDACTED - Visakhapatnam],,ACTUAL
110714934762,South Delhi,110065,1123,WER-2669686,"ABC, Bhiwandi, Mumbai, Maharashtra",400016,Mumbai,2026-02-17,2026-02-18,2026-02-20,2026-02-20,2026-02-22,Not Applicable,Prepaid,Delivered,A290FEC3F8,H*** C***,XXXXXX0321,[REDACTED - South Delhi],,ACTUAL
103114840800,Mumbai,400054,999,TMN-2691327,"ABC, Bhiwandi, Mumbai, Maharashtra",400016,Mumbai,2026-02-17,2026-02-17,2026-02-20,2026-02-21,2026-02-22,Delivery postponed by customer,Cod,Delivered,B92FB6B7DA,R*** C***,XXXXXX5470,[REDACTED - Mumbai],,ACTUAL
102014730112,Mumbai,400004,539,DCH-2583648,"ABC, Bhiwandi, Mumbai, Maharashtra",400016,Mumbai,2026-02-17,2026-02-18,2026-02-20,2026-02-21,2026-02-21,Landmark missing,Cod,Delivered,4C46BDC2DD,N*** C***,XXXXXX0699,[REDACTED - Mumbai],,ACTUAL
110914960701,West Godavari,534311,560,BCC-1837489,"ABC, Bhiwandi, Mumbai, Maharashtra",400016,Mumbai,2026-02-17,2026-02-18,2026-02-19,2026-02-19,2026-02-20,Not Applicable,Cod,Delivered,0911B407D8,A*** C***,XXXXXX7887,[REDACTED - West Godavari],,ACTUAL
110714935137,Gurgaon,122002,466,LED-2335692,"ABC, Bhiwandi, Mumbai, Maharashtra",400016,Mumbai,2026-02-17,2026-02-17,2026-02-21,2026-02-21,2026-02-21,Not Applicable,Prepaid,Delivered,EE9D0B5334,m*** C***,XXXXXX5564,[REDACTED - Gurgaon],,ACTUAL
111014965076,Medak,502032,1786,JJD-1964760,"ABC, Bhiwandi, Mumbai, Maharashtra",400016,Mumbai,2026-02-17,2026-02-19,2026-02-24,2026-02-24,2026-02-24,Not Applicable,Cod,Delivered,03775B7D24,S*** C***,XXXXXX2487,[REDACTED - Medak],,ACTUAL
111014969095,Bangalore,560076,795,TCA-2715504,"ABC, Bhiwandi, Mumbai, Maharashtra",400016,Mumbai,2026-02-17,2026-02-17,2026-02-18,2026-02-18,2026-02-20,Not Applicable,Prepaid,Delivered,32B4B5E343,S*** C***,XXXXXX4198,[REDACTED - Bangalore],,ACTUAL
110814941048,Rajkot,360410,499,SDB-2770718,"ABC, Bhiwandi, Mumbai, Maharashtra",400016,Mumbai,2026-02-17,2026-02-18,2026-02-18,2026-02-19,2026-02-20,Customer not available,Prepaid,Delivered,91406052CE,K*** C***,XXXXXX2885,[REDACTED - Rajkot],,ACTUAL
110314876314,Bangalore Rural,562123,398,YSY-2373533,"ABC, Bhiwandi, Mumbai, Maharashtra",400016,Mumbai,2026-02-17,2026-02-18,,,2026-02-20,Not Applicable,Cod,Order Packed,A8FDC1047A,B*** C***,XXXXXX1433,[REDACTED - Bangalore Rural],not_yet_attempted,ACTUAL
110714930239,Sundergarh,769002,1043,WYT-2221282,"ABC, Bhiwandi, Mumbai, Maharashtra",400016,Mumbai,2026-02-17,2026-02-18,2026-02-20,2026-02-20,2026-02-20,Not Applicable,Cod,Delivered,DB8DB3FCB1,B*** C***,XXXXXX1325,[REDACTED - Sundergarh],,ACTUAL
111014966332,Central Delhi,110002,499,CIV-2709594,"ABC, Bhiwandi, Mumbai, Maharashtra",400016,Mumbai,2026-02-17,2026-02-18,2026-02-19,2026-02-19,2026-02-20,Not Applicable,Cod,Delivered,4606299DF9,A*** C***,XXXXXX3183,[REDACTED - Central Delhi],,ACTUAL
102514790654,mumbai,400072,349,DXT-2144793,"ABC, Bhiwandi, Mumbai, Maharashtra",400016,Mumbai,2026-02-17,2026-02-18,2026-02-19,2026-02-19,2026-02-20,Not Applicable,Cod,Delivered,07CF076FAF,Z*** C***,XXXXXX5786,[REDACTED - mumbai],,ACTUAL
110714936262,Bhojpur,802301,571,BMP-2551178,"ABC, Bhiwandi, Mumbai, Maharashtra",400016,Mumbai,2026-02-17,2026-02-18,2026-02-23,,2026-02-22,Customer refused delivery,Prepaid,RTO,BB330A105A,P*** C***,XXXXXX8705,[REDACTED - Bhojpur],,ACTUAL
110614914439,West Delhi,110041,635,XUA-2448139,"ABC, Bhiwandi, Mumbai, Maharashtra",400016,Mumbai,2026-02-17,2026-02-18,2026-02-20,2026-02-20,2026-02-22,Not Applicable,Cod,Delivered,B1BF080854,J*** C***,XXXXXX8800,[REDACTED - West Delhi],,ACTUAL
110514909985,Shillong,793001,1458,EWE-2750580,"ABC, Bhiwandi, Mumbai, Maharashtra",400016,Mumbai,2026-02-17,2026-02-18,2026-02-22,2026-02-22,2026-02-19,Not Applicable,Cod,Delivered,1F1045CCB7,H*** C***,XXXXXX8002,[REDACTED - Shillong],,ACTUAL
111014963079,Bangalore,560028,644,LAA-1867615,"ABC, Bhiwandi, Mumbai, Maharashtra",400016,Mumbai,2026-02-17,2026-02-18,2026-02-19,2026-02-19,2026-02-20,Not Applicable,Prepaid,Delivered,2434BACBF7,N*** C***,XXXXXX2789,[REDACTED - Bangalore],,ACTUAL
110914960594,Jaipur,302019,673,DDS-2550058,"ABC, Bhiwandi, Mumbai, Maharashtra",400016,Mumbai,2026-02-17,2026-02-18,2026-02-21,2026-02-22,2026-02-24,Customer requested re-attempt,Prepaid,Delivered,2BB4F86B4D,S*** C***,XXXXXX1616,[REDACTED - Jaipur],,ACTUAL
103014831369,Chennai,600021,796,SRS-1650461,"ABC, Bhiwandi, Mumbai, Maharashtra",400016,Mumbai,2026-02-17,2026-02-19,2026-02-19,2026-02-19,2026-02-20,Customer requested re-attempt,Cod,Delivered,03BD32B627,M*** C***,XXXXXX6165,[REDACTED - Chennai],,ACTUAL
110814943484,Mumbai,400086,399,BKU-2716873,"ABC, Bhiwandi, Mumbai, Maharashtra",400016,Mumbai,2026-02-17,2026-02-18,2026-02-23,,2026-02-23,Customer not available,Cod,RTO,7D4BC57DF5,S*** C***,XXXXXX6544,[REDACTED - Mumbai],,ACTUAL
110914959201,Bangalore,560068,1469,SRS-2445284,"ABC, Bhiwandi, Mumbai, Maharashtra",400016,Mumbai,2026-02-17,2026-02-17,2026-02-17,2026-02-17,2026-02-18,Not Applicable,Prepaid,Delivered,DBE9BF06C0,S*** C***,XXXXXX5248,[REDACTED - Bangalore],,ACTUAL
110714930032,Dehradun,248001,969,ADX-2060718,"ABC, Bhiwandi, Mumbai, Maharashtra",400016,Mumbai,2026-02-17,2026-02-18,2026-02-19,2026-02-19,2026-02-21,Not Applicable,Prepaid,Delivered,A0DA4D04AE,p*** C***,XXXXXX6662,[REDACTED - Dehradun],,ACTUAL
110614923199,Lucknow,226004,688,BUC-2580463,"ABC, Bhiwandi, Mumbai, Maharashtra",400016,Mumbai,2026-02-17,2026-02-18,2026-02-26,2026-02-26,2026-02-23,Not Applicable,Prepaid,Delivered,CB2F17365B,J*** C***,XXXXXX9222,[REDACTED - Lucknow],,ACTUAL
110814942954,Chennai,600021,680,LNS-1863379,"ABC, Bhiwandi, Mumbai, Maharashtra",400016,Mumbai,2026-02-17,2026-02-18,2026-02-20,2026-02-20,2026-02-21,Not Applicable,Cod,Delivered,744AB8D3A8,B*** C***,XXXXXX8292,[REDACTED - Chennai],,ACTUAL
111114974420,North 24 Parganas,700081,2535,CB9-2120100,"ABC, Bhiwandi, Mumbai, Maharashtra",400016,Mumbai,2026-02-17,2026-02-18,2026-02-18,2026-02-18,2026-02-20,Customer requested re-attempt,Prepaid,Delivered,13D1212BA3,S*** C***,XXXXXX7287,[REDACTED - North 24 Parganas],,ACTUAL
110514909248,Pakur,816107,449,JJS-2674668,"ABC, Bhiwandi, Mumbai, Maharashtra",400016,Mumbai,2026-02-17,2026-02-18,2026-02-24,2026-02-24,2026-02-21,Not Applicable,Cod,Delivered,134BD0F22F,B*** C***,XXXXXX3417,[REDACTED - Pakur],,ACTUAL
111114975326,Bangalore,560095,950,YTS-2739383,"ABC, Bhiwandi, Mumbai, Maharashtra",400016,Mumbai,2026-02-17,2026-02-19,2026-02-22,2026-02-22,2026-02-23,Not Applicable,Cod,Delivered,8E930367A1,R*** C***,XXXXXX2123,[REDACTED - Bangalore],,ACTUAL
111114974880,Pune,411027,1514,AAD-2719692,"ABC, Bhiwandi, Mumbai, Maharashtra",400016,Mumbai,2026-02-17,2026-02-17,2026-02-19,2026-02-19,2026-02-19,Not Applicable,Cod,Delivered,C1BB083A79,R*** C***,XXXXXX1486,[REDACTED - Pune],,ACTUAL
110814940130,Jaipur,302020,999,RKD-2761768,"ABC, Bhiwandi, Mumbai, Maharashtra",400016,Mumbai,2026-02-17,2026-02-18,2026-02-20,2026-02-20,2026-02-21,Not Applicable,Cod,Delivered,9A30A50F0C,P*** C***,XXXXXX8480,[REDACTED - Jaipur],,ACTUAL
110814946018,Junagadh,362250,718,CB9-2424894,"ABC, Bhiwandi, Mumbai, Maharashtra",400016,Mumbai,2026-02-17,2026-02-18,2026-02-21,2026-02-21,2026-02-22,Not Applicable,Prepaid,Delivered,DBC8D5221F,A*** C***,XXXXXX1523,[REDACTED - Junagadh],,ACTUAL
111114978119,Karnal,132001,1156,JIX-2718920,"ABC, Bhiwandi, Mumbai, Maharashtra",400016,Mumbai,2026-02-17,2026-02-19,2026-02-21,,2026-02-21,Phone not reachable,Cod,RTO,84EB7EAC00,G*** C***,XXXXXX0088,[REDACTED - Karnal],,ACTUAL
103014833377,Varanasi,221001,811,YGS-2072252,"ABC, Bhiwandi, Mumbai, Maharashtra",400016,Mumbai,2026-02-17,2026-02-18,2026-02-25,,2026-02-24,Phone not reachable,Cod,RTO,6230C90D6F,N*** C***,XXXXXX4047,[REDACTED - Varanasi],,ACTUAL
110914955222,Bangalore,560068,2143,SRS-2729955,"ABC, Bhiwandi, Mumbai, Maharashtra",400016,Mumbai,2026-02-17,2026-02-18,2026-02-24,2026-02-24,2026-02-24,Not Applicable,Prepaid,Delivered,1FC3FC0E70,M*** C***,XXXXXX8662,[REDACTED - Bangalore],,ACTUAL
110514907766,Bangalore,560004,1019,JML-2677104,"ABC, Bhiwandi, Mumbai, Maharashtra",400016,Mumbai,2026-02-17,2026-02-18,2026-02-20,2026-02-21,2026-02-20,Phone not reachable,Cod,Delivered,8C49810628,D*** C***,XXXXXX0540,[REDACTED - Bangalore],,ACTUAL
111114973298,Bangalore,560078,299,CIV-2314901,"ABC, Bhiwandi, Mumbai, Maharashtra",400016,Mumbai,2026-02-17,2026-02-20,2026-02-20,2026-02-20,2026-02-21,Not Applicable,Cod,Delivered,27002B1BAC,A*** C***,XXXXXX5450,[REDACTED - Bangalore],,ACTUAL
111014964936,Faridabad,121003,1025,XHZ-2617744,"ABC, Bhiwandi, Mumbai, Maharashtra",400016,Mumbai,2026-02-17,2026-02-18,2026-02-23,,2026-02-22,Phone not reachable,Cod,RTO,3562AC5145,r*** C***,XXXXXX1330,[REDACTED - Faridabad],,ACTUAL
110914958556,Bangalore,560043,670,TXY-2348591,"ABC, Bhiwandi, Mumbai, Maharashtra",400016,Mumbai,2026-02-17,2026-02-18,2026-02-22,,2026-02-20,COD payment declined,Cod,RTO,3F65AF0C96,S*** C***,XXXXXX7315,[REDACTED - Bangalore],,ACTUAL
110714931935,Jaipur,302004,629,FB3-2755727,"ABC, Bhiwandi, Mumbai, Maharashtra",400016,Mumbai,2026-02-17,2026-02-18,2026-02-23,2026-02-23,2026-02-22,Not Applicable,Cod,Delivered,0B7381ED12,Y*** C***,XXXXXX3101,[REDACTED - Jaipur],,ACTUAL
110714929590,Mumbai,400033,819,YGS-2594873,"ABC, Bhiwandi, Mumbai, Maharashtra",400016,Mumbai,2026-02-17,2026-02-19,2026-02-21,2026-02-21,2026-02-21,Not Applicable,Cod,Delivered,012AE41183,P*** C***,XXXXXX2694,[REDACTED - Mumbai],,ACTUAL
110414897612,Prakasam,523316,1659,YBB-2253276,"ABC, Bhiwandi, Mumbai, Maharashtra",400016,Mumbai,2026-02-17,2026-02-18,2026-02-22,,2026-02-21,Customer not available,Cod,RTO,C8752A3E62,Y*** C***,XXXXXX4485,[REDACTED - Prakasam],,ACTUAL
110814943402,Giridh,815316,669,HZ-2705445,"ABC, Bhiwandi, Mumbai, Maharashtra",400016,Mumbai,2026-02-17,2026-02-19,,,2026-02-22,Not Applicable,Cod,Pickup done,1D645AA287,I*** C***,XXXXXX8624,[REDACTED - Giridh],not_yet_attempted,ACTUAL
110414897616,Prakasam,523316,344,DUE-2414070,"ABC, Bhiwandi, Mumbai, Maharashtra",400016,Mumbai,2026-02-17,2026-02-18,2026-02-21,2026-02-22,2026-02-22,Customer requested re-attempt,Prepaid,Delivered,0820AA917C,Y*** C***,XXXXXX4485,[REDACTED - Prakasam],,ACTUAL
110914955907,Ghaziabad,201012,928,XHZ-1671428,"ABC, Bhiwandi, Mumbai, Maharashtra",400016,Mumbai,2026-02-17,2026-02-20,2026-02-22,2026-02-22,2026-02-24,Not Applicable,Cod,Delivered,D7F768A305,G*** C***,XXXXXX8177,[REDACTED - Ghaziabad],,ACTUAL
110914959584,Mumbai,400103,307,XIC-1853220,"ABC, Bhiwandi, Mumbai, Maharashtra",400016,Mumbai,2026-02-17,2026-02-19,2026-02-20,2026-02-22,2026-02-22,Landmark missing,Cod,Delivered,8C63DBCBA9,P*** C***,XXXXXX2772,[REDACTED - Mumbai],,ACTUAL
110914954119,West Delhi,110087,1487,ADX-2060443,"ABC, Bhiwandi, Mumbai, Maharashtra",400016,Mumbai,2026-02-17,2026-02-20,2026-02-23,2026-02-23,2026-02-23,Not Applicable,Cod,Delivered,62611EF416,R*** C***,XXXXXX3979,[REDACTED - West Delhi],,ACTUAL
110714929797,Kangra,176001,613,FKS-2695256,"ABC, Bhiwandi, Mumbai, Maharashtra",400016,Mumbai,2026-02-17,2026-02-19,2026-02-19,2026-02-19,2026-02-21,Phone not reachable,Cod,Delivered,197AD80539,D*** C***,XXXXXX4805,[REDACTED - Kangra],,ACTUAL
110714936394,Davangere,577004,2304,FKS-1690666,"ABC, Bhiwandi, Mumbai, Maharashtra",400016,Mumbai,2026-02-17,2026-02-17,2026-02-21,,2026-02-19,Customer refused delivery,Cod,RTO,BCE20FD41F,A*** C***,XXXXXX0225,[REDACTED - Davangere],,ACTUAL
110514902680,Dimapur,797112,723,WEY-2621077,"ABC, Bhiwandi, Mumbai, Maharashtra",400016,Mumbai,2026-02-17,2026-02-18,,,2026-02-25,Not Applicable,Cod,Pickup done,DAFFDED09E,T*** C***,XXXXXX5716,[REDACTED - Dimapur],not_yet_attempted,ACTUAL
110914957593,Kanpur Nagar,208001,689,EWE-2751222,"ABC, Bhiwandi, Mumbai, Maharashtra",400016,Mumbai,2026-02-17,2026-02-18,2026-02-24,2026-02-25,2026-02-23,Delivery postponed by customer,Cod,Delivered,022AD96DF7,S*** C***,XXXXXX5539,[REDACTED - Kanpur Nagar],,ACTUAL
103114851674,East Godavari,533101,1699,SRS-2737539,"ABC, Bhiwandi, Mumbai, Maharashtra",400016,Mumbai,2026-02-17,2026-02-19,2026-02-20,2026-02-20,2026-02-22,Not Applicable,Prepaid,Delivered,B3FE2AC281,K*** C***,XXXXXX5397,[REDACTED - East Godavari],,ACTUAL
110614913592,Gurgaon,122018,399,CB6-2137137,"ABC, Bhiwandi, Mumbai, Maharashtra",400016,Mumbai,2026-02-17,2026-02-18,2026-02-22,,2026-02-21,Landmark missing,Cod,RTO,06EDCA937C,n*** C***,XXXXXX6904,[REDACTED - Gurgaon],,ACTUAL
110214874348,Nagpur,440010,559,WNX-2539523,"ABC, Bhiwandi, Mumbai, Maharashtra",400016,Mumbai,2026-02-17,2026-02-19,2026-02-20,2026-02-20,2026-02-22,Not Applicable,Prepaid,Delivered,1C07BB72DA,S*** C***,XXXXXX4006,[REDACTED - Nagpur],,ACTUAL
110214865455,Haridwar,249407,689,WEY-2680304,"ABC, Bhiwandi, Mumbai, Maharashtra",400016,Mumbai,2026-02-17,2026-02-18,,,2026-02-20,Not Applicable,Prepaid,In-Transit,65446849C3,V*** C***,XXXXXX6163,[REDACTED - Haridwar],not_yet_attempted,ACTUAL
110814945820,Panipat,132103,1500,AMG-2717054,"ABC, Bhiwandi, Mumbai, Maharashtra",400016,Mumbai,2026-02-17,2026-02-18,2026-02-19,2026-02-19,2026-02-20,Not Applicable,Cod,Delivered,D1F6DC8EA7,r*** C***,XXXXXX8873,[REDACTED - Panipat],,ACTUAL
111014963152,Bilaspur (HP),174021,739,HMJ-2721701,"ABC, Bhiwandi, Mumbai, Maharashtra",400016,Mumbai,2026-02-17,2026-02-18,2026-02-22,,2026-02-21,Phone not reachable,Cod,RTO,5744B86138,A*** C***,XXXXXX6917,[REDACTED - Bilaspur (HP)],,ACTUAL
110914952678,Lucknow,226016,2022,LUY-1510784,"ABC, Bhiwandi, Mumbai, Maharashtra",400016,Mumbai,2026-02-17,2026-02-18,2026-02-21,2026-02-21,2026-02-22,Not Applicable,Cod,Delivered,B07768E8E4,A*** C***,XXXXXX7266,[REDACTED - Lucknow],,ACTUAL
110814945784,Dimapur,797112,1378,YGS-2745929,"ABC, Bhiwandi, Mumbai, Maharashtra",400016,Mumbai,2026-02-17,2026-02-19,2026-02-24,2026-02-24,2026-02-21,Not Applicable,Cod,Delivered,4640FCB1BB,T*** C***,XXXXXX5716,[REDACTED - Dimapur],,ACTUAL
110714933735,East Godavari,533006,696,DUE-1510928,"ABC, Bhiwandi, Mumbai, Maharashtra",400016,Mumbai,2026-02-17,2026-02-17,2026-02-18,2026-02-18,2026-02-19,Not Applicable,Prepaid,Delivered,97C09DFE2A,S*** C***,XXXXXX4883,[REDACTED - East Godavari],,ACTUAL
110914950156,Lucknow,226001,1248,FMN-2162149,"ABC, Bhiwandi, Mumbai, Maharashtra",400016,Mumbai,2026-02-17,2026-02-18,2026-02-19,2026-02-19,2026-02-21,Not Applicable,Prepaid,Delivered,D28BF5E266,S*** C***,XXXXXX1576,[REDACTED - Lucknow],,ACTUAL
110714930214,Gurdaspur,143521,3421,LNS-2312122,"ABC, Bhiwandi, Mumbai, Maharashtra",400016,Mumbai,2026-02-17,2026-02-18,2026-02-19,2026-02-19,2026-02-20,Not Applicable,Cod,Delivered,A624EE46A1,S*** C***,XXXXXX1903,[REDACTED - Gurdaspur],high_value_order,ACTUAL
101414940585,Aligarh,202002,639,HP8-2762454,"ABC, Bhiwandi, Mumbai, Maharashtra",400016,Mumbai,2026-02-17,2026-02-20,2026-02-21,2026-02-22,2026-02-22,Landmark missing,Prepaid,Delivered,E826EBA708,H*** C***,XXXXXX3315,[REDACTED - Aligarh],,ACTUAL
110614917276,East Khasi Hills,793003,499,TW2-2106342,"ABC, Bhiwandi, Mumbai, Maharashtra",400016,Mumbai,2026-02-17,2026-02-19,2026-02-22,2026-02-22,2026-02-22,Not Applicable,Cod,Delivered,174C5B32B2,R*** C***,XXXXXX7897,[REDACTED - East Khasi Hills],,ACTUAL
110914953098,Thane,400708,1079,WER-2749984,"ABC, Bhiwandi, Mumbai, Maharashtra",400016,Mumbai,2026-02-17,2026-02-19,2026-03-05,,2026-02-22,Landmark missing,Cod,Out of delivery,D67422753A,D*** C***,XXXXXX8869,[REDACTED - Thane],,ACTUAL
110914960163,Gurgaon,122001,717,XXC-2631193,"ABC, Bhiwandi, Mumbai, Maharashtra",400016,Mumbai,2026-02-17,2026-02-19,2026-02-27,2026-02-27,2026-02-24,Not Applicable,Cod,Delivered,5FA586A239,A*** C***,XXXXXX7067,[REDACTED - Gurgaon],,ACTUAL
110714928254,Visakhapatnam,530041,1308,ATU-1048611,"ABC, Bhiwandi, Mumbai, Maharashtra",400016,Mumbai,2026-02-17,2026-02-17,2026-02-22,2026-02-22,2026-02-19,Not Applicable,Cod,Delivered,725D105996,U*** C***,XXXXXX1369,[REDACTED - Visakhapatnam],,ACTUAL
102014932170,West Godavari,534202,689,WDF-2756299,"ABC, Bhiwandi, Mumbai, Maharashtra",400016,Mumbai,2026-02-17,2026-02-19,2026-02-22,2026-02-23,2026-02-24,Customer requested re-attempt,Prepaid,Delivered,03DED87079,K*** C***,XXXXXX7777,[REDACTED - West Godavari],,ACTUAL
110914958928,Gurgaon,122011,709,YTS-2724013,"ABC, Bhiwandi, Mumbai, Maharashtra",400016,Mumbai,2026-02-17,2026-02-19,2026-02-22,2026-02-22,2026-02-22,Not Applicable,Cod,Delivered,6B59B510AB,B*** C***,XXXXXX8025,[REDACTED - Gurgaon],,ACTUAL
111014966392,Jamnagar,361005,744,GGH-2645405,"ABC, Bhiwandi, Mumbai, Maharashtra",400016,Mumbai,2026-02-17,2026-02-18,2026-02-21,2026-02-21,2026-02-21,Not Applicable,Cod,Delivered,56CFE0399C,D*** C***,XXXXXX7774,[REDACTED - Jamnagar],,ACTUAL
102214818800,Aligarh,202002,879,WEY-2755549,"ABC, Bhiwandi, Mumbai, Maharashtra",400016,Mumbai,2026-02-17,2026-02-18,,,2026-02-21,Not Applicable,Cod,In-Transit,4F865F2831,H*** C***,XXXXXX3315,[REDACTED - Aligarh],not_yet_attempted,ACTUAL
110714934402,Guntur,522004,847,SB9-2125800,"ABC, Bhiwandi, Mumbai, Maharashtra",400016,Mumbai,2026-02-17,2026-02-19,2026-02-22,2026-02-22,2026-02-23,Not Applicable,Prepaid,Delivered,70C5A9A660,S*** C***,XXXXXX8014,[REDACTED - Guntur],,ACTUAL
110714933534,Ghaziabad,201014,525,BFM-2063240,"ABC, Bhiwandi, Mumbai, Maharashtra",400016,Mumbai,2026-02-17,2026-02-19,2026-02-24,2026-02-24,2026-02-22,Not Applicable,Cod,Delivered,1C5D3E2F0F,S*** C***,XXXXXX3883,[REDACTED - Ghaziabad],,ACTUAL
110814946173,Jaipur,302021,699,AAD-2719626,"ABC, Bhiwandi, Mumbai, Maharashtra",400016,Mumbai,2026-02-17,2026-02-17,2026-02-21,2026-02-21,2026-02-22,Not Applicable,Prepaid,Delivered,D048A8913B,S*** C***,XXXXXX4340,[REDACTED - Jaipur],,ACTUAL
110414893418,Ghaziabad,201012,1522,BIV-1859024,"ABC, Bhiwandi, Mumbai, Maharashtra",400016,Mumbai,2026-02-17,2026-02-20,2026-02-20,2026-02-20,2026-02-22,Not Applicable,Cod,Delivered,E7F4E5D808,a*** C***,XXXXXX4626,[REDACTED - Ghaziabad],,ACTUAL
110714926855,Pune,411039,489,CS2-2429924,"ABC, Bhiwandi, Mumbai, Maharashtra",400016,Mumbai,2026-02-17,2026-02-18,2026-02-20,,2026-02-19,Customer refused delivery,Cod,RTO,C32A146B03,P*** C***,XXXXXX3043,[REDACTED - Pune],,ACTUAL
110914957473,Gurgaon,122002,1365,SRS-1650330,"ABC, Bhiwandi, Mumbai, Maharashtra",400016,Mumbai,2026-02-17,2026-02-18,2026-02-22,2026-02-22,2026-02-24,Not Applicable,Cod,Delivered,D0DF132BD0,B*** C***,XXXXXX6879,[REDACTED - Gurgaon],,ACTUAL
110814937685,Mumbai,400003,989,0PT-2279465,"ABC, Bhiwandi, Mumbai, Maharashtra",400016,Mumbai,2026-02-17,2026-02-18,2026-02-23,2026-02-23,2026-02-23,Not Applicable,Cod,Delivered,BDBB5274A8,F*** C***,XXXXXX0095,[REDACTED - Mumbai],,ACTUAL
102014730185,Gautam Buddha Nagar,201307,569,CMS-2765484,"ABC, Bhiwandi, Mumbai, Maharashtra",400016,Mumbai,2026-02-17,2026-02-18,2026-02-18,2026-02-19,2026-02-20,Customer requested re-attempt,Cod,Delivered,CDCF25EA7C,K*** C***,XXXXXX0074,[REDACTED - Gautam Buddha Nagar],,ACTUAL
110314885980,Gautam Buddha Nagar,201304,1101,WER-2719013,"ABC, Bhiwandi, Mumbai, Maharashtra",400016,Mumbai,2026-02-17,2026-02-18,2026-02-18,2026-02-19,2026-02-20,Landmark missing,Cod,Delivered,8235DFE7F1,S*** C***,XXXXXX7499,[REDACTED - Gautam Buddha Nagar],,ACTUAL
110414894201,Fatehabad,125120,999,0PT-1790143,"ABC, Bhiwandi, Mumbai, Maharashtra",400016,Mumbai,2026-02-17,2026-02-20,2026-02-23,,2026-02-23,COD payment declined,Cod,RTO,1B2B9772E8,M*** C***,XXXXXX6842,[REDACTED - Fatehabad],,ACTUAL
110814941664,New Delhi,110075,939,BFM-2708748,"ABC, Bhiwandi, Mumbai, Maharashtra",400016,Mumbai,2026-02-17,2026-02-17,2026-02-20,2026-02-20,2026-02-20,Not Applicable,Cod,Delivered,8D2EF09BB0,S*** C***,XXXXXX7319,[REDACTED - New Delhi],,ACTUAL
110914956509,South West Delhi,110075,879,ADX-2613372,"ABC, Bhiwandi, Mumbai, Maharashtra",400016,Mumbai,2026-02-20,2026-02-20,2026-02-28,,2026-02-26,Address issue,Cod,RTO,470289AC84,L*** C***,XXXXXX1634,[REDACTED - South West Delhi],,ACTUAL
102314764354,East Delhi,110031,1123,WER-2669684,"ABC, Bhiwandi, Mumbai, Maharashtra",400016,Mumbai,2026-02-20,2026-02-21,,,2026-02-24,Not Applicable,Prepaid,In-Transit,123876DD48,K*** C***,XXXXXX0960,[REDACTED - East Delhi],not_yet_attempted,ACTUAL
110914956813,West Delhi,110059,490,THD-1804085,"ABC, Bhiwandi, Mumbai, Maharashtra",400016,Mumbai,2026-02-20,2026-02-21,2026-02-26,,2026-02-24,Phone not reachable,Cod,RTO,3CFAE84566,E*** C***,XXXXXX4022,[REDACTED - West Delhi],,ACTUAL
110414891580,Faridabad,121001,709,YTS-1465895,"ABC, Bhiwandi, Mumbai, Maharashtra",400016,Mumbai,2026-02-20,2026-02-21,,,2026-02-22,Not Applicable,Prepaid,Order Packed,65E3A5B945,C*** C***,XXXXXX3939,[REDACTED - Faridabad],not_yet_attempted,ACTUAL
110914960640,Pune,411057,1101,WER-2719040,"ABC, Bhiwandi, Mumbai, Maharashtra",400016,Mumbai,2026-02-20,2026-02-21,2026-02-25,2026-02-25,2026-02-25,Not Applicable,Prepaid,Delivered,FF2DFB3C77,A*** C***,XXXXXX7303,[REDACTED - Pune],,ACTUAL
110614920945,Ernakulam,682026,578,JFG-2506136,"ABC, Bhiwandi, Mumbai, Maharashtra",400016,Mumbai,2026-02-20,2026-02-21,2026-03-05,,2026-02-23,Landmark missing,Cod,Out of delivery,16E59F6581,D*** C***,XXXXXX4535,[REDACTED - Ernakulam],,ACTUAL
111014969274,Mumbai,400098,1509,SRS-2692878,"ABC, Bhiwandi, Mumbai, Maharashtra",400016,Mumbai,2026-02-20,2026-02-22,2026-02-26,,2026-02-25,Customer refused delivery,Cod,RTO,B262F8F377,T*** C***,XXXXXX2834,[REDACTED - Mumbai],,ACTUAL
110914956530,South West Delhi,110075,2158,ADX-2681974,"ABC, Bhiwandi, Mumbai, Maharashtra",400016,Mumbai,2026-02-20,2026-02-21,2026-02-21,2026-02-21,2026-02-23,Not Applicable,Cod,Delivered,D925CC645F,L*** C***,XXXXXX1634,[REDACTED - South West Delhi],,ACTUAL
110414897397,Lucknow,226028,149,RHM-2730487,"ABC, Bhiwandi, Mumbai, Maharashtra",400016,Mumbai,2026-02-20,2026-02-22,,,2026-02-28,Not Applicable,Cod,Order Packed,B61DDB654E,p*** C***,XXXXXX7192,[REDACTED - Lucknow],not_yet_attempted,ACTUAL
110314885681,Gautam Buddha Nagar,201304,559,MSR-1889748,"ABC, Bhiwandi, Mumbai, Maharashtra",400016,Mumbai,2026-02-20,2026-02-21,2026-02-21,2026-02-21,2026-02-23,Landmark missing,Prepaid,Delivered,70F7DDDF52,S*** C***,XXXXXX7499,[REDACTED - Gautam Buddha Nagar],,ACTUAL
110514904784,Visakhapatnam,530016,1101,WER-2719017,"ABC, Bhiwandi, Mumbai, Maharashtra",400016,Mumbai,2026-02-20,2026-02-21,2026-02-25,2026-02-25,2026-02-25,Not Applicable,Prepaid,Delivered,ABD9D6B957,S*** C***,XXXXXX9171,[REDACTED - Visakhapatnam],,ACTUAL
101514663414,Bangalore,560010,1578,EWE-2756036,"ABC, Bhiwandi, Mumbai, Maharashtra",400016,Mumbai,2026-02-20,2026-02-21,2026-02-24,2026-02-24,2026-02-24,Not Applicable,Cod,Delivered,F50A2949BF,P*** C***,XXXXXX1037,[REDACTED - Bangalore],,ACTUAL
111014961457,Kurukshetra,136118,738,OTH-2138789,"ABC, Bhiwandi, Mumbai, Maharashtra",400016,Mumbai,2026-02-20,2026-02-21,2026-02-25,,2026-02-24,Customer refused delivery,Cod,RTO,684F1D6D56,R*** C***,XXXXXX8966,[REDACTED - Kurukshetra],,ACTUAL
110314886528,Jyotiba Phule Nagar,244221,747,CDG-2166375,"ABC, Bhiwandi, Mumbai, Maharashtra",400016,Mumbai,2026-02-20,2026-02-20,2026-02-23,2026-02-23,2026-02-24,Not Applicable,Prepaid,Delivered,933DD90FBF,A*** C***,XXXXXX6080,[REDACTED - Jyotiba Phule Nagar],,ACTUAL
110814949117,Ramgarh,829122,885,YZK-2017780,"ABC, Bhiwandi, Mumbai, Maharashtra",400016,Mumbai,2026-02-20,2026-02-21,2026-02-22,2026-02-22,2026-02-24,Not Applicable,Prepaid,Delivered,C34D5DEFC8,N*** C***,XXXXXX5924,[REDACTED - Ramgarh],,ACTUAL
110914960688,Jalandhar cantt.,144005,1288,ADX-2693671,"ABC, Bhiwandi, Mumbai, Maharashtra",400016,Mumbai,2026-02-20,2026-02-21,2026-02-24,2026-02-25,2026-02-25,Address issue,Cod,Delivered,3A7A122F55,Z*** C***,XXXXXX6353,[REDACTED - Jalandhar cantt.],,ACTUAL
110914956938,Jalandhar,144001,1090,YC-2704329,"ABC, Bhiwandi, Mumbai, Maharashtra",400016,Mumbai,2026-02-20,2026-02-21,2026-02-25,2026-02-25,2026-02-25,Not Applicable,Cod,Delivered,AAB5737897,S*** C***,XXXXXX6979,[REDACTED - Jalandhar],,ACTUAL
110714924571,Balaghat,481001,1520,XXC-1948343,"ABC, Bhiwandi, Mumbai, Maharashtra",400016,Mumbai,2026-02-20,2026-02-21,2026-02-22,2026-02-24,2026-02-25,Landmark missing,Prepaid,Delivered,14480B5F7A,S*** C***,XXXXXX1040,[REDACTED - Balaghat],,ACTUAL
110914960948,South West Delhi,110016,220,KRC-2686707,"ABC, Bhiwandi, Mumbai, Maharashtra",400016,Mumbai,2026-02-20,2026-02-21,2026-02-28,,2026-02-27,Customer not available,Cod,RTO,ED50932ECB,P*** C***,XXXXXX9035,[REDACTED - South West Delhi],,ACTUAL
110614923781,Ganganagar,335002,779,DDS-1975306,"ABC, Bhiwandi, Mumbai, Maharashtra",400016,Mumbai,2026-02-20,2026-02-21,2026-02-22,,2026-02-22,Address issue,Cod,RTO,CF3F60B5B3,P*** C***,XXXXXX1459,[REDACTED - Ganganagar],,ACTUAL
111014967395,North Delhi,110085,727,THD-2222942,"ABC, Bhiwandi, Mumbai, Maharashtra",400016,Mumbai,2026-02-20,2026-02-22,2026-02-27,2026-02-27,2026-02-25,Not Applicable,Prepaid,Delivered,222FC9D695,R*** C***,XXXXXX6226,[REDACTED - North Delhi],,ACTUAL
110914949571,Moradabad,244001,719,LNS-2632016,"ABC, Bhiwandi, Mumbai, Maharashtra",400016,Mumbai,2026-02-20,2026-02-21,2026-02-21,2026-02-22,2026-02-22,Delivery postponed by customer,Cod,Delivered,EA840C4E44,A*** C***,XXXXXX5660,[REDACTED - Moradabad],,ACTUAL
111014967396,North Delhi,110085,996,KQS-2673194,"ABC, Bhiwandi, Mumbai, Maharashtra",400016,Mumbai,2026-02-20,2026-02-21,2026-02-21,2026-02-22,2026-02-22,Landmark missing,Cod,Delivered,8806E51D9A,R*** C***,XXXXXX6226,[REDACTED - North Delhi],,ACTUAL
111114977760,Bangalore,560070,735,CB9-2376567,"ABC, Bhiwandi, Mumbai, Maharashtra",400016,Mumbai,2026-02-20,2026-02-22,2026-02-24,,2026-02-23,COD payment declined,Cod,RTO,C6349E6BCD,S*** C***,XXXXXX1535,[REDACTED - Bangalore],,ACTUAL
111014964993,Meerut,250401,1312,LSM-2715376,"ABC, Bhiwandi, Mumbai, Maharashtra",400016,Mumbai,2026-02-20,2026-02-22,,,2026-02-24,Not Applicable,Cod,In-Transit,A221E80565,H*** C***,XXXXXX7009,[REDACTED - Meerut],not_yet_attempted,ACTUAL
110814945751,Gautam Buddha Nagar,201304,1599,JJD-2709005,"ABC, Bhiwandi, Mumbai, Maharashtra",400016,Mumbai,2026-02-20,2026-02-22,2026-02-22,2026-02-22,2026-02-23,Customer not available,Cod,Delivered,B74422BE60,D*** C***,XXXXXX5938,[REDACTED - Gautam Buddha Nagar],,ACTUAL
110914959632,Navi Mumbai,400705,364,YSY-2373534,"ABC, Bhiwandi, Mumbai, Maharashtra",400016,Mumbai,2026-02-20,2026-02-22,2026-02-23,2026-02-23,2026-02-23,Not Applicable,Cod,Delivered,E0EEB651BD,G*** C***,XXXXXX0344,[REDACTED - Navi Mumbai],,ACTUAL
110914956590,CHANDIGARH,160061,1589,SRS-2363467,"ABC, Bhiwandi, Mumbai, Maharashtra",400016,Mumbai,2026-02-20,2026-02-21,2026-02-23,2026-02-23,2026-02-24,Not Applicable,Cod,Delivered,0B0AA18F01,S*** C***,XXXXXX2345,[REDACTED - CHANDIGARH],,ACTUAL
110814941627,Kannur,670621,1498,MSR-2425391,"ABC, Bhiwandi, Mumbai, Maharashtra",400016,Mumbai,2026-02-20,2026-02-22,2026-02-25,2026-02-25,2026-02-27,Not Applicable,Prepaid,Delivered,42B52B401D,A*** C***,XXXXXX6753,[REDACTED - Kannur],,ACTUAL
101914720014,Ghaziabad,201014,969,XHZ-2715065,"ABC, Bhiwandi, Mumbai, Maharashtra",400016,Mumbai,2026-02-20,2026-02-21,2026-03-01,2026-03-01,2026-02-27,Not Applicable,Prepaid,Delivered,E699569D0E,G*** C***,XXXXXX6821,[REDACTED - Ghaziabad],,ACTUAL
103014839261,North Delhi,110085,499,DCH-2525412,"ABC, Bhiwandi, Mumbai, Maharashtra",400016,Mumbai,2026-02-20,2026-02-20,2026-02-22,2026-02-23,2026-02-23,Address issue,Cod,Delivered,9F9C65B01E,S*** C***,XXXXXX4532,[REDACTED - North Delhi],,ACTUAL
110314879210,Gurgaon,122003,1350,LJA-2762311,"ABC, Bhiwandi, Mumbai, Maharashtra",400016,Mumbai,2026-02-20,2026-02-21,2026-02-23,2026-02-24,2026-02-26,Address issue,Prepaid,Delivered,23D61F25FB,H*** C***,XXXXXX3902,[REDACTED - Gurgaon],,ACTUAL
110714924798,Faizabad,224001,426,DH-2586790,"ABC, Bhiwandi, Mumbai, Maharashtra",400016,Mumbai,2026-02-20,2026-02-21,2026-02-25,2026-02-25,2026-02-24,Not Applicable,Prepaid,Delivered,F1D8E811F8,V*** C***,XXXXXX3003,[REDACTED - Faizabad],,ACTUAL
110814947356,Krishna,521175,632,FP-2627751,"ABC, Bhiwandi, Mumbai, Maharashtra",400016,Mumbai,2026-02-20,2026-02-22,2026-02-26,,2026-02-25,Phone not reachable,Cod,RTO,548F9FAC7F,K*** C***,XXXXXX7738,[REDACTED - Krishna],,ACTUAL
102414782873,Gurgaon,122001,1058,JIX-2766530,"ABC, Bhiwandi, Mumbai, Maharashtra",400016,Mumbai,2026-02-20,2026-02-21,2026-02-22,2026-02-22,2026-02-23,Not Applicable,Cod,Delivered,C9261D8EE2,N*** C***,XXXXXX4860,[REDACTED - Gurgaon],,ACTUAL
110814944062,Thane,421302,1199,YLA-2711441,"ABC, Bhiwandi, Mumbai, Maharashtra",400016,Mumbai,2026-02-20,2026-02-23,2026-02-27,,2026-02-26,Customer cancelled order,Cod,RTO,965556A626,A*** C***,XXXXXX4377,[REDACTED - Thane],,ACTUAL
110714936563,Shivpuri,473551,852,YGS-2437093,"ABC, Bhiwandi, Mumbai, Maharashtra",400016,Mumbai,2026-02-20,2026-02-21,2026-02-23,2026-02-23,2026-02-24,Not Applicable,Cod,Delivered,C729B65E24,G*** C***,XXXXXX5153,[REDACTED - Shivpuri],,ACTUAL
110714936347,Shivpuri,473551,779,CDY-2622204,"ABC, Bhiwandi, Mumbai, Maharashtra",400016,Mumbai,2026-02-20,2026-02-22,2026-02-24,,2026-02-23,COD payment declined,Cod,RTO,5062F96AC3,G*** C***,XXXXXX5153,[REDACTED - Shivpuri],,ACTUAL
110614923743,Shivpuri,473551,9622,FUF-2314081,"ABC, Bhiwandi, Mumbai, Maharashtra",400016,Mumbai,2026-02-20,2026-02-22,,,2026-02-25,Not Applicable,Prepaid,Lost,36FCE7EDFC,G*** C***,XXXXXX5153,[REDACTED - Shivpuri],high_value_order,ACTUAL
111114977723,Bangalore,560077,2209,SRS-1941417,"ABC, Bhiwandi, Mumbai, Maharashtra",400016,Mumbai,2026-02-20,2026-02-21,2026-02-27,,2026-02-25,Customer not available,Cod,RTO,7382572481,R*** C***,XXXXXX4369,[REDACTED - Bangalore],,ACTUAL
110714933594,Panchkula,134112,350,FWS-2722688,"ABC, Bhiwandi, Mumbai, Maharashtra",400016,Mumbai,2026-02-20,2026-02-21,2026-02-22,2026-02-22,2026-02-23,Not Applicable,Cod,Delivered,B76AB2971F,A*** C***,XXXXXX4281,[REDACTED - Panchkula],,ACTUAL
110814944308,Garhwa,822124,613,YGS-1979851,"ABC, Bhiwandi, Mumbai, Maharashtra",400016,Mumbai,2026-02-20,2026-02-21,2026-02-22,2026-02-22,2026-02-23,Not Applicable,Cod,Delivered,893F042920,D*** C***,XXXXXX4447,[REDACTED - Garhwa],,ACTUAL
110914957556,East Delhi,110092,649,CRH-2696491,"ABC, Bhiwandi, Mumbai, Maharashtra",400016,Mumbai,2026-02-20,2026-02-21,2026-02-23,2026-02-24,2026-02-26,Delivery postponed by customer,Cod,Delivered,EE95DC2369,K*** C***,XXXXXX3573,[REDACTED - East Delhi],,ACTUAL
110914952905,Bangalore,560084,902,YKL-2257958,"ABC, Bhiwandi, Mumbai, Maharashtra",400016,Mumbai,2026-02-20,2026-02-21,2026-02-24,2026-02-24,2026-02-26,Not Applicable,Prepaid,Delivered,E64A84DFB6,P*** C***,XXXXXX0921,[REDACTED - Bangalore],,ACTUAL
110214868415,Ahmed Nagar,414001,299,CRH-2696704,"ABC, Bhiwandi, Mumbai, Maharashtra",400016,Mumbai,2026-02-20,2026-02-22,2026-02-24,2026-02-24,2026-02-25,Not Applicable,Cod,Delivered,67DBB5DA3A,S*** C***,XXXXXX5949,[REDACTED - Ahmed Nagar],,ACTUAL
110614919216,Panipat,132101,649,EWE-2751294,"ABC, Bhiwandi, Mumbai, Maharashtra",400016,Mumbai,2026-02-20,2026-02-21,2026-02-24,2026-02-25,2026-02-26,Delivery postponed by customer,Cod,Delivered,94588727E3,D*** C***,XXXXXX6574,[REDACTED - Panipat],,ACTUAL
110114853302,Mohali,160103,828,GLT-2718342,"ABC, Bhiwandi, Mumbai, Maharashtra",400016,Mumbai,2026-02-20,2026-02-21,2026-02-21,2026-02-21,2026-02-22,Not Applicable,Cod,Delivered,E34C196497,R*** C***,XXXXXX4877,[REDACTED - Mohali],,ACTUAL
110114853293,Mohali,160103,777,GLT-2718264,"ABC, Bhiwandi, Mumbai, Maharashtra",400016,Mumbai,2026-02-20,2026-02-22,2026-02-24,2026-02-25,2026-02-26,Address issue,Prepaid,Delivered,45B1853BCA,R*** C***,XXXXXX4877,[REDACTED - Mohali],,ACTUAL
110814944495,Surat,394350,1123,WER-2669684,"ABC, Bhiwandi, Mumbai, Maharashtra",400016,Mumbai,2026-02-20,2026-02-21,2026-02-24,2026-02-24,2026-02-24,Not Applicable,Cod,Delivered,F98F0E0BFF,B*** C***,XXXXXX5225,[REDACTED - Surat],,ACTUAL
102614795725,Rajkot,363641,2654,DIZ-2589155,"ABC, Bhiwandi, Mumbai, Maharashtra",400016,Mumbai,2026-02-20,2026-02-21,2026-02-23,,2026-02-22,Customer not available,Cod,RTO,A329D82C79,K*** C***,XXXXXX2424,[REDACTED - Rajkot],high_value_order,ACTUAL
110514906613,Rajkot,363641,1511,EWE-2702002,"ABC, Bhiwandi, Mumbai, Maharashtra",400016,Mumbai,2026-02-20,2026-02-21,2026-02-27,2026-02-27,2026-02-28,Not Applicable,Cod,Delivered,D4AEBA6FDD,K*** C***,XXXXXX2424,[REDACTED - Rajkot],,ACTUAL
111114975392,Mumbai,400102,779,VBB-2526136,"ABC, Bhiwandi, Mumbai, Maharashtra",400016,Mumbai,2026-02-20,2026-02-20,2026-02-26,2026-02-26,2026-02-26,Not Applicable,Cod,Delivered,563DA7CE2C,S*** C***,XXXXXX4244,[REDACTED - Mumbai],,ACTUAL
110514905325,Thrissur,680569,777,0PQ-2460939,"ABC, Bhiwandi, Mumbai, Maharashtra",400016,Mumbai,2026-02-20,2026-02-21,2026-02-24,2026-02-24,2026-02-26,Not Applicable,Prepaid,Delivered,3FBDF6D895,B*** C***,XXXXXX2949,[REDACTED - Thrissur],,ACTUAL
110814946477,Surat,394350,894,JUV-2638402,"ABC, Bhiwandi, Mumbai, Maharashtra",400016,Mumbai,2026-02-20,2026-02-21,2026-02-24,2026-02-24,2026-02-25,Not Applicable,Prepaid,Delivered,B1FDD41FA1,B*** C***,XXXXXX5225,[REDACTED - Surat],,ACTUAL
110514907087,Pune,411060,564,HBK-2233567,"ABC, Bhiwandi, Mumbai, Maharashtra",400016,Mumbai,2026-02-20,2026-02-22,2026-02-27,,2026-02-26,Customer refused delivery,Cod,RTO,FBD8E8F260,T*** C***,XXXXXX4870,[REDACTED - Pune],,ACTUAL
110914954107,Gautam Buddha Nagar,201301,967,LMS-2617167,"ABC, Bhiwandi, Mumbai, Maharashtra",400016,Mumbai,2026-02-20,2026-02-21,2026-02-24,2026-02-25,2026-02-22,Address issue,Prepaid,Delivered,6FFF9D0339,D*** C***,XXXXXX0522,[REDACTED - Gautam Buddha Nagar],,ACTUAL
110614919672,Surat,395009,2789,FUF-2588334,"ABC, Bhiwandi, Mumbai, Maharashtra",400016,Mumbai,2026-02-20,2026-02-20,2026-02-22,2026-02-22,2026-02-23,Not Applicable,Cod,Delivered,E02EF94D5F,V*** C***,XXXXXX1800,[REDACTED - Surat],high_value_order,ACTUAL
110614919671,Surat,395009,691,XXC-2698915,"ABC, Bhiwandi, Mumbai, Maharashtra",400016,Mumbai,2026-02-20,2026-02-23,2026-02-27,,2026-02-26,Customer refused delivery,Cod,RTO,F2D2E95C9C,V*** C***,XXXXXX1800,[REDACTED - Surat],,ACTUAL
110614919637,Surat,395009,1947,DUE-1794509,"ABC, Bhiwandi, Mumbai, Maharashtra",400016,Mumbai,2026-02-20,2026-02-22,2026-02-28,2026-02-28,2026-02-27,Not Applicable,Cod,Delivered,0671BD7F2F,V*** C***,XXXXXX1800,[REDACTED - Surat],,ACTUAL
110614917137,Bangalore,560037,899,PCL-1705560,"ABC, Bhiwandi, Mumbai, Maharashtra",400016,Mumbai,2026-02-20,2026-02-20,2026-02-26,2026-02-26,2026-02-23,Not Applicable,Cod,Delivered,40BBDE2743,M*** C***,XXXXXX3521,[REDACTED - Bangalore],,ACTUAL
110514901315,East Khasi Hills,793006,1384,WEY-2607701,"ABC, Bhiwandi, Mumbai, Maharashtra",400016,Mumbai,2026-02-20,2026-02-21,2026-02-22,,2026-02-22,Phone not reachable,Cod,RTO,B93301CE58,H*** C***,XXXXXX3347,[REDACTED - East Khasi Hills],,ACTUAL
110814942918,Siwan,841233,521,THD-1804174,"ABC, Bhiwandi, Mumbai, Maharashtra",400016,Mumbai,2026-02-20,2026-02-22,2026-02-26,2026-02-26,2026-02-26,Not Applicable,Cod,Delivered,47E2DC8AD8,S*** C***,XXXXXX4459,[REDACTED - Siwan],,ACTUAL
110814945074,Pune,412105,680,ABL-1518879,"ABC, Bhiwandi, Mumbai, Maharashtra",400016,Mumbai,2026-02-20,2026-02-21,2026-02-22,2026-02-23,2026-02-24,Customer requested re-attempt,Cod,Delivered,521B76119D,P*** C***,XXXXXX5051,[REDACTED - Pune],,ACTUAL
110914950930,SURAT,395002,613,DYZ-2749007,"ABC, Bhiwandi, Mumbai, Maharashtra",400016,Mumbai,2026-02-20,2026-02-21,2026-02-23,2026-02-23,2026-02-25,Not Applicable,Prepaid,Delivered,AFFA05264F,D*** C***,XXXXXX9152,[REDACTED - SURAT],,ACTUAL
110414894843,Jaipur,302031,591,WER-2322584,"ABC, Bhiwandi, Mumbai, Maharashtra",400016,Mumbai,2026-02-20,2026-02-21,2026-02-23,2026-02-23,2026-02-24,Not Applicable,Prepaid,Delivered,79DF5E4409,P*** C***,XXXXXX5145,[REDACTED - Jaipur],,ACTUAL
110114861808,Chandigarh,160047,2229,BUV-2722381,"ABC, Bhiwandi, Mumbai, Maharashtra",400016,Mumbai,2026-02-20,2026-02-22,2026-02-23,2026-02-23,2026-02-24,Not Applicable,Prepaid,Delivered,DA87C12448,N*** C***,XXXXXX6290,[REDACTED - Chandigarh],,ACTUAL
110414897393,East Khasi Hills,793008,398,YSY-2373533,"ABC, Bhiwandi, Mumbai, Maharashtra",400016,Mumbai,2026-02-20,2026-02-21,2026-02-25,2026-02-25,2026-02-26,Not Applicable,Prepaid,Delivered,E2DD17AF82,B*** C***,XXXXXX0162,[REDACTED - East Khasi Hills],,ACTUAL
111014966601,Meerut,250004,1382,CBS-2698726,"ABC, Bhiwandi, Mumbai, Maharashtra",400016,Mumbai,2026-02-20,2026-02-22,2026-02-27,,2026-02-25,Landmark missing,Cod,RTO,FD5EF2061C,A*** C***,XXXXXX5648,[REDACTED - Meerut],,ACTUAL
110814941147,Bhavnagar,364740,561,XXC-1948343,"ABC, Bhiwandi, Mumbai, Maharashtra",400016,Mumbai,2026-02-20,2026-02-20,2026-02-22,2026-02-23,2026-02-24,Address issue,Cod,Delivered,8FFB994DEC,L*** C***,XXXXXX8233,[REDACTED - Bhavnagar],,ACTUAL
101514657000,Idukki,685585,2468,YZK-2754784,"ABC, Bhiwandi, Mumbai, Maharashtra",400016,Mumbai,2026-02-20,2026-02-21,2026-02-24,,2026-02-23,Phone not reachable,Prepaid,RTO,33A97AA2AF,N*** C***,XXXXXX2954,[REDACTED - Idukki],,ACTUAL
110814943045,Idukki,685585,634,AIC-2390556,"ABC, Bhiwandi, Mumbai, Maharashtra",400016,Mumbai,2026-02-20,2026-02-21,2026-02-22,2026-02-22,2026-02-24,Not Applicable,Cod,Delivered,6C37113F7B,N*** C***,XXXXXX2954,[REDACTED - Idukki],,ACTUAL
111014966717,West Delhi,110087,499,JJS-2721456,"ABC, Bhiwandi, Mumbai, Maharashtra",400016,Mumbai,2026-02-20,2026-02-22,2026-03-03,2026-03-03,2026-02-28,Not Applicable,Prepaid,Delivered,45D3D3A719,S*** C***,XXXXXX4250,[REDACTED - West Delhi],,ACTUAL
110714930224,RANCHI,834009,691,KQS-2673244,"ABC, Bhiwandi, Mumbai, Maharashtra",400016,Mumbai,2026-02-20,2026-02-23,2026-02-28,,2026-02-27,Address issue,Cod,RTO,833A26DBB4,S*** C***,XXXXXX1350,[REDACTED - RANCHI],,ACTUAL
110114860709,Rupnagar,160062,899,ZIQ-2689933,"ABC, Bhiwandi, Mumbai, Maharashtra",400016,Mumbai,2026-02-20,2026-02-22,2026-03-05,,2026-02-27,Address issue,Cod,Out of delivery,A8C92E9C79,A*** C***,XXXXXX4002,[REDACTED - Rupnagar],,ACTUAL
110714935649,Dakshina Kannada,574150,1104,KMC-1416589,"ABC, Bhiwandi, Mumbai, Maharashtra",400016,Mumbai,2026-02-20,2026-02-22,2026-02-23,2026-02-24,2026-02-24,Delivery postponed by customer,Cod,Delivered,5B760E36A6,V*** C***,XXXXXX7532,[REDACTED - Dakshina Kannada],,ACTUAL
110714929752,Kanchipuram,603202,1399,SRS-1868934,"ABC, Bhiwandi, Mumbai, Maharashtra",400016,Mumbai,2026-02-20,2026-02-20,2026-02-23,2026-02-23,2026-02-23,Not Applicable,Cod,Delivered,D981AD7CA8,J*** C***,XXXXXX6828,[REDACTED - Kanchipuram],,ACTUAL
110914957696,Bangalore,560008,1565,LSM-2748454,"ABC, Bhiwandi, Mumbai, Maharashtra",400016,Mumbai,2026-02-20,2026-02-22,2026-02-25,,2026-02-25,Address issue,Cod,RTO,1FCC3E4998,D*** C***,XXXXXX0603,[REDACTED - Bangalore],,ACTUAL
110814948916,East Delhi,110096,1378,EWE-2751221,"ABC, Bhiwandi, Mumbai, Maharashtra",400016,Mumbai,2026-02-20,2026-02-20,2026-02-24,,2026-02-23,COD payment declined,Cod,RTO,D2E0E08463,G*** C***,XXXXXX7387,[REDACTED - East Delhi],,ACTUAL
110914951889,Noida (Greater Noida),201301,1047,YZK-2736787,"ABC, Bhiwandi, Mumbai, Maharashtra",400016,Mumbai,2026-02-20,2026-02-21,2026-03-01,,2026-02-28,Customer refused delivery,Cod,RTO,4C7932A5F0,n*** C***,XXXXXX5908,[REDACTED - Noida (Greater Noida)],,ACTUAL
102514788377,Bangalore,560072,539,KNT-2759854,"ABC, Bhiwandi, Mumbai, Maharashtra",400016,Mumbai,2026-02-20,2026-02-21,2026-02-21,2026-02-21,2026-02-23,Not Applicable,Cod,Delivered,F24FD9CCFD,S*** C***,XXXXXX4120,[REDACTED - Bangalore],,ACTUAL
110514906432,Hyderabad,500011,499,YWB-2509818,"ABC, Bhiwandi, Mumbai, Maharashtra",400016,Mumbai,2026-02-20,2026-02-21,2026-02-21,2026-02-21,2026-02-23,Delivery postponed by customer,Prepaid,Delivered,9E786DA320,J*** C***,XXXXXX0940,[REDACTED - Hyderabad],,ACTUAL
110514899655,Bellary,583201,619,SN-2159845,"ABC, Bhiwandi, Mumbai, Maharashtra",400016,Mumbai,2026-02-20,2026-02-21,2026-02-26,2026-02-26,2026-02-26,Not Applicable,Cod,Delivered,10D323C661,M*** C***,XXXXXX1242,[REDACTED - Bellary],,ACTUAL
111014965881,Pune,411057,1500,AMG-2726952,"ABC, Bhiwandi, Mumbai, Maharashtra",400016,Mumbai,2026-02-20,2026-02-21,2026-02-27,2026-02-27,2026-02-25,Not Applicable,Cod,Delivered,DE9455F96E,M*** C***,XXXXXX3977,[REDACTED - Pune],,ACTUAL
110614918938,East Sikkim,737134,1113,SN-2392386,"ABC, Bhiwandi, Mumbai, Maharashtra",400016,Mumbai,2026-02-20,2026-02-22,2026-02-23,2026-02-23,2026-02-25,Not Applicable,Cod,Delivered,0EBB7893A5,c*** C***,XXXXXX2205,[REDACTED - East Sikkim],,ACTUAL
102914821934,Jorhat,785703,650,PLI-2753952,"ABC, Bhiwandi, Mumbai, Maharashtra",400016,Mumbai,2026-02-20,2026-02-23,2026-02-24,2026-02-24,2026-02-25,Not Applicable,Prepaid,Delivered,4971852673,M*** C***,XXXXXX7266,[REDACTED - Jorhat],,ACTUAL
110914956289,NOIDA,201301,1175,SRS-1809731,"ABC, Bhiwandi, Mumbai, Maharashtra",400016,Mumbai,2026-02-20,2026-02-22,2026-02-25,,2026-02-24,Customer refused delivery,Cod,RTO,FFD5F45304,H*** C***,XXXXXX7743,[REDACTED - NOIDA],,ACTUAL
100914570859,Patna,800013,1269,SN-2743982,"ABC, Bhiwandi, Mumbai, Maharashtra",400016,Mumbai,2026-02-20,2026-02-22,2026-02-27,2026-02-27,2026-02-24,Not Applicable,Prepaid,Delivered,C3325173BB,S*** C***,XXXXXX4206,[REDACTED - Patna],,ACTUAL
110914952479,Chennai,600017,533,FUF-2314081,"ABC, Bhiwandi, Mumbai, Maharashtra",400016,Mumbai,2026-02-20,2026-02-21,2026-02-21,2026-02-21,2026-02-22,Not Applicable,Cod,Delivered,A8CA9FE320,A*** C***,XXXXXX6668,[REDACTED - Chennai],,ACTUAL
102214750930,Bangalore,560076,1399,JJD-2673140,"ABC, Bhiwandi, Mumbai, Maharashtra",400016,Mumbai,2026-02-20,2026-02-21,2026-02-25,,2026-02-25,Customer not available,Cod,RTO,73B4EDB929,D*** C***,XXXXXX1741,[REDACTED - Bangalore],,ACTUAL
110414889157,Kamrup,781017,1280,SB9-2091021,"ABC, Bhiwandi, Mumbai, Maharashtra",400016,Mumbai,2026-02-20,2026-02-21,2026-02-26,,2026-02-26,Phone not reachable,Cod,RTO,AA84D657F9,M*** C***,XXXXXX8226,[REDACTED - Kamrup],,ACTUAL
110414889188,Kamrup,781017,644,SB9-2091023,"ABC, Bhiwandi, Mumbai, Maharashtra",400016,Mumbai,2026-02-20,2026-02-22,2026-02-23,2026-02-23,2026-02-24,Not Applicable,Cod,Delivered,66D38B31F4,M*** C***,XXXXXX8226,[REDACTED - Kamrup],,ACTUAL
110414895916,Kamrup,781017,1950,MBC-2602006,"ABC, Bhiwandi, Mumbai, Maharashtra",400016,Mumbai,2026-02-20,2026-02-21,,,2026-02-28,Not Applicable,Cod,In-Transit,C9C15589ED,M*** C***,XXXXXX8226,[REDACTED - Kamrup],not_yet_attempted,ACTUAL
110414895932,Kamrup,781017,1950,MBC-2631302,"ABC, Bhiwandi, Mumbai, Maharashtra",400016,Mumbai,2026-02-20,2026-02-23,2026-02-27,,2026-02-27,Customer cancelled order,Cod,RTO,88AB530C2E,M*** C***,XXXXXX8226,[REDACTED - Kamrup],,ACTUAL
110614920832,Kheri,262701,1015,ABL-1623622,"ABC, Bhiwandi, Mumbai, Maharashtra",400016,Mumbai,2026-02-20,2026-02-21,2026-02-24,2026-02-24,2026-02-24,Not Applicable,Cod,Delivered,D8D6C9182B,S*** C***,XXXXXX5264,[REDACTED - Kheri],,ACTUAL
110714926705,Sangrur,148026,717,QTH-2264600,"ABC, Bhiwandi, Mumbai, Maharashtra",400016,Mumbai,2026-02-20,2026-02-21,2026-02-24,2026-02-24,2026-02-24,Not Applicable,Cod,Delivered,5AEBFA6295,A*** C***,XXXXXX5358,[REDACTED - Sangrur],,ACTUAL
110614914276,South Goa,403602,646,FUF-2679387,"ABC, Bhiwandi, Mumbai, Maharashtra",400016,Mumbai,2026-02-20,2026-02-21,2026-02-26,,2026-02-25,COD payment declined,Cod,RTO,FC87F22FBE,P*** C***,XXXXXX5627,[REDACTED - South Goa],,ACTUAL
110314882074,Dhemaji,787059,859,WER-1506643,"ABC, Bhiwandi, Mumbai, Maharashtra",400016,Mumbai,2026-02-20,2026-02-23,2026-02-26,2026-02-27,2026-02-27,Address issue,Cod,Delivered,B45CE22D97,A*** C***,XXXXXX6935,[REDACTED - Dhemaji],,ACTUAL
110614918223,Kalahandi,766014,853,WER-2644479,"ABC, Bhiwandi, Mumbai, Maharashtra",400016,Mumbai,2026-02-20,2026-02-21,2026-02-28,2026-02-28,2026-02-28,Not Applicable,Cod,Delivered,40253D5B07,M*** C***,XXXXXX0505,[REDACTED - Kalahandi],,ACTUAL
110714933854,Bangalore,560078,1350,AMG-2619877,"ABC, Bhiwandi, Mumbai, Maharashtra",400016,Mumbai,2026-02-20,2026-02-22,2026-02-26,2026-02-26,2026-02-27,Not Applicable,Cod,Delivered,730B8D36D2,P*** C***,XXXXXX0409,[REDACTED - Bangalore],,ACTUAL
103014835846,Shimla,171001,699,JJD-2609918,"ABC, Bhiwandi, Mumbai, Maharashtra",400016,Mumbai,2026-02-20,2026-02-21,2026-02-21,2026-02-23,2026-02-24,Phone not reachable,Prepaid,Delivered,22F44E15D9,A*** C***,XXXXXX6036,[REDACTED - Shimla],,ACTUAL
110214867405,Rajkot,360004,1250,MBC-2729596,"ABC, Bhiwandi, Mumbai, Maharashtra",400016,Mumbai,2026-02-21,2026-02-21,2026-02-24,2026-02-24,2026-02-25,Not Applicable,Prepaid,Delivered,2FF836711C,S*** C***,XXXXXX8885,[REDACTED - Rajkot],,ACTUAL
101214614906,Thrissur,680010,376,MKB-2318421,"ABC, Bhiwandi, Mumbai, Maharashtra",400016,Mumbai,2026-02-21,2026-02-23,2026-03-01,,2026-02-27,Address issue,Cod,RTO,AB9CF034FF,A*** C***,XXXXXX1558,[REDACTED - Thrissur],,ACTUAL
102314765697,Udham Singh Nagar,263152,4234,NCF-2361888,"ABC, Bhiwandi, Mumbai, Maharashtra",400016,Mumbai,2026-02-21,2026-02-22,2026-02-25,2026-02-25,2026-02-26,Not Applicable,Cod,Delivered,CDB20400B3,S*** C***,XXXXXX4000,[REDACTED - Udham Singh Nagar],high_value_order,ACTUAL
110614924079,Pakur,816107,520,WYT-2221131,"ABC, Bhiwandi, Mumbai, Maharashtra",400016,Mumbai,2026-02-21,2026-02-22,2026-02-27,2026-02-27,2026-02-27,Not Applicable,Cod,Delivered,34F70DACE7,K*** C***,XXXXXX6696,[REDACTED - Pakur],,ACTUAL
110814949473,Mumbai,400016,322,MHH-2202630,"ABC, Bhiwandi, Mumbai, Maharashtra",400016,Mumbai,2026-02-21,2026-02-21,2026-02-24,2026-02-25,2026-02-24,Customer requested re-attempt,Cod,Delivered,C71E8B669D,j*** C***,XXXXXX9180,[REDACTED - Mumbai],,ACTUAL
110414887786,Mumbai,400058,669,EWE-2751150,"ABC, Bhiwandi, Mumbai, Maharashtra",400016,Mumbai,2026-02-21,2026-02-22,2026-02-24,2026-02-25,2026-02-25,Customer not available,Cod,Delivered,E1E5755F0E,A*** C***,XXXXXX5230,[REDACTED - Mumbai],,ACTUAL
110414890985,Tikamgarh,472442,499,JJS-2754407,"ABC, Bhiwandi, Mumbai, Maharashtra",400016,Mumbai,2026-02-21,2026-02-22,2026-02-25,2026-02-25,2026-02-27,Not Applicable,Cod,Delivered,3EC0893C85,H*** C***,XXXXXX3589,[REDACTED - Tikamgarh],,ACTUAL
110414888129,Bangalore,560038,777,RUO-2562841,"ABC, Bhiwandi, Mumbai, Maharashtra",400016,Mumbai,2026-02-21,2026-02-22,2026-03-05,,2026-02-24,Delivery postponed by customer,Cod,Out of delivery,FF021F1E0D,S*** C***,XXXXXX9596,[REDACTED - Bangalore],,ACTUAL
110614924150,South Delhi,110017,315,OJO-2703797,"ABC, Bhiwandi, Mumbai, Maharashtra",400016,Mumbai,2026-02-21,2026-02-22,2026-02-26,,2026-02-25,Landmark missing,Cod,RTO,93F1D9C201,R*** C***,XXXXXX4622,[REDACTED - South Delhi],,ACTUAL
101314625257,Amravati,444606,749,BCC-2744555,"ABC, Bhiwandi, Mumbai, Maharashtra",400016,Mumbai,2026-02-21,2026-02-23,2026-02-28,,2026-02-27,Landmark missing,Cod,RTO,F862CF3537,S*** C***,XXXXXX9986,[REDACTED - Amravati],,ACTUAL
102014731554,Debagarh,768108,799,LJA-2762382,"ABC, Bhiwandi, Mumbai, Maharashtra",400016,Mumbai,2026-02-21,2026-02-22,2026-02-22,2026-02-25,2026-02-24,Phone not reachable,Cod,Delivered,37E2FCB969,S*** C***,XXXXXX7207,[REDACTED - Debagarh],,ACTUAL
110414892439,Kangra,176215,359,PUV-2673755,"ABC, Bhiwandi, Mumbai, Maharashtra",400016,Mumbai,2026-02-21,2026-02-22,2026-02-25,2026-02-25,2026-02-26,Not Applicable,Prepaid,Delivered,EF540F2194,T*** C***,XXXXXX8515,[REDACTED - Kangra],,ACTUAL
110214865730,Gurgaon,122001,1209,SCR-2033949,"ABC, Bhiwandi, Mumbai, Maharashtra",400016,Mumbai,2026-02-21,2026-02-23,2026-02-25,2026-02-26,2026-02-25,Phone not reachable,Prepaid,Delivered,EDF1523212,a*** C***,XXXXXX3932,[REDACTED - Gurgaon],,ACTUAL
102714808925,South Goa,403601,483,FUF-2359413,"ABC, Bhiwandi, Mumbai, Maharashtra",400016,Mumbai,2026-02-21,2026-02-22,2026-02-22,2026-02-23,2026-02-25,Landmark missing,Prepaid,Delivered,0725FBC1CB,N*** C***,XXXXXX8363,[REDACTED - South Goa],,ACTUAL
110514911162,South Goa,403601,779,YZK-2731871,"ABC, Bhiwandi, Mumbai, Maharashtra",400016,Mumbai,2026-02-21,2026-02-23,2026-03-01,2026-03-01,2026-03-01,Not Applicable,Cod,Delivered,49D0B4B4C1,N*** C***,XXXXXX8363,[REDACTED - South Goa],,ACTUAL
110514900884,Kurnool,518501,1162,MDX-2424290,"ABC, Bhiwandi, Mumbai, Maharashtra",400016,Mumbai,2026-02-21,2026-02-22,2026-02-24,2026-02-24,2026-02-26,Not Applicable,Cod,Delivered,1F77027FD7,S*** C***,XXXXXX3919,[REDACTED - Kurnool],,ACTUAL
110314886190,Jyotiba Phule Nagar,244225,1123,XHZ-2667760,"ABC, Bhiwandi, Mumbai, Maharashtra",400016,Mumbai,2026-02-21,2026-02-22,2026-02-23,2026-02-23,2026-02-24,Not Applicable,Cod,Delivered,8E538038CC,F*** C***,XXXXXX7049,[REDACTED - Jyotiba Phule Nagar],,ACTUAL
110314885979,Raichur,584123,1339,SCR-2033860,"ABC, Bhiwandi, Mumbai, Maharashtra",400016,Mumbai,2026-02-21,2026-02-22,2026-02-23,2026-02-23,2026-02-23,Not Applicable,Prepaid,Delivered,E955EEAEA5,P*** C***,XXXXXX2447,[REDACTED - Raichur],,ACTUAL
110314885885,Raichur,584123,1231,YTS-2065167,"ABC, Bhiwandi, Mumbai, Maharashtra",400016,Mumbai,2026-02-21,2026-02-22,2026-02-24,,2026-02-23,Customer refused delivery,Cod,RTO,31CD54AAC2,P*** C***,XXXXXX2447,[REDACTED - Raichur],,ACTUAL
101714684593,Satna,485771,1029,ZHY-2738704,"ABC, Bhiwandi, Mumbai, Maharashtra",400016,Mumbai,2026-02-21,2026-02-22,2026-02-22,2026-02-22,2026-02-24,Not Applicable,Prepaid,Delivered,67E68B0038,V*** C***,XXXXXX5526,[REDACTED - Satna],,ACTUAL
110614921804,Pune,411041,2252,SRS-2660249,"ABC, Bhiwandi, Mumbai, Maharashtra",400016,Mumbai,2026-02-21,2026-02-23,2026-03-02,2026-03-02,2026-02-27,Not Applicable,Cod,Delivered,366C44A89A,P*** C***,XXXXXX1128,[REDACTED - Pune],,ACTUAL
110614921409,Thane,401105,433,XLN-1841976,"ABC, Bhiwandi, Mumbai, Maharashtra",400016,Mumbai,2026-02-21,2026-02-23,2026-02-25,2026-02-26,2026-02-27,Customer not available,Cod,Delivered,77D0810EA6,S*** C***,XXXXXX2265,[REDACTED - Thane],,ACTUAL
110414892833,Mumbai,400066,509,XIC-2654513,"ABC, Bhiwandi, Mumbai, Maharashtra",400016,Mumbai,2026-02-21,2026-02-22,2026-02-27,,2026-02-26,Customer not available,Cod,RTO,EA52781B01,P*** C***,XXXXXX7169,[REDACTED - Mumbai],,ACTUAL
110914953643,BANGALORE,560049,1490,BCC-2435008,"ABC, Bhiwandi, Mumbai, Maharashtra",400016,Mumbai,2026-02-21,2026-02-22,2026-02-26,,2026-02-24,Phone not reachable,Cod,RTO,9484A5DA81,s*** C***,XXXXXX7444,[REDACTED - BANGALORE],,ACTUAL
110414892820,Mumbai,400066,1458,SRS-1707546,"ABC, Bhiwandi, Mumbai, Maharashtra",400016,Mumbai,2026-02-21,2026-02-23,2026-03-01,2026-03-01,2026-02-26,Not Applicable,Cod,Delivered,5B6761CF7D,P*** C***,XXXXXX7169,[REDACTED - Mumbai],,ACTUAL
110614918797,East Godavari,533464,383,JFG-2506125,"ABC, Bhiwandi, Mumbai, Maharashtra",400016,Mumbai,2026-02-21,2026-02-22,2026-02-26,,2026-02-25,Customer cancelled order,Cod,RTO,239AFBF7AD,V*** C***,XXXXXX5443,[REDACTED - East Godavari],,ACTUAL
110414889597,Papum Pare,791110,349,TSX-2717091,"ABC, Bhiwandi, Mumbai, Maharashtra",400016,Mumbai,2026-02-21,2026-02-22,2026-02-26,2026-02-28,2026-02-28,Customer requested re-attempt,Cod,Delivered,F3C0B6EE8D,M*** C***,XXXXXX5785,[REDACTED - Papum Pare],,ACTUAL
110614920305,Bangalore,560016,1886,FWS-2735541,"ABC, Bhiwandi, Mumbai, Maharashtra",400016,Mumbai,2026-02-21,2026-02-22,2026-02-24,2026-02-24,2026-02-24,Not Applicable,Cod,Delivered,8C489BFEDE,T*** C***,XXXXXX9578,[REDACTED - Bangalore],,ACTUAL
110614918234,Nashik,422101,898,THD-2527728,"ABC, Bhiwandi, Mumbai, Maharashtra",400016,Mumbai,2026-02-21,2026-02-22,2026-02-24,2026-02-25,2026-02-25,Customer requested re-attempt,Cod,Delivered,CE7D093703,j*** C***,XXXXXX2433,[REDACTED - Nashik],,ACTUAL
110714936029,Kanchipuram,600096,757,OTH-2441503,"ABC, Bhiwandi, Mumbai, Maharashtra",400016,Mumbai,2026-02-21,2026-02-22,2026-02-26,2026-02-26,2026-02-25,Not Applicable,Cod,Delivered,687548FB62,V*** C***,XXXXXX1992,[REDACTED - Kanchipuram],,ACTUAL
110714925268,Mumbai,400054,767,EWE-2394541,"ABC, Bhiwandi, Mumbai, Maharashtra",400016,Mumbai,2026-02-21,2026-02-23,2026-02-23,2026-02-24,2026-02-26,Delivery postponed by customer,Cod,Delivered,84DB286E7F,A*** C***,XXXXXX3833,[REDACTED - Mumbai],,ACTUAL
110714925159,Mumbai,400054,459,FUF-2518427,"ABC, Bhiwandi, Mumbai, Maharashtra",400016,Mumbai,2026-02-21,2026-02-22,2026-02-26,,2026-02-26,Phone not reachable,Prepaid,In-Transit,C9CCD90DC8,K*** C***,XXXXXX0673,[REDACTED - Mumbai],,ACTUAL
110314876742,Jhajjar,124507,602,XUA-2448134,"ABC, Bhiwandi, Mumbai, Maharashtra",400016,Mumbai,2026-02-21,2026-02-22,2026-02-25,,2026-02-25,Phone not reachable,Cod,RTO,40259FFB74,S*** C***,XXXXXX0237,[REDACTED - Jhajjar],,ACTUAL
110114860807,Ahmedabad,380058,999,RKD-2442655,"ABC, Bhiwandi, Mumbai, Maharashtra",400016,Mumbai,2026-02-21,2026-02-21,2026-02-22,2026-02-22,2026-02-24,Not Applicable,Cod,Delivered,3CE0657BE9,N*** C***,XXXXXX2678,[REDACTED - Ahmedabad],,ACTUAL
110814947397,ghaziabad,201011,1407,THD-1584886,"ABC, Bhiwandi, Mumbai, Maharashtra",400016,Mumbai,2026-02-21,2026-02-21,2026-02-26,,2026-02-26,COD payment declined,Cod,RTO,B455B9DE85,A*** C***,XXXXXX8003,[REDACTED - ghaziabad],,ACTUAL
103114848524,Sirsa,125055,1559,HBM-2301311,"ABC, Bhiwandi, Mumbai, Maharashtra",400016,Mumbai,2026-02-21,2026-02-22,2026-02-24,,2026-02-23,Address issue,Cod,RTO,B298831E84,R*** C***,XXXXXX3330,[REDACTED - Sirsa],,ACTUAL
110714928895,Kasargod,671316,769,CBS-2631425,"ABC, Bhiwandi, Mumbai, Maharashtra",400016,Mumbai,2026-02-21,2026-02-23,2026-02-28,2026-02-28,2026-03-01,Not Applicable,Cod,Delivered,57586D9222,M*** C***,XXXXXX8127,[REDACTED - Kasargod],,ACTUAL
102614797843,Lohit,792001,724,CIQ-2600579,"ABC, Bhiwandi, Mumbai, Maharashtra",400016,Mumbai,2026-02-21,2026-02-24,2026-02-27,2026-02-27,2026-02-27,Not Applicable,Cod,Delivered,96C7748BCD,J*** C***,XXXXXX3368,[REDACTED - Lohit],,ACTUAL
102914823008,Bhilwara,311407,803,XHZ-2674235,"ABC, Bhiwandi, Mumbai, Maharashtra",400016,Mumbai,2026-02-21,2026-02-22,2026-02-28,,2026-02-26,Customer cancelled order,Cod,RTO,1FA26113E7,D*** C***,XXXXXX0702,[REDACTED - Bhilwara],,ACTUAL
110614920176,Thane,400706,799,EWE-2727725,"ABC, Bhiwandi, Mumbai, Maharashtra",400016,Mumbai,2026-02-21,2026-02-22,2026-02-26,2026-02-26,2026-02-26,Not Applicable,Cod,Delivered,F42D51DF6B,S*** C***,XXXXXX1004,[REDACTED - Thane],,ACTUAL
110514907837,Dhubri,783348,875,XHZ-2720799,"ABC, Bhiwandi, Mumbai, Maharashtra",400016,Mumbai,2026-02-21,2026-02-21,2026-02-27,2026-02-27,2026-02-24,Not Applicable,Prepaid,Delivered,C3296B62BB,A*** C***,XXXXXX2508,[REDACTED - Dhubri],,ACTUAL
110314880577,East Sikkim,737135,755,DYZ-2697740,"ABC, Bhiwandi, Mumbai, Maharashtra",400016,Mumbai,2026-02-21,2026-02-23,2026-03-05,,2026-02-28,Landmark missing,Prepaid,Out of delivery,5EC76A379D,A*** C***,XXXXXX2112,[REDACTED - East Sikkim],,ACTUAL
110714934259,Malappuram,679325,625,VNT-2691771,"ABC, Bhiwandi, Mumbai, Maharashtra",400016,Mumbai,2026-02-21,2026-02-22,2026-02-23,2026-02-23,2026-02-25,Not Applicable,Prepaid,Delivered,9814A864DF,S*** C***,XXXXXX0382,[REDACTED - Malappuram],,ACTUAL
101714695531,Koppal,583231,569,LTY-2753842,"ABC, Bhiwandi, Mumbai, Maharashtra",400016,Mumbai,2026-02-21,2026-02-22,2026-02-22,2026-02-22,2026-02-24,Not Applicable,Cod,Delivered,7CF2C1515C,S*** C***,XXXXXX6306,[REDACTED - Koppal],,ACTUAL
103114849255,Damoh,470661,592,YGS-2021505,"ABC, Bhiwandi, Mumbai, Maharashtra",400016,Mumbai,2026-02-21,2026-02-22,2026-03-05,,2026-02-24,Customer requested re-attempt,Cod,Out of delivery,20C36326DD,A*** C***,XXXXXX1941,[REDACTED - Damoh],,ACTUAL
103114845733,Panchkula,134109,1004,YTS-2688151,"ABC, Bhiwandi, Mumbai, Maharashtra",400016,Mumbai,2026-02-21,2026-02-23,2026-02-26,,2026-02-26,Customer cancelled order,Cod,RTO,9540E1C070,T*** C***,XXXXXX9760,[REDACTED - Panchkula],,ACTUAL
103114845735,Panchkula,134109,709,YTS-2724096,"ABC, Bhiwandi, Mumbai, Maharashtra",400016,Mumbai,2026-02-21,2026-02-22,2026-02-27,,2026-02-26,Customer refused delivery,Cod,RTO,2CB7CA4262,T*** C***,XXXXXX9760,[REDACTED - Panchkula],,ACTUAL
110914953167,Ghaziabad,201102,863,YGS-2590752,"ABC, Bhiwandi, Mumbai, Maharashtra",400016,Mumbai,2026-02-21,2026-02-21,2026-03-02,2026-03-02,2026-02-27,Not Applicable,Prepaid,Delivered,8104D5AEB6,R*** C***,XXXXXX6449,[REDACTED - Ghaziabad],,ACTUAL
100114460018,Hoshiarpur,144222,999,MIH-2711597,"ABC, Bhiwandi, Mumbai, Maharashtra",400016,Mumbai,2026-02-21,2026-02-22,2026-02-24,2026-02-25,2026-02-25,Phone not reachable,Prepaid,Delivered,C559B3E7FF,D*** C***,XXXXXX0482,[REDACTED - Hoshiarpur],,ACTUAL
103014831978,Kishanganj,855116,499,JJS-2754421,"ABC, Bhiwandi, Mumbai, Maharashtra",400016,Mumbai,2026-02-21,2026-02-23,2026-02-25,2026-02-26,2026-02-26,Delivery postponed by customer,Cod,Delivered,7FBA20D191,H*** C***,XXXXXX7627,[REDACTED - Kishanganj],,ACTUAL
101514666078,Gurgaon,122001,1468,EWE-2751136,"ABC, Bhiwandi, Mumbai, Maharashtra",400016,Mumbai,2026-02-23,2026-02-23,2026-02-28,,2026-02-27,COD payment declined,Cod,RTO,E36765D880,N*** C***,XXXXXX9001,[REDACTED - Gurgaon],,ACTUAL
100714544745,Belgaum,590001,999,CJL-2733504,"ABC, Bhiwandi, Mumbai, Maharashtra",400016,Mumbai,2026-02-23,2026-02-24,2026-02-24,2026-02-25,2026-02-26,Landmark missing,Prepaid,Delivered,1CECBD9D19,M*** C***,XXXXXX2882,[REDACTED - Belgaum],,ACTUAL
110214872170,Bhilwara,311001,1336,BFM-2708728,"ABC, Bhiwandi, Mumbai, Maharashtra",400016,Mumbai,2026-02-23,2026-02-25,,,2026-03-01,Not Applicable,Prepaid,Lost,6D3CE078EF,R*** C***,XXXXXX8966,[REDACTED - Bhilwara],,ACTUAL
110114862489,Bilaspur(CGH),495117,2665,BYN-2544739,"ABC, Bhiwandi, Mumbai, Maharashtra",400016,Mumbai,2026-02-23,2026-02-23,2026-03-01,,2026-03-01,COD payment declined,Cod,RTO,2D10EFF372,G*** C***,XXXXXX9222,[REDACTED - Bilaspur(CGH)],high_value_order,ACTUAL
110714936399,Solapur,413304,1507,IVE-1289911,"ABC, Bhiwandi, Mumbai, Maharashtra",400016,Mumbai,2026-02-23,2026-02-26,2026-03-03,2026-03-03,2026-03-02,Not Applicable,Prepaid,Delivered,9DEC112F57,D*** C***,XXXXXX3702,[REDACTED - Solapur],,ACTUAL
103014831865,Panchkula,134109,1060,VBB-2204367,"ABC, Bhiwandi, Mumbai, Maharashtra",400016,Mumbai,2026-02-23,2026-02-24,2026-02-24,2026-02-24,2026-02-25,Not Applicable,Cod,Delivered,002930B9A9,T*** C***,XXXXXX8058,[REDACTED - Panchkula],,ACTUAL
110614919833,Bangalore,560096,2643,SE-2613826,"ABC, Bhiwandi, Mumbai, Maharashtra",400016,Mumbai,2026-02-23,2026-02-24,2026-02-27,,2026-02-25,Address issue,Cod,RTO,CD06D73E5E,L*** C***,XXXXXX4188,[REDACTED - Bangalore],high_value_order,ACTUAL
110614919826,Bangalore,560096,1499,PCL-2609303,"ABC, Bhiwandi, Mumbai, Maharashtra",400016,Mumbai,2026-02-23,2026-02-24,2026-03-02,2026-03-02,2026-02-28,Not Applicable,Cod,Delivered,F3A4A22662,L*** C***,XXXXXX4188,[REDACTED - Bangalore],,ACTUAL
110114857418,Jalandhar,144001,839,XPW-2710444,"ABC, Bhiwandi, Mumbai, Maharashtra",400016,Mumbai,2026-02-23,2026-02-24,2026-03-04,,2026-02-26,Address issue,Prepaid,Out of delivery,7941E959DE,R*** C***,XXXXXX0575,[REDACTED - Jalandhar],,ACTUAL
110114857406,Jalandhar,144001,449,JJS-2674627,"ABC, Bhiwandi, Mumbai, Maharashtra",400016,Mumbai,2026-02-23,2026-02-25,2026-02-26,2026-02-26,2026-02-26,Not Applicable,Prepaid,Delivered,396760DEBE,R*** C***,XXXXXX0575,[REDACTED - Jalandhar],,ACTUAL
110214873363,Sitamarhi,843302,449,JJS-2674620,"ABC, Bhiwandi, Mumbai, Maharashtra",400016,Mumbai,2026-02-23,2026-02-24,2026-02-26,,2026-02-26,Customer refused delivery,Cod,RTO,2A63ABBCEE,A*** C***,XXXXXX8500,[REDACTED - Sitamarhi],,ACTUAL
110814939455,K.V.Rangareddy,500090,696,YKL-2257955,"ABC, Bhiwandi, Mumbai, Maharashtra",400016,Mumbai,2026-02-23,2026-02-24,2026-03-01,2026-03-01,2026-02-27,Not Applicable,Prepaid,Delivered,099B18EFB3,R*** C***,XXXXXX4366,[REDACTED - K.V.Rangareddy],,ACTUAL
110214875664,Firozpur,152024,1393,SRS-2752195,"ABC, Bhiwandi, Mumbai, Maharashtra",400016,Mumbai,2026-02-23,2026-02-25,2026-02-26,,2026-02-26,Landmark missing,Prepaid,In-Transit,423EC74DE2,A*** C***,XXXXXX0030,[REDACTED - Firozpur],,ACTUAL
110514904457,Indore,453771,1399,PCL-2609330,"ABC, Bhiwandi, Mumbai, Maharashtra",400016,Mumbai,2026-02-23,2026-02-23,2026-02-23,2026-02-23,2026-02-25,Not Applicable,Prepaid,Delivered,EE405E7311,S*** C***,XXXXXX8586,[REDACTED - Indore],,ACTUAL
110214865298,West Delhi,110015,3157,PF0-2371364,"ABC, Bhiwandi, Mumbai, Maharashtra",400016,Mumbai,2026-02-23,2026-02-23,2026-02-28,,2026-02-27,Landmark missing,Cod,RTO,D25180CF29,P*** C***,XXXXXX6003,[REDACTED - West Delhi],high_value_order,ACTUAL
110114862301,Bangalore,560097,774,TDO-2291491,"ABC, Bhiwandi, Mumbai, Maharashtra",400016,Mumbai,2026-02-23,2026-02-24,2026-02-26,2026-02-26,2026-02-27,Not Applicable,Prepaid,Delivered,82F1B7F3F0,R*** C***,XXXXXX8644,[REDACTED - Bangalore],,ACTUAL
110414887801,Jorhat,785631,971,AIC-2390553,"ABC, Bhiwandi, Mumbai, Maharashtra",400016,Mumbai,2026-02-23,2026-02-24,2026-03-05,,2026-02-27,Customer requested re-attempt,Cod,Out of delivery,EDDE361027,K*** C***,XXXXXX5856,[REDACTED - Jorhat],,ACTUAL
110114862913,Ganjam,761110,1019,ADX-2433696,"ABC, Bhiwandi, Mumbai, Maharashtra",400016,Mumbai,2026-02-23,2026-02-23,2026-02-26,2026-02-26,2026-02-26,Not Applicable,Prepaid,Delivered,6ACC98C697,R*** C***,XXXXXX6247,[REDACTED - Ganjam],,ACTUAL
102114741426,Jaipur,302002,779,CMW-2624365,"ABC, Bhiwandi, Mumbai, Maharashtra",400016,Mumbai,2026-02-23,2026-02-24,2026-02-26,2026-02-26,2026-02-26,Not Applicable,Prepaid,Delivered,591FFF2ABE,D*** C***,XXXXXX0839,[REDACTED - Jaipur],,ACTUAL
110314882109,East Sikkim,737134,551,JUV-2524433,"ABC, Bhiwandi, Mumbai, Maharashtra",400016,Mumbai,2026-02-23,2026-02-24,2026-02-24,2026-02-24,2026-02-26,Address issue,Prepaid,Delivered,0E24B2C6E4,C*** C***,XXXXXX2205,[REDACTED - East Sikkim],,ACTUAL
110514909045,Osmanabad,413507,1746,MDX-2244836,"ABC, Bhiwandi, Mumbai, Maharashtra",400016,Mumbai,2026-02-23,2026-02-24,2026-03-02,2026-03-02,2026-02-27,Not Applicable,Cod,Delivered,218A2D4A1C,M*** C***,XXXXXX4742,[REDACTED - Osmanabad],,ACTUAL
110714924698,Nashik,422403,856,ADX-2453064,"ABC, Bhiwandi, Mumbai, Maharashtra",400016,Mumbai,2026-02-23,2026-02-24,2026-02-26,2026-02-26,2026-02-27,Not Applicable,Prepaid,Delivered,E417B9A4FE,M*** C***,XXXXXX9626,[REDACTED - Nashik],,ACTUAL
103114843437,Kalahandi,766018,1144,ADX-2041457,"ABC, Bhiwandi, Mumbai, Maharashtra",400016,Mumbai,2026-02-23,2026-02-24,,,2026-03-01,Not Applicable,Prepaid,Order Packed,DBF986B0E1,A*** C***,XXXXXX1744,[REDACTED - Kalahandi],not_yet_attempted,ACTUAL
103014839257,Khammam,507203,1079,0PQ-2666861,"ABC, Bhiwandi, Mumbai, Maharashtra",400016,Mumbai,2026-02-23,2026-02-24,2026-02-26,2026-02-26,2026-02-28,Not Applicable,Prepaid,Delivered,FFF1C25444,b*** C***,XXXXXX6479,[REDACTED - Khammam],,ACTUAL
102714807495,Kasargod,671541,344,YKL-2244439,"ABC, Bhiwandi, Mumbai, Maharashtra",400016,Mumbai,2026-02-23,2026-02-25,2026-03-02,,2026-03-01,Phone not reachable,Cod,RTO,316C8A7E01,S*** C***,XXXXXX0346,[REDACTED - Kasargod],,ACTUAL
110614917150,Narsinghpur,487118,948,GGH-2738748,"ABC, Bhiwandi, Mumbai, Maharashtra",400016,Mumbai,2026-02-23,2026-02-24,2026-02-26,2026-02-26,2026-02-27,Not Applicable,Prepaid,Delivered,864E4E4ECE,M*** C***,XXXXXX9011,[REDACTED - Narsinghpur],,ACTUAL
110214873520,South West Delhi,110075,2289,SRS-2110931,"ABC, Bhiwandi, Mumbai, Maharashtra",400016,Mumbai,2026-02-23,2026-02-24,2026-02-28,,2026-02-28,Address issue,Cod,RTO,B1C47E6630,k*** C***,XXXXXX7788,[REDACTED - South West Delhi],,ACTUAL
110414898296,Darrang,784524,1004,LSM-2744608,"ABC, Bhiwandi, Mumbai, Maharashtra",400016,Mumbai,2026-02-23,2026-02-24,2026-02-26,2026-02-26,2026-02-26,Not Applicable,Prepaid,Delivered,805797C9C4,P*** C***,XXXXXX5848,[REDACTED - Darrang],,ACTUAL
110314881045,Jorhat,785631,1927,CDG-2166375,"ABC, Bhiwandi, Mumbai, Maharashtra",400016,Mumbai,2026-02-23,2026-02-24,2026-02-28,,2026-02-27,Address issue,Cod,RTO,513C2631EC,B*** C***,XXXXXX8014,[REDACTED - Jorhat],,ACTUAL
110514904303,Jajapur,755018,376,OJO-2444975,"ABC, Bhiwandi, Mumbai, Maharashtra",400016,Mumbai,2026-02-23,2026-02-24,2026-02-26,,2026-02-25,Customer cancelled order,Cod,RTO,326851CF95,S*** C***,XXXXXX6393,[REDACTED - Jajapur],,ACTUAL
110214867030,Warangal,506315,400,ATU-2387715,"ABC, Bhiwandi, Mumbai, Maharashtra",400016,Mumbai,2026-02-23,2026-02-24,2026-02-27,2026-02-27,2026-02-27,Not Applicable,Cod,Delivered,42BE1E285A,J*** C***,XXXXXX4557,[REDACTED - Warangal],,ACTUAL
110114864675,Ajmer,305601,2236,BOX-2640740,"ABC, Bhiwandi, Mumbai, Maharashtra",400016,Mumbai,2026-02-23,2026-02-24,2026-02-26,2026-02-26,2026-02-28,Not Applicable,Prepaid,Delivered,EBA4D62C76,H*** C***,XXXXXX0999,[REDACTED - Ajmer],,ACTUAL
110414893348,Damoh,470661,1170,BYB-1748839,"ABC, Bhiwandi, Mumbai, Maharashtra",400016,Mumbai,2026-02-23,2026-02-23,2026-02-25,2026-02-25,2026-02-24,Not Applicable,Cod,Delivered,0CC90F986B,P*** C***,XXXXXX3166,[REDACTED - Damoh],,ACTUAL
102914823324,Dibrugarh,786614,644,WKT-2591515,"ABC, Bhiwandi, Mumbai, Maharashtra",400016,Mumbai,2026-02-23,2026-02-24,2026-02-24,2026-02-25,2026-02-27,Phone not reachable,Prepaid,Delivered,E007ED2B23,P*** C***,XXXXXX4118,[REDACTED - Dibrugarh],,ACTUAL
110314882014,Medak,502302,359,PUV-2673759,"ABC, Bhiwandi, Mumbai, Maharashtra",400016,Mumbai,2026-02-23,2026-02-24,2026-02-27,,2026-02-26,Customer not available,Cod,RTO,52CF8A2B6E,R*** C***,XXXXXX8791,[REDACTED - Medak],,ACTUAL
110214875763,Hoshangabad,461223,2104,SRS-2729911,"ABC, Bhiwandi, Mumbai, Maharashtra",400016,Mumbai,2026-02-23,2026-02-25,2026-02-26,2026-02-28,2026-02-28,Delivery postponed by customer,Cod,Delivered,D368ADE9C9,A*** C***,XXXXXX5555,[REDACTED - Hoshangabad],,ACTUAL
102614798386,Krishna,521175,473,XHZ-1716697,"ABC, Bhiwandi, Mumbai, Maharashtra",400016,Mumbai,2026-02-23,2026-02-24,2026-03-01,,2026-02-27,Landmark missing,Prepaid,RTO,5072FCB25E,J*** C***,XXXXXX6948,[REDACTED - Krishna],,ACTUAL
102714805754,Durg,491228,779,GGH-2645410,"ABC, Bhiwandi, Mumbai, Maharashtra",400016,Mumbai,2026-02-23,2026-02-24,2026-02-28,2026-02-28,2026-02-25,Not Applicable,Cod,Delivered,1D26DE52F7,S*** C***,XXXXXX1514,[REDACTED - Durg],,ACTUAL
102914824875,Malappuram,679325,809,XHZ-2720843,"ABC, Bhiwandi, Mumbai, Maharashtra",400016,Mumbai,2026-02-23,2026-02-24,2026-02-26,2026-02-26,2026-02-26,Not Applicable,Cod,Delivered,4497C8240A,S*** C***,XXXXXX6840,[REDACTED - Malappuram],,ACTUAL
103014831070,GHAZIABAD ROS,244714,1667,EWE-2681678,"ABC, Bhiwandi, Mumbai, Maharashtra",400016,Mumbai,2026-02-23,2026-02-24,2026-02-24,2026-02-24,2026-02-26,Not Applicable,Cod,Delivered,E025118ABA,M*** C***,XXXXXX1971,[REDACTED - GHAZIABAD ROS],,ACTUAL
110214873314,Ratnagiri,415208,2448,CB9-2450022,"ABC, Bhiwandi, Mumbai, Maharashtra",400016,Mumbai,2026-02-23,2026-02-24,2026-02-24,2026-02-25,2026-02-25,Delivery postponed by customer,Cod,Delivered,8E913F54B0,B*** C***,XXXXXX4329,[REDACTED - Ratnagiri],,ACTUAL
110314878930,THRISSUR,680321,2038,YBB-2378745,"ABC, Bhiwandi, Mumbai, Maharashtra",400016,Mumbai,2026-02-23,2026-02-26,2026-02-27,2026-02-27,2026-02-28,Not Applicable,Prepaid,Delivered,D40ACFDCAA,R*** C***,XXXXXX6062,[REDACTED - THRISSUR],,ACTUAL
110114857811,Siwan,841235,369,MIQ-2714859,"ABC, Bhiwandi, Mumbai, Maharashtra",400016,Mumbai,2026-02-23,2026-02-23,2026-02-25,2026-02-25,2026-02-26,Not Applicable,Cod,Delivered,A071976FE7,P*** C***,XXXXXX4808,[REDACTED - Siwan],,ACTUAL
110414890960,Ghaziabad,201102,1189,ADX-2720545,"ABC, Bhiwandi, Mumbai, Maharashtra",400016,Mumbai,2026-02-23,2026-02-24,2026-03-03,,2026-03-01,Address issue,Cod,RTO,60A0402330,P*** C***,XXXXXX4189,[REDACTED - Ghaziabad],,ACTUAL
110214871001,Vizianagaram,532407,229,RRA-1284694,"ABC, Bhiwandi, Mumbai, Maharashtra",400016,Mumbai,2026-02-23,2026-02-24,2026-02-24,2026-02-24,2026-02-26,Not Applicable,Cod,Delivered,CF7C49F7BA,H*** C***,XXXXXX0084,[REDACTED - Vizianagaram],,ACTUAL
110114858977,Nashik,422306,616,CDY-2683456,"ABC, Bhiwandi, Mumbai, Maharashtra",400016,Mumbai,2026-02-23,2026-02-24,2026-02-24,2026-02-24,2026-02-26,Customer requested re-attempt,Cod,Delivered,FF442F1A8F,B*** C***,XXXXXX8555,[REDACTED - Nashik],,ACTUAL
110214870792,Cuddapah,516433,776,DUE-2327893,"ABC, Bhiwandi, Mumbai, Maharashtra",400016,Mumbai,2026-02-23,2026-02-25,2026-03-03,,2026-03-02,Address issue,Cod,RTO,E85CD39AE1,S*** C***,XXXXXX6751,[REDACTED - Cuddapah],,ACTUAL
102114746055,Raigarh(MH),402403,299,CRH-2567388,"ABC, Bhiwandi, Mumbai, Maharashtra",400016,Mumbai,2026-02-23,2026-02-24,2026-02-25,2026-02-25,2026-02-25,Not Applicable,Cod,Delivered,687A3664AE,D*** C***,XXXXXX2496,[REDACTED - Raigarh(MH)],,ACTUAL
103114842145,Kalahandi,766014,1244,MDX-2244834,"ABC, Bhiwandi, Mumbai, Maharashtra",400016,Mumbai,2026-02-23,2026-02-23,2026-02-26,2026-02-26,2026-02-28,Not Applicable,Prepaid,Delivered,4782914310,P*** C***,XXXXXX1999,[REDACTED - Kalahandi],,ACTUAL
102814816779,West Godavari,534452,854,XHZ-2667821,"ABC, Bhiwandi, Mumbai, Maharashtra",400016,Mumbai,2026-02-23,2026-02-24,2026-03-05,,2026-02-26,Delivery postponed by customer,Cod,Out of delivery,A7D60E9A81,V*** C***,XXXXXX9577,[REDACTED - West Godavari],,ACTUAL
102914820035,Chittoor,517247,1147,SRS-2302311,"ABC, Bhiwandi, Mumbai, Maharashtra",400016,Mumbai,2026-02-24,2026-02-25,2026-02-26,2026-02-26,2026-02-28,Not Applicable,Cod,Delivered,7588111D99,A*** C***,XXXXXX8300,[REDACTED - Chittoor],,ACTUAL
102014730358,East Sikkim,737135,549,CRH-2646523,"ABC, Bhiwandi, Mumbai, Maharashtra",400016,Mumbai,2026-02-24,2026-02-27,2026-02-28,2026-03-01,2026-03-01,Address issue,Cod,Delivered,4E0AA5305F,N*** C***,XXXXXX5431,[REDACTED - East Sikkim],,ACTUAL
103014832434,Damoh,470661,999,MBC-2753010,"ABC, Bhiwandi, Mumbai, Maharashtra",400016,Mumbai,2026-02-24,2026-02-25,,,2026-03-01,Not Applicable,Cod,In-Transit,F0A378F4EE,R*** C***,XXXXXX5360,[REDACTED - Damoh],not_yet_attempted,ACTUAL
102914825392,East Sikkim,737135,719,YGS-2132531,"ABC, Bhiwandi, Mumbai, Maharashtra",400016,Mumbai,2026-02-24,2026-02-26,2026-03-01,2026-03-01,2026-03-01,Not Applicable,Cod,Delivered,20037CDCD9,P*** C***,XXXXXX4680,[REDACTED - East Sikkim],,ACTUAL
102614798400,Nuapada,766104,779,CDY-2622203,"ABC, Bhiwandi, Mumbai, Maharashtra",400016,Mumbai,2026-02-24,2026-02-25,2026-02-25,2026-02-25,2026-02-27,Not Applicable,Cod,Delivered,AB19849F56,S*** C***,XXXXXX4643,[REDACTED - Nuapada],,ACTUAL
102814816679,Jalpaiguri,735218,885,YZK-2017780,"ABC, Bhiwandi, Mumbai, Maharashtra",400016,Mumbai,2026-02-24,2026-02-26,2026-03-01,2026-03-01,2026-02-28,Not Applicable,Cod,Delivered,E392E47CEF,K*** C***,XXXXXX0034,[REDACTED - Jalpaiguri],,ACTUAL
102714806197,Malappuram,679321,149,MIX-2631719,"ABC, Bhiwandi, Mumbai, Maharashtra",400016,Mumbai,2026-02-24,2026-02-25,2026-02-27,2026-02-27,2026-03-01,Not Applicable,Prepaid,Delivered,016CBD2DF7,P*** C***,XXXXXX6340,[REDACTED - Malappuram],,ACTUAL
110214870340,Kalahandi,766018,1025,CB9-2620148,"ABC, Bhiwandi, Mumbai, Maharashtra",400016,Mumbai,2026-02-24,2026-02-25,2026-02-27,2026-02-27,2026-02-28,Not Applicable,Cod,Delivered,FC886EDC07,B*** C***,XXXXXX4959,[REDACTED - Kalahandi],,ACTUAL
102414783473,Sambalpur,768107,688,AJ-2446596,"ABC, Bhiwandi, Mumbai, Maharashtra",400016,Mumbai,2026-02-24,2026-02-26,2026-03-03,2026-03-03,2026-03-03,Not Applicable,Cod,Delivered,F368654674,S*** C***,XXXXXX7503,[REDACTED - Sambalpur],,ACTUAL
101914710980,West Champaran,845101,1009,JML-2700019,"ABC, Bhiwandi, Mumbai, Maharashtra",400016,Mumbai,2026-02-24,2026-02-25,2026-02-26,2026-02-26,2026-02-27,Not Applicable,Prepaid,Delivered,1AD71666FE,A*** C***,XXXXXX6615,[REDACTED - West Champaran],,ACTUAL
102514793386,Thane,421303,1047,YZK-2736787,"ABC, Bhiwandi, Mumbai, Maharashtra",400016,Mumbai,2026-02-24,2026-02-25,2026-02-25,2026-02-26,2026-02-26,Customer not available,Cod,Delivered,37C38CA9F8,S*** C***,XXXXXX2948,[REDACTED - Thane],,ACTUAL
102914827339,Dhubri,783348,699,IBT-2404106,"ABC, Bhiwandi, Mumbai, Maharashtra",400016,Mumbai,2026-02-24,2026-02-26,2026-02-28,2026-03-01,2026-03-01,Phone not reachable,Cod,Delivered,0CE41F3F71,H*** C***,XXXXXX0066,[REDACTED - Dhubri],,ACTUAL
102814816993,Jaunpur,222170,1079,YTS-2688040,"ABC, Bhiwandi, Mumbai, Maharashtra",400016,Mumbai,2026-02-24,2026-02-27,2026-02-28,2026-03-02,2026-03-01,Customer requested re-attempt,Prepaid,Delivered,E659FE5367,D*** C***,XXXXXX2369,[REDACTED - Jaunpur],,ACTUAL
110214870333,Nellore,524126,641,CB9-2424892,"ABC, Bhiwandi, Mumbai, Maharashtra",400016,Mumbai,2026-02-24,2026-02-24,2026-02-26,2026-02-26,2026-02-28,Not Applicable,Prepaid,Delivered,9E5A303610,V*** C***,XXXXXX9921,[REDACTED - Nellore],,ACTUAL
101814706602,Cuddapah,516434,799,TP6-1484127,"ABC, Bhiwandi, Mumbai, Maharashtra",400016,Mumbai,2026-02-24,2026-02-25,2026-02-26,2026-02-26,2026-02-27,Not Applicable,Prepaid,Delivered,DAAEFDA389,T*** C***,XXXXXX6001,[REDACTED - Cuddapah],,ACTUAL
102914827079,Etawah,206242,642,FB3-2658125,"ABC, Bhiwandi, Mumbai, Maharashtra",400016,Mumbai,2026-02-24,2026-02-25,2026-03-01,2026-03-02,2026-03-02,Customer requested re-attempt,Cod,Delivered,EE8775CBCB,A*** C***,XXXXXX2464,[REDACTED - Etawah],,ACTUAL
102514793278,Tinsukia,786157,399,BUC-2765543,"ABC, Bhiwandi, Mumbai, Maharashtra",400016,Mumbai,2026-02-24,2026-02-26,2026-03-04,2026-03-04,2026-03-04,Not Applicable,Prepaid,Delivered,B2E28A087E,O*** C***,XXXXXX8893,[REDACTED - Tinsukia],,ACTUAL
103014838685,Kannur,670702,587,ADX-2405669,"ABC, Bhiwandi, Mumbai, Maharashtra",400016,Mumbai,2026-02-24,2026-02-25,2026-02-28,2026-02-28,2026-03-01,Not Applicable,Prepaid,Delivered,8BEDF3F31A,R*** C***,XXXXXX5566,[REDACTED - Kannur],,ACTUAL
102414776842,Bemetara,491335,989,YTS-2724103,"ABC, Bhiwandi, Mumbai, Maharashtra",400016,Mumbai,2026-02-24,2026-02-26,2026-02-28,2026-02-28,2026-03-01,Not Applicable,Cod,Delivered,A8E15A11FF,S*** C***,XXXXXX0599,[REDACTED - Bemetara],,ACTUAL
103014830340,Mahabub Nagar,509102,329,OHM-2679759,"ABC, Bhiwandi, Mumbai, Maharashtra",400016,Mumbai,2026-02-24,2026-02-25,2026-02-26,2026-02-27,2026-02-27,Customer not available,Prepaid,Delivered,44C41E4773,N*** C***,XXXXXX9542,[REDACTED - Mahabub Nagar],,ACTUAL
102814809467,East Godavari,533444,718,OTH-2138773,"ABC, Bhiwandi, Mumbai, Maharashtra",400016,Mumbai,2026-02-24,2026-02-24,,,2026-02-28,Not Applicable,Cod,In-Transit,690CDFDE55,K*** C***,XXXXXX7783,[REDACTED - East Godavari],not_yet_attempted,ACTUAL
102614794975,Ananthapur,515231,759,XHC-2685610,"ABC, Bhiwandi, Mumbai, Maharashtra",400016,Mumbai,2026-02-24,2026-02-25,2026-02-27,2026-02-27,2026-03-01,Not Applicable,Cod,Delivered,B05AFEC44E,A*** C***,XXXXXX0310,[REDACTED - Ananthapur],,ACTUAL
102614798772,Ganjam,761110,270,DOP-2725637,"ABC, Bhiwandi, Mumbai, Maharashtra",400016,Mumbai,2026-02-24,2026-02-25,2026-02-25,2026-02-25,2026-02-26,Not Applicable,Cod,Delivered,1C26D04235,B*** C***,XXXXXX3744,[REDACTED - Ganjam],,ACTUAL
102114744631,Cuddapah,516434,427,MSR-1821927,"ABC, Bhiwandi, Mumbai, Maharashtra",400016,Mumbai,2026-02-24,2026-02-25,2026-02-26,2026-02-26,2026-02-27,Not Applicable,Cod,Delivered,1DDF045C9B,O*** C***,XXXXXX9664,[REDACTED - Cuddapah],,ACTUAL
100814553083,Nashik,422003,969,XHZ-2715071,"ABC, Bhiwandi, Mumbai, Maharashtra",400016,Mumbai,2026-02-24,2026-02-25,2026-03-02,2026-03-02,2026-03-02,Not Applicable,Prepaid,Delivered,81DD43AEFD,S*** C***,XXXXXX9758,[REDACTED - Nashik],,ACTUAL
102614801589,Nayagarh,752091,509,XXC-1948342,"ABC, Bhiwandi, Mumbai, Maharashtra",400016,Mumbai,2026-02-24,2026-02-27,2026-03-02,2026-03-02,2026-03-03,Not Applicable,Prepaid,Delivered,F6CE6F341B,R*** C***,XXXXXX8104,[REDACTED - Nayagarh],,ACTUAL
102614801515,Nayagarh,752091,571,FKS-1690669,"ABC, Bhiwandi, Mumbai, Maharashtra",400016,Mumbai,2026-02-24,2026-02-25,2026-03-01,2026-03-01,2026-03-02,Not Applicable,Cod,Delivered,3ABECA704A,R*** C***,XXXXXX8104,[REDACTED - Nayagarh],,ACTUAL
101314636451,Cuddapah,516434,599,VNT-2710606,"ABC, Bhiwandi, Mumbai, Maharashtra",400016,Mumbai,2026-02-24,2026-02-25,2026-02-28,2026-02-28,2026-03-02,Not Applicable,Prepaid,Delivered,B6F87FEE18,M*** C***,XXXXXX5003,[REDACTED - Cuddapah],,ACTUAL
102014724248,East Sikkim,737134,729,BUC-2734165,"ABC, Bhiwandi, Mumbai, Maharashtra",400016,Mumbai,2026-02-24,2026-02-26,2026-02-28,2026-02-28,2026-02-28,Not Applicable,Prepaid,Delivered,96FB237EDE,P*** C***,XXXXXX2490,[REDACTED - East Sikkim],,ACTUAL
103014838145,SOLAPUR,413009,829,XHZ-2196330,"ABC, Bhiwandi, Mumbai, Maharashtra",400016,Mumbai,2026-02-24,2026-02-25,2026-02-26,2026-02-26,2026-02-27,Not Applicable,Cod,Delivered,773736C2F2,S*** C***,XXXXXX3716,[REDACTED - SOLAPUR],,ACTUAL
102814816059,Bhilwara,311602,319,MIQ-2714858,"ABC, Bhiwandi, Mumbai, Maharashtra",400016,Mumbai,2026-02-24,2026-02-25,2026-02-26,2026-02-27,2026-02-28,Delivery postponed by customer,Cod,Delivered,9BFE85E5EF,N*** C***,XXXXXX8456,[REDACTED - Bhilwara],,ACTUAL
102414776957,K.V.Rangareddy,501506,1189,ADX-2720547,"ABC, Bhiwandi, Mumbai, Maharashtra",400016,Mumbai,2026-02-24,2026-02-25,2026-02-25,2026-02-25,2026-02-26,Not Applicable,Cod,Delivered,C399CB5188,M*** C***,XXXXXX2227,[REDACTED - K.V.Rangareddy],,ACTUAL
102714805313,Medak,502302,349,YWB-2321727,"ABC, Bhiwandi, Mumbai, Maharashtra",400016,Mumbai,2026-02-24,2026-02-25,2026-02-25,2026-02-26,2026-02-26,Customer not available,Cod,Delivered,692B5889B6,R*** C***,XXXXXX8791,[REDACTED - Medak],,ACTUAL
100114457246,Junagadh,362715,1159,SB9-2730786,"ABC, Bhiwandi, Mumbai, Maharashtra",400016,Mumbai,2026-02-24,2026-02-27,2026-02-28,2026-02-28,2026-03-02,Not Applicable,Cod,Delivered,DD2C8999AE,S*** C***,XXXXXX3820,[REDACTED - Junagadh],,ACTUAL
102714804493,Saran,841424,279,DHB-2625449,"ABC, Bhiwandi, Mumbai, Maharashtra",400016,Mumbai,2026-02-24,2026-02-26,2026-02-26,2026-02-26,2026-02-27,Not Applicable,Cod,Delivered,BAF7172858,R*** C***,XXXXXX8528,[REDACTED - Saran],,ACTUAL
102314770606,Adilabad,504307,2047,SRS-2692677,"ABC, Bhiwandi, Mumbai, Maharashtra",400016,Mumbai,2026-02-24,2026-02-26,,,2026-02-28,Not Applicable,Cod,Pickup done,A0A13DD8BE,K*** C***,XXXXXX3630,[REDACTED - Adilabad],not_yet_attempted,ACTUAL
101714692347,Bhavnagar,364210,829,MDX-2712012,"ABC, Bhiwandi, Mumbai, Maharashtra",400016,Mumbai,2026-02-24,2026-02-26,2026-02-26,2026-02-27,2026-03-01,Address issue,Cod,Delivered,538430F2EB,N*** C***,XXXXXX4680,[REDACTED - Bhavnagar],,ACTUAL
102614798270,Kannur,670702,666,YGS-2594812,"ABC, Bhiwandi, Mumbai, Maharashtra",400016,Mumbai,2026-02-24,2026-02-25,2026-03-02,2026-03-02,2026-03-04,Not Applicable,Prepaid,Delivered,92EAE619DA,F*** C***,XXXXXX3328,[REDACTED - Kannur],,ACTUAL
102414783418,Etawah,206242,998,JJS-2769454,"ABC, Bhiwandi, Mumbai, Maharashtra",400016,Mumbai,2026-02-24,2026-02-25,2026-02-27,2026-02-27,2026-03-01,Not Applicable,Cod,Delivered,ABBBF8CD2F,D*** C***,XXXXXX8800,[REDACTED - Etawah],,ACTUAL
102314766507,Jalandhar,144629,1030,OTH-2258224,"ABC, Bhiwandi, Mumbai, Maharashtra",400016,Mumbai,2026-02-24,2026-02-25,2026-03-04,2026-03-04,2026-03-04,Not Applicable,Prepaid,Delivered,A1CB7A12A0,T*** C***,XXXXXX5244,[REDACTED - Jalandhar],,ACTUAL
102014722492,Malappuram,679322,767,BNO-2401228,"ABC, Bhiwandi, Mumbai, Maharashtra",400016,Mumbai,2026-02-24,2026-02-24,2026-02-27,2026-02-27,2026-03-01,Not Applicable,Prepaid,Delivered,3C3E3BD73A,S*** C***,XXXXXX8810,[REDACTED - Malappuram],,ACTUAL
102214759084,West Godavari,534313,779,HMJ-2721710,"ABC, Bhiwandi, Mumbai, Maharashtra",400016,Mumbai,2026-02-24,2026-02-26,2026-03-01,2026-03-01,2026-03-02,Not Applicable,Cod,Delivered,BC3D282657,T*** C***,XXXXXX1419,[REDACTED - West Godavari],,ACTUAL
101714694944,Gadchiroli,442705,699,PCL-1648928,"ABC, Bhiwandi, Mumbai, Maharashtra",400016,Mumbai,2026-02-24,2026-02-26,2026-02-26,2026-02-26,2026-02-28,Not Applicable,Cod,Delivered,D7987C6070,P*** C***,XXXXXX0120,[REDACTED - Gadchiroli],,ACTUAL
101714684111,Hoshangabad,461223,499,JJS-2754565,"ABC, Bhiwandi, Mumbai, Maharashtra",400016,Mumbai,2026-02-24,2026-02-27,2026-03-02,2026-03-02,2026-03-02,Not Applicable,Cod,Delivered,66001167AF,N*** C***,XXXXXX3352,[REDACTED - Hoshangabad],,ACTUAL
102214753884,Raisen,464881,825,SN-2139868,"ABC, Bhiwandi, Mumbai, Maharashtra",400016,Mumbai,2026-02-24,2026-02-26,2026-03-01,2026-03-01,2026-03-01,Not Applicable,Cod,Delivered,02CEF2CCA0,A*** C***,XXXXXX1456,[REDACTED - Raisen],,ACTUAL
101814707350,Dhubri,783348,1845,0PQ-2453205,"ABC, Bhiwandi, Mumbai, Maharashtra",400016,Mumbai,2026-02-24,2026-02-26,2026-02-27,2026-02-27,2026-02-28,Not Applicable,Cod,Delivered,525A048A4E,A*** C***,XXXXXX1375,[REDACTED - Dhubri],,ACTUAL
102214750979,Satara,412806,602,XUA-2448030,"ABC, Bhiwandi, Mumbai, Maharashtra",400016,Mumbai,2026-02-24,2026-02-26,,,2026-03-01,Not Applicable,Cod,In-Transit,866212E18A,R*** C***,XXXXXX0325,[REDACTED - Satara],not_yet_attempted,ACTUAL
102214751734,Ganjam,761104,1070,SN-2139907,"ABC, Bhiwandi, Mumbai, Maharashtra",400016,Mumbai,2026-02-24,2026-02-24,2026-02-27,2026-02-27,2026-02-25,Not Applicable,Cod,Delivered,94A69D4E0F,M*** C***,XXXXXX4811,[REDACTED - Ganjam],,ACTUAL
102014728787,Dindori,481880,980,HBK-2233703,"ABC, Bhiwandi, Mumbai, Maharashtra",400016,Mumbai,2026-02-24,2026-02-26,2026-03-01,2026-03-01,2026-03-01,Not Applicable,Prepaid,Delivered,DCCDF69E52,S*** C***,XXXXXX5622,[REDACTED - Dindori],,ACTUAL
102214754906,Debagarh,768108,1553,FUF-2314001,"ABC, Bhiwandi, Mumbai, Maharashtra",400016,Mumbai,2026-02-24,2026-02-25,2026-02-27,2026-02-27,2026-02-28,Not Applicable,Cod,Delivered,F45D8F3FB0,A*** C***,XXXXXX6653,[REDACTED - Debagarh],,ACTUAL
102114746124,Krishna,521175,491,FY-2469390,"ABC, Bhiwandi, Mumbai, Maharashtra",400016,Mumbai,2026-02-24,2026-02-25,2026-02-27,2026-02-27,2026-03-01,Not Applicable,Cod,Delivered,10486878E2,A*** C***,XXXXXX1592,[REDACTED - Krishna],,ACTUAL
101814700901,Nellore,524126,1843,SRS-2574577,"ABC, Bhiwandi, Mumbai, Maharashtra",400016,Mumbai,2026-02-24,2026-02-25,2026-02-25,2026-02-25,2026-02-27,Customer requested re-attempt,Cod,Delivered,7F4AFC913C,V*** C***,XXXXXX9921,[REDACTED - Nellore],,ACTUAL
92114316502,Muzaffarpur,843130,709,MSR-2720582,"ABC, Bhiwandi, Mumbai, Maharashtra",400016,Mumbai,2026-02-24,2026-02-25,2026-02-26,2026-02-26,2026-02-28,Not Applicable,Cod,Delivered,21734A05CE,A*** C***,XXXXXX8424,[REDACTED - Muzaffarpur],,ACTUAL
92914425968,Chennai,603004,1499,PCL-2609319,"ABC, Bhiwandi, Mumbai, Maharashtra",400016,Mumbai,2026-02-24,2026-02-25,,,2026-02-28,Not Applicable,Cod,Pickup done,5BB53FF57C,L*** C***,XXXXXX9977,[REDACTED - Chennai],not_yet_attempted,ACTUAL
101214619834,mumbai,400037,1990,TIB-2643129,"ABC, Bhiwandi, Mumbai, Maharashtra",400016,Mumbai,2026-02-24,2026-02-24,2026-02-24,2026-02-25,2026-02-25,Customer not available,Cod,Delivered,4D9732CEBB,R*** C***,XXXXXX1180,[REDACTED - mumbai],,ACTUAL
102114736587,Mahabub Nagar,509204,311,KRU-2707121,"ABC, Bhiwandi, Mumbai, Maharashtra",400016,Mumbai,2026-02-24,2026-02-25,2026-02-26,2026-02-26,2026-02-27,Not Applicable,Cod,Delivered,FDC30BC475,S*** C***,XXXXXX2417,[REDACTED - Mahabub Nagar],,ACTUAL
102314769438,Srikakulam,532222,705,JBR-2330551,"ABC, Bhiwandi, Mumbai, Maharashtra",400016,Mumbai,2026-02-24,2026-02-25,2026-03-02,2026-03-02,2026-03-04,Not Applicable,Prepaid,Delivered,70E8E3432A,R*** C***,XXXXXX0546,[REDACTED - Srikakulam],,ACTUAL
102114739454,Damoh,470661,1399,TKS-2678140,"ABC, Bhiwandi, Mumbai, Maharashtra",400016,Mumbai,2026-02-24,2026-02-25,2026-02-26,2026-02-27,2026-02-27,Customer not available,Prepaid,Delivered,B5EFFDFCE1,D*** C***,XXXXXX3459,[REDACTED - Damoh],,ACTUAL
101914716056,Jaunpur,222003,749,MY-2436740,"ABC, Bhiwandi, Mumbai, Maharashtra",400016,Mumbai,2026-02-24,2026-02-25,,,2026-02-28,Not Applicable,Prepaid,In-Transit,ED231FFEEC,M*** C***,XXXXXX4794,[REDACTED - Jaunpur],not_yet_attempted,ACTUAL
92314406628,Gadchiroli,442705,999,WER-2719044,"ABC, Bhiwandi, Mumbai, Maharashtra",400016,Mumbai,2026-02-24,2026-02-25,2026-02-27,2026-02-27,2026-02-28,Not Applicable,Cod,Delivered,71ECE8913C,S*** C***,XXXXXX0180,[REDACTED - Gadchiroli],,ACTUAL
101914709724,West Godavari,534341,249,LLT-2475560,"ABC, Bhiwandi, Mumbai, Maharashtra",400016,Mumbai,2026-02-24,2026-02-26,2026-02-27,2026-02-27,2026-02-28,Not Applicable,Cod,Delivered,06F717D10F,O*** C***,XXXXXX7247,[REDACTED - West Godavari],,ACTUAL
102014721022,Damoh,470661,943,JML-2677102,"ABC, Bhiwandi, Mumbai, Maharashtra",400016,Mumbai,2026-02-24,2026-02-25,2026-02-28,2026-02-28,2026-02-28,Not Applicable,Cod,Delivered,50FBCFC77D,V*** C***,XXXXXX9975,[REDACTED - Damoh],,ACTUAL
101014591207,"Kothariya Road, Hudko",,360002,754,"ABC, Bhiwandi, Mumbai, Maharashtra",400016,Mumbai,2026-02-24,2026-02-24,2026-02-28,2026-02-28,2026-03-02,Not Applicable,Prepaid,Delivered,4D4E575548,N*** C***,XXXXXX7914,"[REDACTED - Kothariya Road, Hudko]",invalid_customer_pincode;high_value_order;likely_data_entry_error_amount,ACTUAL
101914714171,Muzaffarpur,843111,499,JJS-2754537,"ABC, Bhiwandi, Mumbai, Maharashtra",400016,Mumbai,2026-02-24,2026-02-25,2026-02-26,2026-02-26,2026-02-27,Not Applicable,Cod,Delivered,8836116966,J*** C***,XXXXXX7050,[REDACTED - Muzaffarpur],,ACTUAL
101614683252,City,796015,499,JJS-2754530,"ABC, Bhiwandi, Mumbai, Maharashtra",400016,Mumbai,2026-02-24,2026-02-25,,,2026-02-26,Not Applicable,Cod,In-Transit,7F6F4AB038,L*** C***,XXXXXX9973,[REDACTED - City],not_yet_attempted,ACTUAL
101914713661,Satna,485666,869,WEY-2621144,"ABC, Bhiwandi, Mumbai, Maharashtra",400016,Mumbai,2026-02-24,2026-02-25,2026-02-25,2026-02-25,2026-02-27,Delivery postponed by customer,Cod,Delivered,1CA048FC49,N*** C***,XXXXXX3680,[REDACTED - Satna],,ACTUAL
102214760175,Bhavnagar,364230,1145,ADX-2681914,"ABC, Bhiwandi, Mumbai, Maharashtra",400016,Mumbai,2026-02-24,2026-02-25,2026-02-27,2026-02-27,2026-02-28,Not Applicable,Cod,Delivered,0F21672D65,A*** C***,XXXXXX6016,[REDACTED - Bhavnagar],,ACTUAL
102114736549,Mandla,481776,210,SCV-2274979,"ABC, Bhiwandi, Mumbai, Maharashtra",400016,Mumbai,2026-02-24,2026-02-25,2026-03-04,,2026-02-26,Customer requested re-attempt,Prepaid,Out of delivery,E88A26FD90,M*** C***,XXXXXX4511,[REDACTED - Mandla],,ACTUAL
101814706084,Muzaffarpur,843109,789,FKS-2216165,"ABC, Bhiwandi, Mumbai, Maharashtra",400016,Mumbai,2026-02-24,2026-02-25,2026-02-27,,2026-02-27,Customer requested re-attempt,Cod,In-Transit,BB37531C4D,R*** C***,XXXXXX8662,[REDACTED - Muzaffarpur],,ACTUAL
93014446581,Prakasam,523333,528,0PQ-2418061,"ABC, Bhiwandi, Mumbai, Maharashtra",400016,Mumbai,2026-02-24,2026-02-25,2026-03-04,,2026-02-27,Customer requested re-attempt,Cod,Out of delivery,CEC7BBF829,S*** C***,XXXXXX2323,[REDACTED - Prakasam],,ACTUAL
101814707028,Sambalpur,768224,576,YGS-2437295,"ABC, Bhiwandi, Mumbai, Maharashtra",400016,Mumbai,2026-02-24,2026-02-25,2026-03-05,,2026-03-01,Address issue,Cod,Out of delivery,E2E74C6DBC,B*** C***,XXXXXX6215,[REDACTED - Sambalpur],,ACTUAL
102414781135,Ghaziabad,201102,499,NFV-1581289,"ABC, Bhiwandi, Mumbai, Maharashtra",400016,Mumbai,2026-02-24,2026-02-25,2026-02-25,2026-02-26,2026-02-27,Customer requested re-attempt,Cod,Delivered,CD88C65048,P*** C***,XXXXXX9768,[REDACTED - Ghaziabad],,ACTUAL
92314336951,Ghaziabad,201102,999,WER-2719032,"ABC, Bhiwandi, Mumbai, Maharashtra",400016,Mumbai,2026-02-24,2026-02-25,2026-02-25,2026-02-25,2026-02-27,Not Applicable,Prepaid,Delivered,7549B930AE,L*** C***,XXXXXX1826,[REDACTED - Ghaziabad],,ACTUAL
101814697537,Adilabad,504307,748,JIX-2609765,"ABC, Bhiwandi, Mumbai, Maharashtra",400016,Mumbai,2026-02-24,2026-02-25,2026-02-28,2026-02-28,2026-02-28,Not Applicable,Cod,Delivered,03482D6074,K*** C***,XXXXXX3630,[REDACTED - Adilabad],,ACTUAL
101914712590,Krishna,521175,560,BCC-1837490,"ABC, Bhiwandi, Mumbai, Maharashtra",400016,Mumbai,2026-02-24,2026-02-26,2026-03-03,2026-03-03,2026-02-28,Not Applicable,Prepaid,Delivered,0277317FEF,A*** C***,XXXXXX5247,[REDACTED - Krishna],,ACTUAL
101914710890,Jaipur,302020,1332,ADX-2433799,"ABC, Bhiwandi, Mumbai, Maharashtra",400016,Mumbai,2026-02-24,2026-02-24,2026-02-27,2026-02-27,2026-02-27,Not Applicable,Cod,Delivered,ECF4FA4FB9,N*** C***,XXXXXX2598,[REDACTED - Jaipur],,ACTUAL
101614679865,Durg,491226,807,DDS-2117776,"ABC, Bhiwandi, Mumbai, Maharashtra",400016,Mumbai,2026-02-24,2026-02-25,2026-02-25,2026-02-25,2026-02-26,Not Applicable,Cod,Delivered,CE0AC80325,V*** C***,XXXXXX5596,[REDACTED - Durg],,ACTUAL
101814708430,Sundergarh,770033,514,YGS-1957901,"ABC, Bhiwandi, Mumbai, Maharashtra",400016,Mumbai,2026-02-24,2026-02-26,2026-03-03,2026-03-03,2026-03-03,Not Applicable,Prepaid,Delivered,B3F03843E4,P*** C***,XXXXXX1375,[REDACTED - Sundergarh],,ACTUAL
101314627612,Nayagarh,752091,299,FPS-1816090,"ABC, Bhiwandi, Mumbai, Maharashtra",400016,Mumbai,2026-02-24,2026-02-25,,,2026-02-28,Not Applicable,Cod,In-Transit,32C5F97E05,M*** C***,XXXXXX5397,[REDACTED - Nayagarh],not_yet_attempted,ACTUAL
102214757487,NOIDA,201318,1511,JL-2316917,"ABC, Bhiwandi, Mumbai, Maharashtra",400016,Mumbai,2026-02-24,2026-02-26,2026-03-01,2026-03-01,2026-03-01,Not Applicable,Cod,Delivered,A08FB3A5E3,S*** C***,XXXXXX1157,[REDACTED - NOIDA],,ACTUAL
102114742293,Prakasam,523326,526,0PQ-1893133,"ABC, Bhiwandi, Mumbai, Maharashtra",400016,Mumbai,2026-02-24,2026-02-26,2026-02-27,2026-02-28,2026-03-02,Landmark missing,Cod,Delivered,E1DE6FE368,M*** C***,XXXXXX9989,[REDACTED - Prakasam],,ACTUAL
101614674354,Birbhum,731201,593,SB9-2600188,"ABC, Bhiwandi, Mumbai, Maharashtra",400016,Mumbai,2026-02-24,2026-02-25,2026-02-28,2026-02-28,2026-02-28,Not Applicable,Prepaid,Delivered,B142D3A38E,S*** C***,XXXXXX3035,[REDACTED - Birbhum],,ACTUAL
101914713814,Thiruvananthapuram,695607,542,BYN-2600266,"ABC, Bhiwandi, Mumbai, Maharashtra",400016,Mumbai,2026-02-24,2026-02-25,2026-03-03,2026-03-03,2026-02-28,Not Applicable,Cod,Delivered,1374962BC6,V*** C***,XXXXXX9575,[REDACTED - Thiruvananthapuram],,ACTUAL
102114735632,Jaipur,303702,449,CRH-2676226,"ABC, Bhiwandi, Mumbai, Maharashtra",400016,Mumbai,2026-02-24,2026-02-26,2026-03-01,2026-03-01,2026-03-03,Not Applicable,Cod,Delivered,29F02D5EB7,N*** C***,XXXXXX0870,[REDACTED - Jaipur],,ACTUAL
101714692780,East Sikkim,737134,576,VLL-2209698,"ABC, Bhiwandi, Mumbai, Maharashtra",400016,Mumbai,2026-02-24,2026-02-25,2026-02-26,2026-02-26,2026-02-26,Not Applicable,Cod,Delivered,E076D5215C,s*** C***,XXXXXX8771,[REDACTED - East Sikkim],,ACTUAL
101614683505,Darjiling,734226,594,ZHV-2367086,"ABC, Bhiwandi, Mumbai, Maharashtra",400016,Mumbai,2026-02-24,2026-02-25,2026-03-02,2026-03-03,2026-03-03,Customer not available,Prepaid,Delivered,E54CB6284B,R*** C***,XXXXXX6813,[REDACTED - Darjiling],,ACTUAL
101914712361,Gadchiroli,442705,649,FWS-2747217,"ABC, Bhiwandi, Mumbai, Maharashtra",400016,Mumbai,2026-02-24,2026-02-25,2026-03-05,,2026-02-26,Address issue,Cod,Out of delivery,1F0CA4AE6E,P*** C***,XXXXXX0120,[REDACTED - Gadchiroli],,ACTUAL
101714684454,Wardha,442201,669,YIU-2545418,"ABC, Bhiwandi, Mumbai, Maharashtra",400016,Mumbai,2026-02-24,2026-02-25,2026-02-28,2026-02-28,2026-02-28,Not Applicable,Prepaid,Delivered,CA8C92A326,P*** C***,XXXXXX3150,[REDACTED - Wardha],,ACTUAL
101214622712,Jalna,443308,779,XHZ-2674236,"ABC, Bhiwandi, Mumbai, Maharashtra",400016,Mumbai,2026-02-24,2026-02-25,2026-02-26,2026-02-26,2026-02-27,Not Applicable,Cod,Delivered,5BBAAF0358,A*** C***,XXXXXX0021,[REDACTED - Jalna],,ACTUAL
101514669431,K.V.Rangareddy,501508,969,ER-2142901,"ABC, Bhiwandi, Mumbai, Maharashtra",400016,Mumbai,2026-02-24,2026-02-26,2026-03-01,2026-03-01,2026-03-01,Not Applicable,Prepaid,Delivered,3E5C3966A2,L*** C***,XXXXXX1356,[REDACTED - K.V.Rangareddy],,ACTUAL
92314347067,Bilaspur(CGH),495119,699,HMJ-2721788,"ABC, Bhiwandi, Mumbai, Maharashtra",400016,Mumbai,2026-02-24,2026-02-26,2026-02-28,2026-02-28,2026-03-02,Not Applicable,Prepaid,Delivered,37ACA6FDDF,s*** C***,XXXXXX3857,[REDACTED - Bilaspur(CGH)],,ACTUAL
101714689418,West Godavari,534452,580,PCT-2740929,"ABC, Bhiwandi, Mumbai, Maharashtra",400016,Mumbai,2026-02-24,2026-02-26,2026-02-28,2026-02-28,2026-03-01,Not Applicable,Prepaid,Delivered,329F43A2D6,S*** C***,XXXXXX1155,[REDACTED - West Godavari],,ACTUAL
101514660025,Amravati,444805,699,BWI-2373252,"ABC, Bhiwandi, Mumbai, Maharashtra",400016,Mumbai,2026-02-24,2026-02-25,2026-03-02,2026-03-02,2026-02-27,Not Applicable,Cod,Delivered,41E17E0AEE,D*** C***,XXXXXX9027,[REDACTED - Amravati],,ACTUAL
101014586987,East Sikkim,737135,499,JJS-2721452,"ABC, Bhiwandi, Mumbai, Maharashtra",400016,Mumbai,2026-02-24,2026-02-25,2026-02-28,2026-02-28,2026-02-28,Not Applicable,Prepaid,Delivered,886EEDEF6F,P*** C***,XXXXXX9246,[REDACTED - East Sikkim],,ACTUAL
101314636459,Cuddapah,516434,1239,SCR-2033862,"ABC, Bhiwandi, Mumbai, Maharashtra",400016,Mumbai,2026-02-24,2026-02-26,2026-03-03,2026-03-03,2026-03-03,Not Applicable,Cod,Delivered,4C54E8EE65,M*** C***,XXXXXX5003,[REDACTED - Cuddapah],,ACTUAL
101714689320,Ghaziabad,201102,499,JJS-2754385,"ABC, Bhiwandi, Mumbai, Maharashtra",400016,Mumbai,2026-02-24,2026-02-26,2026-03-02,2026-03-02,2026-03-04,Not Applicable,Prepaid,Delivered,ABC5B52839,N*** C***,XXXXXX7024,[REDACTED - Ghaziabad],,ACTUAL
92114319501,East Godavari,533343,699,OLE-2543663,"ABC, Bhiwandi, Mumbai, Maharashtra",400016,Mumbai,2026-02-24,2026-02-25,2026-02-26,2026-02-26,2026-02-28,Not Applicable,Cod,Delivered,C527557358,T*** C***,XXXXXX1111,[REDACTED - East Godavari],,ACTUAL
101014579682,Adilabad,504307,575,ADX-2462058,"ABC, Bhiwandi, Mumbai, Maharashtra",400016,Mumbai,2026-02-24,2026-02-26,2026-03-01,2026-03-01,2026-03-02,Not Applicable,Prepaid,Delivered,06F0795632,S*** C***,XXXXXX1599,[REDACTED - Adilabad],,ACTUAL
100714542501,Debagarh,768108,1490,KEF-2243832,"ABC, Bhiwandi, Mumbai, Maharashtra",400016,Mumbai,2026-02-24,2026-02-25,2026-02-25,2026-02-25,2026-02-27,Not Applicable,Cod,Delivered,D949A5C7DF,A*** C***,XXXXXX1619,[REDACTED - Debagarh],,ACTUAL
101714684455,Wardha,442201,699,PCL-2514906,"ABC, Bhiwandi, Mumbai, Maharashtra",400016,Mumbai,2026-02-24,2026-02-25,2026-03-03,2026-03-03,2026-03-03,Not Applicable,Cod,Delivered,F3858A766B,P*** C***,XXXXXX3150,[REDACTED - Wardha],,ACTUAL
101414643536,East Godavari,533428,499,BGT-2411748,"ABC, Bhiwandi, Mumbai, Maharashtra",400016,Mumbai,2026-02-27,2026-02-27,2026-02-28,2026-02-28,2026-02-28,Not Applicable,Cod,Delivered,5E2A1E3838,C*** C***,XXXXXX5243,[REDACTED - East Godavari],,ACTUAL
101214623451,Sibsagar,785692,799,PNA-2463130,"ABC, Bhiwandi, Mumbai, Maharashtra",400016,Mumbai,2026-02-27,2026-03-01,2026-03-04,2026-03-05,2026-03-05,Phone not reachable,Prepaid,Delivered,D1A9652037,W*** C***,XXXXXX3902,[REDACTED - Sibsagar],,ACTUAL
101314632522,Krishna,521457,363,BPA-2365072,"ABC, Bhiwandi, Mumbai, Maharashtra",400016,Mumbai,2026-02-27,2026-02-28,,,2026-03-06,Not Applicable,Cod,In-Transit,9ECA573F8C,P*** C***,XXXXXX1783,[REDACTED - Krishna],not_yet_attempted,ACTUAL
101514656835,Dewas,455339,545,MSR-1889748,"ABC, Bhiwandi, Mumbai, Maharashtra",400016,Mumbai,2026-02-27,2026-02-28,,,2026-03-02,Not Applicable,Cod,In-Transit,61C6991517,J*** C***,XXXXXX2360,[REDACTED - Dewas],not_yet_attempted,ACTUAL
101714684268,PUNE,411105,3996,SE-2709032,"ABC, Bhiwandi, Mumbai, Maharashtra",400016,Mumbai,2026-02-27,2026-02-28,2026-03-01,2026-03-01,2026-03-03,Not Applicable,Cod,Delivered,BEE095399A,S*** C***,XXXXXX4624,[REDACTED - PUNE],high_value_order,ACTUAL
101214623632,Nalgonda,508246,709,CB9-2424897,"ABC, Bhiwandi, Mumbai, Maharashtra",400016,Mumbai,2026-02-27,2026-03-01,2026-03-04,2026-03-04,2026-03-04,Not Applicable,Cod,Delivered,9D20123BC8,A*** C***,XXXXXX1210,[REDACTED - Nalgonda],,ACTUAL
91314211611,East Sikkim,737134,749,KQS-2707491,"ABC, Bhiwandi, Mumbai, Maharashtra",400016,Mumbai,2026-02-27,2026-03-01,2026-03-03,2026-03-03,2026-03-05,Not Applicable,Cod,Delivered,61031679BA,S*** C***,XXXXXX4933,[REDACTED - East Sikkim],,ACTUAL
101314633055,Dhubri,783348,507,Y5Y-1794255,"ABC, Bhiwandi, Mumbai, Maharashtra",400016,Mumbai,2026-02-27,2026-02-28,2026-03-01,2026-03-01,2026-03-02,Not Applicable,Cod,Delivered,8CB9189298,A*** C***,XXXXXX1375,[REDACTED - Dhubri],,ACTUAL
101114595806,Chittoor,517424,849,XHZ-2685395,"ABC, Bhiwandi, Mumbai, Maharashtra",400016,Mumbai,2026-02-27,2026-03-02,,,2026-03-06,Not Applicable,Cod,In-Transit,5804559658,P*** C***,XXXXXX3585,[REDACTED - Chittoor],not_yet_attempted,ACTUAL
101514659035,Nashik,422403,1289,MQA-2698059,"ABC, Bhiwandi, Mumbai, Maharashtra",400016,Mumbai,2026-02-27,2026-02-28,2026-02-28,2026-02-28,2026-03-01,Not Applicable,Cod,Delivered,FDF247A60C,C*** C***,XXXXXX4531,[REDACTED - Nashik],,ACTUAL
91514237187,Srikakulam,532214,399,HHF-2588716,"ABC, Bhiwandi, Mumbai, Maharashtra",400016,Mumbai,2026-02-27,2026-02-28,2026-03-05,2026-03-05,2026-03-05,Not Applicable,Cod,Delivered,BA86CDD2F2,P*** C***,XXXXXX3888,[REDACTED - Srikakulam],,ACTUAL
100814551851,Durg,491228,499,ATU-2460752,"ABC, Bhiwandi, Mumbai, Maharashtra",400016,Mumbai,2026-02-27,2026-03-01,,,2026-03-06,Not Applicable,Cod,In-Transit,9BC6CECC80,S*** C***,XXXXXX1514,[REDACTED - Durg],not_yet_attempted,ACTUAL
100914572686,Ganganagar,335061,879,OTH-2258214,"ABC, Bhiwandi, Mumbai, Maharashtra",400016,Mumbai,2026-02-27,2026-03-01,,,2026-03-06,Not Applicable,Cod,In-Transit,F759D5811C,A*** C***,XXXXXX7035,[REDACTED - Ganganagar],not_yet_attempted,ACTUAL
101314632127,Kannur,670702,499,MBC-2300122,"ABC, Bhiwandi, Mumbai, Maharashtra",400016,Mumbai,2026-02-27,2026-02-28,2026-02-28,2026-02-28,2026-03-02,Not Applicable,Cod,Delivered,6715626C96,M*** C***,XXXXXX1476,[REDACTED - Kannur],,ACTUAL
101114605698,Medak,502108,989,SB9-2125845,"ABC, Bhiwandi, Mumbai, Maharashtra",400016,Mumbai,2026-02-27,2026-02-28,2026-03-03,2026-03-03,2026-03-04,Not Applicable,Cod,Delivered,905D52C7FC,B*** C***,XXXXXX7136,[REDACTED - Medak],,ACTUAL
101614679943,Thane,401604,789,XYX-2312656,"ABC, Bhiwandi, Mumbai, Maharashtra",400016,Mumbai,2026-02-27,2026-02-28,2026-02-28,2026-03-01,2026-03-01,Address issue,Cod,Delivered,618E0F2C44,K*** C***,XXXXXX1431,[REDACTED - Thane],,ACTUAL
101114609035,Kalahandi,766012,838,BD8-2591586,"ABC, Bhiwandi, Mumbai, Maharashtra",400016,Mumbai,2026-02-27,2026-02-28,2026-03-04,,2026-03-03,Customer not available,Cod,Out of delivery,74A576B146,P*** C***,XXXXXX0490,[REDACTED - Kalahandi],,ACTUAL
92814411690,Visakhapatnam,531024,269,DHB-2625398,"ABC, Bhiwandi, Mumbai, Maharashtra",400016,Mumbai,2026-02-27,2026-03-02,2026-03-02,2026-03-02,2026-03-03,Not Applicable,Cod,Delivered,1D1BBB34C5,V*** C***,XXXXXX9880,[REDACTED - Visakhapatnam],,ACTUAL
101114604238,Ghaziabad,201102,981,HSF-2291243,"ABC, Bhiwandi, Mumbai, Maharashtra",400016,Mumbai,2026-02-27,2026-02-28,2026-03-02,2026-03-02,2026-03-02,Not Applicable,Prepaid,Delivered,61A2C8B015,P*** C***,XXXXXX8254,[REDACTED - Ghaziabad],,ACTUAL
101214623490,Srikakulam,532222,749,KDP-2661386,"ABC, Bhiwandi, Mumbai, Maharashtra",400016,Mumbai,2026-02-27,2026-02-28,2026-03-05,,2026-03-02,Address issue,Cod,Out of delivery,3770A117AC,M*** C***,XXXXXX4009,[REDACTED - Srikakulam],,ACTUAL
101014586136,Rajsamand,313202,449,YWB-2626881,"ABC, Bhiwandi, Mumbai, Maharashtra",400016,Mumbai,2026-02-27,2026-03-01,2026-03-04,2026-03-04,2026-03-04,Not Applicable,Prepaid,Delivered,343AADC24D,D*** C***,XXXXXX2771,[REDACTED - Rajsamand],,ACTUAL
101214613314,Ganjam,761118,809,XHZ-2685453,"ABC, Bhiwandi, Mumbai, Maharashtra",400016,Mumbai,2026-02-27,2026-02-28,2026-03-03,2026-03-03,2026-03-02,Not Applicable,Cod,Delivered,788B17F177,C*** C***,XXXXXX1757,[REDACTED - Ganjam],,ACTUAL
101114592501,Damoh,470661,374,YYX-1889910,"ABC, Bhiwandi, Mumbai, Maharashtra",400016,Mumbai,2026-02-27,2026-02-27,2026-02-28,2026-02-28,2026-02-28,Not Applicable,Cod,Delivered,F57373DE9D,S*** C***,XXXXXX2374,[REDACTED - Damoh],,ACTUAL
101414647462,Ajmer,305601,1615,CAM-2339241,"ABC, Bhiwandi, Mumbai, Maharashtra",400016,Mumbai,2026-02-27,2026-02-28,,,2026-03-06,Not Applicable,Cod,In-Transit,5A826A76C5,D*** C***,XXXXXX5486,[REDACTED - Ajmer],not_yet_attempted,ACTUAL
101114602879,Dharmapuri,636808,599,AFR-1964076,"ABC, Bhiwandi, Mumbai, Maharashtra",400016,Mumbai,2026-02-27,2026-02-28,2026-03-01,2026-03-01,2026-03-03,Not Applicable,Prepaid,Delivered,55ABA63E1D,S*** C***,XXXXXX9082,[REDACTED - Dharmapuri],,ACTUAL
101214617021,Krishna,521457,876,Y5Y-1704013,"ABC, Bhiwandi, Mumbai, Maharashtra",400016,Mumbai,2026-02-27,2026-03-01,2026-03-04,,2026-03-04,Landmark missing,Cod,Out of delivery,3854AF0721,P*** C***,XXXXXX1783,[REDACTED - Krishna],,ACTUAL
101314638279,Uttara Kannada,581359,791,MBC-2685032,"ABC, Bhiwandi, Mumbai, Maharashtra",400016,Mumbai,2026-02-27,2026-02-28,2026-03-02,2026-03-02,2026-03-03,Not Applicable,Prepaid,Delivered,54878DC161,F*** C***,XXXXXX4838,[REDACTED - Uttara Kannada],,ACTUAL
101214611923,Warangal,506223,709,CB9-2424897,"ABC, Bhiwandi, Mumbai, Maharashtra",400016,Mumbai,2026-02-27,2026-02-28,2026-03-01,2026-03-01,2026-03-03,Not Applicable,Prepaid,Delivered,93368A5154,K*** C***,XXXXXX0579,[REDACTED - Warangal],,ACTUAL
101214611902,Warangal,506223,709,CB9-2424899,"ABC, Bhiwandi, Mumbai, Maharashtra",400016,Mumbai,2026-02-27,2026-02-28,2026-03-04,2026-03-04,2026-03-02,Not Applicable,Cod,Delivered,6AFCCCF1BB,K*** C***,XXXXXX0579,[REDACTED - Warangal],,ACTUAL
101014579281,Chittoor,517247,699,BKM-2201761,"ABC, Bhiwandi, Mumbai, Maharashtra",400016,Mumbai,2026-02-27,2026-02-28,2026-02-28,2026-02-28,2026-03-01,Phone not reachable,Cod,Delivered,05EB976ABC,S*** C***,XXXXXX7269,[REDACTED - Chittoor],,ACTUAL
100514515705,Pathanamthitta,689693,403,XYX-2312729,"ABC, Bhiwandi, Mumbai, Maharashtra",400016,Mumbai,2026-02-27,2026-02-28,2026-03-03,2026-03-03,2026-03-02,Not Applicable,Cod,Delivered,A50B178A8F,N*** C***,XXXXXX1748,[REDACTED - Pathanamthitta],,ACTUAL
101314627671,Prakasam,523333,499,JJS-2721447,"ABC, Bhiwandi, Mumbai, Maharashtra",400016,Mumbai,2026-02-27,2026-03-01,2026-03-01,2026-03-02,2026-03-03,Phone not reachable,Cod,Delivered,CF9C123A3C,R*** C***,XXXXXX7148,[REDACTED - Prakasam],,ACTUAL
101014585971,Raigarh,496113,760,MXH-2332933,"ABC, Bhiwandi, Mumbai, Maharashtra",400016,Mumbai,2026-02-27,2026-03-01,,,2026-03-05,Not Applicable,Cod,In-Transit,B7ED27445A,P*** C***,XXXXXX8009,[REDACTED - Raigarh],not_yet_attempted,ACTUAL
101114603392,West Godavari,534426,605,MDX-2244836,"ABC, Bhiwandi, Mumbai, Maharashtra",400016,Mumbai,2026-02-27,2026-03-01,2026-03-04,2026-03-04,2026-03-04,Not Applicable,Cod,Delivered,8522468ECC,S*** C***,XXXXXX0396,[REDACTED - West Godavari],,ACTUAL
101214623861,Cuddapah,516434,719,0PQ-1893146,"ABC, Bhiwandi, Mumbai, Maharashtra",400016,Mumbai,2026-02-27,2026-03-02,2026-03-02,2026-03-02,2026-03-03,Customer requested re-attempt,Cod,Delivered,7D67A9962A,M*** C***,XXXXXX0530,[REDACTED - Cuddapah],,ACTUAL
100814558457,Malappuram,679322,377,QMB-2413639,"ABC, Bhiwandi, Mumbai, Maharashtra",400016,Mumbai,2026-02-27,2026-03-01,2026-03-01,2026-03-01,2026-03-03,Not Applicable,Prepaid,Delivered,96C84CBFEC,B*** C***,XXXXXX7711,[REDACTED - Malappuram],,ACTUAL
100414507068,Natham,624401,501,KDA-2415266,"ABC, Bhiwandi, Mumbai, Maharashtra",400016,Mumbai,2026-02-27,2026-02-28,2026-02-28,2026-03-01,2026-03-03,Address issue,Cod,Delivered,4DE4FAED8A,S*** C***,XXXXXX9965,[REDACTED - Natham],,ACTUAL
101214622344,Vadodara,391165,747,CIS-2421526,"ABC, Bhiwandi, Mumbai, Maharashtra",400016,Mumbai,2026-02-27,2026-02-28,2026-03-02,2026-03-02,2026-03-03,Not Applicable,Cod,Delivered,EC77C64078,J*** C***,XXXXXX7397,[REDACTED - Vadodara],,ACTUAL
100514529239,Maharajganj,273310,965,ADX-1965146,"ABC, Bhiwandi, Mumbai, Maharashtra",400016,Mumbai,2026-02-27,2026-02-28,2026-03-03,2026-03-03,2026-03-03,Not Applicable,Cod,Delivered,14DB2C9705,A*** C***,XXXXXX7840,[REDACTED - Maharajganj],,ACTUAL
101014589747,Krishnagiri,635121,686,XHC-1977713,"ABC, Bhiwandi, Mumbai, Maharashtra",400016,Mumbai,2026-02-27,2026-02-28,2026-03-01,2026-03-01,2026-03-03,Not Applicable,Cod,Delivered,EE4BB585AA,N*** C***,XXXXXX6727,[REDACTED - Krishnagiri],,ACTUAL
100914570637,Malappuram,679323,693,YTS-2560708,"ABC, Bhiwandi, Mumbai, Maharashtra",400016,Mumbai,2026-02-27,2026-02-28,,,2026-03-06,Not Applicable,Cod,In-Transit,968DADD764,S*** C***,XXXXXX8116,[REDACTED - Malappuram],not_yet_attempted,ACTUAL
100314480285,Sambalpur,768212,379,DH-2586921,"ABC, Bhiwandi, Mumbai, Maharashtra",400016,Mumbai,2026-02-27,2026-02-28,2026-03-03,2026-03-03,2026-03-03,Not Applicable,Cod,Delivered,4B31A3A0D7,R*** C***,XXXXXX0680,[REDACTED - Sambalpur],,ACTUAL
101114608602,Hoshangabad,461223,599,YWB-2369125,"ABC, Bhiwandi, Mumbai, Maharashtra",400016,Mumbai,2026-02-27,2026-02-28,,,2026-03-04,Not Applicable,Prepaid,In-Transit,64F1185241,V*** C***,XXXXXX2572,[REDACTED - Hoshangabad],not_yet_attempted,ACTUAL
100414504761,Kapurthala,144626,700,WBX-2224102,"ABC, Bhiwandi, Mumbai, Maharashtra",400016,Mumbai,2026-02-27,2026-02-28,2026-03-01,2026-03-02,2026-03-04,Address issue,Cod,Delivered,FE14834A34,S*** C***,XXXXXX1556,[REDACTED - Kapurthala],,ACTUAL
101114606565,Mahabub Nagar,509375,477,YJ1-2361480,"ABC, Bhiwandi, Mumbai, Maharashtra",400016,Mumbai,2026-02-27,2026-02-28,2026-03-03,2026-03-03,2026-03-03,Not Applicable,Cod,Delivered,E0BFB17A65,R*** C***,XXXXXX8190,[REDACTED - Mahabub Nagar],,ACTUAL
100714542345,Ganjam,761102,1816,BNH-1534365,"ABC, Bhiwandi, Mumbai, Maharashtra",400016,Mumbai,2026-02-27,2026-03-01,2026-03-02,2026-03-02,2026-03-02,Not Applicable,Cod,Delivered,D9BBB5E06E,A*** C***,XXXXXX6970,[REDACTED - Ganjam],,ACTUAL
100914569088,Amravati,444805,809,JML-2672186,"ABC, Bhiwandi, Mumbai, Maharashtra",400016,Mumbai,2026-02-27,2026-03-02,,,2026-03-06,Not Applicable,Cod,In-Transit,BDE3C64468,K*** C***,XXXXXX0082,[REDACTED - Amravati],not_yet_attempted,ACTUAL
100914570304,Damoh,470661,499,JJS-2711937,"ABC, Bhiwandi, Mumbai, Maharashtra",400016,Mumbai,2026-02-27,2026-03-01,2026-03-05,2026-03-05,2026-03-05,Not Applicable,Prepaid,Delivered,19DD593026,M*** C***,XXXXXX3608,[REDACTED - Damoh],,ACTUAL
100214465873,Ganjam,761105,500,JUQ-1759520,"ABC, Bhiwandi, Mumbai, Maharashtra",400016,Mumbai,2026-02-27,2026-02-28,2026-03-01,2026-03-01,2026-03-03,Not Applicable,Cod,Delivered,BD790108E3,R*** C***,XXXXXX7660,[REDACTED - Ganjam],,ACTUAL
101314633325,Tirunelveli,627425,759,XHC-2685612,"ABC, Bhiwandi, Mumbai, Maharashtra",400016,Mumbai,2026-02-27,2026-02-28,2026-03-02,2026-03-02,2026-03-02,Not Applicable,Cod,Delivered,FD4FF9ECE1,L*** C***,XXXXXX0933,[REDACTED - Tirunelveli],,ACTUAL
100914564089,Nayagarh,752091,499,JJS-2721460,"ABC, Bhiwandi, Mumbai, Maharashtra",400016,Mumbai,2026-02-27,2026-02-28,2026-03-01,2026-03-02,2026-03-02,Address issue,Cod,Delivered,4D55E69C6A,M*** C***,XXXXXX5397,[REDACTED - Nayagarh],,ACTUAL
101114598339,Ghaziabad,201102,675,CDY-2622105,"ABC, Bhiwandi, Mumbai, Maharashtra",400016,Mumbai,2026-02-27,2026-03-01,2026-03-04,2026-03-04,2026-03-05,Not Applicable,Prepaid,Delivered,BB096FD6F2,P*** C***,XXXXXX4002,[REDACTED - Ghaziabad],,ACTUAL
100814551950,K.V.Rangareddy,501506,1229,SRS-1551764,"ABC, Bhiwandi, Mumbai, Maharashtra",400016,Mumbai,2026-02-27,2026-03-02,2026-03-03,2026-03-03,2026-03-04,Not Applicable,Cod,Delivered,53014EC536,V*** C***,XXXXXX5559,[REDACTED - K.V.Rangareddy],,ACTUAL
100414505024,Vadodara,391170,659,CIQ-2434322,"ABC, Bhiwandi, Mumbai, Maharashtra",400016,Mumbai,2026-02-27,2026-02-28,2026-03-01,2026-03-02,2026-03-04,Address issue,Cod,Delivered,507B566C32,R*** C***,XXXXXX5846,[REDACTED - Vadodara],,ACTUAL
101014583241,Krishna,521175,448,Y5Y-1794287,"ABC, Bhiwandi, Mumbai, Maharashtra",400016,Mumbai,2026-02-27,2026-02-28,2026-03-03,2026-03-03,2026-03-03,Not Applicable,Cod,Delivered,0846537F53,N*** C***,XXXXXX0031,[REDACTED - Krishna],,ACTUAL
101114598338,Ghaziabad,201102,1129,YZK-2570176,"ABC, Bhiwandi, Mumbai, Maharashtra",400016,Mumbai,2026-02-27,2026-03-02,2026-03-02,2026-03-02,2026-03-04,Not Applicable,Prepaid,Delivered,77195AA0B8,P*** C***,XXXXXX4002,[REDACTED - Ghaziabad],,ACTUAL
101014579680,Adilabad,504307,311,SOX-1809427,"ABC, Bhiwandi, Mumbai, Maharashtra",400016,Mumbai,2026-02-27,2026-02-28,2026-03-01,2026-03-01,2026-03-03,Not Applicable,Cod,Delivered,96846D61D1,S*** C***,XXXXXX1599,[REDACTED - Adilabad],,ACTUAL
100714539891,Chhatarpur,471318,1356,BIV-1863224,"ABC, Bhiwandi, Mumbai, Maharashtra",400016,Mumbai,2026-02-27,2026-02-28,2026-03-01,2026-03-01,2026-03-02,Not Applicable,Cod,Delivered,EA61F5D495,A*** C***,XXXXXX4417,[REDACTED - Chhatarpur],,ACTUAL
92814413924,Valsad,396050,299,FPS-1816088,"ABC, Bhiwandi, Mumbai, Maharashtra",400016,Mumbai,2026-02-27,2026-03-01,,,2026-03-07,Not Applicable,Cod,In-Transit,C0CEDCD4E9,N*** C***,XXXXXX1188,[REDACTED - Valsad],not_yet_attempted,ACTUAL
100614537243,Bareilly,243401,809,JML-2672182,"ABC, Bhiwandi, Mumbai, Maharashtra",400016,Mumbai,2026-02-27,2026-02-28,,,2026-03-06,Not Applicable,Cod,In-Transit,CF2E8197B0,V*** C***,XXXXXX5936,[REDACTED - Bareilly],not_yet_attempted,ACTUAL
101014578328,West Champaran,845101,555,BNH-1862333,"ABC, Bhiwandi, Mumbai, Maharashtra",400016,Mumbai,2026-02-27,2026-03-01,2026-03-05,2026-03-05,2026-03-04,Not Applicable,Prepaid,Delivered,FDC0B73194,V*** C***,XXXXXX7805,[REDACTED - West Champaran],,ACTUAL
100214467849,Kalahandi,766018,839,YGS-2437159,"ABC, Bhiwandi, Mumbai, Maharashtra",400016,Mumbai,2026-02-27,2026-02-28,2026-02-28,2026-02-28,2026-03-02,Not Applicable,Cod,Delivered,7DEF159B34,A*** C***,XXXXXX1744,[REDACTED - Kalahandi],,ACTUAL
92614386978,Yavatmal,445401,549,LUY-1446442,"ABC, Bhiwandi, Mumbai, Maharashtra",400016,Mumbai,2026-02-27,2026-02-28,2026-03-05,2026-03-05,2026-03-04,Not Applicable,Prepaid,Delivered,27F2A0734F,R*** C***,XXXXXX1283,[REDACTED - Yavatmal],,ACTUAL
100614538254,Damoh,470661,849,LTL-1989283,"ABC, Bhiwandi, Mumbai, Maharashtra",400016,Mumbai,2026-02-27,2026-02-28,2026-03-02,2026-03-02,2026-03-04,Not Applicable,Cod,Delivered,F93C99C245,S*** C***,XXXXXX9961,[REDACTED - Damoh],,ACTUAL
100914567813,Goalpara,783129,481,CB9-2369507,"ABC, Bhiwandi, Mumbai, Maharashtra",400016,Mumbai,2026-02-27,2026-02-28,2026-02-28,2026-02-28,2026-03-02,Not Applicable,Cod,Delivered,850C762739,N*** C***,XXXXXX6710,[REDACTED - Goalpara],,ACTUAL
100514515794,Kapurthala,144626,497,YKL-2244436,"ABC, Bhiwandi, Mumbai, Maharashtra",400016,Mumbai,2026-02-27,2026-02-28,,,2026-03-04,Not Applicable,Cod,In-Transit,19FA6D0C83,R*** C***,XXXXXX7077,[REDACTED - Kapurthala],not_yet_attempted,ACTUAL
100814554966,Gumla,835231,362,Y5Y-1794256,"ABC, Bhiwandi, Mumbai, Maharashtra",400016,Mumbai,2026-02-27,2026-03-01,,,2026-03-02,Not Applicable,Cod,In-Transit,8CD72C82F0,N*** C***,XXXXXX2195,[REDACTED - Gumla],not_yet_attempted,ACTUAL
100314482310,Sambalpur,768106,489,AOA-2579620,"ABC, Bhiwandi, Mumbai, Maharashtra",400016,Mumbai,2026-02-27,2026-02-28,2026-02-28,2026-02-28,2026-03-02,Not Applicable,Cod,Delivered,1878E06A7D,D*** C***,XXXXXX3418,[REDACTED - Sambalpur],,ACTUAL
100814558401,Vadodara,392110,1264,HZT-2710098,"ABC, Bhiwandi, Mumbai, Maharashtra",400016,Mumbai,2026-02-27,2026-03-01,2026-03-05,2026-03-05,2026-03-04,Not Applicable,Cod,Delivered,3B9BD6369C,S*** C***,XXXXXX5934,[REDACTED - Vadodara],,ACTUAL
