carrier,awb,order_id,delivery_date,cod_amount,remittance_due_date,status,priority,email_subject,email_body,cod_amount_source
Carrier C,AWB8071858156,110514910930,2026-01-02,1589,2026-01-04,Overdue,P1 - Urgent,"[Remittance Due] AWB AWB8071858156 — COD ₹1,589 — Carrier C","Dear Carrier C Finance Team,

The following COD shipment was delivered on 2026-01-02. Per the 2-day remittance SLA, payment of ₹1,589 is due by 2026-01-04 00:00:00.

AWB: AWB8071858156
Order ID: 110514910930
Delivery Date: 2026-01-02
Destination: Kendujhar
COD Amount: ₹1,589

Please confirm remittance status.

Regards,
Finance Ops — AI Logistics Control Tower",DERIVED (package_amount used as COD-amount proxy — see docs/data_assumptions.md)
Carrier A,AWB9107113826,110614917619,2026-01-02,559,2026-01-04,Overdue,P1 - Urgent,[Remittance Due] AWB AWB9107113826 — COD ₹559 — Carrier A,"Dear Carrier A Finance Team,

The following COD shipment was delivered on 2026-01-02. Per the 2-day remittance SLA, payment of ₹559 is due by 2026-01-04 00:00:00.

AWB: AWB9107113826
Order ID: 110614917619
Delivery Date: 2026-01-02
Destination: Bangalore
COD Amount: ₹559

Please confirm remittance status.

Regards,
Finance Ops — AI Logistics Control Tower",DERIVED (package_amount used as COD-amount proxy — see docs/data_assumptions.md)
Carrier A,AWB6093135089,103114848462,2026-01-02,930,2026-01-04,Overdue,P1 - Urgent,[Remittance Due] AWB AWB6093135089 — COD ₹930 — Carrier A,"Dear Carrier A Finance Team,

The following COD shipment was delivered on 2026-01-02. Per the 2-day remittance SLA, payment of ₹930 is due by 2026-01-04 00:00:00.

AWB: AWB6093135089
Order ID: 103114848462
Delivery Date: 2026-01-02
Destination: Thane
COD Amount: ₹930

Please confirm remittance status.

Regards,
Finance Ops — AI Logistics Control Tower",DERIVED (package_amount used as COD-amount proxy — see docs/data_assumptions.md)
Carrier D,AWB0501070606,110914953242,2026-01-02,1123,2026-01-04,Overdue,P1 - Urgent,"[Remittance Due] AWB AWB0501070606 — COD ₹1,123 — Carrier D","Dear Carrier D Finance Team,

The following COD shipment was delivered on 2026-01-02. Per the 2-day remittance SLA, payment of ₹1,123 is due by 2026-01-04 00:00:00.

AWB: AWB0501070606
Order ID: 110914953242
Delivery Date: 2026-01-02
Destination: Bangalore
COD Amount: ₹1,123

Please confirm remittance status.

Regards,
Finance Ops — AI Logistics Control Tower",DERIVED (package_amount used as COD-amount proxy — see docs/data_assumptions.md)
Carrier A,AWB6540987290,110714929039,2026-01-02,749,2026-01-04,Overdue,P1 - Urgent,[Remittance Due] AWB AWB6540987290 — COD ₹749 — Carrier A,"Dear Carrier A Finance Team,

The following COD shipment was delivered on 2026-01-02. Per the 2-day remittance SLA, payment of ₹749 is due by 2026-01-04 00:00:00.

AWB: AWB6540987290
Order ID: 110714929039
Delivery Date: 2026-01-02
Destination: Jabalpur
COD Amount: ₹749

Please confirm remittance status.

Regards,
Finance Ops — AI Logistics Control Tower",DERIVED (package_amount used as COD-amount proxy — see docs/data_assumptions.md)
Carrier A,AWB5069218107,110614921639,2026-01-02,599,2026-01-04,Overdue,P1 - Urgent,[Remittance Due] AWB AWB5069218107 — COD ₹599 — Carrier A,"Dear Carrier A Finance Team,

The following COD shipment was delivered on 2026-01-02. Per the 2-day remittance SLA, payment of ₹599 is due by 2026-01-04 00:00:00.

AWB: AWB5069218107
Order ID: 110614921639
Delivery Date: 2026-01-02
Destination: BANGALORE
COD Amount: ₹599

Please confirm remittance status.

Regards,
Finance Ops — AI Logistics Control Tower",DERIVED (package_amount used as COD-amount proxy — see docs/data_assumptions.md)
Carrier D,AWB9875818163,111014970329,2026-01-02,499,2026-01-04,Overdue,P1 - Urgent,[Remittance Due] AWB AWB9875818163 — COD ₹499 — Carrier D,"Dear Carrier D Finance Team,

The following COD shipment was delivered on 2026-01-02. Per the 2-day remittance SLA, payment of ₹499 is due by 2026-01-04 00:00:00.

AWB: AWB9875818163
Order ID: 111014970329
Delivery Date: 2026-01-02
Destination: North West Delhi
COD Amount: ₹499

Please confirm remittance status.

Regards,
Finance Ops — AI Logistics Control Tower",DERIVED (package_amount used as COD-amount proxy — see docs/data_assumptions.md)
Carrier D,AWB5677044880,111114977978,2026-01-02,998,2026-01-04,Overdue,P1 - Urgent,[Remittance Due] AWB AWB5677044880 — COD ₹998 — Carrier D,"Dear Carrier D Finance Team,

The following COD shipment was delivered on 2026-01-02. Per the 2-day remittance SLA, payment of ₹998 is due by 2026-01-04 00:00:00.

AWB: AWB5677044880
Order ID: 111114977978
Delivery Date: 2026-01-02
Destination: South West Delhi
COD Amount: ₹998

Please confirm remittance status.

Regards,
Finance Ops — AI Logistics Control Tower",DERIVED (package_amount used as COD-amount proxy — see docs/data_assumptions.md)
Carrier D,AWB1115210342,110514909909,2026-01-03,1247,2026-01-05,Overdue,P1 - Urgent,"[Remittance Due] AWB AWB1115210342 — COD ₹1,247 — Carrier D","Dear Carrier D Finance Team,

The following COD shipment was delivered on 2026-01-03. Per the 2-day remittance SLA, payment of ₹1,247 is due by 2026-01-05 00:00:00.

AWB: AWB1115210342
Order ID: 110514909909
Delivery Date: 2026-01-03
Destination: Jalandhar
COD Amount: ₹1,247

Please confirm remittance status.

Regards,
Finance Ops — AI Logistics Control Tower",DERIVED (package_amount used as COD-amount proxy — see docs/data_assumptions.md)
Carrier A,AWB9656494423,111114974751,2026-01-03,685,2026-01-05,Overdue,P1 - Urgent,[Remittance Due] AWB AWB9656494423 — COD ₹685 — Carrier A,"Dear Carrier A Finance Team,

The following COD shipment was delivered on 2026-01-03. Per the 2-day remittance SLA, payment of ₹685 is due by 2026-01-05 00:00:00.

AWB: AWB9656494423
Order ID: 111114974751
Delivery Date: 2026-01-03
Destination: Thane
COD Amount: ₹685

Please confirm remittance status.

Regards,
Finance Ops — AI Logistics Control Tower",DERIVED (package_amount used as COD-amount proxy — see docs/data_assumptions.md)
Carrier C,AWB0015798517,111114974767,2026-01-03,299,2026-01-05,Overdue,P1 - Urgent,[Remittance Due] AWB AWB0015798517 — COD ₹299 — Carrier C,"Dear Carrier C Finance Team,

The following COD shipment was delivered on 2026-01-03. Per the 2-day remittance SLA, payment of ₹299 is due by 2026-01-05 00:00:00.

AWB: AWB0015798517
Order ID: 111114974767
Delivery Date: 2026-01-03
Destination: Gurgaon
COD Amount: ₹299

Please confirm remittance status.

Regards,
Finance Ops — AI Logistics Control Tower",DERIVED (package_amount used as COD-amount proxy — see docs/data_assumptions.md)
Carrier B,AWB5144071596,110214874260,2026-01-03,589,2026-01-05,Overdue,P1 - Urgent,[Remittance Due] AWB AWB5144071596 — COD ₹589 — Carrier B,"Dear Carrier B Finance Team,

The following COD shipment was delivered on 2026-01-03. Per the 2-day remittance SLA, payment of ₹589 is due by 2026-01-05 00:00:00.

AWB: AWB5144071596
Order ID: 110214874260
Delivery Date: 2026-01-03
Destination: Tinsukia
COD Amount: ₹589

Please confirm remittance status.

Regards,
Finance Ops — AI Logistics Control Tower",DERIVED (package_amount used as COD-amount proxy — see docs/data_assumptions.md)
Carrier D,AWB0581508925,111014965801,2026-01-03,928,2026-01-05,Overdue,P1 - Urgent,[Remittance Due] AWB AWB0581508925 — COD ₹928 — Carrier D,"Dear Carrier D Finance Team,

The following COD shipment was delivered on 2026-01-03. Per the 2-day remittance SLA, payment of ₹928 is due by 2026-01-05 00:00:00.

AWB: AWB0581508925
Order ID: 111014965801
Delivery Date: 2026-01-03
Destination: South West Delhi
COD Amount: ₹928

Please confirm remittance status.

Regards,
Finance Ops — AI Logistics Control Tower",DERIVED (package_amount used as COD-amount proxy — see docs/data_assumptions.md)
Carrier B,AWB9108110268,110914956584,2026-01-03,525,2026-01-05,Overdue,P1 - Urgent,[Remittance Due] AWB AWB9108110268 — COD ₹525 — Carrier B,"Dear Carrier B Finance Team,

The following COD shipment was delivered on 2026-01-03. Per the 2-day remittance SLA, payment of ₹525 is due by 2026-01-05 00:00:00.

AWB: AWB9108110268
Order ID: 110914956584
Delivery Date: 2026-01-03
Destination: Haridwar
COD Amount: ₹525

Please confirm remittance status.

Regards,
Finance Ops — AI Logistics Control Tower",DERIVED (package_amount used as COD-amount proxy — see docs/data_assumptions.md)
Carrier D,AWB3426993585,111214990305,2026-01-03,499,2026-01-05,Overdue,P1 - Urgent,[Remittance Due] AWB AWB3426993585 — COD ₹499 — Carrier D,"Dear Carrier D Finance Team,

The following COD shipment was delivered on 2026-01-03. Per the 2-day remittance SLA, payment of ₹499 is due by 2026-01-05 00:00:00.

AWB: AWB3426993585
Order ID: 111214990305
Delivery Date: 2026-01-03
Destination: Mumbai
COD Amount: ₹499

Please confirm remittance status.

Regards,
Finance Ops — AI Logistics Control Tower",DERIVED (package_amount used as COD-amount proxy — see docs/data_assumptions.md)
Carrier D,AWB1380818382,110814939905,2026-01-03,634,2026-01-05,Overdue,P1 - Urgent,[Remittance Due] AWB AWB1380818382 — COD ₹634 — Carrier D,"Dear Carrier D Finance Team,

The following COD shipment was delivered on 2026-01-03. Per the 2-day remittance SLA, payment of ₹634 is due by 2026-01-05 00:00:00.

AWB: AWB1380818382
Order ID: 110814939905
Delivery Date: 2026-01-03
Destination: Jaipur
COD Amount: ₹634

Please confirm remittance status.

Regards,
Finance Ops — AI Logistics Control Tower",DERIVED (package_amount used as COD-amount proxy — see docs/data_assumptions.md)
Carrier C,AWB9081721167,100114457679,2026-01-03,599,2026-01-05,Overdue,P1 - Urgent,[Remittance Due] AWB AWB9081721167 — COD ₹599 — Carrier C,"Dear Carrier C Finance Team,

The following COD shipment was delivered on 2026-01-03. Per the 2-day remittance SLA, payment of ₹599 is due by 2026-01-05 00:00:00.

AWB: AWB9081721167
Order ID: 100114457679
Delivery Date: 2026-01-03
Destination: Jaipur
COD Amount: ₹599

Please confirm remittance status.

Regards,
Finance Ops — AI Logistics Control Tower",DERIVED (package_amount used as COD-amount proxy — see docs/data_assumptions.md)
Carrier A,AWB6460874981,111014969635,2026-01-04,752,2026-01-06,Overdue,P1 - Urgent,[Remittance Due] AWB AWB6460874981 — COD ₹752 — Carrier A,"Dear Carrier A Finance Team,

The following COD shipment was delivered on 2026-01-04. Per the 2-day remittance SLA, payment of ₹752 is due by 2026-01-06 00:00:00.

AWB: AWB6460874981
Order ID: 111014969635
Delivery Date: 2026-01-04
Destination: Pune
COD Amount: ₹752

Please confirm remittance status.

Regards,
Finance Ops — AI Logistics Control Tower",DERIVED (package_amount used as COD-amount proxy — see docs/data_assumptions.md)
Carrier A,AWB5553624175,111114978187,2026-01-04,499,2026-01-06,Overdue,P1 - Urgent,[Remittance Due] AWB AWB5553624175 — COD ₹499 — Carrier A,"Dear Carrier A Finance Team,

The following COD shipment was delivered on 2026-01-04. Per the 2-day remittance SLA, payment of ₹499 is due by 2026-01-06 00:00:00.

AWB: AWB5553624175
Order ID: 111114978187
Delivery Date: 2026-01-04
Destination: Bangalore
COD Amount: ₹499

Please confirm remittance status.

Regards,
Finance Ops — AI Logistics Control Tower",DERIVED (package_amount used as COD-amount proxy — see docs/data_assumptions.md)
Carrier A,AWB5258594048,101814699937,2026-01-04,1699,2026-01-06,Overdue,P1 - Urgent,"[Remittance Due] AWB AWB5258594048 — COD ₹1,699 — Carrier A","Dear Carrier A Finance Team,

The following COD shipment was delivered on 2026-01-04. Per the 2-day remittance SLA, payment of ₹1,699 is due by 2026-01-06 00:00:00.

AWB: AWB5258594048
Order ID: 101814699937
Delivery Date: 2026-01-04
Destination: Bangalore
COD Amount: ₹1,699

Please confirm remittance status.

Regards,
Finance Ops — AI Logistics Control Tower",DERIVED (package_amount used as COD-amount proxy — see docs/data_assumptions.md)
Carrier C,AWB1830861728,110714936330,2026-01-04,869,2026-01-06,Overdue,P1 - Urgent,[Remittance Due] AWB AWB1830861728 — COD ₹869 — Carrier C,"Dear Carrier C Finance Team,

The following COD shipment was delivered on 2026-01-04. Per the 2-day remittance SLA, payment of ₹869 is due by 2026-01-06 00:00:00.

AWB: AWB1830861728
Order ID: 110714936330
Delivery Date: 2026-01-04
Destination: Indore
COD Amount: ₹869

Please confirm remittance status.

Regards,
Finance Ops — AI Logistics Control Tower",DERIVED (package_amount used as COD-amount proxy — see docs/data_assumptions.md)
Carrier B,AWB6589604930,111114975963,2026-01-04,1198,2026-01-06,Overdue,P1 - Urgent,"[Remittance Due] AWB AWB6589604930 — COD ₹1,198 — Carrier B","Dear Carrier B Finance Team,

The following COD shipment was delivered on 2026-01-04. Per the 2-day remittance SLA, payment of ₹1,198 is due by 2026-01-06 00:00:00.

AWB: AWB6589604930
Order ID: 111114975963
Delivery Date: 2026-01-04
Destination: Gautam Buddha Nagar
COD Amount: ₹1,198

Please confirm remittance status.

Regards,
Finance Ops — AI Logistics Control Tower",DERIVED (package_amount used as COD-amount proxy — see docs/data_assumptions.md)
Carrier B,AWB3711253948,110414887922,2026-01-04,669,2026-01-06,Overdue,P1 - Urgent,[Remittance Due] AWB AWB3711253948 — COD ₹669 — Carrier B,"Dear Carrier B Finance Team,

The following COD shipment was delivered on 2026-01-04. Per the 2-day remittance SLA, payment of ₹669 is due by 2026-01-06 00:00:00.

AWB: AWB3711253948
Order ID: 110414887922
Delivery Date: 2026-01-04
Destination: Mumbai
COD Amount: ₹669

Please confirm remittance status.

Regards,
Finance Ops — AI Logistics Control Tower",DERIVED (package_amount used as COD-amount proxy — see docs/data_assumptions.md)
Carrier D,AWB5877602679,110914954129,2026-01-04,950,2026-01-06,Overdue,P1 - Urgent,[Remittance Due] AWB AWB5877602679 — COD ₹950 — Carrier D,"Dear Carrier D Finance Team,

The following COD shipment was delivered on 2026-01-04. Per the 2-day remittance SLA, payment of ₹950 is due by 2026-01-06 00:00:00.

AWB: AWB5877602679
Order ID: 110914954129
Delivery Date: 2026-01-04
Destination: Tumkur
COD Amount: ₹950

Please confirm remittance status.

Regards,
Finance Ops — AI Logistics Control Tower",DERIVED (package_amount used as COD-amount proxy — see docs/data_assumptions.md)
Carrier A,AWB3909169539,110414897502,2026-01-04,660,2026-01-06,Overdue,P1 - Urgent,[Remittance Due] AWB AWB3909169539 — COD ₹660 — Carrier A,"Dear Carrier A Finance Team,

The following COD shipment was delivered on 2026-01-04. Per the 2-day remittance SLA, payment of ₹660 is due by 2026-01-06 00:00:00.

AWB: AWB3909169539
Order ID: 110414897502
Delivery Date: 2026-01-04
Destination: Moradabad
COD Amount: ₹660

Please confirm remittance status.

Regards,
Finance Ops — AI Logistics Control Tower",DERIVED (package_amount used as COD-amount proxy — see docs/data_assumptions.md)
Carrier C,AWB1625989050,111014971427,2026-01-04,1031,2026-01-06,Overdue,P1 - Urgent,"[Remittance Due] AWB AWB1625989050 — COD ₹1,031 — Carrier C","Dear Carrier C Finance Team,

The following COD shipment was delivered on 2026-01-04. Per the 2-day remittance SLA, payment of ₹1,031 is due by 2026-01-06 00:00:00.

AWB: AWB1625989050
Order ID: 111014971427
Delivery Date: 2026-01-04
Destination: Hyderabad
COD Amount: ₹1,031

Please confirm remittance status.

Regards,
Finance Ops — AI Logistics Control Tower",DERIVED (package_amount used as COD-amount proxy — see docs/data_assumptions.md)
Carrier C,AWB1594817196,110914952110,2026-01-04,830,2026-01-06,Overdue,P1 - Urgent,[Remittance Due] AWB AWB1594817196 — COD ₹830 — Carrier C,"Dear Carrier C Finance Team,

The following COD shipment was delivered on 2026-01-04. Per the 2-day remittance SLA, payment of ₹830 is due by 2026-01-06 00:00:00.

AWB: AWB1594817196
Order ID: 110914952110
Delivery Date: 2026-01-04
Destination: Raipur
COD Amount: ₹830

Please confirm remittance status.

Regards,
Finance Ops — AI Logistics Control Tower",DERIVED (package_amount used as COD-amount proxy — see docs/data_assumptions.md)
Carrier A,AWB7048997460,111114975960,2026-01-04,603,2026-01-06,Overdue,P1 - Urgent,[Remittance Due] AWB AWB7048997460 — COD ₹603 — Carrier A,"Dear Carrier A Finance Team,

The following COD shipment was delivered on 2026-01-04. Per the 2-day remittance SLA, payment of ₹603 is due by 2026-01-06 00:00:00.

AWB: AWB7048997460
Order ID: 111114975960
Delivery Date: 2026-01-04
Destination: Pune
COD Amount: ₹603

Please confirm remittance status.

Regards,
Finance Ops — AI Logistics Control Tower",DERIVED (package_amount used as COD-amount proxy — see docs/data_assumptions.md)
Carrier B,AWB6621403319,110814939599,2026-01-04,399,2026-01-06,Overdue,P1 - Urgent,[Remittance Due] AWB AWB6621403319 — COD ₹399 — Carrier B,"Dear Carrier B Finance Team,

The following COD shipment was delivered on 2026-01-04. Per the 2-day remittance SLA, payment of ₹399 is due by 2026-01-06 00:00:00.

AWB: AWB6621403319
Order ID: 110814939599
Delivery Date: 2026-01-04
Destination: Hoshiarpur
COD Amount: ₹399

Please confirm remittance status.

Regards,
Finance Ops — AI Logistics Control Tower",DERIVED (package_amount used as COD-amount proxy — see docs/data_assumptions.md)
Carrier D,AWB2400214800,111114983022,2026-01-05,839,2026-01-07,Overdue,P1 - Urgent,[Remittance Due] AWB AWB2400214800 — COD ₹839 — Carrier D,"Dear Carrier D Finance Team,

The following COD shipment was delivered on 2026-01-05. Per the 2-day remittance SLA, payment of ₹839 is due by 2026-01-07 00:00:00.

AWB: AWB2400214800
Order ID: 111114983022
Delivery Date: 2026-01-05
Destination: New Delhi
COD Amount: ₹839

Please confirm remittance status.

Regards,
Finance Ops — AI Logistics Control Tower",DERIVED (package_amount used as COD-amount proxy — see docs/data_assumptions.md)
Carrier B,AWB5642901572,111014969453,2026-01-05,1049,2026-01-07,Overdue,P1 - Urgent,"[Remittance Due] AWB AWB5642901572 — COD ₹1,049 — Carrier B","Dear Carrier B Finance Team,

The following COD shipment was delivered on 2026-01-05. Per the 2-day remittance SLA, payment of ₹1,049 is due by 2026-01-07 00:00:00.

AWB: AWB5642901572
Order ID: 111014969453
Delivery Date: 2026-01-05
Destination: Ghaziabad
COD Amount: ₹1,049

Please confirm remittance status.

Regards,
Finance Ops — AI Logistics Control Tower",DERIVED (package_amount used as COD-amount proxy — see docs/data_assumptions.md)
Carrier B,AWB2340112464,110714926718,2026-01-05,661,2026-01-07,Overdue,P1 - Urgent,[Remittance Due] AWB AWB2340112464 — COD ₹661 — Carrier B,"Dear Carrier B Finance Team,

The following COD shipment was delivered on 2026-01-05. Per the 2-day remittance SLA, payment of ₹661 is due by 2026-01-07 00:00:00.

AWB: AWB2340112464
Order ID: 110714926718
Delivery Date: 2026-01-05
Destination: Thane
COD Amount: ₹661

Please confirm remittance status.

Regards,
Finance Ops — AI Logistics Control Tower",DERIVED (package_amount used as COD-amount proxy — see docs/data_assumptions.md)
Carrier D,AWB9902737920,110914951600,2026-01-05,1144,2026-01-07,Overdue,P1 - Urgent,"[Remittance Due] AWB AWB9902737920 — COD ₹1,144 — Carrier D","Dear Carrier D Finance Team,

The following COD shipment was delivered on 2026-01-05. Per the 2-day remittance SLA, payment of ₹1,144 is due by 2026-01-07 00:00:00.

AWB: AWB9902737920
Order ID: 110914951600
Delivery Date: 2026-01-05
Destination: Jaipur
COD Amount: ₹1,144

Please confirm remittance status.

Regards,
Finance Ops — AI Logistics Control Tower",DERIVED (package_amount used as COD-amount proxy — see docs/data_assumptions.md)
Carrier C,AWB3139341704,110914958131,2026-01-05,648,2026-01-07,Overdue,P1 - Urgent,[Remittance Due] AWB AWB3139341704 — COD ₹648 — Carrier C,"Dear Carrier C Finance Team,

The following COD shipment was delivered on 2026-01-05. Per the 2-day remittance SLA, payment of ₹648 is due by 2026-01-07 00:00:00.

AWB: AWB3139341704
Order ID: 110914958131
Delivery Date: 2026-01-05
Destination: Thrissur
COD Amount: ₹648

Please confirm remittance status.

Regards,
Finance Ops — AI Logistics Control Tower",DERIVED (package_amount used as COD-amount proxy — see docs/data_assumptions.md)
Carrier A,AWB8176791149,92614724584,2026-01-05,1029,2026-01-07,Overdue,P1 - Urgent,"[Remittance Due] AWB AWB8176791149 — COD ₹1,029 — Carrier A","Dear Carrier A Finance Team,

The following COD shipment was delivered on 2026-01-05. Per the 2-day remittance SLA, payment of ₹1,029 is due by 2026-01-07 00:00:00.

AWB: AWB8176791149
Order ID: 92614724584
Delivery Date: 2026-01-05
Destination: West Siang
COD Amount: ₹1,029

Please confirm remittance status.

Regards,
Finance Ops — AI Logistics Control Tower",DERIVED (package_amount used as COD-amount proxy — see docs/data_assumptions.md)
Carrier A,AWB4468640184,111114981104,2026-01-05,699,2026-01-07,Overdue,P1 - Urgent,[Remittance Due] AWB AWB4468640184 — COD ₹699 — Carrier A,"Dear Carrier A Finance Team,

The following COD shipment was delivered on 2026-01-05. Per the 2-day remittance SLA, payment of ₹699 is due by 2026-01-07 00:00:00.

AWB: AWB4468640184
Order ID: 111114981104
Delivery Date: 2026-01-05
Destination: Central Delhi
COD Amount: ₹699

Please confirm remittance status.

Regards,
Finance Ops — AI Logistics Control Tower",DERIVED (package_amount used as COD-amount proxy — see docs/data_assumptions.md)
Carrier B,AWB5883648992,110814936984,2026-01-05,499,2026-01-07,Overdue,P1 - Urgent,[Remittance Due] AWB AWB5883648992 — COD ₹499 — Carrier B,"Dear Carrier B Finance Team,

The following COD shipment was delivered on 2026-01-05. Per the 2-day remittance SLA, payment of ₹499 is due by 2026-01-07 00:00:00.

AWB: AWB5883648992
Order ID: 110814936984
Delivery Date: 2026-01-05
Destination: Dakshina Kannada
COD Amount: ₹499

Please confirm remittance status.

Regards,
Finance Ops — AI Logistics Control Tower",DERIVED (package_amount used as COD-amount proxy — see docs/data_assumptions.md)
Carrier B,AWB2350996821,110914953399,2026-01-05,465,2026-01-07,Overdue,P1 - Urgent,[Remittance Due] AWB AWB2350996821 — COD ₹465 — Carrier B,"Dear Carrier B Finance Team,

The following COD shipment was delivered on 2026-01-05. Per the 2-day remittance SLA, payment of ₹465 is due by 2026-01-07 00:00:00.

AWB: AWB2350996821
Order ID: 110914953399
Delivery Date: 2026-01-05
Destination: Raigarh(MH)
COD Amount: ₹465

Please confirm remittance status.

Regards,
Finance Ops — AI Logistics Control Tower",DERIVED (package_amount used as COD-amount proxy — see docs/data_assumptions.md)
Carrier C,AWB9052078334,110114853755,2026-01-05,482,2026-01-07,Overdue,P1 - Urgent,[Remittance Due] AWB AWB9052078334 — COD ₹482 — Carrier C,"Dear Carrier C Finance Team,

The following COD shipment was delivered on 2026-01-05. Per the 2-day remittance SLA, payment of ₹482 is due by 2026-01-07 00:00:00.

AWB: AWB9052078334
Order ID: 110114853755
Delivery Date: 2026-01-05
Destination: K.V.Rangareddy
COD Amount: ₹482

Please confirm remittance status.

Regards,
Finance Ops — AI Logistics Control Tower",DERIVED (package_amount used as COD-amount proxy — see docs/data_assumptions.md)
Carrier C,AWB8757636991,101714687926,2026-01-05,749,2026-01-07,Overdue,P1 - Urgent,[Remittance Due] AWB AWB8757636991 — COD ₹749 — Carrier C,"Dear Carrier C Finance Team,

The following COD shipment was delivered on 2026-01-05. Per the 2-day remittance SLA, payment of ₹749 is due by 2026-01-07 00:00:00.

AWB: AWB8757636991
Order ID: 101714687926
Delivery Date: 2026-01-05
Destination: Mandsaur
COD Amount: ₹749

Please confirm remittance status.

Regards,
Finance Ops — AI Logistics Control Tower",DERIVED (package_amount used as COD-amount proxy — see docs/data_assumptions.md)
Carrier B,AWB6558406106,111114976389,2026-01-05,249,2026-01-07,Overdue,P1 - Urgent,[Remittance Due] AWB AWB6558406106 — COD ₹249 — Carrier B,"Dear Carrier B Finance Team,

The following COD shipment was delivered on 2026-01-05. Per the 2-day remittance SLA, payment of ₹249 is due by 2026-01-07 00:00:00.

AWB: AWB6558406106
Order ID: 111114976389
Delivery Date: 2026-01-05
Destination: Gautam Buddha Nagar
COD Amount: ₹249

Please confirm remittance status.

Regards,
Finance Ops — AI Logistics Control Tower",DERIVED (package_amount used as COD-amount proxy — see docs/data_assumptions.md)
Carrier C,AWB5971455538,110814945059,2026-01-05,636,2026-01-07,Overdue,P1 - Urgent,[Remittance Due] AWB AWB5971455538 — COD ₹636 — Carrier C,"Dear Carrier C Finance Team,

The following COD shipment was delivered on 2026-01-05. Per the 2-day remittance SLA, payment of ₹636 is due by 2026-01-07 00:00:00.

AWB: AWB5971455538
Order ID: 110814945059
Delivery Date: 2026-01-05
Destination: Thiruvananthapuram
COD Amount: ₹636

Please confirm remittance status.

Regards,
Finance Ops — AI Logistics Control Tower",DERIVED (package_amount used as COD-amount proxy — see docs/data_assumptions.md)
Carrier D,AWB6068232687,110714935355,2026-01-05,836,2026-01-07,Overdue,P1 - Urgent,[Remittance Due] AWB AWB6068232687 — COD ₹836 — Carrier D,"Dear Carrier D Finance Team,

The following COD shipment was delivered on 2026-01-05. Per the 2-day remittance SLA, payment of ₹836 is due by 2026-01-07 00:00:00.

AWB: AWB6068232687
Order ID: 110714935355
Delivery Date: 2026-01-05
Destination: Ghaziabad
COD Amount: ₹836

Please confirm remittance status.

Regards,
Finance Ops — AI Logistics Control Tower",DERIVED (package_amount used as COD-amount proxy — see docs/data_assumptions.md)
Carrier C,AWB7341851678,111214990353,2026-01-05,559,2026-01-07,Overdue,P1 - Urgent,[Remittance Due] AWB AWB7341851678 — COD ₹559 — Carrier C,"Dear Carrier C Finance Team,

The following COD shipment was delivered on 2026-01-05. Per the 2-day remittance SLA, payment of ₹559 is due by 2026-01-07 00:00:00.

AWB: AWB7341851678
Order ID: 111214990353
Delivery Date: 2026-01-05
Destination: Pune
COD Amount: ₹559

Please confirm remittance status.

Regards,
Finance Ops — AI Logistics Control Tower",DERIVED (package_amount used as COD-amount proxy — see docs/data_assumptions.md)
Carrier A,AWB0579817537,110914958277,2026-01-05,435,2026-01-07,Overdue,P1 - Urgent,[Remittance Due] AWB AWB0579817537 — COD ₹435 — Carrier A,"Dear Carrier A Finance Team,

The following COD shipment was delivered on 2026-01-05. Per the 2-day remittance SLA, payment of ₹435 is due by 2026-01-07 00:00:00.

AWB: AWB0579817537
Order ID: 110914958277
Delivery Date: 2026-01-05
Destination: Agra
COD Amount: ₹435

Please confirm remittance status.

Regards,
Finance Ops — AI Logistics Control Tower",DERIVED (package_amount used as COD-amount proxy — see docs/data_assumptions.md)
Carrier B,AWB8584798187,102914824700,2026-01-05,834,2026-01-07,Overdue,P1 - Urgent,[Remittance Due] AWB AWB8584798187 — COD ₹834 — Carrier B,"Dear Carrier B Finance Team,

The following COD shipment was delivered on 2026-01-05. Per the 2-day remittance SLA, payment of ₹834 is due by 2026-01-07 00:00:00.

AWB: AWB8584798187
Order ID: 102914824700
Delivery Date: 2026-01-05
Destination: Howrah
COD Amount: ₹834

Please confirm remittance status.

Regards,
Finance Ops — AI Logistics Control Tower",DERIVED (package_amount used as COD-amount proxy — see docs/data_assumptions.md)
Carrier A,AWB7788632110,110914961162,2026-01-06,587,2026-01-08,Overdue,P1 - Urgent,[Remittance Due] AWB AWB7788632110 — COD ₹587 — Carrier A,"Dear Carrier A Finance Team,

The following COD shipment was delivered on 2026-01-06. Per the 2-day remittance SLA, payment of ₹587 is due by 2026-01-08 00:00:00.

AWB: AWB7788632110
Order ID: 110914961162
Delivery Date: 2026-01-06
Destination: Bangalore
COD Amount: ₹587

Please confirm remittance status.

Regards,
Finance Ops — AI Logistics Control Tower",DERIVED (package_amount used as COD-amount proxy — see docs/data_assumptions.md)
Carrier B,AWB9021906707,110914958357,2026-01-06,647,2026-01-08,Overdue,P1 - Urgent,[Remittance Due] AWB AWB9021906707 — COD ₹647 — Carrier B,"Dear Carrier B Finance Team,

The following COD shipment was delivered on 2026-01-06. Per the 2-day remittance SLA, payment of ₹647 is due by 2026-01-08 00:00:00.

AWB: AWB9021906707
Order ID: 110914958357
Delivery Date: 2026-01-06
Destination: Patiala
COD Amount: ₹647

Please confirm remittance status.

Regards,
Finance Ops — AI Logistics Control Tower",DERIVED (package_amount used as COD-amount proxy — see docs/data_assumptions.md)
Carrier B,AWB9075245316,111114975378,2026-01-06,604,2026-01-08,Overdue,P1 - Urgent,[Remittance Due] AWB AWB9075245316 — COD ₹604 — Carrier B,"Dear Carrier B Finance Team,

The following COD shipment was delivered on 2026-01-06. Per the 2-day remittance SLA, payment of ₹604 is due by 2026-01-08 00:00:00.

AWB: AWB9075245316
Order ID: 111114975378
Delivery Date: 2026-01-06
Destination: Gurgaon
COD Amount: ₹604

Please confirm remittance status.

Regards,
Finance Ops — AI Logistics Control Tower",DERIVED (package_amount used as COD-amount proxy — see docs/data_assumptions.md)
Carrier C,AWB5115750761,110714929267,2026-01-06,899,2026-01-08,Overdue,P1 - Urgent,[Remittance Due] AWB AWB5115750761 — COD ₹899 — Carrier C,"Dear Carrier C Finance Team,

The following COD shipment was delivered on 2026-01-06. Per the 2-day remittance SLA, payment of ₹899 is due by 2026-01-08 00:00:00.

AWB: AWB5115750761
Order ID: 110714929267
Delivery Date: 2026-01-06
Destination: Gurgaon
COD Amount: ₹899

Please confirm remittance status.

Regards,
Finance Ops — AI Logistics Control Tower",DERIVED (package_amount used as COD-amount proxy — see docs/data_assumptions.md)
Carrier D,AWB1507441713,111014969620,2026-01-06,1071,2026-01-08,Overdue,P1 - Urgent,"[Remittance Due] AWB AWB1507441713 — COD ₹1,071 — Carrier D","Dear Carrier D Finance Team,

The following COD shipment was delivered on 2026-01-06. Per the 2-day remittance SLA, payment of ₹1,071 is due by 2026-01-08 00:00:00.

AWB: AWB1507441713
Order ID: 111014969620
Delivery Date: 2026-01-06
Destination: North East Delhi
COD Amount: ₹1,071

Please confirm remittance status.

Regards,
Finance Ops — AI Logistics Control Tower",DERIVED (package_amount used as COD-amount proxy — see docs/data_assumptions.md)
Carrier C,AWB4409264880,111214986995,2026-01-06,1145,2026-01-08,Overdue,P1 - Urgent,"[Remittance Due] AWB AWB4409264880 — COD ₹1,145 — Carrier C","Dear Carrier C Finance Team,

The following COD shipment was delivered on 2026-01-06. Per the 2-day remittance SLA, payment of ₹1,145 is due by 2026-01-08 00:00:00.

AWB: AWB4409264880
Order ID: 111214986995
Delivery Date: 2026-01-06
Destination: Bangalore
COD Amount: ₹1,145

Please confirm remittance status.

Regards,
Finance Ops — AI Logistics Control Tower",DERIVED (package_amount used as COD-amount proxy — see docs/data_assumptions.md)
Carrier B,AWB7920095418,110614913752,2026-01-06,1919,2026-01-08,Overdue,P1 - Urgent,"[Remittance Due] AWB AWB7920095418 — COD ₹1,919 — Carrier B","Dear Carrier B Finance Team,

The following COD shipment was delivered on 2026-01-06. Per the 2-day remittance SLA, payment of ₹1,919 is due by 2026-01-08 00:00:00.

AWB: AWB7920095418
Order ID: 110614913752
Delivery Date: 2026-01-06
Destination: Bangalore
COD Amount: ₹1,919

Please confirm remittance status.

Regards,
Finance Ops — AI Logistics Control Tower",DERIVED (package_amount used as COD-amount proxy — see docs/data_assumptions.md)
Carrier B,AWB1619864822,110414892174,2026-01-06,2999,2026-01-08,Overdue,P1 - Urgent,"[Remittance Due] AWB AWB1619864822 — COD ₹2,999 — Carrier B","Dear Carrier B Finance Team,

The following COD shipment was delivered on 2026-01-06. Per the 2-day remittance SLA, payment of ₹2,999 is due by 2026-01-08 00:00:00.

AWB: AWB1619864822
Order ID: 110414892174
Delivery Date: 2026-01-06
Destination: Chennai
COD Amount: ₹2,999

Please confirm remittance status.

Regards,
Finance Ops — AI Logistics Control Tower",DERIVED (package_amount used as COD-amount proxy — see docs/data_assumptions.md)
Carrier C,AWB8473498865,110814945670,2026-01-06,549,2026-01-08,Overdue,P1 - Urgent,[Remittance Due] AWB AWB8473498865 — COD ₹549 — Carrier C,"Dear Carrier C Finance Team,

The following COD shipment was delivered on 2026-01-06. Per the 2-day remittance SLA, payment of ₹549 is due by 2026-01-08 00:00:00.

AWB: AWB8473498865
Order ID: 110814945670
Delivery Date: 2026-01-06
Destination: Ludhiana
COD Amount: ₹549

Please confirm remittance status.

Regards,
Finance Ops — AI Logistics Control Tower",DERIVED (package_amount used as COD-amount proxy — see docs/data_assumptions.md)
Carrier A,AWB9674772707,110814938509,2026-01-06,629,2026-01-08,Overdue,P1 - Urgent,[Remittance Due] AWB AWB9674772707 — COD ₹629 — Carrier A,"Dear Carrier A Finance Team,

The following COD shipment was delivered on 2026-01-06. Per the 2-day remittance SLA, payment of ₹629 is due by 2026-01-08 00:00:00.

AWB: AWB9674772707
Order ID: 110814938509
Delivery Date: 2026-01-06
Destination: Hyderabad
COD Amount: ₹629

Please confirm remittance status.

Regards,
Finance Ops — AI Logistics Control Tower",DERIVED (package_amount used as COD-amount proxy — see docs/data_assumptions.md)
Carrier C,AWB0709487433,110414898481,2026-01-06,1497,2026-01-08,Overdue,P1 - Urgent,"[Remittance Due] AWB AWB0709487433 — COD ₹1,497 — Carrier C","Dear Carrier C Finance Team,

The following COD shipment was delivered on 2026-01-06. Per the 2-day remittance SLA, payment of ₹1,497 is due by 2026-01-08 00:00:00.

AWB: AWB0709487433
Order ID: 110414898481
Delivery Date: 2026-01-06
Destination: Rohtak
COD Amount: ₹1,497

Please confirm remittance status.

Regards,
Finance Ops — AI Logistics Control Tower",DERIVED (package_amount used as COD-amount proxy — see docs/data_assumptions.md)
Carrier B,AWB5642656490,110914951130,2026-01-06,723,2026-01-08,Overdue,P1 - Urgent,[Remittance Due] AWB AWB5642656490 — COD ₹723 — Carrier B,"Dear Carrier B Finance Team,

The following COD shipment was delivered on 2026-01-06. Per the 2-day remittance SLA, payment of ₹723 is due by 2026-01-08 00:00:00.

AWB: AWB5642656490
Order ID: 110914951130
Delivery Date: 2026-01-06
Destination: SURAT
COD Amount: ₹723

Please confirm remittance status.

Regards,
Finance Ops — AI Logistics Control Tower",DERIVED (package_amount used as COD-amount proxy — see docs/data_assumptions.md)
Carrier D,AWB3031100818,102714807454,2026-01-06,675,2026-01-08,Overdue,P1 - Urgent,[Remittance Due] AWB AWB3031100818 — COD ₹675 — Carrier D,"Dear Carrier D Finance Team,

The following COD shipment was delivered on 2026-01-06. Per the 2-day remittance SLA, payment of ₹675 is due by 2026-01-08 00:00:00.

AWB: AWB3031100818
Order ID: 102714807454
Delivery Date: 2026-01-06
Destination: East Khasi Hills
COD Amount: ₹675

Please confirm remittance status.

Regards,
Finance Ops — AI Logistics Control Tower",DERIVED (package_amount used as COD-amount proxy — see docs/data_assumptions.md)
Carrier C,AWB7403384881,110814947053,2026-01-06,665,2026-01-08,Overdue,P1 - Urgent,[Remittance Due] AWB AWB7403384881 — COD ₹665 — Carrier C,"Dear Carrier C Finance Team,

The following COD shipment was delivered on 2026-01-06. Per the 2-day remittance SLA, payment of ₹665 is due by 2026-01-08 00:00:00.

AWB: AWB7403384881
Order ID: 110814947053
Delivery Date: 2026-01-06
Destination: West Godavari
COD Amount: ₹665

Please confirm remittance status.

Regards,
Finance Ops — AI Logistics Control Tower",DERIVED (package_amount used as COD-amount proxy — see docs/data_assumptions.md)
Carrier C,AWB4413895202,111014963942,2026-01-06,796,2026-01-08,Overdue,P1 - Urgent,[Remittance Due] AWB AWB4413895202 — COD ₹796 — Carrier C,"Dear Carrier C Finance Team,

The following COD shipment was delivered on 2026-01-06. Per the 2-day remittance SLA, payment of ₹796 is due by 2026-01-08 00:00:00.

AWB: AWB4413895202
Order ID: 111014963942
Delivery Date: 2026-01-06
Destination: Gurgaon
COD Amount: ₹796

Please confirm remittance status.

Regards,
Finance Ops — AI Logistics Control Tower",DERIVED (package_amount used as COD-amount proxy — see docs/data_assumptions.md)
Carrier B,AWB7565221872,111114983923,2026-01-06,799,2026-01-08,Overdue,P1 - Urgent,[Remittance Due] AWB AWB7565221872 — COD ₹799 — Carrier B,"Dear Carrier B Finance Team,

The following COD shipment was delivered on 2026-01-06. Per the 2-day remittance SLA, payment of ₹799 is due by 2026-01-08 00:00:00.

AWB: AWB7565221872
Order ID: 111114983923
Delivery Date: 2026-01-06
Destination: South West Delhi
COD Amount: ₹799

Please confirm remittance status.

Regards,
Finance Ops — AI Logistics Control Tower",DERIVED (package_amount used as COD-amount proxy — see docs/data_assumptions.md)
Carrier D,AWB4262348040,101514655176,2026-01-06,1079,2026-01-08,Overdue,P1 - Urgent,"[Remittance Due] AWB AWB4262348040 — COD ₹1,079 — Carrier D","Dear Carrier D Finance Team,

The following COD shipment was delivered on 2026-01-06. Per the 2-day remittance SLA, payment of ₹1,079 is due by 2026-01-08 00:00:00.

AWB: AWB4262348040
Order ID: 101514655176
Delivery Date: 2026-01-06
Destination: Tirap
COD Amount: ₹1,079

Please confirm remittance status.

Regards,
Finance Ops — AI Logistics Control Tower",DERIVED (package_amount used as COD-amount proxy — see docs/data_assumptions.md)
Carrier D,AWB0886530634,110514908730,2026-01-06,428,2026-01-08,Overdue,P1 - Urgent,[Remittance Due] AWB AWB0886530634 — COD ₹428 — Carrier D,"Dear Carrier D Finance Team,

The following COD shipment was delivered on 2026-01-06. Per the 2-day remittance SLA, payment of ₹428 is due by 2026-01-08 00:00:00.

AWB: AWB0886530634
Order ID: 110514908730
Delivery Date: 2026-01-06
Destination: Nagaon
COD Amount: ₹428

Please confirm remittance status.

Regards,
Finance Ops — AI Logistics Control Tower",DERIVED (package_amount used as COD-amount proxy — see docs/data_assumptions.md)
Carrier C,AWB0389979578,110914957797,2026-01-06,599,2026-01-08,Overdue,P1 - Urgent,[Remittance Due] AWB AWB0389979578 — COD ₹599 — Carrier C,"Dear Carrier C Finance Team,

The following COD shipment was delivered on 2026-01-06. Per the 2-day remittance SLA, payment of ₹599 is due by 2026-01-08 00:00:00.

AWB: AWB0389979578
Order ID: 110914957797
Delivery Date: 2026-01-06
Destination: Visakhapatnam
COD Amount: ₹599

Please confirm remittance status.

Regards,
Finance Ops — AI Logistics Control Tower",DERIVED (package_amount used as COD-amount proxy — see docs/data_assumptions.md)
Carrier D,AWB3888285784,110414892085,2026-01-07,819,2026-01-09,Overdue,P1 - Urgent,[Remittance Due] AWB AWB3888285784 — COD ₹819 — Carrier D,"Dear Carrier D Finance Team,

The following COD shipment was delivered on 2026-01-07. Per the 2-day remittance SLA, payment of ₹819 is due by 2026-01-09 00:00:00.

AWB: AWB3888285784
Order ID: 110414892085
Delivery Date: 2026-01-07
Destination: Karnal
COD Amount: ₹819

Please confirm remittance status.

Regards,
Finance Ops — AI Logistics Control Tower",DERIVED (package_amount used as COD-amount proxy — see docs/data_assumptions.md)
Carrier B,AWB1909837551,103014836345,2026-01-07,256,2026-01-09,Overdue,P1 - Urgent,[Remittance Due] AWB AWB1909837551 — COD ₹256 — Carrier B,"Dear Carrier B Finance Team,

The following COD shipment was delivered on 2026-01-07. Per the 2-day remittance SLA, payment of ₹256 is due by 2026-01-09 00:00:00.

AWB: AWB1909837551
Order ID: 103014836345
Delivery Date: 2026-01-07
Destination: Shimoga
COD Amount: ₹256

Please confirm remittance status.

Regards,
Finance Ops — AI Logistics Control Tower",DERIVED (package_amount used as COD-amount proxy — see docs/data_assumptions.md)
Carrier C,AWB9709776408,111014970616,2026-01-07,1384,2026-01-09,Overdue,P1 - Urgent,"[Remittance Due] AWB AWB9709776408 — COD ₹1,384 — Carrier C","Dear Carrier C Finance Team,

The following COD shipment was delivered on 2026-01-07. Per the 2-day remittance SLA, payment of ₹1,384 is due by 2026-01-09 00:00:00.

AWB: AWB9709776408
Order ID: 111014970616
Delivery Date: 2026-01-07
Destination: Mumbai
COD Amount: ₹1,384

Please confirm remittance status.

Regards,
Finance Ops — AI Logistics Control Tower",DERIVED (package_amount used as COD-amount proxy — see docs/data_assumptions.md)
Carrier D,AWB1478111349,110914956085,2026-01-07,779,2026-01-09,Overdue,P1 - Urgent,[Remittance Due] AWB AWB1478111349 — COD ₹779 — Carrier D,"Dear Carrier D Finance Team,

The following COD shipment was delivered on 2026-01-07. Per the 2-day remittance SLA, payment of ₹779 is due by 2026-01-09 00:00:00.

AWB: AWB1478111349
Order ID: 110914956085
Delivery Date: 2026-01-07
Destination: East Khasi Hills
COD Amount: ₹779

Please confirm remittance status.

Regards,
Finance Ops — AI Logistics Control Tower",DERIVED (package_amount used as COD-amount proxy — see docs/data_assumptions.md)
Carrier B,AWB4779780053,110114858449,2026-01-07,349,2026-01-09,Overdue,P1 - Urgent,[Remittance Due] AWB AWB4779780053 — COD ₹349 — Carrier B,"Dear Carrier B Finance Team,

The following COD shipment was delivered on 2026-01-07. Per the 2-day remittance SLA, payment of ₹349 is due by 2026-01-09 00:00:00.

AWB: AWB4779780053
Order ID: 110114858449
Delivery Date: 2026-01-07
Destination: Erode
COD Amount: ₹349

Please confirm remittance status.

Regards,
Finance Ops — AI Logistics Control Tower",DERIVED (package_amount used as COD-amount proxy — see docs/data_assumptions.md)
Carrier C,AWB8403710656,110814948510,2026-01-07,1029,2026-01-09,Overdue,P1 - Urgent,"[Remittance Due] AWB AWB8403710656 — COD ₹1,029 — Carrier C","Dear Carrier C Finance Team,

The following COD shipment was delivered on 2026-01-07. Per the 2-day remittance SLA, payment of ₹1,029 is due by 2026-01-09 00:00:00.

AWB: AWB8403710656
Order ID: 110814948510
Delivery Date: 2026-01-07
Destination: North Delhi
COD Amount: ₹1,029

Please confirm remittance status.

Regards,
Finance Ops — AI Logistics Control Tower",DERIVED (package_amount used as COD-amount proxy — see docs/data_assumptions.md)
Carrier B,AWB0828042792,111114977539,2026-01-07,921,2026-01-09,Overdue,P1 - Urgent,[Remittance Due] AWB AWB0828042792 — COD ₹921 — Carrier B,"Dear Carrier B Finance Team,

The following COD shipment was delivered on 2026-01-07. Per the 2-day remittance SLA, payment of ₹921 is due by 2026-01-09 00:00:00.

AWB: AWB0828042792
Order ID: 111114977539
Delivery Date: 2026-01-07
Destination: Bangalore
COD Amount: ₹921

Please confirm remittance status.

Regards,
Finance Ops — AI Logistics Control Tower",DERIVED (package_amount used as COD-amount proxy — see docs/data_assumptions.md)
Carrier B,AWB1590215885,110914959039,2026-01-07,868,2026-01-09,Overdue,P1 - Urgent,[Remittance Due] AWB AWB1590215885 — COD ₹868 — Carrier B,"Dear Carrier B Finance Team,

The following COD shipment was delivered on 2026-01-07. Per the 2-day remittance SLA, payment of ₹868 is due by 2026-01-09 00:00:00.

AWB: AWB1590215885
Order ID: 110914959039
Delivery Date: 2026-01-07
Destination: ERNAKULAMKochi
COD Amount: ₹868

Please confirm remittance status.

Regards,
Finance Ops — AI Logistics Control Tower",DERIVED (package_amount used as COD-amount proxy — see docs/data_assumptions.md)
Carrier B,AWB7590601943,110914957466,2026-01-07,788,2026-01-09,Overdue,P1 - Urgent,[Remittance Due] AWB AWB7590601943 — COD ₹788 — Carrier B,"Dear Carrier B Finance Team,

The following COD shipment was delivered on 2026-01-07. Per the 2-day remittance SLA, payment of ₹788 is due by 2026-01-09 00:00:00.

AWB: AWB7590601943
Order ID: 110914957466
Delivery Date: 2026-01-07
Destination: Hyderabad
COD Amount: ₹788

Please confirm remittance status.

Regards,
Finance Ops — AI Logistics Control Tower",DERIVED (package_amount used as COD-amount proxy — see docs/data_assumptions.md)
Carrier B,AWB3330228125,111114984707,2026-01-07,1711,2026-01-09,Overdue,P1 - Urgent,"[Remittance Due] AWB AWB3330228125 — COD ₹1,711 — Carrier B","Dear Carrier B Finance Team,

The following COD shipment was delivered on 2026-01-07. Per the 2-day remittance SLA, payment of ₹1,711 is due by 2026-01-09 00:00:00.

AWB: AWB3330228125
Order ID: 111114984707
Delivery Date: 2026-01-07
Destination: Mumbai
COD Amount: ₹1,711

Please confirm remittance status.

Regards,
Finance Ops — AI Logistics Control Tower",DERIVED (package_amount used as COD-amount proxy — see docs/data_assumptions.md)
Carrier C,AWB7383254377,110714932884,2026-01-07,349,2026-01-09,Overdue,P1 - Urgent,[Remittance Due] AWB AWB7383254377 — COD ₹349 — Carrier C,"Dear Carrier C Finance Team,

The following COD shipment was delivered on 2026-01-07. Per the 2-day remittance SLA, payment of ₹349 is due by 2026-01-09 00:00:00.

AWB: AWB7383254377
Order ID: 110714932884
Delivery Date: 2026-01-07
Destination: Gautam Buddha Nagar
COD Amount: ₹349

Please confirm remittance status.

Regards,
Finance Ops — AI Logistics Control Tower",DERIVED (package_amount used as COD-amount proxy — see docs/data_assumptions.md)
Carrier D,AWB9262065819,111014966268,2026-01-07,345,2026-01-09,Overdue,P1 - Urgent,[Remittance Due] AWB AWB9262065819 — COD ₹345 — Carrier D,"Dear Carrier D Finance Team,

The following COD shipment was delivered on 2026-01-07. Per the 2-day remittance SLA, payment of ₹345 is due by 2026-01-09 00:00:00.

AWB: AWB9262065819
Order ID: 111014966268
Delivery Date: 2026-01-07
Destination: Vizianagaram
COD Amount: ₹345

Please confirm remittance status.

Regards,
Finance Ops — AI Logistics Control Tower",DERIVED (package_amount used as COD-amount proxy — see docs/data_assumptions.md)
Carrier D,AWB3451997626,111114978241,2026-01-07,969,2026-01-09,Overdue,P1 - Urgent,[Remittance Due] AWB AWB3451997626 — COD ₹969 — Carrier D,"Dear Carrier D Finance Team,

The following COD shipment was delivered on 2026-01-07. Per the 2-day remittance SLA, payment of ₹969 is due by 2026-01-09 00:00:00.

AWB: AWB3451997626
Order ID: 111114978241
Delivery Date: 2026-01-07
Destination: Hyderabad
COD Amount: ₹969

Please confirm remittance status.

Regards,
Finance Ops — AI Logistics Control Tower",DERIVED (package_amount used as COD-amount proxy — see docs/data_assumptions.md)
Carrier B,AWB4852334464,110614922030,2026-01-07,1274,2026-01-09,Overdue,P1 - Urgent,"[Remittance Due] AWB AWB4852334464 — COD ₹1,274 — Carrier B","Dear Carrier B Finance Team,

The following COD shipment was delivered on 2026-01-07. Per the 2-day remittance SLA, payment of ₹1,274 is due by 2026-01-09 00:00:00.

AWB: AWB4852334464
Order ID: 110614922030
Delivery Date: 2026-01-07
Destination: Ernakulam
COD Amount: ₹1,274

Please confirm remittance status.

Regards,
Finance Ops — AI Logistics Control Tower",DERIVED (package_amount used as COD-amount proxy — see docs/data_assumptions.md)
Carrier C,AWB3895307212,110914959739,2026-01-07,1088,2026-01-09,Overdue,P1 - Urgent,"[Remittance Due] AWB AWB3895307212 — COD ₹1,088 — Carrier C","Dear Carrier C Finance Team,

The following COD shipment was delivered on 2026-01-07. Per the 2-day remittance SLA, payment of ₹1,088 is due by 2026-01-09 00:00:00.

AWB: AWB3895307212
Order ID: 110914959739
Delivery Date: 2026-01-07
Destination: K.V.Rangareddy
COD Amount: ₹1,088

Please confirm remittance status.

Regards,
Finance Ops — AI Logistics Control Tower",DERIVED (package_amount used as COD-amount proxy — see docs/data_assumptions.md)
Carrier D,AWB2274575012,111014962156,2026-01-07,999,2026-01-09,Overdue,P1 - Urgent,[Remittance Due] AWB AWB2274575012 — COD ₹999 — Carrier D,"Dear Carrier D Finance Team,

The following COD shipment was delivered on 2026-01-07. Per the 2-day remittance SLA, payment of ₹999 is due by 2026-01-09 00:00:00.

AWB: AWB2274575012
Order ID: 111014962156
Delivery Date: 2026-01-07
Destination: North West Delhi
COD Amount: ₹999

Please confirm remittance status.

Regards,
Finance Ops — AI Logistics Control Tower",DERIVED (package_amount used as COD-amount proxy — see docs/data_assumptions.md)
Carrier B,AWB3522003114,110214873207,2026-01-07,720,2026-01-09,Overdue,P1 - Urgent,[Remittance Due] AWB AWB3522003114 — COD ₹720 — Carrier B,"Dear Carrier B Finance Team,

The following COD shipment was delivered on 2026-01-07. Per the 2-day remittance SLA, payment of ₹720 is due by 2026-01-09 00:00:00.

AWB: AWB3522003114
Order ID: 110214873207
Delivery Date: 2026-01-07
Destination: Jabalpur
COD Amount: ₹720

Please confirm remittance status.

Regards,
Finance Ops — AI Logistics Control Tower",DERIVED (package_amount used as COD-amount proxy — see docs/data_assumptions.md)
Carrier D,AWB2761604873,110614915465,2026-01-08,1488,2026-01-10,Overdue,P1 - Urgent,"[Remittance Due] AWB AWB2761604873 — COD ₹1,488 — Carrier D","Dear Carrier D Finance Team,

The following COD shipment was delivered on 2026-01-08. Per the 2-day remittance SLA, payment of ₹1,488 is due by 2026-01-10 00:00:00.

AWB: AWB2761604873
Order ID: 110614915465
Delivery Date: 2026-01-08
Destination: Nagaur
COD Amount: ₹1,488

Please confirm remittance status.

Regards,
Finance Ops — AI Logistics Control Tower",DERIVED (package_amount used as COD-amount proxy — see docs/data_assumptions.md)
Carrier D,AWB0747988426,110914957803,2026-01-08,723,2026-01-10,Overdue,P1 - Urgent,[Remittance Due] AWB AWB0747988426 — COD ₹723 — Carrier D,"Dear Carrier D Finance Team,

The following COD shipment was delivered on 2026-01-08. Per the 2-day remittance SLA, payment of ₹723 is due by 2026-01-10 00:00:00.

AWB: AWB0747988426
Order ID: 110914957803
Delivery Date: 2026-01-08
Destination: Hyderabad
COD Amount: ₹723

Please confirm remittance status.

Regards,
Finance Ops — AI Logistics Control Tower",DERIVED (package_amount used as COD-amount proxy — see docs/data_assumptions.md)
Carrier A,AWB0874358855,110514908258,2026-01-08,839,2026-01-10,Overdue,P1 - Urgent,[Remittance Due] AWB AWB0874358855 — COD ₹839 — Carrier A,"Dear Carrier A Finance Team,

The following COD shipment was delivered on 2026-01-08. Per the 2-day remittance SLA, payment of ₹839 is due by 2026-01-10 00:00:00.

AWB: AWB0874358855
Order ID: 110514908258
Delivery Date: 2026-01-08
Destination: Bangalore
COD Amount: ₹839

Please confirm remittance status.

Regards,
Finance Ops — AI Logistics Control Tower",DERIVED (package_amount used as COD-amount proxy — see docs/data_assumptions.md)
Carrier D,AWB8925364932,102114744729,2026-01-08,1498,2026-01-10,Overdue,P1 - Urgent,"[Remittance Due] AWB AWB8925364932 — COD ₹1,498 — Carrier D","Dear Carrier D Finance Team,

The following COD shipment was delivered on 2026-01-08. Per the 2-day remittance SLA, payment of ₹1,498 is due by 2026-01-10 00:00:00.

AWB: AWB8925364932
Order ID: 102114744729
Delivery Date: 2026-01-08
Destination: Kalahandi
COD Amount: ₹1,498

Please confirm remittance status.

Regards,
Finance Ops — AI Logistics Control Tower",DERIVED (package_amount used as COD-amount proxy — see docs/data_assumptions.md)
Carrier B,AWB1042354324,110414891597,2026-01-08,1499,2026-01-10,Overdue,P1 - Urgent,"[Remittance Due] AWB AWB1042354324 — COD ₹1,499 — Carrier B","Dear Carrier B Finance Team,

The following COD shipment was delivered on 2026-01-08. Per the 2-day remittance SLA, payment of ₹1,499 is due by 2026-01-10 00:00:00.

AWB: AWB1042354324
Order ID: 110414891597
Delivery Date: 2026-01-08
Destination: Jodhpur
COD Amount: ₹1,499

Please confirm remittance status.

Regards,
Finance Ops — AI Logistics Control Tower",DERIVED (package_amount used as COD-amount proxy — see docs/data_assumptions.md)
Carrier D,AWB2189757605,110614923215,2026-01-08,738,2026-01-10,Overdue,P1 - Urgent,[Remittance Due] AWB AWB2189757605 — COD ₹738 — Carrier D,"Dear Carrier D Finance Team,

The following COD shipment was delivered on 2026-01-08. Per the 2-day remittance SLA, payment of ₹738 is due by 2026-01-10 00:00:00.

AWB: AWB2189757605
Order ID: 110614923215
Delivery Date: 2026-01-08
Destination: Ghaziabad
COD Amount: ₹738

Please confirm remittance status.

Regards,
Finance Ops — AI Logistics Control Tower",DERIVED (package_amount used as COD-amount proxy — see docs/data_assumptions.md)
Carrier B,AWB6813190698,111114973168,2026-01-08,659,2026-01-10,Overdue,P1 - Urgent,[Remittance Due] AWB AWB6813190698 — COD ₹659 — Carrier B,"Dear Carrier B Finance Team,

The following COD shipment was delivered on 2026-01-08. Per the 2-day remittance SLA, payment of ₹659 is due by 2026-01-10 00:00:00.

AWB: AWB6813190698
Order ID: 111114973168
Delivery Date: 2026-01-08
Destination: Gurgaon
COD Amount: ₹659

Please confirm remittance status.

Regards,
Finance Ops — AI Logistics Control Tower",DERIVED (package_amount used as COD-amount proxy — see docs/data_assumptions.md)
Carrier D,AWB7847919129,111114981346,2026-01-08,999,2026-01-10,Overdue,P1 - Urgent,[Remittance Due] AWB AWB7847919129 — COD ₹999 — Carrier D,"Dear Carrier D Finance Team,

The following COD shipment was delivered on 2026-01-08. Per the 2-day remittance SLA, payment of ₹999 is due by 2026-01-10 00:00:00.

AWB: AWB7847919129
Order ID: 111114981346
Delivery Date: 2026-01-08
Destination: Faridabad
COD Amount: ₹999

Please confirm remittance status.

Regards,
Finance Ops — AI Logistics Control Tower",DERIVED (package_amount used as COD-amount proxy — see docs/data_assumptions.md)
Carrier D,AWB1015218764,110614922432,2026-01-08,550,2026-01-10,Overdue,P1 - Urgent,[Remittance Due] AWB AWB1015218764 — COD ₹550 — Carrier D,"Dear Carrier D Finance Team,

The following COD shipment was delivered on 2026-01-08. Per the 2-day remittance SLA, payment of ₹550 is due by 2026-01-10 00:00:00.

AWB: AWB1015218764
Order ID: 110614922432
Delivery Date: 2026-01-08
Destination: Bhopal
COD Amount: ₹550

Please confirm remittance status.

Regards,
Finance Ops — AI Logistics Control Tower",DERIVED (package_amount used as COD-amount proxy — see docs/data_assumptions.md)
Carrier D,AWB4314092712,103114840407,2026-01-08,399,2026-01-10,Overdue,P1 - Urgent,[Remittance Due] AWB AWB4314092712 — COD ₹399 — Carrier D,"Dear Carrier D Finance Team,

The following COD shipment was delivered on 2026-01-08. Per the 2-day remittance SLA, payment of ₹399 is due by 2026-01-10 00:00:00.

AWB: AWB4314092712
Order ID: 103114840407
Delivery Date: 2026-01-08
Destination: Kanyakumari
COD Amount: ₹399

Please confirm remittance status.

Regards,
Finance Ops — AI Logistics Control Tower",DERIVED (package_amount used as COD-amount proxy — see docs/data_assumptions.md)
Carrier B,AWB7479874972,111114977228,2026-01-08,244,2026-01-10,Overdue,P1 - Urgent,[Remittance Due] AWB AWB7479874972 — COD ₹244 — Carrier B,"Dear Carrier B Finance Team,

The following COD shipment was delivered on 2026-01-08. Per the 2-day remittance SLA, payment of ₹244 is due by 2026-01-10 00:00:00.

AWB: AWB7479874972
Order ID: 111114977228
Delivery Date: 2026-01-08
Destination: Kanchipuram
COD Amount: ₹244

Please confirm remittance status.

Regards,
Finance Ops — AI Logistics Control Tower",DERIVED (package_amount used as COD-amount proxy — see docs/data_assumptions.md)
Carrier A,AWB3114234687,110614914773,2026-01-08,349,2026-01-10,Overdue,P1 - Urgent,[Remittance Due] AWB AWB3114234687 — COD ₹349 — Carrier A,"Dear Carrier A Finance Team,

The following COD shipment was delivered on 2026-01-08. Per the 2-day remittance SLA, payment of ₹349 is due by 2026-01-10 00:00:00.

AWB: AWB3114234687
Order ID: 110614914773
Delivery Date: 2026-01-08
Destination: Pune
COD Amount: ₹349

Please confirm remittance status.

Regards,
Finance Ops — AI Logistics Control Tower",DERIVED (package_amount used as COD-amount proxy — see docs/data_assumptions.md)
Carrier A,AWB8328046495,110714931898,2026-01-08,639,2026-01-10,Overdue,P1 - Urgent,[Remittance Due] AWB AWB8328046495 — COD ₹639 — Carrier A,"Dear Carrier A Finance Team,

The following COD shipment was delivered on 2026-01-08. Per the 2-day remittance SLA, payment of ₹639 is due by 2026-01-10 00:00:00.

AWB: AWB8328046495
Order ID: 110714931898
Delivery Date: 2026-01-08
Destination: K.V.Rangareddy
COD Amount: ₹639

Please confirm remittance status.

Regards,
Finance Ops — AI Logistics Control Tower",DERIVED (package_amount used as COD-amount proxy — see docs/data_assumptions.md)
Carrier A,AWB3697685692,111114979171,2026-01-08,594,2026-01-10,Overdue,P1 - Urgent,[Remittance Due] AWB AWB3697685692 — COD ₹594 — Carrier A,"Dear Carrier A Finance Team,

The following COD shipment was delivered on 2026-01-08. Per the 2-day remittance SLA, payment of ₹594 is due by 2026-01-10 00:00:00.

AWB: AWB3697685692
Order ID: 111114979171
Delivery Date: 2026-01-08
Destination: Ahmedabad
COD Amount: ₹594

Please confirm remittance status.

Regards,
Finance Ops — AI Logistics Control Tower",DERIVED (package_amount used as COD-amount proxy — see docs/data_assumptions.md)
Carrier C,AWB2755306088,110914959762,2026-01-08,736,2026-01-10,Overdue,P1 - Urgent,[Remittance Due] AWB AWB2755306088 — COD ₹736 — Carrier C,"Dear Carrier C Finance Team,

The following COD shipment was delivered on 2026-01-08. Per the 2-day remittance SLA, payment of ₹736 is due by 2026-01-10 00:00:00.

AWB: AWB2755306088
Order ID: 110914959762
Delivery Date: 2026-01-08
Destination: Gurgaon
COD Amount: ₹736

Please confirm remittance status.

Regards,
Finance Ops — AI Logistics Control Tower",DERIVED (package_amount used as COD-amount proxy — see docs/data_assumptions.md)
Carrier B,AWB4639475920,110814940469,2026-01-08,1487,2026-01-10,Overdue,P1 - Urgent,"[Remittance Due] AWB AWB4639475920 — COD ₹1,487 — Carrier B","Dear Carrier B Finance Team,

The following COD shipment was delivered on 2026-01-08. Per the 2-day remittance SLA, payment of ₹1,487 is due by 2026-01-10 00:00:00.

AWB: AWB4639475920
Order ID: 110814940469
Delivery Date: 2026-01-08
Destination: North Delhi
COD Amount: ₹1,487

Please confirm remittance status.

Regards,
Finance Ops — AI Logistics Control Tower",DERIVED (package_amount used as COD-amount proxy — see docs/data_assumptions.md)
Carrier C,AWB3816893735,110914951880,2026-01-08,509,2026-01-10,Overdue,P1 - Urgent,[Remittance Due] AWB AWB3816893735 — COD ₹509 — Carrier C,"Dear Carrier C Finance Team,

The following COD shipment was delivered on 2026-01-08. Per the 2-day remittance SLA, payment of ₹509 is due by 2026-01-10 00:00:00.

AWB: AWB3816893735
Order ID: 110914951880
Delivery Date: 2026-01-08
Destination: Bangalore
COD Amount: ₹509

Please confirm remittance status.

Regards,
Finance Ops — AI Logistics Control Tower",DERIVED (package_amount used as COD-amount proxy — see docs/data_assumptions.md)
Carrier C,AWB8799119561,110614914925,2026-01-08,492,2026-01-10,Overdue,P1 - Urgent,[Remittance Due] AWB AWB8799119561 — COD ₹492 — Carrier C,"Dear Carrier C Finance Team,

The following COD shipment was delivered on 2026-01-08. Per the 2-day remittance SLA, payment of ₹492 is due by 2026-01-10 00:00:00.

AWB: AWB8799119561
Order ID: 110614914925
Delivery Date: 2026-01-08
Destination: Darbhanga
COD Amount: ₹492

Please confirm remittance status.

Regards,
Finance Ops — AI Logistics Control Tower",DERIVED (package_amount used as COD-amount proxy — see docs/data_assumptions.md)
Carrier C,AWB3406424033,111114983851,2026-01-08,2802,2026-01-10,Overdue,P1 - Urgent,"[Remittance Due] AWB AWB3406424033 — COD ₹2,802 — Carrier C","Dear Carrier C Finance Team,

The following COD shipment was delivered on 2026-01-08. Per the 2-day remittance SLA, payment of ₹2,802 is due by 2026-01-10 00:00:00.

AWB: AWB3406424033
Order ID: 111114983851
Delivery Date: 2026-01-08
Destination: Mumbai
COD Amount: ₹2,802

Please confirm remittance status.

Regards,
Finance Ops — AI Logistics Control Tower",DERIVED (package_amount used as COD-amount proxy — see docs/data_assumptions.md)
Carrier B,AWB6576895190,111114979029,2026-01-09,399,2026-01-11,Overdue,P1 - Urgent,[Remittance Due] AWB AWB6576895190 — COD ₹399 — Carrier B,"Dear Carrier B Finance Team,

The following COD shipment was delivered on 2026-01-09. Per the 2-day remittance SLA, payment of ₹399 is due by 2026-01-11 00:00:00.

AWB: AWB6576895190
Order ID: 111114979029
Delivery Date: 2026-01-09
Destination: CHENNAI
COD Amount: ₹399

Please confirm remittance status.

Regards,
Finance Ops — AI Logistics Control Tower",DERIVED (package_amount used as COD-amount proxy — see docs/data_assumptions.md)
Carrier B,AWB2726989809,110914960993,2026-01-09,1589,2026-01-11,Overdue,P1 - Urgent,"[Remittance Due] AWB AWB2726989809 — COD ₹1,589 — Carrier B","Dear Carrier B Finance Team,

The following COD shipment was delivered on 2026-01-09. Per the 2-day remittance SLA, payment of ₹1,589 is due by 2026-01-11 00:00:00.

AWB: AWB2726989809
Order ID: 110914960993
Delivery Date: 2026-01-09
Destination: Jalna
COD Amount: ₹1,589

Please confirm remittance status.

Regards,
Finance Ops — AI Logistics Control Tower",DERIVED (package_amount used as COD-amount proxy — see docs/data_assumptions.md)
Carrier B,AWB4639662781,110714935651,2026-01-09,1990,2026-01-11,Overdue,P1 - Urgent,"[Remittance Due] AWB AWB4639662781 — COD ₹1,990 — Carrier B","Dear Carrier B Finance Team,

The following COD shipment was delivered on 2026-01-09. Per the 2-day remittance SLA, payment of ₹1,990 is due by 2026-01-11 00:00:00.

AWB: AWB4639662781
Order ID: 110714935651
Delivery Date: 2026-01-09
Destination: Alappuzha
COD Amount: ₹1,990

Please confirm remittance status.

Regards,
Finance Ops — AI Logistics Control Tower",DERIVED (package_amount used as COD-amount proxy — see docs/data_assumptions.md)
Carrier D,AWB6762431589,110714934392,2026-01-09,499,2026-01-11,Overdue,P1 - Urgent,[Remittance Due] AWB AWB6762431589 — COD ₹499 — Carrier D,"Dear Carrier D Finance Team,

The following COD shipment was delivered on 2026-01-09. Per the 2-day remittance SLA, payment of ₹499 is due by 2026-01-11 00:00:00.

AWB: AWB6762431589
Order ID: 110714934392
Delivery Date: 2026-01-09
Destination: Nellore
COD Amount: ₹499

Please confirm remittance status.

Regards,
Finance Ops — AI Logistics Control Tower",DERIVED (package_amount used as COD-amount proxy — see docs/data_assumptions.md)
Carrier D,AWB5317487029,110814936935,2026-01-09,1696,2026-01-11,Overdue,P1 - Urgent,"[Remittance Due] AWB AWB5317487029 — COD ₹1,696 — Carrier D","Dear Carrier D Finance Team,

The following COD shipment was delivered on 2026-01-09. Per the 2-day remittance SLA, payment of ₹1,696 is due by 2026-01-11 00:00:00.

AWB: AWB5317487029
Order ID: 110814936935
Delivery Date: 2026-01-09
Destination: Tirunelveli
COD Amount: ₹1,696

Please confirm remittance status.

Regards,
Finance Ops — AI Logistics Control Tower",DERIVED (package_amount used as COD-amount proxy — see docs/data_assumptions.md)
Carrier A,AWB3703747822,111214993188,2026-01-09,899,2026-01-11,Overdue,P1 - Urgent,[Remittance Due] AWB AWB3703747822 — COD ₹899 — Carrier A,"Dear Carrier A Finance Team,

The following COD shipment was delivered on 2026-01-09. Per the 2-day remittance SLA, payment of ₹899 is due by 2026-01-11 00:00:00.

AWB: AWB3703747822
Order ID: 111214993188
Delivery Date: 2026-01-09
Destination: Navi Mumbai
COD Amount: ₹899

Please confirm remittance status.

Regards,
Finance Ops — AI Logistics Control Tower",DERIVED (package_amount used as COD-amount proxy — see docs/data_assumptions.md)
Carrier B,AWB5011853290,110814941960,2026-01-09,1047,2026-01-11,Overdue,P1 - Urgent,"[Remittance Due] AWB AWB5011853290 — COD ₹1,047 — Carrier B","Dear Carrier B Finance Team,

The following COD shipment was delivered on 2026-01-09. Per the 2-day remittance SLA, payment of ₹1,047 is due by 2026-01-11 00:00:00.

AWB: AWB5011853290
Order ID: 110814941960
Delivery Date: 2026-01-09
Destination: North 24 Parganas
COD Amount: ₹1,047

Please confirm remittance status.

Regards,
Finance Ops — AI Logistics Control Tower",DERIVED (package_amount used as COD-amount proxy — see docs/data_assumptions.md)
Carrier A,AWB7008580213,110714928926,2026-01-09,899,2026-01-11,Overdue,P1 - Urgent,[Remittance Due] AWB AWB7008580213 — COD ₹899 — Carrier A,"Dear Carrier A Finance Team,

The following COD shipment was delivered on 2026-01-09. Per the 2-day remittance SLA, payment of ₹899 is due by 2026-01-11 00:00:00.

AWB: AWB7008580213
Order ID: 110714928926
Delivery Date: 2026-01-09
Destination: Navi Mumbai
COD Amount: ₹899

Please confirm remittance status.

Regards,
Finance Ops — AI Logistics Control Tower",DERIVED (package_amount used as COD-amount proxy — see docs/data_assumptions.md)
Carrier C,AWB8205184351,110714933198,2026-01-09,799,2026-01-11,Overdue,P1 - Urgent,[Remittance Due] AWB AWB8205184351 — COD ₹799 — Carrier C,"Dear Carrier C Finance Team,

The following COD shipment was delivered on 2026-01-09. Per the 2-day remittance SLA, payment of ₹799 is due by 2026-01-11 00:00:00.

AWB: AWB8205184351
Order ID: 110714933198
Delivery Date: 2026-01-09
Destination: Kanpur Dehat
COD Amount: ₹799

Please confirm remittance status.

Regards,
Finance Ops — AI Logistics Control Tower",DERIVED (package_amount used as COD-amount proxy — see docs/data_assumptions.md)
Carrier C,AWB1553914328,111114974684,2026-01-09,499,2026-01-11,Overdue,P1 - Urgent,[Remittance Due] AWB AWB1553914328 — COD ₹499 — Carrier C,"Dear Carrier C Finance Team,

The following COD shipment was delivered on 2026-01-09. Per the 2-day remittance SLA, payment of ₹499 is due by 2026-01-11 00:00:00.

AWB: AWB1553914328
Order ID: 111114974684
Delivery Date: 2026-01-09
Destination: Solan
COD Amount: ₹499

Please confirm remittance status.

Regards,
Finance Ops — AI Logistics Control Tower",DERIVED (package_amount used as COD-amount proxy — see docs/data_assumptions.md)
Carrier B,AWB2973256072,110914959980,2026-01-09,494,2026-01-11,Overdue,P1 - Urgent,[Remittance Due] AWB AWB2973256072 — COD ₹494 — Carrier B,"Dear Carrier B Finance Team,

The following COD shipment was delivered on 2026-01-09. Per the 2-day remittance SLA, payment of ₹494 is due by 2026-01-11 00:00:00.

AWB: AWB2973256072
Order ID: 110914959980
Delivery Date: 2026-01-09
Destination: Bangalore
COD Amount: ₹494

Please confirm remittance status.

Regards,
Finance Ops — AI Logistics Control Tower",DERIVED (package_amount used as COD-amount proxy — see docs/data_assumptions.md)
Carrier A,AWB1957056925,111014963488,2026-01-09,799,2026-01-11,Overdue,P1 - Urgent,[Remittance Due] AWB AWB1957056925 — COD ₹799 — Carrier A,"Dear Carrier A Finance Team,

The following COD shipment was delivered on 2026-01-09. Per the 2-day remittance SLA, payment of ₹799 is due by 2026-01-11 00:00:00.

AWB: AWB1957056925
Order ID: 111014963488
Delivery Date: 2026-01-09
Destination: Ghaziabad
COD Amount: ₹799

Please confirm remittance status.

Regards,
Finance Ops — AI Logistics Control Tower",DERIVED (package_amount used as COD-amount proxy — see docs/data_assumptions.md)
Carrier A,AWB4440088749,111114978351,2026-01-09,499,2026-01-11,Overdue,P1 - Urgent,[Remittance Due] AWB AWB4440088749 — COD ₹499 — Carrier A,"Dear Carrier A Finance Team,

The following COD shipment was delivered on 2026-01-09. Per the 2-day remittance SLA, payment of ₹499 is due by 2026-01-11 00:00:00.

AWB: AWB4440088749
Order ID: 111114978351
Delivery Date: 2026-01-09
Destination: Bangalore
COD Amount: ₹499

Please confirm remittance status.

Regards,
Finance Ops — AI Logistics Control Tower",DERIVED (package_amount used as COD-amount proxy — see docs/data_assumptions.md)
Carrier A,AWB7980130353,111114983178,2026-01-10,956,2026-01-12,Overdue,P1 - Urgent,[Remittance Due] AWB AWB7980130353 — COD ₹956 — Carrier A,"Dear Carrier A Finance Team,

The following COD shipment was delivered on 2026-01-10. Per the 2-day remittance SLA, payment of ₹956 is due by 2026-01-12 00:00:00.

AWB: AWB7980130353
Order ID: 111114983178
Delivery Date: 2026-01-10
Destination: Thane
COD Amount: ₹956

Please confirm remittance status.

Regards,
Finance Ops — AI Logistics Control Tower",DERIVED (package_amount used as COD-amount proxy — see docs/data_assumptions.md)
Carrier C,AWB3019212178,110514904527,2026-01-10,2303,2026-01-12,Overdue,P1 - Urgent,"[Remittance Due] AWB AWB3019212178 — COD ₹2,303 — Carrier C","Dear Carrier C Finance Team,

The following COD shipment was delivered on 2026-01-10. Per the 2-day remittance SLA, payment of ₹2,303 is due by 2026-01-12 00:00:00.

AWB: AWB3019212178
Order ID: 110514904527
Delivery Date: 2026-01-10
Destination: Cachar
COD Amount: ₹2,303

Please confirm remittance status.

Regards,
Finance Ops — AI Logistics Control Tower",DERIVED (package_amount used as COD-amount proxy — see docs/data_assumptions.md)
Carrier C,AWB7292848223,111114977162,2026-01-10,499,2026-01-12,Overdue,P1 - Urgent,[Remittance Due] AWB AWB7292848223 — COD ₹499 — Carrier C,"Dear Carrier C Finance Team,

The following COD shipment was delivered on 2026-01-10. Per the 2-day remittance SLA, payment of ₹499 is due by 2026-01-12 00:00:00.

AWB: AWB7292848223
Order ID: 111114977162
Delivery Date: 2026-01-10
Destination: West Delhi
COD Amount: ₹499

Please confirm remittance status.

Regards,
Finance Ops — AI Logistics Control Tower",DERIVED (package_amount used as COD-amount proxy — see docs/data_assumptions.md)
Carrier C,AWB2547596263,111114979960,2026-01-10,691,2026-01-12,Overdue,P1 - Urgent,[Remittance Due] AWB AWB2547596263 — COD ₹691 — Carrier C,"Dear Carrier C Finance Team,

The following COD shipment was delivered on 2026-01-10. Per the 2-day remittance SLA, payment of ₹691 is due by 2026-01-12 00:00:00.

AWB: AWB2547596263
Order ID: 111114979960
Delivery Date: 2026-01-10
Destination: Bangalore
COD Amount: ₹691

Please confirm remittance status.

Regards,
Finance Ops — AI Logistics Control Tower",DERIVED (package_amount used as COD-amount proxy — see docs/data_assumptions.md)
Carrier B,AWB2527634298,110814942116,2026-01-10,700,2026-01-12,Overdue,P1 - Urgent,[Remittance Due] AWB AWB2527634298 — COD ₹700 — Carrier B,"Dear Carrier B Finance Team,

The following COD shipment was delivered on 2026-01-10. Per the 2-day remittance SLA, payment of ₹700 is due by 2026-01-12 00:00:00.

AWB: AWB2527634298
Order ID: 110814942116
Delivery Date: 2026-01-10
Destination: Dehradun
COD Amount: ₹700

Please confirm remittance status.

Regards,
Finance Ops — AI Logistics Control Tower",DERIVED (package_amount used as COD-amount proxy — see docs/data_assumptions.md)
Carrier C,AWB6956334823,111114973286,2026-01-10,811,2026-01-12,Overdue,P1 - Urgent,[Remittance Due] AWB AWB6956334823 — COD ₹811 — Carrier C,"Dear Carrier C Finance Team,

The following COD shipment was delivered on 2026-01-10. Per the 2-day remittance SLA, payment of ₹811 is due by 2026-01-12 00:00:00.

AWB: AWB6956334823
Order ID: 111114973286
Delivery Date: 2026-01-10
Destination: Mumbai
COD Amount: ₹811

Please confirm remittance status.

Regards,
Finance Ops — AI Logistics Control Tower",DERIVED (package_amount used as COD-amount proxy — see docs/data_assumptions.md)
Carrier D,AWB0839065746,110614921165,2026-01-10,889,2026-01-12,Overdue,P1 - Urgent,[Remittance Due] AWB AWB0839065746 — COD ₹889 — Carrier D,"Dear Carrier D Finance Team,

The following COD shipment was delivered on 2026-01-10. Per the 2-day remittance SLA, payment of ₹889 is due by 2026-01-12 00:00:00.

AWB: AWB0839065746
Order ID: 110614921165
Delivery Date: 2026-01-10
Destination: Muzaffarpur
COD Amount: ₹889

Please confirm remittance status.

Regards,
Finance Ops — AI Logistics Control Tower",DERIVED (package_amount used as COD-amount proxy — see docs/data_assumptions.md)
Carrier A,AWB3239683047,110914960009,2026-01-10,516,2026-01-12,Overdue,P1 - Urgent,[Remittance Due] AWB AWB3239683047 — COD ₹516 — Carrier A,"Dear Carrier A Finance Team,

The following COD shipment was delivered on 2026-01-10. Per the 2-day remittance SLA, payment of ₹516 is due by 2026-01-12 00:00:00.

AWB: AWB3239683047
Order ID: 110914960009
Delivery Date: 2026-01-10
Destination: Bangalore
COD Amount: ₹516

Please confirm remittance status.

Regards,
Finance Ops — AI Logistics Control Tower",DERIVED (package_amount used as COD-amount proxy — see docs/data_assumptions.md)
Carrier C,AWB0112064634,110914955267,2026-01-10,1436,2026-01-12,Overdue,P1 - Urgent,"[Remittance Due] AWB AWB0112064634 — COD ₹1,436 — Carrier C","Dear Carrier C Finance Team,

The following COD shipment was delivered on 2026-01-10. Per the 2-day remittance SLA, payment of ₹1,436 is due by 2026-01-12 00:00:00.

AWB: AWB0112064634
Order ID: 110914955267
Delivery Date: 2026-01-10
Destination: Gwalior
COD Amount: ₹1,436

Please confirm remittance status.

Regards,
Finance Ops — AI Logistics Control Tower",DERIVED (package_amount used as COD-amount proxy — see docs/data_assumptions.md)
Carrier D,AWB6368097202,102914821485,2026-01-10,1699,2026-01-12,Overdue,P1 - Urgent,"[Remittance Due] AWB AWB6368097202 — COD ₹1,699 — Carrier D","Dear Carrier D Finance Team,

The following COD shipment was delivered on 2026-01-10. Per the 2-day remittance SLA, payment of ₹1,699 is due by 2026-01-12 00:00:00.

AWB: AWB6368097202
Order ID: 102914821485
Delivery Date: 2026-01-10
Destination: Ghaziabad
COD Amount: ₹1,699

Please confirm remittance status.

Regards,
Finance Ops — AI Logistics Control Tower",DERIVED (package_amount used as COD-amount proxy — see docs/data_assumptions.md)
Carrier C,AWB5262741573,111014961482,2026-01-10,499,2026-01-12,Overdue,P1 - Urgent,[Remittance Due] AWB AWB5262741573 — COD ₹499 — Carrier C,"Dear Carrier C Finance Team,

The following COD shipment was delivered on 2026-01-10. Per the 2-day remittance SLA, payment of ₹499 is due by 2026-01-12 00:00:00.

AWB: AWB5262741573
Order ID: 111014961482
Delivery Date: 2026-01-10
Destination: Mumbai
COD Amount: ₹499

Please confirm remittance status.

Regards,
Finance Ops — AI Logistics Control Tower",DERIVED (package_amount used as COD-amount proxy — see docs/data_assumptions.md)
Carrier B,AWB6224316406,92514374988,2026-01-10,699,2026-01-12,Overdue,P1 - Urgent,[Remittance Due] AWB AWB6224316406 — COD ₹699 — Carrier B,"Dear Carrier B Finance Team,

The following COD shipment was delivered on 2026-01-10. Per the 2-day remittance SLA, payment of ₹699 is due by 2026-01-12 00:00:00.

AWB: AWB6224316406
Order ID: 92514374988
Delivery Date: 2026-01-10
Destination: South Delhi
COD Amount: ₹699

Please confirm remittance status.

Regards,
Finance Ops — AI Logistics Control Tower",DERIVED (package_amount used as COD-amount proxy — see docs/data_assumptions.md)
Carrier A,AWB2932062364,101914710255,2026-01-10,709,2026-01-12,Overdue,P1 - Urgent,[Remittance Due] AWB AWB2932062364 — COD ₹709 — Carrier A,"Dear Carrier A Finance Team,

The following COD shipment was delivered on 2026-01-10. Per the 2-day remittance SLA, payment of ₹709 is due by 2026-01-12 00:00:00.

AWB: AWB2932062364
Order ID: 101914710255
Delivery Date: 2026-01-10
Destination: Gautam Buddha Nagar
COD Amount: ₹709

Please confirm remittance status.

Regards,
Finance Ops — AI Logistics Control Tower",DERIVED (package_amount used as COD-amount proxy — see docs/data_assumptions.md)
Carrier D,AWB1064686062,111014972741,2026-01-10,779,2026-01-12,Overdue,P1 - Urgent,[Remittance Due] AWB AWB1064686062 — COD ₹779 — Carrier D,"Dear Carrier D Finance Team,

The following COD shipment was delivered on 2026-01-10. Per the 2-day remittance SLA, payment of ₹779 is due by 2026-01-12 00:00:00.

AWB: AWB1064686062
Order ID: 111014972741
Delivery Date: 2026-01-10
Destination: Roorkee
COD Amount: ₹779

Please confirm remittance status.

Regards,
Finance Ops — AI Logistics Control Tower",DERIVED (package_amount used as COD-amount proxy — see docs/data_assumptions.md)
Carrier C,AWB3171863448,100614828183,2026-01-10,1159,2026-01-12,Overdue,P1 - Urgent,"[Remittance Due] AWB AWB3171863448 — COD ₹1,159 — Carrier C","Dear Carrier C Finance Team,

The following COD shipment was delivered on 2026-01-10. Per the 2-day remittance SLA, payment of ₹1,159 is due by 2026-01-12 00:00:00.

AWB: AWB3171863448
Order ID: 100614828183
Delivery Date: 2026-01-10
Destination: Jammu
COD Amount: ₹1,159

Please confirm remittance status.

Regards,
Finance Ops — AI Logistics Control Tower",DERIVED (package_amount used as COD-amount proxy — see docs/data_assumptions.md)
Carrier D,AWB7963313967,111214991227,2026-01-10,717,2026-01-12,Overdue,P1 - Urgent,[Remittance Due] AWB AWB7963313967 — COD ₹717 — Carrier D,"Dear Carrier D Finance Team,

The following COD shipment was delivered on 2026-01-10. Per the 2-day remittance SLA, payment of ₹717 is due by 2026-01-12 00:00:00.

AWB: AWB7963313967
Order ID: 111214991227
Delivery Date: 2026-01-10
Destination: Bangalore Rural
COD Amount: ₹717

Please confirm remittance status.

Regards,
Finance Ops — AI Logistics Control Tower",DERIVED (package_amount used as COD-amount proxy — see docs/data_assumptions.md)
Carrier A,AWB4886668606,102114733027,2026-01-10,1907,2026-01-12,Overdue,P1 - Urgent,"[Remittance Due] AWB AWB4886668606 — COD ₹1,907 — Carrier A","Dear Carrier A Finance Team,

The following COD shipment was delivered on 2026-01-10. Per the 2-day remittance SLA, payment of ₹1,907 is due by 2026-01-12 00:00:00.

AWB: AWB4886668606
Order ID: 102114733027
Delivery Date: 2026-01-10
Destination: Faridabad
COD Amount: ₹1,907

Please confirm remittance status.

Regards,
Finance Ops — AI Logistics Control Tower",DERIVED (package_amount used as COD-amount proxy — see docs/data_assumptions.md)
Carrier C,AWB7549378765,111114977346,2026-01-10,1318,2026-01-12,Overdue,P1 - Urgent,"[Remittance Due] AWB AWB7549378765 — COD ₹1,318 — Carrier C","Dear Carrier C Finance Team,

The following COD shipment was delivered on 2026-01-10. Per the 2-day remittance SLA, payment of ₹1,318 is due by 2026-01-12 00:00:00.

AWB: AWB7549378765
Order ID: 111114977346
Delivery Date: 2026-01-10
Destination: Pune
COD Amount: ₹1,318

Please confirm remittance status.

Regards,
Finance Ops — AI Logistics Control Tower",DERIVED (package_amount used as COD-amount proxy — see docs/data_assumptions.md)
Carrier D,AWB7000151793,110414889093,2026-01-10,1069,2026-01-12,Overdue,P1 - Urgent,"[Remittance Due] AWB AWB7000151793 — COD ₹1,069 — Carrier D","Dear Carrier D Finance Team,

The following COD shipment was delivered on 2026-01-10. Per the 2-day remittance SLA, payment of ₹1,069 is due by 2026-01-12 00:00:00.

AWB: AWB7000151793
Order ID: 110414889093
Delivery Date: 2026-01-10
Destination: Rupnagar
COD Amount: ₹1,069

Please confirm remittance status.

Regards,
Finance Ops — AI Logistics Control Tower",DERIVED (package_amount used as COD-amount proxy — see docs/data_assumptions.md)
Carrier D,AWB0965880151,110314882559,2026-01-10,689,2026-01-12,Overdue,P1 - Urgent,[Remittance Due] AWB AWB0965880151 — COD ₹689 — Carrier D,"Dear Carrier D Finance Team,

The following COD shipment was delivered on 2026-01-10. Per the 2-day remittance SLA, payment of ₹689 is due by 2026-01-12 00:00:00.

AWB: AWB0965880151
Order ID: 110314882559
Delivery Date: 2026-01-10
Destination: East Delhi
COD Amount: ₹689

Please confirm remittance status.

Regards,
Finance Ops — AI Logistics Control Tower",DERIVED (package_amount used as COD-amount proxy — see docs/data_assumptions.md)
Carrier D,AWB7754406474,102114742298,2026-01-10,909,2026-01-12,Overdue,P1 - Urgent,[Remittance Due] AWB AWB7754406474 — COD ₹909 — Carrier D,"Dear Carrier D Finance Team,

The following COD shipment was delivered on 2026-01-10. Per the 2-day remittance SLA, payment of ₹909 is due by 2026-01-12 00:00:00.

AWB: AWB7754406474
Order ID: 102114742298
Delivery Date: 2026-01-10
Destination: CHANDIGARH
COD Amount: ₹909

Please confirm remittance status.

Regards,
Finance Ops — AI Logistics Control Tower",DERIVED (package_amount used as COD-amount proxy — see docs/data_assumptions.md)
Carrier B,AWB4653965554,110714925335,2026-01-10,606,2026-01-12,Overdue,P1 - Urgent,[Remittance Due] AWB AWB4653965554 — COD ₹606 — Carrier B,"Dear Carrier B Finance Team,

The following COD shipment was delivered on 2026-01-10. Per the 2-day remittance SLA, payment of ₹606 is due by 2026-01-12 00:00:00.

AWB: AWB4653965554
Order ID: 110714925335
Delivery Date: 2026-01-10
Destination: Hingoli
COD Amount: ₹606

Please confirm remittance status.

Regards,
Finance Ops — AI Logistics Control Tower",DERIVED (package_amount used as COD-amount proxy — see docs/data_assumptions.md)
Carrier D,AWB8945371833,110814941476,2026-01-10,979,2026-01-12,Overdue,P1 - Urgent,[Remittance Due] AWB AWB8945371833 — COD ₹979 — Carrier D,"Dear Carrier D Finance Team,

The following COD shipment was delivered on 2026-01-10. Per the 2-day remittance SLA, payment of ₹979 is due by 2026-01-12 00:00:00.

AWB: AWB8945371833
Order ID: 110814941476
Delivery Date: 2026-01-10
Destination: Cuddalore
COD Amount: ₹979

Please confirm remittance status.

Regards,
Finance Ops — AI Logistics Control Tower",DERIVED (package_amount used as COD-amount proxy — see docs/data_assumptions.md)
Carrier C,AWB1337893157,101114906569,2026-01-11,1399,2026-01-13,Overdue,P1 - Urgent,"[Remittance Due] AWB AWB1337893157 — COD ₹1,399 — Carrier C","Dear Carrier C Finance Team,

The following COD shipment was delivered on 2026-01-11. Per the 2-day remittance SLA, payment of ₹1,399 is due by 2026-01-13 00:00:00.

AWB: AWB1337893157
Order ID: 101114906569
Delivery Date: 2026-01-11
Destination: Nainital
COD Amount: ₹1,399

Please confirm remittance status.

Regards,
Finance Ops — AI Logistics Control Tower",DERIVED (package_amount used as COD-amount proxy — see docs/data_assumptions.md)
Carrier C,AWB6598811263,111014970437,2026-01-11,538,2026-01-13,Overdue,P1 - Urgent,[Remittance Due] AWB AWB6598811263 — COD ₹538 — Carrier C,"Dear Carrier C Finance Team,

The following COD shipment was delivered on 2026-01-11. Per the 2-day remittance SLA, payment of ₹538 is due by 2026-01-13 00:00:00.

AWB: AWB6598811263
Order ID: 111014970437
Delivery Date: 2026-01-11
Destination: K.V.Rangareddy
COD Amount: ₹538

Please confirm remittance status.

Regards,
Finance Ops — AI Logistics Control Tower",DERIVED (package_amount used as COD-amount proxy — see docs/data_assumptions.md)
Carrier B,AWB1789297387,111114975611,2026-01-11,1079,2026-01-13,Overdue,P1 - Urgent,"[Remittance Due] AWB AWB1789297387 — COD ₹1,079 — Carrier B","Dear Carrier B Finance Team,

The following COD shipment was delivered on 2026-01-11. Per the 2-day remittance SLA, payment of ₹1,079 is due by 2026-01-13 00:00:00.

AWB: AWB1789297387
Order ID: 111114975611
Delivery Date: 2026-01-11
Destination: Bangalore
COD Amount: ₹1,079

Please confirm remittance status.

Regards,
Finance Ops — AI Logistics Control Tower",DERIVED (package_amount used as COD-amount proxy — see docs/data_assumptions.md)
Carrier D,AWB9711620364,111114974875,2026-01-11,899,2026-01-13,Overdue,P1 - Urgent,[Remittance Due] AWB AWB9711620364 — COD ₹899 — Carrier D,"Dear Carrier D Finance Team,

The following COD shipment was delivered on 2026-01-11. Per the 2-day remittance SLA, payment of ₹899 is due by 2026-01-13 00:00:00.

AWB: AWB9711620364
Order ID: 111114974875
Delivery Date: 2026-01-11
Destination: Gautam Buddha Nagar
COD Amount: ₹899

Please confirm remittance status.

Regards,
Finance Ops — AI Logistics Control Tower",DERIVED (package_amount used as COD-amount proxy — see docs/data_assumptions.md)
Carrier C,AWB7077178212,111114979818,2026-01-11,663,2026-01-13,Overdue,P1 - Urgent,[Remittance Due] AWB AWB7077178212 — COD ₹663 — Carrier C,"Dear Carrier C Finance Team,

The following COD shipment was delivered on 2026-01-11. Per the 2-day remittance SLA, payment of ₹663 is due by 2026-01-13 00:00:00.

AWB: AWB7077178212
Order ID: 111114979818
Delivery Date: 2026-01-11
Destination: Pune
COD Amount: ₹663

Please confirm remittance status.

Regards,
Finance Ops — AI Logistics Control Tower",DERIVED (package_amount used as COD-amount proxy — see docs/data_assumptions.md)
Carrier B,AWB7597367598,111114980617,2026-01-11,1805,2026-01-13,Overdue,P1 - Urgent,"[Remittance Due] AWB AWB7597367598 — COD ₹1,805 — Carrier B","Dear Carrier B Finance Team,

The following COD shipment was delivered on 2026-01-11. Per the 2-day remittance SLA, payment of ₹1,805 is due by 2026-01-13 00:00:00.

AWB: AWB7597367598
Order ID: 111114980617
Delivery Date: 2026-01-11
Destination: Bangalore
COD Amount: ₹1,805

Please confirm remittance status.

Regards,
Finance Ops — AI Logistics Control Tower",DERIVED (package_amount used as COD-amount proxy — see docs/data_assumptions.md)
Carrier A,AWB9973030906,111014969889,2026-01-11,779,2026-01-13,Overdue,P1 - Urgent,[Remittance Due] AWB AWB9973030906 — COD ₹779 — Carrier A,"Dear Carrier A Finance Team,

The following COD shipment was delivered on 2026-01-11. Per the 2-day remittance SLA, payment of ₹779 is due by 2026-01-13 00:00:00.

AWB: AWB9973030906
Order ID: 111014969889
Delivery Date: 2026-01-11
Destination: Bangalore
COD Amount: ₹779

Please confirm remittance status.

Regards,
Finance Ops — AI Logistics Control Tower",DERIVED (package_amount used as COD-amount proxy — see docs/data_assumptions.md)
Carrier C,AWB5196810154,111114981098,2026-01-11,2183,2026-01-13,Overdue,P1 - Urgent,"[Remittance Due] AWB AWB5196810154 — COD ₹2,183 — Carrier C","Dear Carrier C Finance Team,

The following COD shipment was delivered on 2026-01-11. Per the 2-day remittance SLA, payment of ₹2,183 is due by 2026-01-13 00:00:00.

AWB: AWB5196810154
Order ID: 111114981098
Delivery Date: 2026-01-11
Destination: Bangalore
COD Amount: ₹2,183

Please confirm remittance status.

Regards,
Finance Ops — AI Logistics Control Tower",DERIVED (package_amount used as COD-amount proxy — see docs/data_assumptions.md)
Carrier B,AWB4601287025,102414783804,2026-01-11,747,2026-01-13,Overdue,P1 - Urgent,[Remittance Due] AWB AWB4601287025 — COD ₹747 — Carrier B,"Dear Carrier B Finance Team,

The following COD shipment was delivered on 2026-01-11. Per the 2-day remittance SLA, payment of ₹747 is due by 2026-01-13 00:00:00.

AWB: AWB4601287025
Order ID: 102414783804
Delivery Date: 2026-01-11
Destination: Mumbai
COD Amount: ₹747

Please confirm remittance status.

Regards,
Finance Ops — AI Logistics Control Tower",DERIVED (package_amount used as COD-amount proxy — see docs/data_assumptions.md)
Carrier A,AWB9969532070,111214988831,2026-01-11,699,2026-01-13,Overdue,P1 - Urgent,[Remittance Due] AWB AWB9969532070 — COD ₹699 — Carrier A,"Dear Carrier A Finance Team,

The following COD shipment was delivered on 2026-01-11. Per the 2-day remittance SLA, payment of ₹699 is due by 2026-01-13 00:00:00.

AWB: AWB9969532070
Order ID: 111214988831
Delivery Date: 2026-01-11
Destination: Mumbai
COD Amount: ₹699

Please confirm remittance status.

Regards,
Finance Ops — AI Logistics Control Tower",DERIVED (package_amount used as COD-amount proxy — see docs/data_assumptions.md)
Carrier C,AWB6281123725,110914953377,2026-01-11,809,2026-01-13,Overdue,P1 - Urgent,[Remittance Due] AWB AWB6281123725 — COD ₹809 — Carrier C,"Dear Carrier C Finance Team,

The following COD shipment was delivered on 2026-01-11. Per the 2-day remittance SLA, payment of ₹809 is due by 2026-01-13 00:00:00.

AWB: AWB6281123725
Order ID: 110914953377
Delivery Date: 2026-01-11
Destination: Pune
COD Amount: ₹809

Please confirm remittance status.

Regards,
Finance Ops — AI Logistics Control Tower",DERIVED (package_amount used as COD-amount proxy — see docs/data_assumptions.md)
Carrier C,AWB7322984829,110714936405,2026-01-11,1608,2026-01-13,Overdue,P1 - Urgent,"[Remittance Due] AWB AWB7322984829 — COD ₹1,608 — Carrier C","Dear Carrier C Finance Team,

The following COD shipment was delivered on 2026-01-11. Per the 2-day remittance SLA, payment of ₹1,608 is due by 2026-01-13 00:00:00.

AWB: AWB7322984829
Order ID: 110714936405
Delivery Date: 2026-01-11
Destination: Chandigarh
COD Amount: ₹1,608

Please confirm remittance status.

Regards,
Finance Ops — AI Logistics Control Tower",DERIVED (package_amount used as COD-amount proxy — see docs/data_assumptions.md)
Carrier B,AWB7620949312,111014969612,2026-01-11,629,2026-01-13,Overdue,P1 - Urgent,[Remittance Due] AWB AWB7620949312 — COD ₹629 — Carrier B,"Dear Carrier B Finance Team,

The following COD shipment was delivered on 2026-01-11. Per the 2-day remittance SLA, payment of ₹629 is due by 2026-01-13 00:00:00.

AWB: AWB7620949312
Order ID: 111014969612
Delivery Date: 2026-01-11
Destination: Ludhiana
COD Amount: ₹629

Please confirm remittance status.

Regards,
Finance Ops — AI Logistics Control Tower",DERIVED (package_amount used as COD-amount proxy — see docs/data_assumptions.md)
Carrier B,AWB5422081011,111114978581,2026-01-11,818,2026-01-13,Overdue,P1 - Urgent,[Remittance Due] AWB AWB5422081011 — COD ₹818 — Carrier B,"Dear Carrier B Finance Team,

The following COD shipment was delivered on 2026-01-11. Per the 2-day remittance SLA, payment of ₹818 is due by 2026-01-13 00:00:00.

AWB: AWB5422081011
Order ID: 111114978581
Delivery Date: 2026-01-11
Destination: Hyderabad
COD Amount: ₹818

Please confirm remittance status.

Regards,
Finance Ops — AI Logistics Control Tower",DERIVED (package_amount used as COD-amount proxy — see docs/data_assumptions.md)
Carrier C,AWB2485479533,110514910799,2026-01-11,415,2026-01-13,Overdue,P1 - Urgent,[Remittance Due] AWB AWB2485479533 — COD ₹415 — Carrier C,"Dear Carrier C Finance Team,

The following COD shipment was delivered on 2026-01-11. Per the 2-day remittance SLA, payment of ₹415 is due by 2026-01-13 00:00:00.

AWB: AWB2485479533
Order ID: 110514910799
Delivery Date: 2026-01-11
Destination: Jhajjar
COD Amount: ₹415

Please confirm remittance status.

Regards,
Finance Ops — AI Logistics Control Tower",DERIVED (package_amount used as COD-amount proxy — see docs/data_assumptions.md)
Carrier D,AWB5326556712,111114979456,2026-01-11,547,2026-01-13,Overdue,P1 - Urgent,[Remittance Due] AWB AWB5326556712 — COD ₹547 — Carrier D,"Dear Carrier D Finance Team,

The following COD shipment was delivered on 2026-01-11. Per the 2-day remittance SLA, payment of ₹547 is due by 2026-01-13 00:00:00.

AWB: AWB5326556712
Order ID: 111114979456
Delivery Date: 2026-01-11
Destination: Bangalore
COD Amount: ₹547

Please confirm remittance status.

Regards,
Finance Ops — AI Logistics Control Tower",DERIVED (package_amount used as COD-amount proxy — see docs/data_assumptions.md)
Carrier C,AWB2527580728,111114984139,2026-01-11,777,2026-01-13,Overdue,P1 - Urgent,[Remittance Due] AWB AWB2527580728 — COD ₹777 — Carrier C,"Dear Carrier C Finance Team,

The following COD shipment was delivered on 2026-01-11. Per the 2-day remittance SLA, payment of ₹777 is due by 2026-01-13 00:00:00.

AWB: AWB2527580728
Order ID: 111114984139
Delivery Date: 2026-01-11
Destination: Bangalore
COD Amount: ₹777

Please confirm remittance status.

Regards,
Finance Ops — AI Logistics Control Tower",DERIVED (package_amount used as COD-amount proxy — see docs/data_assumptions.md)
Carrier C,AWB6211288899,110914950106,2026-01-11,499,2026-01-13,Overdue,P1 - Urgent,[Remittance Due] AWB AWB6211288899 — COD ₹499 — Carrier C,"Dear Carrier C Finance Team,

The following COD shipment was delivered on 2026-01-11. Per the 2-day remittance SLA, payment of ₹499 is due by 2026-01-13 00:00:00.

AWB: AWB6211288899
Order ID: 110914950106
Delivery Date: 2026-01-11
Destination: Kota
COD Amount: ₹499

Please confirm remittance status.

Regards,
Finance Ops — AI Logistics Control Tower",DERIVED (package_amount used as COD-amount proxy — see docs/data_assumptions.md)
Carrier A,AWB3067147708,110714936359,2026-01-11,1544,2026-01-13,Overdue,P1 - Urgent,"[Remittance Due] AWB AWB3067147708 — COD ₹1,544 — Carrier A","Dear Carrier A Finance Team,

The following COD shipment was delivered on 2026-01-11. Per the 2-day remittance SLA, payment of ₹1,544 is due by 2026-01-13 00:00:00.

AWB: AWB3067147708
Order ID: 110714936359
Delivery Date: 2026-01-11
Destination: Dehradun
COD Amount: ₹1,544

Please confirm remittance status.

Regards,
Finance Ops — AI Logistics Control Tower",DERIVED (package_amount used as COD-amount proxy — see docs/data_assumptions.md)
Carrier C,AWB4530547504,111114977652,2026-01-11,125,2026-01-13,Overdue,P1 - Urgent,[Remittance Due] AWB AWB4530547504 — COD ₹125 — Carrier C,"Dear Carrier C Finance Team,

The following COD shipment was delivered on 2026-01-11. Per the 2-day remittance SLA, payment of ₹125 is due by 2026-01-13 00:00:00.

AWB: AWB4530547504
Order ID: 111114977652
Delivery Date: 2026-01-11
Destination: North Delhi
COD Amount: ₹125

Please confirm remittance status.

Regards,
Finance Ops — AI Logistics Control Tower",DERIVED (package_amount used as COD-amount proxy — see docs/data_assumptions.md)
Carrier C,AWB9190465351,110214864985,2026-01-11,890,2026-01-13,Overdue,P1 - Urgent,[Remittance Due] AWB AWB9190465351 — COD ₹890 — Carrier C,"Dear Carrier C Finance Team,

The following COD shipment was delivered on 2026-01-11. Per the 2-day remittance SLA, payment of ₹890 is due by 2026-01-13 00:00:00.

AWB: AWB9190465351
Order ID: 110214864985
Delivery Date: 2026-01-11
Destination: Pune
COD Amount: ₹890

Please confirm remittance status.

Regards,
Finance Ops — AI Logistics Control Tower",DERIVED (package_amount used as COD-amount proxy — see docs/data_assumptions.md)
Carrier C,AWB8272255190,110914949610,2026-01-11,535,2026-01-13,Overdue,P1 - Urgent,[Remittance Due] AWB AWB8272255190 — COD ₹535 — Carrier C,"Dear Carrier C Finance Team,

The following COD shipment was delivered on 2026-01-11. Per the 2-day remittance SLA, payment of ₹535 is due by 2026-01-13 00:00:00.

AWB: AWB8272255190
Order ID: 110914949610
Delivery Date: 2026-01-11
Destination: K.V.Rangareddy
COD Amount: ₹535

Please confirm remittance status.

Regards,
Finance Ops — AI Logistics Control Tower",DERIVED (package_amount used as COD-amount proxy — see docs/data_assumptions.md)
Carrier D,AWB8883149474,110514911800,2026-01-11,649,2026-01-13,Overdue,P1 - Urgent,[Remittance Due] AWB AWB8883149474 — COD ₹649 — Carrier D,"Dear Carrier D Finance Team,

The following COD shipment was delivered on 2026-01-11. Per the 2-day remittance SLA, payment of ₹649 is due by 2026-01-13 00:00:00.

AWB: AWB8883149474
Order ID: 110514911800
Delivery Date: 2026-01-11
Destination: Gurgaon
COD Amount: ₹649

Please confirm remittance status.

Regards,
Finance Ops — AI Logistics Control Tower",DERIVED (package_amount used as COD-amount proxy — see docs/data_assumptions.md)
Carrier B,AWB6168022643,110314886068,2026-01-11,738,2026-01-13,Overdue,P1 - Urgent,[Remittance Due] AWB AWB6168022643 — COD ₹738 — Carrier B,"Dear Carrier B Finance Team,

The following COD shipment was delivered on 2026-01-11. Per the 2-day remittance SLA, payment of ₹738 is due by 2026-01-13 00:00:00.

AWB: AWB6168022643
Order ID: 110314886068
Delivery Date: 2026-01-11
Destination: Aizawl
COD Amount: ₹738

Please confirm remittance status.

Regards,
Finance Ops — AI Logistics Control Tower",DERIVED (package_amount used as COD-amount proxy — see docs/data_assumptions.md)
Carrier C,AWB5477785928,102914819121,2026-01-11,4375,2026-01-13,Overdue,P1 - Urgent,"[Remittance Due] AWB AWB5477785928 — COD ₹4,375 — Carrier C","Dear Carrier C Finance Team,

The following COD shipment was delivered on 2026-01-11. Per the 2-day remittance SLA, payment of ₹4,375 is due by 2026-01-13 00:00:00.

AWB: AWB5477785928
Order ID: 102914819121
Delivery Date: 2026-01-11
Destination: MUZAFFAPUR
COD Amount: ₹4,375

Please confirm remittance status.

Regards,
Finance Ops — AI Logistics Control Tower",DERIVED (package_amount used as COD-amount proxy — see docs/data_assumptions.md)
Carrier D,AWB1192797959,110814944553,2026-01-11,349,2026-01-13,Overdue,P1 - Urgent,[Remittance Due] AWB AWB1192797959 — COD ₹349 — Carrier D,"Dear Carrier D Finance Team,

The following COD shipment was delivered on 2026-01-11. Per the 2-day remittance SLA, payment of ₹349 is due by 2026-01-13 00:00:00.

AWB: AWB1192797959
Order ID: 110814944553
Delivery Date: 2026-01-11
Destination: Bhavnagar
COD Amount: ₹349

Please confirm remittance status.

Regards,
Finance Ops — AI Logistics Control Tower",DERIVED (package_amount used as COD-amount proxy — see docs/data_assumptions.md)
Carrier D,AWB7642730729,110714928374,2026-01-12,491,2026-01-14,Overdue,P1 - Urgent,[Remittance Due] AWB AWB7642730729 — COD ₹491 — Carrier D,"Dear Carrier D Finance Team,

The following COD shipment was delivered on 2026-01-12. Per the 2-day remittance SLA, payment of ₹491 is due by 2026-01-14 00:00:00.

AWB: AWB7642730729
Order ID: 110714928374
Delivery Date: 2026-01-12
Destination: South Delhi
COD Amount: ₹491

Please confirm remittance status.

Regards,
Finance Ops — AI Logistics Control Tower",DERIVED (package_amount used as COD-amount proxy — see docs/data_assumptions.md)
Carrier A,AWB3615575825,111014965859,2026-01-12,399,2026-01-14,Overdue,P1 - Urgent,[Remittance Due] AWB AWB3615575825 — COD ₹399 — Carrier A,"Dear Carrier A Finance Team,

The following COD shipment was delivered on 2026-01-12. Per the 2-day remittance SLA, payment of ₹399 is due by 2026-01-14 00:00:00.

AWB: AWB3615575825
Order ID: 111014965859
Delivery Date: 2026-01-12
Destination: Kolhapur
COD Amount: ₹399

Please confirm remittance status.

Regards,
Finance Ops — AI Logistics Control Tower",DERIVED (package_amount used as COD-amount proxy — see docs/data_assumptions.md)
Carrier C,AWB8532484519,102214756817,2026-01-12,699,2026-01-14,Overdue,P1 - Urgent,[Remittance Due] AWB AWB8532484519 — COD ₹699 — Carrier C,"Dear Carrier C Finance Team,

The following COD shipment was delivered on 2026-01-12. Per the 2-day remittance SLA, payment of ₹699 is due by 2026-01-14 00:00:00.

AWB: AWB8532484519
Order ID: 102214756817
Delivery Date: 2026-01-12
Destination: Jammu
COD Amount: ₹699

Please confirm remittance status.

Regards,
Finance Ops — AI Logistics Control Tower",DERIVED (package_amount used as COD-amount proxy — see docs/data_assumptions.md)
Carrier A,AWB8623056097,91614251582,2026-01-12,779,2026-01-14,Overdue,P1 - Urgent,[Remittance Due] AWB AWB8623056097 — COD ₹779 — Carrier A,"Dear Carrier A Finance Team,

The following COD shipment was delivered on 2026-01-12. Per the 2-day remittance SLA, payment of ₹779 is due by 2026-01-14 00:00:00.

AWB: AWB8623056097
Order ID: 91614251582
Delivery Date: 2026-01-12
Destination: Aligarh
COD Amount: ₹779

Please confirm remittance status.

Regards,
Finance Ops — AI Logistics Control Tower",DERIVED (package_amount used as COD-amount proxy — see docs/data_assumptions.md)
Carrier B,AWB3264360865,111014971259,2026-01-12,2054,2026-01-14,Overdue,P1 - Urgent,"[Remittance Due] AWB AWB3264360865 — COD ₹2,054 — Carrier B","Dear Carrier B Finance Team,

The following COD shipment was delivered on 2026-01-12. Per the 2-day remittance SLA, payment of ₹2,054 is due by 2026-01-14 00:00:00.

AWB: AWB3264360865
Order ID: 111014971259
Delivery Date: 2026-01-12
Destination: Khorda
COD Amount: ₹2,054

Please confirm remittance status.

Regards,
Finance Ops — AI Logistics Control Tower",DERIVED (package_amount used as COD-amount proxy — see docs/data_assumptions.md)
Carrier B,AWB9019122174,111214988056,2026-01-12,1567,2026-01-14,Overdue,P1 - Urgent,"[Remittance Due] AWB AWB9019122174 — COD ₹1,567 — Carrier B","Dear Carrier B Finance Team,

The following COD shipment was delivered on 2026-01-12. Per the 2-day remittance SLA, payment of ₹1,567 is due by 2026-01-14 00:00:00.

AWB: AWB9019122174
Order ID: 111214988056
Delivery Date: 2026-01-12
Destination: Thane
COD Amount: ₹1,567

Please confirm remittance status.

Regards,
Finance Ops — AI Logistics Control Tower",DERIVED (package_amount used as COD-amount proxy — see docs/data_assumptions.md)
Carrier C,AWB1272688934,111114974501,2026-01-12,498,2026-01-14,Overdue,P1 - Urgent,[Remittance Due] AWB AWB1272688934 — COD ₹498 — Carrier C,"Dear Carrier C Finance Team,

The following COD shipment was delivered on 2026-01-12. Per the 2-day remittance SLA, payment of ₹498 is due by 2026-01-14 00:00:00.

AWB: AWB1272688934
Order ID: 111114974501
Delivery Date: 2026-01-12
Destination: Vadodara
COD Amount: ₹498

Please confirm remittance status.

Regards,
Finance Ops — AI Logistics Control Tower",DERIVED (package_amount used as COD-amount proxy — see docs/data_assumptions.md)
Carrier D,AWB7719299779,111014972147,2026-01-12,1479,2026-01-14,Overdue,P1 - Urgent,"[Remittance Due] AWB AWB7719299779 — COD ₹1,479 — Carrier D","Dear Carrier D Finance Team,

The following COD shipment was delivered on 2026-01-12. Per the 2-day remittance SLA, payment of ₹1,479 is due by 2026-01-14 00:00:00.

AWB: AWB7719299779
Order ID: 111014972147
Delivery Date: 2026-01-12
Destination: Rewari
COD Amount: ₹1,479

Please confirm remittance status.

Regards,
Finance Ops — AI Logistics Control Tower",DERIVED (package_amount used as COD-amount proxy — see docs/data_assumptions.md)
Carrier D,AWB4956237504,110214873698,2026-01-12,796,2026-01-14,Overdue,P1 - Urgent,[Remittance Due] AWB AWB4956237504 — COD ₹796 — Carrier D,"Dear Carrier D Finance Team,

The following COD shipment was delivered on 2026-01-12. Per the 2-day remittance SLA, payment of ₹796 is due by 2026-01-14 00:00:00.

AWB: AWB4956237504
Order ID: 110214873698
Delivery Date: 2026-01-12
Destination: West Godavari
COD Amount: ₹796

Please confirm remittance status.

Regards,
Finance Ops — AI Logistics Control Tower",DERIVED (package_amount used as COD-amount proxy — see docs/data_assumptions.md)
Carrier C,AWB0327400216,110714933476,2026-01-12,1000,2026-01-14,Overdue,P1 - Urgent,"[Remittance Due] AWB AWB0327400216 — COD ₹1,000 — Carrier C","Dear Carrier C Finance Team,

The following COD shipment was delivered on 2026-01-12. Per the 2-day remittance SLA, payment of ₹1,000 is due by 2026-01-14 00:00:00.

AWB: AWB0327400216
Order ID: 110714933476
Delivery Date: 2026-01-12
Destination: Jaipur
COD Amount: ₹1,000

Please confirm remittance status.

Regards,
Finance Ops — AI Logistics Control Tower",DERIVED (package_amount used as COD-amount proxy — see docs/data_assumptions.md)
Carrier A,AWB8152945683,110814939384,2026-01-12,699,2026-01-14,Overdue,P1 - Urgent,[Remittance Due] AWB AWB8152945683 — COD ₹699 — Carrier A,"Dear Carrier A Finance Team,

The following COD shipment was delivered on 2026-01-12. Per the 2-day remittance SLA, payment of ₹699 is due by 2026-01-14 00:00:00.

AWB: AWB8152945683
Order ID: 110814939384
Delivery Date: 2026-01-12
Destination: Hailakandi
COD Amount: ₹699

Please confirm remittance status.

Regards,
Finance Ops — AI Logistics Control Tower",DERIVED (package_amount used as COD-amount proxy — see docs/data_assumptions.md)
Carrier B,AWB3767986973,110614914043,2026-01-12,788,2026-01-14,Overdue,P1 - Urgent,[Remittance Due] AWB AWB3767986973 — COD ₹788 — Carrier B,"Dear Carrier B Finance Team,

The following COD shipment was delivered on 2026-01-12. Per the 2-day remittance SLA, payment of ₹788 is due by 2026-01-14 00:00:00.

AWB: AWB3767986973
Order ID: 110614914043
Delivery Date: 2026-01-12
Destination: Cachar
COD Amount: ₹788

Please confirm remittance status.

Regards,
Finance Ops — AI Logistics Control Tower",DERIVED (package_amount used as COD-amount proxy — see docs/data_assumptions.md)
Carrier B,AWB3066980186,110814938711,2026-01-12,635,2026-01-14,Overdue,P1 - Urgent,[Remittance Due] AWB AWB3066980186 — COD ₹635 — Carrier B,"Dear Carrier B Finance Team,

The following COD shipment was delivered on 2026-01-12. Per the 2-day remittance SLA, payment of ₹635 is due by 2026-01-14 00:00:00.

AWB: AWB3066980186
Order ID: 110814938711
Delivery Date: 2026-01-12
Destination: Hoshiarpur
COD Amount: ₹635

Please confirm remittance status.

Regards,
Finance Ops — AI Logistics Control Tower",DERIVED (package_amount used as COD-amount proxy — see docs/data_assumptions.md)
Carrier C,AWB9449657550,111114977967,2026-01-12,949,2026-01-14,Overdue,P1 - Urgent,[Remittance Due] AWB AWB9449657550 — COD ₹949 — Carrier C,"Dear Carrier C Finance Team,

The following COD shipment was delivered on 2026-01-12. Per the 2-day remittance SLA, payment of ₹949 is due by 2026-01-14 00:00:00.

AWB: AWB9449657550
Order ID: 111114977967
Delivery Date: 2026-01-12
Destination: Gautam Buddha Nagar
COD Amount: ₹949

Please confirm remittance status.

Regards,
Finance Ops — AI Logistics Control Tower",DERIVED (package_amount used as COD-amount proxy — see docs/data_assumptions.md)
Carrier D,AWB1829553718,110914952793,2026-01-12,279,2026-01-14,Overdue,P1 - Urgent,[Remittance Due] AWB AWB1829553718 — COD ₹279 — Carrier D,"Dear Carrier D Finance Team,

The following COD shipment was delivered on 2026-01-12. Per the 2-day remittance SLA, payment of ₹279 is due by 2026-01-14 00:00:00.

AWB: AWB1829553718
Order ID: 110914952793
Delivery Date: 2026-01-12
Destination: Nalgonda
COD Amount: ₹279

Please confirm remittance status.

Regards,
Finance Ops — AI Logistics Control Tower",DERIVED (package_amount used as COD-amount proxy — see docs/data_assumptions.md)
Carrier D,AWB3088836356,110814942297,2026-01-12,1399,2026-01-14,Overdue,P1 - Urgent,"[Remittance Due] AWB AWB3088836356 — COD ₹1,399 — Carrier D","Dear Carrier D Finance Team,

The following COD shipment was delivered on 2026-01-12. Per the 2-day remittance SLA, payment of ₹1,399 is due by 2026-01-14 00:00:00.

AWB: AWB3088836356
Order ID: 110814942297
Delivery Date: 2026-01-12
Destination: Hyderabad
COD Amount: ₹1,399

Please confirm remittance status.

Regards,
Finance Ops — AI Logistics Control Tower",DERIVED (package_amount used as COD-amount proxy — see docs/data_assumptions.md)
Carrier C,AWB4747745524,111114974819,2026-01-12,639,2026-01-14,Overdue,P1 - Urgent,[Remittance Due] AWB AWB4747745524 — COD ₹639 — Carrier C,"Dear Carrier C Finance Team,

The following COD shipment was delivered on 2026-01-12. Per the 2-day remittance SLA, payment of ₹639 is due by 2026-01-14 00:00:00.

AWB: AWB4747745524
Order ID: 111114974819
Delivery Date: 2026-01-12
Destination: Bangalore
COD Amount: ₹639

Please confirm remittance status.

Regards,
Finance Ops — AI Logistics Control Tower",DERIVED (package_amount used as COD-amount proxy — see docs/data_assumptions.md)
Carrier D,AWB8351264539,110114860506,2026-01-12,1950,2026-01-14,Overdue,P1 - Urgent,"[Remittance Due] AWB AWB8351264539 — COD ₹1,950 — Carrier D","Dear Carrier D Finance Team,

The following COD shipment was delivered on 2026-01-12. Per the 2-day remittance SLA, payment of ₹1,950 is due by 2026-01-14 00:00:00.

AWB: AWB8351264539
Order ID: 110114860506
Delivery Date: 2026-01-12
Destination: Jaipur
COD Amount: ₹1,950

Please confirm remittance status.

Regards,
Finance Ops — AI Logistics Control Tower",DERIVED (package_amount used as COD-amount proxy — see docs/data_assumptions.md)
Carrier A,AWB8794093700,110914961002,2026-01-12,809,2026-01-14,Overdue,P1 - Urgent,[Remittance Due] AWB AWB8794093700 — COD ₹809 — Carrier A,"Dear Carrier A Finance Team,

The following COD shipment was delivered on 2026-01-12. Per the 2-day remittance SLA, payment of ₹809 is due by 2026-01-14 00:00:00.

AWB: AWB8794093700
Order ID: 110914961002
Delivery Date: 2026-01-12
Destination: Thane
COD Amount: ₹809

Please confirm remittance status.

Regards,
Finance Ops — AI Logistics Control Tower",DERIVED (package_amount used as COD-amount proxy — see docs/data_assumptions.md)
Carrier C,AWB7718547838,110714936289,2026-01-12,769,2026-01-14,Overdue,P1 - Urgent,[Remittance Due] AWB AWB7718547838 — COD ₹769 — Carrier C,"Dear Carrier C Finance Team,

The following COD shipment was delivered on 2026-01-12. Per the 2-day remittance SLA, payment of ₹769 is due by 2026-01-14 00:00:00.

AWB: AWB7718547838
Order ID: 110714936289
Delivery Date: 2026-01-12
Destination: North West Delhi
COD Amount: ₹769

Please confirm remittance status.

Regards,
Finance Ops — AI Logistics Control Tower",DERIVED (package_amount used as COD-amount proxy — see docs/data_assumptions.md)
Carrier B,AWB2924723511,110714929503,2026-01-12,1783,2026-01-14,Overdue,P1 - Urgent,"[Remittance Due] AWB AWB2924723511 — COD ₹1,783 — Carrier B","Dear Carrier B Finance Team,

The following COD shipment was delivered on 2026-01-12. Per the 2-day remittance SLA, payment of ₹1,783 is due by 2026-01-14 00:00:00.

AWB: AWB2924723511
Order ID: 110714929503
Delivery Date: 2026-01-12
Destination: Udham Singh Nagar
COD Amount: ₹1,783

Please confirm remittance status.

Regards,
Finance Ops — AI Logistics Control Tower",DERIVED (package_amount used as COD-amount proxy — see docs/data_assumptions.md)
Carrier B,AWB7267287522,102214752019,2026-01-13,969,2026-01-15,Overdue,P1 - Urgent,[Remittance Due] AWB AWB7267287522 — COD ₹969 — Carrier B,"Dear Carrier B Finance Team,

The following COD shipment was delivered on 2026-01-13. Per the 2-day remittance SLA, payment of ₹969 is due by 2026-01-15 00:00:00.

AWB: AWB7267287522
Order ID: 102214752019
Delivery Date: 2026-01-13
Destination: East Godavari
COD Amount: ₹969

Please confirm remittance status.

Regards,
Finance Ops — AI Logistics Control Tower",DERIVED (package_amount used as COD-amount proxy — see docs/data_assumptions.md)
Carrier C,AWB7655001859,111214990183,2026-01-13,993,2026-01-15,Overdue,P1 - Urgent,[Remittance Due] AWB AWB7655001859 — COD ₹993 — Carrier C,"Dear Carrier C Finance Team,

The following COD shipment was delivered on 2026-01-13. Per the 2-day remittance SLA, payment of ₹993 is due by 2026-01-15 00:00:00.

AWB: AWB7655001859
Order ID: 111214990183
Delivery Date: 2026-01-13
Destination: Pune
COD Amount: ₹993

Please confirm remittance status.

Regards,
Finance Ops — AI Logistics Control Tower",DERIVED (package_amount used as COD-amount proxy — see docs/data_assumptions.md)
Carrier B,AWB8262515895,111014961404,2026-01-13,696,2026-01-15,Overdue,P1 - Urgent,[Remittance Due] AWB AWB8262515895 — COD ₹696 — Carrier B,"Dear Carrier B Finance Team,

The following COD shipment was delivered on 2026-01-13. Per the 2-day remittance SLA, payment of ₹696 is due by 2026-01-15 00:00:00.

AWB: AWB8262515895
Order ID: 111014961404
Delivery Date: 2026-01-13
Destination: Pune
COD Amount: ₹696

Please confirm remittance status.

Regards,
Finance Ops — AI Logistics Control Tower",DERIVED (package_amount used as COD-amount proxy — see docs/data_assumptions.md)
Carrier D,AWB7500789509,111014966267,2026-01-13,971,2026-01-15,Overdue,P1 - Urgent,[Remittance Due] AWB AWB7500789509 — COD ₹971 — Carrier D,"Dear Carrier D Finance Team,

The following COD shipment was delivered on 2026-01-13. Per the 2-day remittance SLA, payment of ₹971 is due by 2026-01-15 00:00:00.

AWB: AWB7500789509
Order ID: 111014966267
Delivery Date: 2026-01-13
Destination: Jodhpur
COD Amount: ₹971

Please confirm remittance status.

Regards,
Finance Ops — AI Logistics Control Tower",DERIVED (package_amount used as COD-amount proxy — see docs/data_assumptions.md)
Carrier C,AWB8166054899,111014963345,2026-01-13,399,2026-01-15,Overdue,P1 - Urgent,[Remittance Due] AWB AWB8166054899 — COD ₹399 — Carrier C,"Dear Carrier C Finance Team,

The following COD shipment was delivered on 2026-01-13. Per the 2-day remittance SLA, payment of ₹399 is due by 2026-01-15 00:00:00.

AWB: AWB8166054899
Order ID: 111014963345
Delivery Date: 2026-01-13
Destination: Jabalpur
COD Amount: ₹399

Please confirm remittance status.

Regards,
Finance Ops — AI Logistics Control Tower",DERIVED (package_amount used as COD-amount proxy — see docs/data_assumptions.md)
Carrier B,AWB5923604095,111114977628,2026-01-13,1008,2026-01-15,Overdue,P1 - Urgent,"[Remittance Due] AWB AWB5923604095 — COD ₹1,008 — Carrier B","Dear Carrier B Finance Team,

The following COD shipment was delivered on 2026-01-13. Per the 2-day remittance SLA, payment of ₹1,008 is due by 2026-01-15 00:00:00.

AWB: AWB5923604095
Order ID: 111114977628
Delivery Date: 2026-01-13
Destination: Hyderabad
COD Amount: ₹1,008

Please confirm remittance status.

Regards,
Finance Ops — AI Logistics Control Tower",DERIVED (package_amount used as COD-amount proxy — see docs/data_assumptions.md)
Carrier D,AWB4552608943,111214992578,2026-01-13,673,2026-01-15,Overdue,P1 - Urgent,[Remittance Due] AWB AWB4552608943 — COD ₹673 — Carrier D,"Dear Carrier D Finance Team,

The following COD shipment was delivered on 2026-01-13. Per the 2-day remittance SLA, payment of ₹673 is due by 2026-01-15 00:00:00.

AWB: AWB4552608943
Order ID: 111214992578
Delivery Date: 2026-01-13
Destination: West Delhi
COD Amount: ₹673

Please confirm remittance status.

Regards,
Finance Ops — AI Logistics Control Tower",DERIVED (package_amount used as COD-amount proxy — see docs/data_assumptions.md)
Carrier A,AWB6447510826,110414898035,2026-01-13,592,2026-01-15,Overdue,P1 - Urgent,[Remittance Due] AWB AWB6447510826 — COD ₹592 — Carrier A,"Dear Carrier A Finance Team,

The following COD shipment was delivered on 2026-01-13. Per the 2-day remittance SLA, payment of ₹592 is due by 2026-01-15 00:00:00.

AWB: AWB6447510826
Order ID: 110414898035
Delivery Date: 2026-01-13
Destination: Bangalore
COD Amount: ₹592

Please confirm remittance status.

Regards,
Finance Ops — AI Logistics Control Tower",DERIVED (package_amount used as COD-amount proxy — see docs/data_assumptions.md)
Carrier D,AWB4035099601,110614923000,2026-01-13,759,2026-01-15,Overdue,P1 - Urgent,[Remittance Due] AWB AWB4035099601 — COD ₹759 — Carrier D,"Dear Carrier D Finance Team,

The following COD shipment was delivered on 2026-01-13. Per the 2-day remittance SLA, payment of ₹759 is due by 2026-01-15 00:00:00.

AWB: AWB4035099601
Order ID: 110614923000
Delivery Date: 2026-01-13
Destination: Kokrajhar
COD Amount: ₹759

Please confirm remittance status.

Regards,
Finance Ops — AI Logistics Control Tower",DERIVED (package_amount used as COD-amount proxy — see docs/data_assumptions.md)
Carrier C,AWB4792498227,110714932251,2026-01-13,748,2026-01-15,Overdue,P1 - Urgent,[Remittance Due] AWB AWB4792498227 — COD ₹748 — Carrier C,"Dear Carrier C Finance Team,

The following COD shipment was delivered on 2026-01-13. Per the 2-day remittance SLA, payment of ₹748 is due by 2026-01-15 00:00:00.

AWB: AWB4792498227
Order ID: 110714932251
Delivery Date: 2026-01-13
Destination: Patna
COD Amount: ₹748

Please confirm remittance status.

Regards,
Finance Ops — AI Logistics Control Tower",DERIVED (package_amount used as COD-amount proxy — see docs/data_assumptions.md)
Carrier B,AWB2260795211,111014966651,2026-01-13,950,2026-01-15,Overdue,P1 - Urgent,[Remittance Due] AWB AWB2260795211 — COD ₹950 — Carrier B,"Dear Carrier B Finance Team,

The following COD shipment was delivered on 2026-01-13. Per the 2-day remittance SLA, payment of ₹950 is due by 2026-01-15 00:00:00.

AWB: AWB2260795211
Order ID: 111014966651
Delivery Date: 2026-01-13
Destination: Gautam Buddha Nagar
COD Amount: ₹950

Please confirm remittance status.

Regards,
Finance Ops — AI Logistics Control Tower",DERIVED (package_amount used as COD-amount proxy — see docs/data_assumptions.md)
Carrier C,AWB7675848160,111214985045,2026-01-13,904,2026-01-15,Overdue,P1 - Urgent,[Remittance Due] AWB AWB7675848160 — COD ₹904 — Carrier C,"Dear Carrier C Finance Team,

The following COD shipment was delivered on 2026-01-13. Per the 2-day remittance SLA, payment of ₹904 is due by 2026-01-15 00:00:00.

AWB: AWB7675848160
Order ID: 111214985045
Delivery Date: 2026-01-13
Destination: West Delhi
COD Amount: ₹904

Please confirm remittance status.

Regards,
Finance Ops — AI Logistics Control Tower",DERIVED (package_amount used as COD-amount proxy — see docs/data_assumptions.md)
Carrier B,AWB6884012707,111114979452,2026-01-13,1122,2026-01-15,Overdue,P1 - Urgent,"[Remittance Due] AWB AWB6884012707 — COD ₹1,122 — Carrier B","Dear Carrier B Finance Team,

The following COD shipment was delivered on 2026-01-13. Per the 2-day remittance SLA, payment of ₹1,122 is due by 2026-01-15 00:00:00.

AWB: AWB6884012707
Order ID: 111114979452
Delivery Date: 2026-01-13
Destination: Gurgaon
COD Amount: ₹1,122

Please confirm remittance status.

Regards,
Finance Ops — AI Logistics Control Tower",DERIVED (package_amount used as COD-amount proxy — see docs/data_assumptions.md)
Carrier D,AWB7238637044,111114977283,2026-01-13,859,2026-01-15,Overdue,P1 - Urgent,[Remittance Due] AWB AWB7238637044 — COD ₹859 — Carrier D,"Dear Carrier D Finance Team,

The following COD shipment was delivered on 2026-01-13. Per the 2-day remittance SLA, payment of ₹859 is due by 2026-01-15 00:00:00.

AWB: AWB7238637044
Order ID: 111114977283
Delivery Date: 2026-01-13
Destination: Central Delhi
COD Amount: ₹859

Please confirm remittance status.

Regards,
Finance Ops — AI Logistics Control Tower",DERIVED (package_amount used as COD-amount proxy — see docs/data_assumptions.md)
Carrier C,AWB3792904192,110414889173,2026-01-13,1559,2026-01-15,Overdue,P1 - Urgent,"[Remittance Due] AWB AWB3792904192 — COD ₹1,559 — Carrier C","Dear Carrier C Finance Team,

The following COD shipment was delivered on 2026-01-13. Per the 2-day remittance SLA, payment of ₹1,559 is due by 2026-01-15 00:00:00.

AWB: AWB3792904192
Order ID: 110414889173
Delivery Date: 2026-01-13
Destination: Dehradun
COD Amount: ₹1,559

Please confirm remittance status.

Regards,
Finance Ops — AI Logistics Control Tower",DERIVED (package_amount used as COD-amount proxy — see docs/data_assumptions.md)
Carrier B,AWB3459013439,111114982614,2026-01-13,759,2026-01-15,Overdue,P1 - Urgent,[Remittance Due] AWB AWB3459013439 — COD ₹759 — Carrier B,"Dear Carrier B Finance Team,

The following COD shipment was delivered on 2026-01-13. Per the 2-day remittance SLA, payment of ₹759 is due by 2026-01-15 00:00:00.

AWB: AWB3459013439
Order ID: 111114982614
Delivery Date: 2026-01-13
Destination: North West Delhi
COD Amount: ₹759

Please confirm remittance status.

Regards,
Finance Ops — AI Logistics Control Tower",DERIVED (package_amount used as COD-amount proxy — see docs/data_assumptions.md)
Carrier B,AWB2479033009,111114979916,2026-01-13,1069,2026-01-15,Overdue,P1 - Urgent,"[Remittance Due] AWB AWB2479033009 — COD ₹1,069 — Carrier B","Dear Carrier B Finance Team,

The following COD shipment was delivered on 2026-01-13. Per the 2-day remittance SLA, payment of ₹1,069 is due by 2026-01-15 00:00:00.

AWB: AWB2479033009
Order ID: 111114979916
Delivery Date: 2026-01-13
Destination: Nirmal
COD Amount: ₹1,069

Please confirm remittance status.

Regards,
Finance Ops — AI Logistics Control Tower",DERIVED (package_amount used as COD-amount proxy — see docs/data_assumptions.md)
Carrier A,AWB9962975045,111114980659,2026-01-13,447,2026-01-15,Overdue,P1 - Urgent,[Remittance Due] AWB AWB9962975045 — COD ₹447 — Carrier A,"Dear Carrier A Finance Team,

The following COD shipment was delivered on 2026-01-13. Per the 2-day remittance SLA, payment of ₹447 is due by 2026-01-15 00:00:00.

AWB: AWB9962975045
Order ID: 111114980659
Delivery Date: 2026-01-13
Destination: nashik
COD Amount: ₹447

Please confirm remittance status.

Regards,
Finance Ops — AI Logistics Control Tower",DERIVED (package_amount used as COD-amount proxy — see docs/data_assumptions.md)
Carrier A,AWB2930946728,111014966947,2026-01-13,960,2026-01-15,Overdue,P1 - Urgent,[Remittance Due] AWB AWB2930946728 — COD ₹960 — Carrier A,"Dear Carrier A Finance Team,

The following COD shipment was delivered on 2026-01-13. Per the 2-day remittance SLA, payment of ₹960 is due by 2026-01-15 00:00:00.

AWB: AWB2930946728
Order ID: 111014966947
Delivery Date: 2026-01-13
Destination: Nagpur
COD Amount: ₹960

Please confirm remittance status.

Regards,
Finance Ops — AI Logistics Control Tower",DERIVED (package_amount used as COD-amount proxy — see docs/data_assumptions.md)
Carrier D,AWB0025612430,110514911364,2026-01-13,1286,2026-01-15,Overdue,P1 - Urgent,"[Remittance Due] AWB AWB0025612430 — COD ₹1,286 — Carrier D","Dear Carrier D Finance Team,

The following COD shipment was delivered on 2026-01-13. Per the 2-day remittance SLA, payment of ₹1,286 is due by 2026-01-15 00:00:00.

AWB: AWB0025612430
Order ID: 110514911364
Delivery Date: 2026-01-13
Destination: Rohtak
COD Amount: ₹1,286

Please confirm remittance status.

Regards,
Finance Ops — AI Logistics Control Tower",DERIVED (package_amount used as COD-amount proxy — see docs/data_assumptions.md)
Carrier A,AWB9879370223,111014967230,2026-01-13,821,2026-01-15,Overdue,P1 - Urgent,[Remittance Due] AWB AWB9879370223 — COD ₹821 — Carrier A,"Dear Carrier A Finance Team,

The following COD shipment was delivered on 2026-01-13. Per the 2-day remittance SLA, payment of ₹821 is due by 2026-01-15 00:00:00.

AWB: AWB9879370223
Order ID: 111014967230
Delivery Date: 2026-01-13
Destination: Hyderabad
COD Amount: ₹821

Please confirm remittance status.

Regards,
Finance Ops — AI Logistics Control Tower",DERIVED (package_amount used as COD-amount proxy — see docs/data_assumptions.md)
Carrier B,AWB4727901785,110614915810,2026-01-13,649,2026-01-15,Overdue,P1 - Urgent,[Remittance Due] AWB AWB4727901785 — COD ₹649 — Carrier B,"Dear Carrier B Finance Team,

The following COD shipment was delivered on 2026-01-13. Per the 2-day remittance SLA, payment of ₹649 is due by 2026-01-15 00:00:00.

AWB: AWB4727901785
Order ID: 110614915810
Delivery Date: 2026-01-13
Destination: Gopalganj
COD Amount: ₹649

Please confirm remittance status.

Regards,
Finance Ops — AI Logistics Control Tower",DERIVED (package_amount used as COD-amount proxy — see docs/data_assumptions.md)
Carrier A,AWB6140090571,111114978407,2026-01-14,770,2026-01-16,Overdue,P1 - Urgent,[Remittance Due] AWB AWB6140090571 — COD ₹770 — Carrier A,"Dear Carrier A Finance Team,

The following COD shipment was delivered on 2026-01-14. Per the 2-day remittance SLA, payment of ₹770 is due by 2026-01-16 00:00:00.

AWB: AWB6140090571
Order ID: 111114978407
Delivery Date: 2026-01-14
Destination: Hyderabad
COD Amount: ₹770

Please confirm remittance status.

Regards,
Finance Ops — AI Logistics Control Tower",DERIVED (package_amount used as COD-amount proxy — see docs/data_assumptions.md)
Carrier D,AWB2783805802,110614923642,2026-01-14,787,2026-01-16,Overdue,P1 - Urgent,[Remittance Due] AWB AWB2783805802 — COD ₹787 — Carrier D,"Dear Carrier D Finance Team,

The following COD shipment was delivered on 2026-01-14. Per the 2-day remittance SLA, payment of ₹787 is due by 2026-01-16 00:00:00.

AWB: AWB2783805802
Order ID: 110614923642
Delivery Date: 2026-01-14
Destination: West Kameng
COD Amount: ₹787

Please confirm remittance status.

Regards,
Finance Ops — AI Logistics Control Tower",DERIVED (package_amount used as COD-amount proxy — see docs/data_assumptions.md)
Carrier B,AWB1092747460,110914956125,2026-01-14,1439,2026-01-16,Overdue,P1 - Urgent,"[Remittance Due] AWB AWB1092747460 — COD ₹1,439 — Carrier B","Dear Carrier B Finance Team,

The following COD shipment was delivered on 2026-01-14. Per the 2-day remittance SLA, payment of ₹1,439 is due by 2026-01-16 00:00:00.

AWB: AWB1092747460
Order ID: 110914956125
Delivery Date: 2026-01-14
Destination: Dharwad
COD Amount: ₹1,439

Please confirm remittance status.

Regards,
Finance Ops — AI Logistics Control Tower",DERIVED (package_amount used as COD-amount proxy — see docs/data_assumptions.md)
Carrier D,AWB8210447004,111014967861,2026-01-14,359,2026-01-16,Overdue,P1 - Urgent,[Remittance Due] AWB AWB8210447004 — COD ₹359 — Carrier D,"Dear Carrier D Finance Team,

The following COD shipment was delivered on 2026-01-14. Per the 2-day remittance SLA, payment of ₹359 is due by 2026-01-16 00:00:00.

AWB: AWB8210447004
Order ID: 111014967861
Delivery Date: 2026-01-14
Destination: Tiruvallur
COD Amount: ₹359

Please confirm remittance status.

Regards,
Finance Ops — AI Logistics Control Tower",DERIVED (package_amount used as COD-amount proxy — see docs/data_assumptions.md)
Carrier D,AWB5510710513,110414891114,2026-01-14,1089,2026-01-16,Overdue,P1 - Urgent,"[Remittance Due] AWB AWB5510710513 — COD ₹1,089 — Carrier D","Dear Carrier D Finance Team,

The following COD shipment was delivered on 2026-01-14. Per the 2-day remittance SLA, payment of ₹1,089 is due by 2026-01-16 00:00:00.

AWB: AWB5510710513
Order ID: 110414891114
Delivery Date: 2026-01-14
Destination: Jaipur
COD Amount: ₹1,089

Please confirm remittance status.

Regards,
Finance Ops — AI Logistics Control Tower",DERIVED (package_amount used as COD-amount proxy — see docs/data_assumptions.md)
Carrier C,AWB0533865029,110814943329,2026-01-14,1699,2026-01-16,Overdue,P1 - Urgent,"[Remittance Due] AWB AWB0533865029 — COD ₹1,699 — Carrier C","Dear Carrier C Finance Team,

The following COD shipment was delivered on 2026-01-14. Per the 2-day remittance SLA, payment of ₹1,699 is due by 2026-01-16 00:00:00.

AWB: AWB0533865029
Order ID: 110814943329
Delivery Date: 2026-01-14
Destination: Bangalore
COD Amount: ₹1,699

Please confirm remittance status.

Regards,
Finance Ops — AI Logistics Control Tower",DERIVED (package_amount used as COD-amount proxy — see docs/data_assumptions.md)
Carrier B,AWB9855194505,101814708449,2026-01-14,929,2026-01-16,Overdue,P1 - Urgent,[Remittance Due] AWB AWB9855194505 — COD ₹929 — Carrier B,"Dear Carrier B Finance Team,

The following COD shipment was delivered on 2026-01-14. Per the 2-day remittance SLA, payment of ₹929 is due by 2026-01-16 00:00:00.

AWB: AWB9855194505
Order ID: 101814708449
Delivery Date: 2026-01-14
Destination: K.V.Rangareddy
COD Amount: ₹929

Please confirm remittance status.

Regards,
Finance Ops — AI Logistics Control Tower",DERIVED (package_amount used as COD-amount proxy — see docs/data_assumptions.md)
Carrier A,AWB4822375692,111114974870,2026-01-14,689,2026-01-16,Overdue,P1 - Urgent,[Remittance Due] AWB AWB4822375692 — COD ₹689 — Carrier A,"Dear Carrier A Finance Team,

The following COD shipment was delivered on 2026-01-14. Per the 2-day remittance SLA, payment of ₹689 is due by 2026-01-16 00:00:00.

AWB: AWB4822375692
Order ID: 111114974870
Delivery Date: 2026-01-14
Destination: K.V.Rangareddy
COD Amount: ₹689

Please confirm remittance status.

Regards,
Finance Ops — AI Logistics Control Tower",DERIVED (package_amount used as COD-amount proxy — see docs/data_assumptions.md)
Carrier A,AWB7353104567,111014962035,2026-01-14,199,2026-01-16,Overdue,P1 - Urgent,[Remittance Due] AWB AWB7353104567 — COD ₹199 — Carrier A,"Dear Carrier A Finance Team,

The following COD shipment was delivered on 2026-01-14. Per the 2-day remittance SLA, payment of ₹199 is due by 2026-01-16 00:00:00.

AWB: AWB7353104567
Order ID: 111014962035
Delivery Date: 2026-01-14
Destination: Hyderabad
COD Amount: ₹199

Please confirm remittance status.

Regards,
Finance Ops — AI Logistics Control Tower",DERIVED (package_amount used as COD-amount proxy — see docs/data_assumptions.md)
Carrier C,AWB3579213344,102914824312,2026-01-14,596,2026-01-16,Overdue,P1 - Urgent,[Remittance Due] AWB AWB3579213344 — COD ₹596 — Carrier C,"Dear Carrier C Finance Team,

The following COD shipment was delivered on 2026-01-14. Per the 2-day remittance SLA, payment of ₹596 is due by 2026-01-16 00:00:00.

AWB: AWB3579213344
Order ID: 102914824312
Delivery Date: 2026-01-14
Destination: Raigarh(MH)
COD Amount: ₹596

Please confirm remittance status.

Regards,
Finance Ops — AI Logistics Control Tower",DERIVED (package_amount used as COD-amount proxy — see docs/data_assumptions.md)
Carrier B,AWB3392002986,110614914339,2026-01-14,499,2026-01-16,Overdue,P1 - Urgent,[Remittance Due] AWB AWB3392002986 — COD ₹499 — Carrier B,"Dear Carrier B Finance Team,

The following COD shipment was delivered on 2026-01-14. Per the 2-day remittance SLA, payment of ₹499 is due by 2026-01-16 00:00:00.

AWB: AWB3392002986
Order ID: 110614914339
Delivery Date: 2026-01-14
Destination: Hisar
COD Amount: ₹499

Please confirm remittance status.

Regards,
Finance Ops — AI Logistics Control Tower",DERIVED (package_amount used as COD-amount proxy — see docs/data_assumptions.md)
Carrier B,AWB9164276218,110914960366,2026-01-14,1721,2026-01-16,Overdue,P1 - Urgent,"[Remittance Due] AWB AWB9164276218 — COD ₹1,721 — Carrier B","Dear Carrier B Finance Team,

The following COD shipment was delivered on 2026-01-14. Per the 2-day remittance SLA, payment of ₹1,721 is due by 2026-01-16 00:00:00.

AWB: AWB9164276218
Order ID: 110914960366
Delivery Date: 2026-01-14
Destination: Hyderabad
COD Amount: ₹1,721

Please confirm remittance status.

Regards,
Finance Ops — AI Logistics Control Tower",DERIVED (package_amount used as COD-amount proxy — see docs/data_assumptions.md)
Carrier D,AWB3257244685,110914951560,2026-01-14,1178,2026-01-16,Overdue,P1 - Urgent,"[Remittance Due] AWB AWB3257244685 — COD ₹1,178 — Carrier D","Dear Carrier D Finance Team,

The following COD shipment was delivered on 2026-01-14. Per the 2-day remittance SLA, payment of ₹1,178 is due by 2026-01-16 00:00:00.

AWB: AWB3257244685
Order ID: 110914951560
Delivery Date: 2026-01-14
Destination: Kanakapura
COD Amount: ₹1,178

Please confirm remittance status.

Regards,
Finance Ops — AI Logistics Control Tower",DERIVED (package_amount used as COD-amount proxy — see docs/data_assumptions.md)
Carrier B,AWB2864117053,111214988162,2026-01-14,939,2026-01-16,Overdue,P1 - Urgent,[Remittance Due] AWB AWB2864117053 — COD ₹939 — Carrier B,"Dear Carrier B Finance Team,

The following COD shipment was delivered on 2026-01-14. Per the 2-day remittance SLA, payment of ₹939 is due by 2026-01-16 00:00:00.

AWB: AWB2864117053
Order ID: 111214988162
Delivery Date: 2026-01-14
Destination: Mumbai
COD Amount: ₹939

Please confirm remittance status.

Regards,
Finance Ops — AI Logistics Control Tower",DERIVED (package_amount used as COD-amount proxy — see docs/data_assumptions.md)
Carrier B,AWB9219706328,110214868191,2026-01-14,399,2026-01-16,Overdue,P1 - Urgent,[Remittance Due] AWB AWB9219706328 — COD ₹399 — Carrier B,"Dear Carrier B Finance Team,

The following COD shipment was delivered on 2026-01-14. Per the 2-day remittance SLA, payment of ₹399 is due by 2026-01-16 00:00:00.

AWB: AWB9219706328
Order ID: 110214868191
Delivery Date: 2026-01-14
Destination: Hyderabad
COD Amount: ₹399

Please confirm remittance status.

Regards,
Finance Ops — AI Logistics Control Tower",DERIVED (package_amount used as COD-amount proxy — see docs/data_assumptions.md)
Carrier C,AWB7718000469,110714932721,2026-01-14,364,2026-01-16,Overdue,P1 - Urgent,[Remittance Due] AWB AWB7718000469 — COD ₹364 — Carrier C,"Dear Carrier C Finance Team,

The following COD shipment was delivered on 2026-01-14. Per the 2-day remittance SLA, payment of ₹364 is due by 2026-01-16 00:00:00.

AWB: AWB7718000469
Order ID: 110714932721
Delivery Date: 2026-01-14
Destination: East Singhbhum
COD Amount: ₹364

Please confirm remittance status.

Regards,
Finance Ops — AI Logistics Control Tower",DERIVED (package_amount used as COD-amount proxy — see docs/data_assumptions.md)
Carrier B,AWB3063598441,110614914163,2026-01-14,699,2026-01-16,Overdue,P1 - Urgent,[Remittance Due] AWB AWB3063598441 — COD ₹699 — Carrier B,"Dear Carrier B Finance Team,

The following COD shipment was delivered on 2026-01-14. Per the 2-day remittance SLA, payment of ₹699 is due by 2026-01-16 00:00:00.

AWB: AWB3063598441
Order ID: 110614914163
Delivery Date: 2026-01-14
Destination: Muzaffarpur
COD Amount: ₹699

Please confirm remittance status.

Regards,
Finance Ops — AI Logistics Control Tower",DERIVED (package_amount used as COD-amount proxy — see docs/data_assumptions.md)
Carrier B,AWB4267674229,92314341888,2026-01-14,1273,2026-01-16,Overdue,P1 - Urgent,"[Remittance Due] AWB AWB4267674229 — COD ₹1,273 — Carrier B","Dear Carrier B Finance Team,

The following COD shipment was delivered on 2026-01-14. Per the 2-day remittance SLA, payment of ₹1,273 is due by 2026-01-16 00:00:00.

AWB: AWB4267674229
Order ID: 92314341888
Delivery Date: 2026-01-14
Destination: North 24 Parganas
COD Amount: ₹1,273

Please confirm remittance status.

Regards,
Finance Ops — AI Logistics Control Tower",DERIVED (package_amount used as COD-amount proxy — see docs/data_assumptions.md)
Carrier B,AWB8602125090,110814948332,2026-01-14,849,2026-01-16,Overdue,P1 - Urgent,[Remittance Due] AWB AWB8602125090 — COD ₹849 — Carrier B,"Dear Carrier B Finance Team,

The following COD shipment was delivered on 2026-01-14. Per the 2-day remittance SLA, payment of ₹849 is due by 2026-01-16 00:00:00.

AWB: AWB8602125090
Order ID: 110814948332
Delivery Date: 2026-01-14
Destination: Hyderabad
COD Amount: ₹849

Please confirm remittance status.

Regards,
Finance Ops — AI Logistics Control Tower",DERIVED (package_amount used as COD-amount proxy — see docs/data_assumptions.md)
Carrier A,AWB1690440601,110814937509,2026-01-14,2422,2026-01-16,Overdue,P1 - Urgent,"[Remittance Due] AWB AWB1690440601 — COD ₹2,422 — Carrier A","Dear Carrier A Finance Team,

The following COD shipment was delivered on 2026-01-14. Per the 2-day remittance SLA, payment of ₹2,422 is due by 2026-01-16 00:00:00.

AWB: AWB1690440601
Order ID: 110814937509
Delivery Date: 2026-01-14
Destination: West Delhi
COD Amount: ₹2,422

Please confirm remittance status.

Regards,
Finance Ops — AI Logistics Control Tower",DERIVED (package_amount used as COD-amount proxy — see docs/data_assumptions.md)
Carrier D,AWB1085785301,110514908506,2026-01-14,811,2026-01-16,Overdue,P1 - Urgent,[Remittance Due] AWB AWB1085785301 — COD ₹811 — Carrier D,"Dear Carrier D Finance Team,

The following COD shipment was delivered on 2026-01-14. Per the 2-day remittance SLA, payment of ₹811 is due by 2026-01-16 00:00:00.

AWB: AWB1085785301
Order ID: 110514908506
Delivery Date: 2026-01-14
Destination: North Cachar Hills
COD Amount: ₹811

Please confirm remittance status.

Regards,
Finance Ops — AI Logistics Control Tower",DERIVED (package_amount used as COD-amount proxy — see docs/data_assumptions.md)
Carrier C,AWB7038206277,110314881273,2026-01-14,584,2026-01-16,Overdue,P1 - Urgent,[Remittance Due] AWB AWB7038206277 — COD ₹584 — Carrier C,"Dear Carrier C Finance Team,

The following COD shipment was delivered on 2026-01-14. Per the 2-day remittance SLA, payment of ₹584 is due by 2026-01-16 00:00:00.

AWB: AWB7038206277
Order ID: 110314881273
Delivery Date: 2026-01-14
Destination: South Delhi
COD Amount: ₹584

Please confirm remittance status.

Regards,
Finance Ops — AI Logistics Control Tower",DERIVED (package_amount used as COD-amount proxy — see docs/data_assumptions.md)
Carrier D,AWB4476977926,111114974082,2026-01-15,618,2026-01-17,Overdue,P1 - Urgent,[Remittance Due] AWB AWB4476977926 — COD ₹618 — Carrier D,"Dear Carrier D Finance Team,

The following COD shipment was delivered on 2026-01-15. Per the 2-day remittance SLA, payment of ₹618 is due by 2026-01-17 00:00:00.

AWB: AWB4476977926
Order ID: 111114974082
Delivery Date: 2026-01-15
Destination: Chennai
COD Amount: ₹618

Please confirm remittance status.

Regards,
Finance Ops — AI Logistics Control Tower",DERIVED (package_amount used as COD-amount proxy — see docs/data_assumptions.md)
Carrier B,AWB6289375101,111114980777,2026-01-15,1238,2026-01-17,Overdue,P1 - Urgent,"[Remittance Due] AWB AWB6289375101 — COD ₹1,238 — Carrier B","Dear Carrier B Finance Team,

The following COD shipment was delivered on 2026-01-15. Per the 2-day remittance SLA, payment of ₹1,238 is due by 2026-01-17 00:00:00.

AWB: AWB6289375101
Order ID: 111114980777
Delivery Date: 2026-01-15
Destination: South West Delhi
COD Amount: ₹1,238

Please confirm remittance status.

Regards,
Finance Ops — AI Logistics Control Tower",DERIVED (package_amount used as COD-amount proxy — see docs/data_assumptions.md)
Carrier D,AWB7379553078,110414889238,2026-01-15,1123,2026-01-17,Overdue,P1 - Urgent,"[Remittance Due] AWB AWB7379553078 — COD ₹1,123 — Carrier D","Dear Carrier D Finance Team,

The following COD shipment was delivered on 2026-01-15. Per the 2-day remittance SLA, payment of ₹1,123 is due by 2026-01-17 00:00:00.

AWB: AWB7379553078
Order ID: 110414889238
Delivery Date: 2026-01-15
Destination: Chennai
COD Amount: ₹1,123

Please confirm remittance status.

Regards,
Finance Ops — AI Logistics Control Tower",DERIVED (package_amount used as COD-amount proxy — see docs/data_assumptions.md)
Carrier D,AWB9766122768,110514907520,2026-01-15,499,2026-01-17,Overdue,P1 - Urgent,[Remittance Due] AWB AWB9766122768 — COD ₹499 — Carrier D,"Dear Carrier D Finance Team,

The following COD shipment was delivered on 2026-01-15. Per the 2-day remittance SLA, payment of ₹499 is due by 2026-01-17 00:00:00.

AWB: AWB9766122768
Order ID: 110514907520
Delivery Date: 2026-01-15
Destination: Papum Pare
COD Amount: ₹499

Please confirm remittance status.

Regards,
Finance Ops — AI Logistics Control Tower",DERIVED (package_amount used as COD-amount proxy — see docs/data_assumptions.md)
Carrier A,AWB6938543027,111114973311,2026-01-15,1148,2026-01-17,Overdue,P1 - Urgent,"[Remittance Due] AWB AWB6938543027 — COD ₹1,148 — Carrier A","Dear Carrier A Finance Team,

The following COD shipment was delivered on 2026-01-15. Per the 2-day remittance SLA, payment of ₹1,148 is due by 2026-01-17 00:00:00.

AWB: AWB6938543027
Order ID: 111114973311
Delivery Date: 2026-01-15
Destination: Mumbai
COD Amount: ₹1,148

Please confirm remittance status.

Regards,
Finance Ops — AI Logistics Control Tower",DERIVED (package_amount used as COD-amount proxy — see docs/data_assumptions.md)
Carrier B,AWB2317249650,110914956416,2026-01-15,599,2026-01-17,Overdue,P1 - Urgent,[Remittance Due] AWB AWB2317249650 — COD ₹599 — Carrier B,"Dear Carrier B Finance Team,

The following COD shipment was delivered on 2026-01-15. Per the 2-day remittance SLA, payment of ₹599 is due by 2026-01-17 00:00:00.

AWB: AWB2317249650
Order ID: 110914956416
Delivery Date: 2026-01-15
Destination: Bangalore
COD Amount: ₹599

Please confirm remittance status.

Regards,
Finance Ops — AI Logistics Control Tower",DERIVED (package_amount used as COD-amount proxy — see docs/data_assumptions.md)
Carrier B,AWB4014750858,111014967970,2026-01-15,799,2026-01-17,Overdue,P1 - Urgent,[Remittance Due] AWB AWB4014750858 — COD ₹799 — Carrier B,"Dear Carrier B Finance Team,

The following COD shipment was delivered on 2026-01-15. Per the 2-day remittance SLA, payment of ₹799 is due by 2026-01-17 00:00:00.

AWB: AWB4014750858
Order ID: 111014967970
Delivery Date: 2026-01-15
Destination: East Delhi
COD Amount: ₹799

Please confirm remittance status.

Regards,
Finance Ops — AI Logistics Control Tower",DERIVED (package_amount used as COD-amount proxy — see docs/data_assumptions.md)
Carrier A,AWB9980783350,110614922225,2026-01-15,1659,2026-01-17,Overdue,P1 - Urgent,"[Remittance Due] AWB AWB9980783350 — COD ₹1,659 — Carrier A","Dear Carrier A Finance Team,

The following COD shipment was delivered on 2026-01-15. Per the 2-day remittance SLA, payment of ₹1,659 is due by 2026-01-17 00:00:00.

AWB: AWB9980783350
Order ID: 110614922225
Delivery Date: 2026-01-15
Destination: Jabalpur
COD Amount: ₹1,659

Please confirm remittance status.

Regards,
Finance Ops — AI Logistics Control Tower",DERIVED (package_amount used as COD-amount proxy — see docs/data_assumptions.md)
Carrier C,AWB4609615130,110714933331,2026-01-15,2268,2026-01-17,Overdue,P1 - Urgent,"[Remittance Due] AWB AWB4609615130 — COD ₹2,268 — Carrier C","Dear Carrier C Finance Team,

The following COD shipment was delivered on 2026-01-15. Per the 2-day remittance SLA, payment of ₹2,268 is due by 2026-01-17 00:00:00.

AWB: AWB4609615130
Order ID: 110714933331
Delivery Date: 2026-01-15
Destination: Jabalpur
COD Amount: ₹2,268

Please confirm remittance status.

Regards,
Finance Ops — AI Logistics Control Tower",DERIVED (package_amount used as COD-amount proxy — see docs/data_assumptions.md)
Carrier A,AWB9198735497,110914949554,2026-01-15,1101,2026-01-17,Overdue,P1 - Urgent,"[Remittance Due] AWB AWB9198735497 — COD ₹1,101 — Carrier A","Dear Carrier A Finance Team,

The following COD shipment was delivered on 2026-01-15. Per the 2-day remittance SLA, payment of ₹1,101 is due by 2026-01-17 00:00:00.

AWB: AWB9198735497
Order ID: 110914949554
Delivery Date: 2026-01-15
Destination: Bangalore
COD Amount: ₹1,101

Please confirm remittance status.

Regards,
Finance Ops — AI Logistics Control Tower",DERIVED (package_amount used as COD-amount proxy — see docs/data_assumptions.md)
Carrier A,AWB2932202661,110514911598,2026-01-15,823,2026-01-17,Overdue,P1 - Urgent,[Remittance Due] AWB AWB2932202661 — COD ₹823 — Carrier A,"Dear Carrier A Finance Team,

The following COD shipment was delivered on 2026-01-15. Per the 2-day remittance SLA, payment of ₹823 is due by 2026-01-17 00:00:00.

AWB: AWB2932202661
Order ID: 110514911598
Delivery Date: 2026-01-15
Destination: Gurgaon
COD Amount: ₹823

Please confirm remittance status.

Regards,
Finance Ops — AI Logistics Control Tower",DERIVED (package_amount used as COD-amount proxy — see docs/data_assumptions.md)
Carrier D,AWB0138338718,102914821813,2026-01-15,802,2026-01-17,Overdue,P1 - Urgent,[Remittance Due] AWB AWB0138338718 — COD ₹802 — Carrier D,"Dear Carrier D Finance Team,

The following COD shipment was delivered on 2026-01-15. Per the 2-day remittance SLA, payment of ₹802 is due by 2026-01-17 00:00:00.

AWB: AWB0138338718
Order ID: 102914821813
Delivery Date: 2026-01-15
Destination: Patna
COD Amount: ₹802

Please confirm remittance status.

Regards,
Finance Ops — AI Logistics Control Tower",DERIVED (package_amount used as COD-amount proxy — see docs/data_assumptions.md)
Carrier A,AWB0802717820,110314876181,2026-01-15,600,2026-01-17,Overdue,P1 - Urgent,[Remittance Due] AWB AWB0802717820 — COD ₹600 — Carrier A,"Dear Carrier A Finance Team,

The following COD shipment was delivered on 2026-01-15. Per the 2-day remittance SLA, payment of ₹600 is due by 2026-01-17 00:00:00.

AWB: AWB0802717820
Order ID: 110314876181
Delivery Date: 2026-01-15
Destination: Hisar
COD Amount: ₹600

Please confirm remittance status.

Regards,
Finance Ops — AI Logistics Control Tower",DERIVED (package_amount used as COD-amount proxy — see docs/data_assumptions.md)
Carrier B,AWB8056051860,110914955812,2026-01-15,898,2026-01-17,Overdue,P1 - Urgent,[Remittance Due] AWB AWB8056051860 — COD ₹898 — Carrier B,"Dear Carrier B Finance Team,

The following COD shipment was delivered on 2026-01-15. Per the 2-day remittance SLA, payment of ₹898 is due by 2026-01-17 00:00:00.

AWB: AWB8056051860
Order ID: 110914955812
Delivery Date: 2026-01-15
Destination: Chandigarh
COD Amount: ₹898

Please confirm remittance status.

Regards,
Finance Ops — AI Logistics Control Tower",DERIVED (package_amount used as COD-amount proxy — see docs/data_assumptions.md)
Carrier A,AWB0376607545,110914957572,2026-01-15,522,2026-01-17,Overdue,P1 - Urgent,[Remittance Due] AWB AWB0376607545 — COD ₹522 — Carrier A,"Dear Carrier A Finance Team,

The following COD shipment was delivered on 2026-01-15. Per the 2-day remittance SLA, payment of ₹522 is due by 2026-01-17 00:00:00.

AWB: AWB0376607545
Order ID: 110914957572
Delivery Date: 2026-01-15
Destination: Gurgaon
COD Amount: ₹522

Please confirm remittance status.

Regards,
Finance Ops — AI Logistics Control Tower",DERIVED (package_amount used as COD-amount proxy — see docs/data_assumptions.md)
Carrier B,AWB5606485411,111014966087,2026-01-15,461,2026-01-17,Overdue,P1 - Urgent,[Remittance Due] AWB AWB5606485411 — COD ₹461 — Carrier B,"Dear Carrier B Finance Team,

The following COD shipment was delivered on 2026-01-15. Per the 2-day remittance SLA, payment of ₹461 is due by 2026-01-17 00:00:00.

AWB: AWB5606485411
Order ID: 111014966087
Delivery Date: 2026-01-15
Destination: Mumbai
COD Amount: ₹461

Please confirm remittance status.

Regards,
Finance Ops — AI Logistics Control Tower",DERIVED (package_amount used as COD-amount proxy — see docs/data_assumptions.md)
Carrier B,AWB5725662684,110714927080,2026-01-16,749,2026-01-18,Overdue,P1 - Urgent,[Remittance Due] AWB AWB5725662684 — COD ₹749 — Carrier B,"Dear Carrier B Finance Team,

The following COD shipment was delivered on 2026-01-16. Per the 2-day remittance SLA, payment of ₹749 is due by 2026-01-18 00:00:00.

AWB: AWB5725662684
Order ID: 110714927080
Delivery Date: 2026-01-16
Destination: Bidar
COD Amount: ₹749

Please confirm remittance status.

Regards,
Finance Ops — AI Logistics Control Tower",DERIVED (package_amount used as COD-amount proxy — see docs/data_assumptions.md)
Carrier D,AWB4078130551,102014727687,2026-01-16,1907,2026-01-18,Overdue,P1 - Urgent,"[Remittance Due] AWB AWB4078130551 — COD ₹1,907 — Carrier D","Dear Carrier D Finance Team,

The following COD shipment was delivered on 2026-01-16. Per the 2-day remittance SLA, payment of ₹1,907 is due by 2026-01-18 00:00:00.

AWB: AWB4078130551
Order ID: 102014727687
Delivery Date: 2026-01-16
Destination: East Sikkim
COD Amount: ₹1,907

Please confirm remittance status.

Regards,
Finance Ops — AI Logistics Control Tower",DERIVED (package_amount used as COD-amount proxy — see docs/data_assumptions.md)
Carrier A,AWB0467079316,111214990573,2026-01-16,1399,2026-01-18,Overdue,P1 - Urgent,"[Remittance Due] AWB AWB0467079316 — COD ₹1,399 — Carrier A","Dear Carrier A Finance Team,

The following COD shipment was delivered on 2026-01-16. Per the 2-day remittance SLA, payment of ₹1,399 is due by 2026-01-18 00:00:00.

AWB: AWB0467079316
Order ID: 111214990573
Delivery Date: 2026-01-16
Destination: Bangalore
COD Amount: ₹1,399

Please confirm remittance status.

Regards,
Finance Ops — AI Logistics Control Tower",DERIVED (package_amount used as COD-amount proxy — see docs/data_assumptions.md)
Carrier D,AWB1648758869,110514907519,2026-01-16,1204,2026-01-18,Overdue,P1 - Urgent,"[Remittance Due] AWB AWB1648758869 — COD ₹1,204 — Carrier D","Dear Carrier D Finance Team,

The following COD shipment was delivered on 2026-01-16. Per the 2-day remittance SLA, payment of ₹1,204 is due by 2026-01-18 00:00:00.

AWB: AWB1648758869
Order ID: 110514907519
Delivery Date: 2026-01-16
Destination: Papum Pare
COD Amount: ₹1,204

Please confirm remittance status.

Regards,
Finance Ops — AI Logistics Control Tower",DERIVED (package_amount used as COD-amount proxy — see docs/data_assumptions.md)
Carrier C,AWB4278211263,110914956402,2026-01-16,1299,2026-01-18,Overdue,P1 - Urgent,"[Remittance Due] AWB AWB4278211263 — COD ₹1,299 — Carrier C","Dear Carrier C Finance Team,

The following COD shipment was delivered on 2026-01-16. Per the 2-day remittance SLA, payment of ₹1,299 is due by 2026-01-18 00:00:00.

AWB: AWB4278211263
Order ID: 110914956402
Delivery Date: 2026-01-16
Destination: Central Delhi
COD Amount: ₹1,299

Please confirm remittance status.

Regards,
Finance Ops — AI Logistics Control Tower",DERIVED (package_amount used as COD-amount proxy — see docs/data_assumptions.md)
Carrier A,AWB9894606162,110914955387,2026-01-16,1398,2026-01-18,Overdue,P1 - Urgent,"[Remittance Due] AWB AWB9894606162 — COD ₹1,398 — Carrier A","Dear Carrier A Finance Team,

The following COD shipment was delivered on 2026-01-16. Per the 2-day remittance SLA, payment of ₹1,398 is due by 2026-01-18 00:00:00.

AWB: AWB9894606162
Order ID: 110914955387
Delivery Date: 2026-01-16
Destination: Gautam Buddha Nagar
COD Amount: ₹1,398

Please confirm remittance status.

Regards,
Finance Ops — AI Logistics Control Tower",DERIVED (package_amount used as COD-amount proxy — see docs/data_assumptions.md)
Carrier B,AWB7403861130,110414891924,2026-01-16,399,2026-01-18,Overdue,P1 - Urgent,[Remittance Due] AWB AWB7403861130 — COD ₹399 — Carrier B,"Dear Carrier B Finance Team,

The following COD shipment was delivered on 2026-01-16. Per the 2-day remittance SLA, payment of ₹399 is due by 2026-01-18 00:00:00.

AWB: AWB7403861130
Order ID: 110414891924
Delivery Date: 2026-01-16
Destination: Medak
COD Amount: ₹399

Please confirm remittance status.

Regards,
Finance Ops — AI Logistics Control Tower",DERIVED (package_amount used as COD-amount proxy — see docs/data_assumptions.md)
Carrier D,AWB1863837168,110814947083,2026-01-16,1359,2026-01-18,Overdue,P1 - Urgent,"[Remittance Due] AWB AWB1863837168 — COD ₹1,359 — Carrier D","Dear Carrier D Finance Team,

The following COD shipment was delivered on 2026-01-16. Per the 2-day remittance SLA, payment of ₹1,359 is due by 2026-01-18 00:00:00.

AWB: AWB1863837168
Order ID: 110814947083
Delivery Date: 2026-01-16
Destination: Balangir
COD Amount: ₹1,359

Please confirm remittance status.

Regards,
Finance Ops — AI Logistics Control Tower",DERIVED (package_amount used as COD-amount proxy — see docs/data_assumptions.md)
Carrier C,AWB2914868577,110314884443,2026-01-16,499,2026-01-18,Overdue,P1 - Urgent,[Remittance Due] AWB AWB2914868577 — COD ₹499 — Carrier C,"Dear Carrier C Finance Team,

The following COD shipment was delivered on 2026-01-16. Per the 2-day remittance SLA, payment of ₹499 is due by 2026-01-18 00:00:00.

AWB: AWB2914868577
Order ID: 110314884443
Delivery Date: 2026-01-16
Destination: Dehradun
COD Amount: ₹499

Please confirm remittance status.

Regards,
Finance Ops — AI Logistics Control Tower",DERIVED (package_amount used as COD-amount proxy — see docs/data_assumptions.md)
Carrier D,AWB5064316097,110814947274,2026-01-16,689,2026-01-18,Overdue,P1 - Urgent,[Remittance Due] AWB AWB5064316097 — COD ₹689 — Carrier D,"Dear Carrier D Finance Team,

The following COD shipment was delivered on 2026-01-16. Per the 2-day remittance SLA, payment of ₹689 is due by 2026-01-18 00:00:00.

AWB: AWB5064316097
Order ID: 110814947274
Delivery Date: 2026-01-16
Destination: Rajkot
COD Amount: ₹689

Please confirm remittance status.

Regards,
Finance Ops — AI Logistics Control Tower",DERIVED (package_amount used as COD-amount proxy — see docs/data_assumptions.md)
Carrier C,AWB8785962560,110614914164,2026-01-16,2135,2026-01-18,Overdue,P1 - Urgent,"[Remittance Due] AWB AWB8785962560 — COD ₹2,135 — Carrier C","Dear Carrier C Finance Team,

The following COD shipment was delivered on 2026-01-16. Per the 2-day remittance SLA, payment of ₹2,135 is due by 2026-01-18 00:00:00.

AWB: AWB8785962560
Order ID: 110614914164
Delivery Date: 2026-01-16
Destination: Muzaffarpur
COD Amount: ₹2,135

Please confirm remittance status.

Regards,
Finance Ops — AI Logistics Control Tower",DERIVED (package_amount used as COD-amount proxy — see docs/data_assumptions.md)
Carrier D,AWB4361419172,110714927506,2026-01-16,890,2026-01-18,Overdue,P1 - Urgent,[Remittance Due] AWB AWB4361419172 — COD ₹890 — Carrier D,"Dear Carrier D Finance Team,

The following COD shipment was delivered on 2026-01-16. Per the 2-day remittance SLA, payment of ₹890 is due by 2026-01-18 00:00:00.

AWB: AWB4361419172
Order ID: 110714927506
Delivery Date: 2026-01-16
Destination: Visakhapatnam
COD Amount: ₹890

Please confirm remittance status.

Regards,
Finance Ops — AI Logistics Control Tower",DERIVED (package_amount used as COD-amount proxy — see docs/data_assumptions.md)
Carrier D,AWB1201109944,110814943468,2026-01-16,998,2026-01-18,Overdue,P1 - Urgent,[Remittance Due] AWB AWB1201109944 — COD ₹998 — Carrier D,"Dear Carrier D Finance Team,

The following COD shipment was delivered on 2026-01-16. Per the 2-day remittance SLA, payment of ₹998 is due by 2026-01-18 00:00:00.

AWB: AWB1201109944
Order ID: 110814943468
Delivery Date: 2026-01-16
Destination: Patiala
COD Amount: ₹998

Please confirm remittance status.

Regards,
Finance Ops — AI Logistics Control Tower",DERIVED (package_amount used as COD-amount proxy — see docs/data_assumptions.md)
Carrier A,AWB5143221934,110814946422,2026-01-16,1540,2026-01-18,Overdue,P1 - Urgent,"[Remittance Due] AWB AWB5143221934 — COD ₹1,540 — Carrier A","Dear Carrier A Finance Team,

The following COD shipment was delivered on 2026-01-16. Per the 2-day remittance SLA, payment of ₹1,540 is due by 2026-01-18 00:00:00.

AWB: AWB5143221934
Order ID: 110814946422
Delivery Date: 2026-01-16
Destination: Jabalpur
COD Amount: ₹1,540

Please confirm remittance status.

Regards,
Finance Ops — AI Logistics Control Tower",DERIVED (package_amount used as COD-amount proxy — see docs/data_assumptions.md)
Carrier D,AWB0188947652,110914957181,2026-01-16,364,2026-01-18,Overdue,P1 - Urgent,[Remittance Due] AWB AWB0188947652 — COD ₹364 — Carrier D,"Dear Carrier D Finance Team,

The following COD shipment was delivered on 2026-01-16. Per the 2-day remittance SLA, payment of ₹364 is due by 2026-01-18 00:00:00.

AWB: AWB0188947652
Order ID: 110914957181
Delivery Date: 2026-01-16
Destination: Mumbai
COD Amount: ₹364

Please confirm remittance status.

Regards,
Finance Ops — AI Logistics Control Tower",DERIVED (package_amount used as COD-amount proxy — see docs/data_assumptions.md)
Carrier D,AWB3186197688,110814948370,2026-01-16,917,2026-01-18,Overdue,P1 - Urgent,[Remittance Due] AWB AWB3186197688 — COD ₹917 — Carrier D,"Dear Carrier D Finance Team,

The following COD shipment was delivered on 2026-01-16. Per the 2-day remittance SLA, payment of ₹917 is due by 2026-01-18 00:00:00.

AWB: AWB3186197688
Order ID: 110814948370
Delivery Date: 2026-01-16
Destination: Hisar
COD Amount: ₹917

Please confirm remittance status.

Regards,
Finance Ops — AI Logistics Control Tower",DERIVED (package_amount used as COD-amount proxy — see docs/data_assumptions.md)
Carrier C,AWB3647317078,110814942419,2026-01-16,689,2026-01-18,Overdue,P1 - Urgent,[Remittance Due] AWB AWB3647317078 — COD ₹689 — Carrier C,"Dear Carrier C Finance Team,

The following COD shipment was delivered on 2026-01-16. Per the 2-day remittance SLA, payment of ₹689 is due by 2026-01-18 00:00:00.

AWB: AWB3647317078
Order ID: 110814942419
Delivery Date: 2026-01-16
Destination: Bikaner
COD Amount: ₹689

Please confirm remittance status.

Regards,
Finance Ops — AI Logistics Control Tower",DERIVED (package_amount used as COD-amount proxy — see docs/data_assumptions.md)
Carrier A,AWB4089541280,110714930164,2026-01-16,699,2026-01-18,Overdue,P1 - Urgent,[Remittance Due] AWB AWB4089541280 — COD ₹699 — Carrier A,"Dear Carrier A Finance Team,

The following COD shipment was delivered on 2026-01-16. Per the 2-day remittance SLA, payment of ₹699 is due by 2026-01-18 00:00:00.

AWB: AWB4089541280
Order ID: 110714930164
Delivery Date: 2026-01-16
Destination: Coimbatore
COD Amount: ₹699

Please confirm remittance status.

Regards,
Finance Ops — AI Logistics Control Tower",DERIVED (package_amount used as COD-amount proxy — see docs/data_assumptions.md)
Carrier D,AWB4020786776,111014970375,2026-01-16,1025,2026-01-18,Overdue,P1 - Urgent,"[Remittance Due] AWB AWB4020786776 — COD ₹1,025 — Carrier D","Dear Carrier D Finance Team,

The following COD shipment was delivered on 2026-01-16. Per the 2-day remittance SLA, payment of ₹1,025 is due by 2026-01-18 00:00:00.

AWB: AWB4020786776
Order ID: 111014970375
Delivery Date: 2026-01-16
Destination: Nandurbar
COD Amount: ₹1,025

Please confirm remittance status.

Regards,
Finance Ops — AI Logistics Control Tower",DERIVED (package_amount used as COD-amount proxy — see docs/data_assumptions.md)
Carrier D,AWB7681073469,110314880033,2026-01-16,2288,2026-01-18,Overdue,P1 - Urgent,"[Remittance Due] AWB AWB7681073469 — COD ₹2,288 — Carrier D","Dear Carrier D Finance Team,

The following COD shipment was delivered on 2026-01-16. Per the 2-day remittance SLA, payment of ₹2,288 is due by 2026-01-18 00:00:00.

AWB: AWB7681073469
Order ID: 110314880033
Delivery Date: 2026-01-16
Destination: Dehradun
COD Amount: ₹2,288

Please confirm remittance status.

Regards,
Finance Ops — AI Logistics Control Tower",DERIVED (package_amount used as COD-amount proxy — see docs/data_assumptions.md)
Carrier D,AWB8389288437,110714932332,2026-01-16,860,2026-01-18,Overdue,P1 - Urgent,[Remittance Due] AWB AWB8389288437 — COD ₹860 — Carrier D,"Dear Carrier D Finance Team,

The following COD shipment was delivered on 2026-01-16. Per the 2-day remittance SLA, payment of ₹860 is due by 2026-01-18 00:00:00.

AWB: AWB8389288437
Order ID: 110714932332
Delivery Date: 2026-01-16
Destination: Kanpur Nagar
COD Amount: ₹860

Please confirm remittance status.

Regards,
Finance Ops — AI Logistics Control Tower",DERIVED (package_amount used as COD-amount proxy — see docs/data_assumptions.md)
Carrier A,AWB9819106535,110714929010,2026-01-16,719,2026-01-18,Overdue,P1 - Urgent,[Remittance Due] AWB AWB9819106535 — COD ₹719 — Carrier A,"Dear Carrier A Finance Team,

The following COD shipment was delivered on 2026-01-16. Per the 2-day remittance SLA, payment of ₹719 is due by 2026-01-18 00:00:00.

AWB: AWB9819106535
Order ID: 110714929010
Delivery Date: 2026-01-16
Destination: Gurgaon
COD Amount: ₹719

Please confirm remittance status.

Regards,
Finance Ops — AI Logistics Control Tower",DERIVED (package_amount used as COD-amount proxy — see docs/data_assumptions.md)
Carrier A,AWB7915632441,110414895188,2026-01-16,350,2026-01-18,Overdue,P1 - Urgent,[Remittance Due] AWB AWB7915632441 — COD ₹350 — Carrier A,"Dear Carrier A Finance Team,

The following COD shipment was delivered on 2026-01-16. Per the 2-day remittance SLA, payment of ₹350 is due by 2026-01-18 00:00:00.

AWB: AWB7915632441
Order ID: 110414895188
Delivery Date: 2026-01-16
Destination: Faridabad
COD Amount: ₹350

Please confirm remittance status.

Regards,
Finance Ops — AI Logistics Control Tower",DERIVED (package_amount used as COD-amount proxy — see docs/data_assumptions.md)
Carrier C,AWB4406834338,110414896002,2026-01-17,854,2026-01-19,Overdue,P1 - Urgent,[Remittance Due] AWB AWB4406834338 — COD ₹854 — Carrier C,"Dear Carrier C Finance Team,

The following COD shipment was delivered on 2026-01-17. Per the 2-day remittance SLA, payment of ₹854 is due by 2026-01-19 00:00:00.

AWB: AWB4406834338
Order ID: 110414896002
Delivery Date: 2026-01-17
Destination: Faridabad
COD Amount: ₹854

Please confirm remittance status.

Regards,
Finance Ops — AI Logistics Control Tower",DERIVED (package_amount used as COD-amount proxy — see docs/data_assumptions.md)
Carrier C,AWB6508257084,110114856853,2026-01-17,354,2026-01-19,Overdue,P1 - Urgent,[Remittance Due] AWB AWB6508257084 — COD ₹354 — Carrier C,"Dear Carrier C Finance Team,

The following COD shipment was delivered on 2026-01-17. Per the 2-day remittance SLA, payment of ₹354 is due by 2026-01-19 00:00:00.

AWB: AWB6508257084
Order ID: 110114856853
Delivery Date: 2026-01-17
Destination: Nagpur
COD Amount: ₹354

Please confirm remittance status.

Regards,
Finance Ops — AI Logistics Control Tower",DERIVED (package_amount used as COD-amount proxy — see docs/data_assumptions.md)
Carrier B,AWB0736879600,110814945767,2026-01-17,491,2026-01-19,Overdue,P1 - Urgent,[Remittance Due] AWB AWB0736879600 — COD ₹491 — Carrier B,"Dear Carrier B Finance Team,

The following COD shipment was delivered on 2026-01-17. Per the 2-day remittance SLA, payment of ₹491 is due by 2026-01-19 00:00:00.

AWB: AWB0736879600
Order ID: 110814945767
Delivery Date: 2026-01-17
Destination: Howrah
COD Amount: ₹491

Please confirm remittance status.

Regards,
Finance Ops — AI Logistics Control Tower",DERIVED (package_amount used as COD-amount proxy — see docs/data_assumptions.md)
Carrier A,AWB4755580109,110314876977,2026-01-17,449,2026-01-19,Overdue,P1 - Urgent,[Remittance Due] AWB AWB4755580109 — COD ₹449 — Carrier A,"Dear Carrier A Finance Team,

The following COD shipment was delivered on 2026-01-17. Per the 2-day remittance SLA, payment of ₹449 is due by 2026-01-19 00:00:00.

AWB: AWB4755580109
Order ID: 110314876977
Delivery Date: 2026-01-17
Destination: Nalanda
COD Amount: ₹449

Please confirm remittance status.

Regards,
Finance Ops — AI Logistics Control Tower",DERIVED (package_amount used as COD-amount proxy — see docs/data_assumptions.md)
Carrier A,AWB1932156532,110914952854,2026-01-17,772,2026-01-19,Overdue,P1 - Urgent,[Remittance Due] AWB AWB1932156532 — COD ₹772 — Carrier A,"Dear Carrier A Finance Team,

The following COD shipment was delivered on 2026-01-17. Per the 2-day remittance SLA, payment of ₹772 is due by 2026-01-19 00:00:00.

AWB: AWB1932156532
Order ID: 110914952854
Delivery Date: 2026-01-17
Destination: Bangalore
COD Amount: ₹772

Please confirm remittance status.

Regards,
Finance Ops — AI Logistics Control Tower",DERIVED (package_amount used as COD-amount proxy — see docs/data_assumptions.md)
Carrier B,AWB6161001977,110614948030,2026-01-17,797,2026-01-19,Overdue,P1 - Urgent,[Remittance Due] AWB AWB6161001977 — COD ₹797 — Carrier B,"Dear Carrier B Finance Team,

The following COD shipment was delivered on 2026-01-17. Per the 2-day remittance SLA, payment of ₹797 is due by 2026-01-19 00:00:00.

AWB: AWB6161001977
Order ID: 110614948030
Delivery Date: 2026-01-17
Destination: Bijnor
COD Amount: ₹797

Please confirm remittance status.

Regards,
Finance Ops — AI Logistics Control Tower",DERIVED (package_amount used as COD-amount proxy — see docs/data_assumptions.md)
Carrier C,AWB0789408644,110114857687,2026-01-17,499,2026-01-19,Overdue,P1 - Urgent,[Remittance Due] AWB AWB0789408644 — COD ₹499 — Carrier C,"Dear Carrier C Finance Team,

The following COD shipment was delivered on 2026-01-17. Per the 2-day remittance SLA, payment of ₹499 is due by 2026-01-19 00:00:00.

AWB: AWB0789408644
Order ID: 110114857687
Delivery Date: 2026-01-17
Destination: Raipur
COD Amount: ₹499

Please confirm remittance status.

Regards,
Finance Ops — AI Logistics Control Tower",DERIVED (package_amount used as COD-amount proxy — see docs/data_assumptions.md)
Carrier A,AWB1243914901,111114980965,2026-01-17,680,2026-01-19,Overdue,P1 - Urgent,[Remittance Due] AWB AWB1243914901 — COD ₹680 — Carrier A,"Dear Carrier A Finance Team,

The following COD shipment was delivered on 2026-01-17. Per the 2-day remittance SLA, payment of ₹680 is due by 2026-01-19 00:00:00.

AWB: AWB1243914901
Order ID: 111114980965
Delivery Date: 2026-01-17
Destination: New Delhi
COD Amount: ₹680

Please confirm remittance status.

Regards,
Finance Ops — AI Logistics Control Tower",DERIVED (package_amount used as COD-amount proxy — see docs/data_assumptions.md)
Carrier D,AWB0367841194,110814946385,2026-01-17,1499,2026-01-19,Overdue,P1 - Urgent,"[Remittance Due] AWB AWB0367841194 — COD ₹1,499 — Carrier D","Dear Carrier D Finance Team,

The following COD shipment was delivered on 2026-01-17. Per the 2-day remittance SLA, payment of ₹1,499 is due by 2026-01-19 00:00:00.

AWB: AWB0367841194
Order ID: 110814946385
Delivery Date: 2026-01-17
Destination: SALEM
COD Amount: ₹1,499

Please confirm remittance status.

Regards,
Finance Ops — AI Logistics Control Tower",DERIVED (package_amount used as COD-amount proxy — see docs/data_assumptions.md)
Carrier B,AWB2100099333,111114979535,2026-01-17,739,2026-01-19,Overdue,P1 - Urgent,[Remittance Due] AWB AWB2100099333 — COD ₹739 — Carrier B,"Dear Carrier B Finance Team,

The following COD shipment was delivered on 2026-01-17. Per the 2-day remittance SLA, payment of ₹739 is due by 2026-01-19 00:00:00.

AWB: AWB2100099333
Order ID: 111114979535
Delivery Date: 2026-01-17
Destination: East Delhi
COD Amount: ₹739

Please confirm remittance status.

Regards,
Finance Ops — AI Logistics Control Tower",DERIVED (package_amount used as COD-amount proxy — see docs/data_assumptions.md)
Carrier D,AWB8748997117,110914956709,2026-01-17,1469,2026-01-19,Overdue,P1 - Urgent,"[Remittance Due] AWB AWB8748997117 — COD ₹1,469 — Carrier D","Dear Carrier D Finance Team,

The following COD shipment was delivered on 2026-01-17. Per the 2-day remittance SLA, payment of ₹1,469 is due by 2026-01-19 00:00:00.

AWB: AWB8748997117
Order ID: 110914956709
Delivery Date: 2026-01-17
Destination: Pune
COD Amount: ₹1,469

Please confirm remittance status.

Regards,
Finance Ops — AI Logistics Control Tower",DERIVED (package_amount used as COD-amount proxy — see docs/data_assumptions.md)
Carrier C,AWB6295458067,110914950478,2026-01-17,794,2026-01-19,Overdue,P1 - Urgent,[Remittance Due] AWB AWB6295458067 — COD ₹794 — Carrier C,"Dear Carrier C Finance Team,

The following COD shipment was delivered on 2026-01-17. Per the 2-day remittance SLA, payment of ₹794 is due by 2026-01-19 00:00:00.

AWB: AWB6295458067
Order ID: 110914950478
Delivery Date: 2026-01-17
Destination: Parbhani
COD Amount: ₹794

Please confirm remittance status.

Regards,
Finance Ops — AI Logistics Control Tower",DERIVED (package_amount used as COD-amount proxy — see docs/data_assumptions.md)
Carrier D,AWB3598800625,111014968478,2026-01-17,599,2026-01-19,Overdue,P1 - Urgent,[Remittance Due] AWB AWB3598800625 — COD ₹599 — Carrier D,"Dear Carrier D Finance Team,

The following COD shipment was delivered on 2026-01-17. Per the 2-day remittance SLA, payment of ₹599 is due by 2026-01-19 00:00:00.

AWB: AWB3598800625
Order ID: 111014968478
Delivery Date: 2026-01-17
Destination: Shivpuri
COD Amount: ₹599

Please confirm remittance status.

Regards,
Finance Ops — AI Logistics Control Tower",DERIVED (package_amount used as COD-amount proxy — see docs/data_assumptions.md)
Carrier B,AWB6263451117,110314880394,2026-01-17,499,2026-01-19,Overdue,P1 - Urgent,[Remittance Due] AWB AWB6263451117 — COD ₹499 — Carrier B,"Dear Carrier B Finance Team,

The following COD shipment was delivered on 2026-01-17. Per the 2-day remittance SLA, payment of ₹499 is due by 2026-01-19 00:00:00.

AWB: AWB6263451117
Order ID: 110314880394
Delivery Date: 2026-01-17
Destination: Chandigarh
COD Amount: ₹499

Please confirm remittance status.

Regards,
Finance Ops — AI Logistics Control Tower",DERIVED (package_amount used as COD-amount proxy — see docs/data_assumptions.md)
Carrier B,AWB9476864641,103114841765,2026-01-17,599,2026-01-19,Overdue,P1 - Urgent,[Remittance Due] AWB AWB9476864641 — COD ₹599 — Carrier B,"Dear Carrier B Finance Team,

The following COD shipment was delivered on 2026-01-17. Per the 2-day remittance SLA, payment of ₹599 is due by 2026-01-19 00:00:00.

AWB: AWB9476864641
Order ID: 103114841765
Delivery Date: 2026-01-17
Destination: South Goa
COD Amount: ₹599

Please confirm remittance status.

Regards,
Finance Ops — AI Logistics Control Tower",DERIVED (package_amount used as COD-amount proxy — see docs/data_assumptions.md)
Carrier C,AWB6690963069,110814937950,2026-01-17,970,2026-01-19,Overdue,P1 - Urgent,[Remittance Due] AWB AWB6690963069 — COD ₹970 — Carrier C,"Dear Carrier C Finance Team,

The following COD shipment was delivered on 2026-01-17. Per the 2-day remittance SLA, payment of ₹970 is due by 2026-01-19 00:00:00.

AWB: AWB6690963069
Order ID: 110814937950
Delivery Date: 2026-01-17
Destination: Dimapur
COD Amount: ₹970

Please confirm remittance status.

Regards,
Finance Ops — AI Logistics Control Tower",DERIVED (package_amount used as COD-amount proxy — see docs/data_assumptions.md)
Carrier B,AWB3232865647,102214755492,2026-01-17,2718,2026-01-19,Overdue,P1 - Urgent,"[Remittance Due] AWB AWB3232865647 — COD ₹2,718 — Carrier B","Dear Carrier B Finance Team,

The following COD shipment was delivered on 2026-01-17. Per the 2-day remittance SLA, payment of ₹2,718 is due by 2026-01-19 00:00:00.

AWB: AWB3232865647
Order ID: 102214755492
Delivery Date: 2026-01-17
Destination: North West Delhi
COD Amount: ₹2,718

Please confirm remittance status.

Regards,
Finance Ops — AI Logistics Control Tower",DERIVED (package_amount used as COD-amount proxy — see docs/data_assumptions.md)
Carrier B,AWB5706353820,110614916333,2026-01-17,1023,2026-01-19,Overdue,P1 - Urgent,"[Remittance Due] AWB AWB5706353820 — COD ₹1,023 — Carrier B","Dear Carrier B Finance Team,

The following COD shipment was delivered on 2026-01-17. Per the 2-day remittance SLA, payment of ₹1,023 is due by 2026-01-19 00:00:00.

AWB: AWB5706353820
Order ID: 110614916333
Delivery Date: 2026-01-17
Destination: Aizawl
COD Amount: ₹1,023

Please confirm remittance status.

Regards,
Finance Ops — AI Logistics Control Tower",DERIVED (package_amount used as COD-amount proxy — see docs/data_assumptions.md)
Carrier A,AWB9175262588,111114976467,2026-01-17,843,2026-01-19,Overdue,P1 - Urgent,[Remittance Due] AWB AWB9175262588 — COD ₹843 — Carrier A,"Dear Carrier A Finance Team,

The following COD shipment was delivered on 2026-01-17. Per the 2-day remittance SLA, payment of ₹843 is due by 2026-01-19 00:00:00.

AWB: AWB9175262588
Order ID: 111114976467
Delivery Date: 2026-01-17
Destination: BANGALORE
COD Amount: ₹843

Please confirm remittance status.

Regards,
Finance Ops — AI Logistics Control Tower",DERIVED (package_amount used as COD-amount proxy — see docs/data_assumptions.md)
Carrier C,AWB1609009443,110714926969,2026-01-17,699,2026-01-19,Overdue,P1 - Urgent,[Remittance Due] AWB AWB1609009443 — COD ₹699 — Carrier C,"Dear Carrier C Finance Team,

The following COD shipment was delivered on 2026-01-17. Per the 2-day remittance SLA, payment of ₹699 is due by 2026-01-19 00:00:00.

AWB: AWB1609009443
Order ID: 110714926969
Delivery Date: 2026-01-17
Destination: Bareilly
COD Amount: ₹699

Please confirm remittance status.

Regards,
Finance Ops — AI Logistics Control Tower",DERIVED (package_amount used as COD-amount proxy — see docs/data_assumptions.md)
Carrier B,AWB4196492678,111114974872,2026-01-17,995,2026-01-19,Overdue,P1 - Urgent,[Remittance Due] AWB AWB4196492678 — COD ₹995 — Carrier B,"Dear Carrier B Finance Team,

The following COD shipment was delivered on 2026-01-17. Per the 2-day remittance SLA, payment of ₹995 is due by 2026-01-19 00:00:00.

AWB: AWB4196492678
Order ID: 111114974872
Delivery Date: 2026-01-17
Destination: Bangalore
COD Amount: ₹995

Please confirm remittance status.

Regards,
Finance Ops — AI Logistics Control Tower",DERIVED (package_amount used as COD-amount proxy — see docs/data_assumptions.md)
Carrier B,AWB9468927559,111114978347,2026-01-17,561,2026-01-19,Overdue,P1 - Urgent,[Remittance Due] AWB AWB9468927559 — COD ₹561 — Carrier B,"Dear Carrier B Finance Team,

The following COD shipment was delivered on 2026-01-17. Per the 2-day remittance SLA, payment of ₹561 is due by 2026-01-19 00:00:00.

AWB: AWB9468927559
Order ID: 111114978347
Delivery Date: 2026-01-17
Destination: Ahmedabad
COD Amount: ₹561

Please confirm remittance status.

Regards,
Finance Ops — AI Logistics Control Tower",DERIVED (package_amount used as COD-amount proxy — see docs/data_assumptions.md)
Carrier A,AWB3501244931,110814944074,2026-01-17,619,2026-01-19,Overdue,P1 - Urgent,[Remittance Due] AWB AWB3501244931 — COD ₹619 — Carrier A,"Dear Carrier A Finance Team,

The following COD shipment was delivered on 2026-01-17. Per the 2-day remittance SLA, payment of ₹619 is due by 2026-01-19 00:00:00.

AWB: AWB3501244931
Order ID: 110814944074
Delivery Date: 2026-01-17
Destination: West Delhi
COD Amount: ₹619

Please confirm remittance status.

Regards,
Finance Ops — AI Logistics Control Tower",DERIVED (package_amount used as COD-amount proxy — see docs/data_assumptions.md)
Carrier D,AWB6672441246,110714926175,2026-01-18,875,2026-01-20,Overdue,P1 - Urgent,[Remittance Due] AWB AWB6672441246 — COD ₹875 — Carrier D,"Dear Carrier D Finance Team,

The following COD shipment was delivered on 2026-01-18. Per the 2-day remittance SLA, payment of ₹875 is due by 2026-01-20 00:00:00.

AWB: AWB6672441246
Order ID: 110714926175
Delivery Date: 2026-01-18
Destination: East Khasi Hills
COD Amount: ₹875

Please confirm remittance status.

Regards,
Finance Ops — AI Logistics Control Tower",DERIVED (package_amount used as COD-amount proxy — see docs/data_assumptions.md)
Carrier A,AWB3831241594,102014728469,2026-01-18,1070,2026-01-20,Overdue,P1 - Urgent,"[Remittance Due] AWB AWB3831241594 — COD ₹1,070 — Carrier A","Dear Carrier A Finance Team,

The following COD shipment was delivered on 2026-01-18. Per the 2-day remittance SLA, payment of ₹1,070 is due by 2026-01-20 00:00:00.

AWB: AWB3831241594
Order ID: 102014728469
Delivery Date: 2026-01-18
Destination: Gurgaon
COD Amount: ₹1,070

Please confirm remittance status.

Regards,
Finance Ops — AI Logistics Control Tower",DERIVED (package_amount used as COD-amount proxy — see docs/data_assumptions.md)
Carrier D,AWB3168382914,100614531300,2026-01-18,1159,2026-01-20,Overdue,P1 - Urgent,"[Remittance Due] AWB AWB3168382914 — COD ₹1,159 — Carrier D","Dear Carrier D Finance Team,

The following COD shipment was delivered on 2026-01-18. Per the 2-day remittance SLA, payment of ₹1,159 is due by 2026-01-20 00:00:00.

AWB: AWB3168382914
Order ID: 100614531300
Delivery Date: 2026-01-18
Destination: Saharanpur
COD Amount: ₹1,159

Please confirm remittance status.

Regards,
Finance Ops — AI Logistics Control Tower",DERIVED (package_amount used as COD-amount proxy — see docs/data_assumptions.md)
Carrier C,AWB6513382157,110914958929,2026-01-18,427,2026-01-20,Overdue,P1 - Urgent,[Remittance Due] AWB AWB6513382157 — COD ₹427 — Carrier C,"Dear Carrier C Finance Team,

The following COD shipment was delivered on 2026-01-18. Per the 2-day remittance SLA, payment of ₹427 is due by 2026-01-20 00:00:00.

AWB: AWB6513382157
Order ID: 110914958929
Delivery Date: 2026-01-18
Destination: South West Delhi
COD Amount: ₹427

Please confirm remittance status.

Regards,
Finance Ops — AI Logistics Control Tower",DERIVED (package_amount used as COD-amount proxy — see docs/data_assumptions.md)
Carrier B,AWB6742376289,111014969239,2026-01-18,809,2026-01-20,Overdue,P1 - Urgent,[Remittance Due] AWB AWB6742376289 — COD ₹809 — Carrier B,"Dear Carrier B Finance Team,

The following COD shipment was delivered on 2026-01-18. Per the 2-day remittance SLA, payment of ₹809 is due by 2026-01-20 00:00:00.

AWB: AWB6742376289
Order ID: 111014969239
Delivery Date: 2026-01-18
Destination: Surat
COD Amount: ₹809

Please confirm remittance status.

Regards,
Finance Ops — AI Logistics Control Tower",DERIVED (package_amount used as COD-amount proxy — see docs/data_assumptions.md)
Carrier D,AWB5053434072,111014965005,2026-01-18,808,2026-01-20,Overdue,P1 - Urgent,[Remittance Due] AWB AWB5053434072 — COD ₹808 — Carrier D,"Dear Carrier D Finance Team,

The following COD shipment was delivered on 2026-01-18. Per the 2-day remittance SLA, payment of ₹808 is due by 2026-01-20 00:00:00.

AWB: AWB5053434072
Order ID: 111014965005
Delivery Date: 2026-01-18
Destination: Valsad
COD Amount: ₹808

Please confirm remittance status.

Regards,
Finance Ops — AI Logistics Control Tower",DERIVED (package_amount used as COD-amount proxy — see docs/data_assumptions.md)
Carrier C,AWB8758915672,110814948559,2026-01-18,859,2026-01-20,Overdue,P1 - Urgent,[Remittance Due] AWB AWB8758915672 — COD ₹859 — Carrier C,"Dear Carrier C Finance Team,

The following COD shipment was delivered on 2026-01-18. Per the 2-day remittance SLA, payment of ₹859 is due by 2026-01-20 00:00:00.

AWB: AWB8758915672
Order ID: 110814948559
Delivery Date: 2026-01-18
Destination: Ludhiana
COD Amount: ₹859

Please confirm remittance status.

Regards,
Finance Ops — AI Logistics Control Tower",DERIVED (package_amount used as COD-amount proxy — see docs/data_assumptions.md)
Carrier D,AWB6787538665,111214985775,2026-01-18,1079,2026-01-20,Overdue,P1 - Urgent,"[Remittance Due] AWB AWB6787538665 — COD ₹1,079 — Carrier D","Dear Carrier D Finance Team,

The following COD shipment was delivered on 2026-01-18. Per the 2-day remittance SLA, payment of ₹1,079 is due by 2026-01-20 00:00:00.

AWB: AWB6787538665
Order ID: 111214985775
Delivery Date: 2026-01-18
Destination: Saharanpur
COD Amount: ₹1,079

Please confirm remittance status.

Regards,
Finance Ops — AI Logistics Control Tower",DERIVED (package_amount used as COD-amount proxy — see docs/data_assumptions.md)
Carrier B,AWB0986337964,110814947807,2026-01-18,759,2026-01-20,Overdue,P1 - Urgent,[Remittance Due] AWB AWB0986337964 — COD ₹759 — Carrier B,"Dear Carrier B Finance Team,

The following COD shipment was delivered on 2026-01-18. Per the 2-day remittance SLA, payment of ₹759 is due by 2026-01-20 00:00:00.

AWB: AWB0986337964
Order ID: 110814947807
Delivery Date: 2026-01-18
Destination: Thane
COD Amount: ₹759

Please confirm remittance status.

Regards,
Finance Ops — AI Logistics Control Tower",DERIVED (package_amount used as COD-amount proxy — see docs/data_assumptions.md)
Carrier A,AWB6942389275,110314876676,2026-01-18,709,2026-01-20,Overdue,P1 - Urgent,[Remittance Due] AWB AWB6942389275 — COD ₹709 — Carrier A,"Dear Carrier A Finance Team,

The following COD shipment was delivered on 2026-01-18. Per the 2-day remittance SLA, payment of ₹709 is due by 2026-01-20 00:00:00.

AWB: AWB6942389275
Order ID: 110314876676
Delivery Date: 2026-01-18
Destination: Bangalore
COD Amount: ₹709

Please confirm remittance status.

Regards,
Finance Ops — AI Logistics Control Tower",DERIVED (package_amount used as COD-amount proxy — see docs/data_assumptions.md)
Carrier D,AWB2310638174,110714925147,2026-01-18,1598,2026-01-20,Overdue,P1 - Urgent,"[Remittance Due] AWB AWB2310638174 — COD ₹1,598 — Carrier D","Dear Carrier D Finance Team,

The following COD shipment was delivered on 2026-01-18. Per the 2-day remittance SLA, payment of ₹1,598 is due by 2026-01-20 00:00:00.

AWB: AWB2310638174
Order ID: 110714925147
Delivery Date: 2026-01-18
Destination: East Delhi
COD Amount: ₹1,598

Please confirm remittance status.

Regards,
Finance Ops — AI Logistics Control Tower",DERIVED (package_amount used as COD-amount proxy — see docs/data_assumptions.md)
Carrier D,AWB5818417762,111014971955,2026-01-18,598,2026-01-20,Overdue,P1 - Urgent,[Remittance Due] AWB AWB5818417762 — COD ₹598 — Carrier D,"Dear Carrier D Finance Team,

The following COD shipment was delivered on 2026-01-18. Per the 2-day remittance SLA, payment of ₹598 is due by 2026-01-20 00:00:00.

AWB: AWB5818417762
Order ID: 111014971955
Delivery Date: 2026-01-18
Destination: Vijayawada
COD Amount: ₹598

Please confirm remittance status.

Regards,
Finance Ops — AI Logistics Control Tower",DERIVED (package_amount used as COD-amount proxy — see docs/data_assumptions.md)
Carrier A,AWB4723951838,110914951841,2026-01-18,1616,2026-01-20,Overdue,P1 - Urgent,"[Remittance Due] AWB AWB4723951838 — COD ₹1,616 — Carrier A","Dear Carrier A Finance Team,

The following COD shipment was delivered on 2026-01-18. Per the 2-day remittance SLA, payment of ₹1,616 is due by 2026-01-20 00:00:00.

AWB: AWB4723951838
Order ID: 110914951841
Delivery Date: 2026-01-18
Destination: Sambhal
COD Amount: ₹1,616

Please confirm remittance status.

Regards,
Finance Ops — AI Logistics Control Tower",DERIVED (package_amount used as COD-amount proxy — see docs/data_assumptions.md)
Carrier A,AWB8769470599,102014728802,2026-01-18,809,2026-01-20,Overdue,P1 - Urgent,[Remittance Due] AWB AWB8769470599 — COD ₹809 — Carrier A,"Dear Carrier A Finance Team,

The following COD shipment was delivered on 2026-01-18. Per the 2-day remittance SLA, payment of ₹809 is due by 2026-01-20 00:00:00.

AWB: AWB8769470599
Order ID: 102014728802
Delivery Date: 2026-01-18
Destination: Dhamtari
COD Amount: ₹809

Please confirm remittance status.

Regards,
Finance Ops — AI Logistics Control Tower",DERIVED (package_amount used as COD-amount proxy — see docs/data_assumptions.md)
Carrier C,AWB8694234362,111014972218,2026-01-18,1189,2026-01-20,Overdue,P1 - Urgent,"[Remittance Due] AWB AWB8694234362 — COD ₹1,189 — Carrier C","Dear Carrier C Finance Team,

The following COD shipment was delivered on 2026-01-18. Per the 2-day remittance SLA, payment of ₹1,189 is due by 2026-01-20 00:00:00.

AWB: AWB8694234362
Order ID: 111014972218
Delivery Date: 2026-01-18
Destination: North West Delhi
COD Amount: ₹1,189

Please confirm remittance status.

Regards,
Finance Ops — AI Logistics Control Tower",DERIVED (package_amount used as COD-amount proxy — see docs/data_assumptions.md)
Carrier B,AWB8357810272,101714690975,2026-01-18,1229,2026-01-20,Overdue,P1 - Urgent,"[Remittance Due] AWB AWB8357810272 — COD ₹1,229 — Carrier B","Dear Carrier B Finance Team,

The following COD shipment was delivered on 2026-01-18. Per the 2-day remittance SLA, payment of ₹1,229 is due by 2026-01-20 00:00:00.

AWB: AWB8357810272
Order ID: 101714690975
Delivery Date: 2026-01-18
Destination: Bhagalpur
COD Amount: ₹1,229

Please confirm remittance status.

Regards,
Finance Ops — AI Logistics Control Tower",DERIVED (package_amount used as COD-amount proxy — see docs/data_assumptions.md)
Carrier A,AWB1466028564,111014970214,2026-01-18,634,2026-01-20,Overdue,P1 - Urgent,[Remittance Due] AWB AWB1466028564 — COD ₹634 — Carrier A,"Dear Carrier A Finance Team,

The following COD shipment was delivered on 2026-01-18. Per the 2-day remittance SLA, payment of ₹634 is due by 2026-01-20 00:00:00.

AWB: AWB1466028564
Order ID: 111014970214
Delivery Date: 2026-01-18
Destination: Jaipur
COD Amount: ₹634

Please confirm remittance status.

Regards,
Finance Ops — AI Logistics Control Tower",DERIVED (package_amount used as COD-amount proxy — see docs/data_assumptions.md)
Carrier C,AWB6039546783,110914957856,2026-01-18,1395,2026-01-20,Overdue,P1 - Urgent,"[Remittance Due] AWB AWB6039546783 — COD ₹1,395 — Carrier C","Dear Carrier C Finance Team,

The following COD shipment was delivered on 2026-01-18. Per the 2-day remittance SLA, payment of ₹1,395 is due by 2026-01-20 00:00:00.

AWB: AWB6039546783
Order ID: 110914957856
Delivery Date: 2026-01-18
Destination: Faridabad
COD Amount: ₹1,395

Please confirm remittance status.

Regards,
Finance Ops — AI Logistics Control Tower",DERIVED (package_amount used as COD-amount proxy — see docs/data_assumptions.md)
Carrier C,AWB7271615822,110414895028,2026-01-18,270,2026-01-20,Overdue,P1 - Urgent,[Remittance Due] AWB AWB7271615822 — COD ₹270 — Carrier C,"Dear Carrier C Finance Team,

The following COD shipment was delivered on 2026-01-18. Per the 2-day remittance SLA, payment of ₹270 is due by 2026-01-20 00:00:00.

AWB: AWB7271615822
Order ID: 110414895028
Delivery Date: 2026-01-18
Destination: Jodhpur
COD Amount: ₹270

Please confirm remittance status.

Regards,
Finance Ops — AI Logistics Control Tower",DERIVED (package_amount used as COD-amount proxy — see docs/data_assumptions.md)
Carrier D,AWB3589403563,111014969519,2026-01-18,1366,2026-01-20,Overdue,P1 - Urgent,"[Remittance Due] AWB AWB3589403563 — COD ₹1,366 — Carrier D","Dear Carrier D Finance Team,

The following COD shipment was delivered on 2026-01-18. Per the 2-day remittance SLA, payment of ₹1,366 is due by 2026-01-20 00:00:00.

AWB: AWB3589403563
Order ID: 111014969519
Delivery Date: 2026-01-18
Destination: Bangalore
COD Amount: ₹1,366

Please confirm remittance status.

Regards,
Finance Ops — AI Logistics Control Tower",DERIVED (package_amount used as COD-amount proxy — see docs/data_assumptions.md)
Carrier A,AWB6770392338,110214868804,2026-01-18,827,2026-01-20,Overdue,P1 - Urgent,[Remittance Due] AWB AWB6770392338 — COD ₹827 — Carrier A,"Dear Carrier A Finance Team,

The following COD shipment was delivered on 2026-01-18. Per the 2-day remittance SLA, payment of ₹827 is due by 2026-01-20 00:00:00.

AWB: AWB6770392338
Order ID: 110214868804
Delivery Date: 2026-01-18
Destination: Thane
COD Amount: ₹827

Please confirm remittance status.

Regards,
Finance Ops — AI Logistics Control Tower",DERIVED (package_amount used as COD-amount proxy — see docs/data_assumptions.md)
Carrier A,AWB3830862626,111114975646,2026-01-19,917,2026-01-21,Overdue,P1 - Urgent,[Remittance Due] AWB AWB3830862626 — COD ₹917 — Carrier A,"Dear Carrier A Finance Team,

The following COD shipment was delivered on 2026-01-19. Per the 2-day remittance SLA, payment of ₹917 is due by 2026-01-21 00:00:00.

AWB: AWB3830862626
Order ID: 111114975646
Delivery Date: 2026-01-19
Destination: Kurukshetra
COD Amount: ₹917

Please confirm remittance status.

Regards,
Finance Ops — AI Logistics Control Tower",DERIVED (package_amount used as COD-amount proxy — see docs/data_assumptions.md)
Carrier B,AWB6846768434,101714693642,2026-01-19,2129,2026-01-21,Overdue,P1 - Urgent,"[Remittance Due] AWB AWB6846768434 — COD ₹2,129 — Carrier B","Dear Carrier B Finance Team,

The following COD shipment was delivered on 2026-01-19. Per the 2-day remittance SLA, payment of ₹2,129 is due by 2026-01-21 00:00:00.

AWB: AWB6846768434
Order ID: 101714693642
Delivery Date: 2026-01-19
Destination: Aizawl
COD Amount: ₹2,129

Please confirm remittance status.

Regards,
Finance Ops — AI Logistics Control Tower",DERIVED (package_amount used as COD-amount proxy — see docs/data_assumptions.md)
Carrier C,AWB8173355279,110114857686,2026-01-19,443,2026-01-21,Overdue,P1 - Urgent,[Remittance Due] AWB AWB8173355279 — COD ₹443 — Carrier C,"Dear Carrier C Finance Team,

The following COD shipment was delivered on 2026-01-19. Per the 2-day remittance SLA, payment of ₹443 is due by 2026-01-21 00:00:00.

AWB: AWB8173355279
Order ID: 110114857686
Delivery Date: 2026-01-19
Destination: Raipur
COD Amount: ₹443

Please confirm remittance status.

Regards,
Finance Ops — AI Logistics Control Tower",DERIVED (package_amount used as COD-amount proxy — see docs/data_assumptions.md)
Carrier B,AWB9233683725,110814941407,2026-01-19,518,2026-01-21,Overdue,P1 - Urgent,[Remittance Due] AWB AWB9233683725 — COD ₹518 — Carrier B,"Dear Carrier B Finance Team,

The following COD shipment was delivered on 2026-01-19. Per the 2-day remittance SLA, payment of ₹518 is due by 2026-01-21 00:00:00.

AWB: AWB9233683725
Order ID: 110814941407
Delivery Date: 2026-01-19
Destination: Gurgaon
COD Amount: ₹518

Please confirm remittance status.

Regards,
Finance Ops — AI Logistics Control Tower",DERIVED (package_amount used as COD-amount proxy — see docs/data_assumptions.md)
Carrier C,AWB5770704444,110914949876,2026-01-19,649,2026-01-21,Overdue,P1 - Urgent,[Remittance Due] AWB AWB5770704444 — COD ₹649 — Carrier C,"Dear Carrier C Finance Team,

The following COD shipment was delivered on 2026-01-19. Per the 2-day remittance SLA, payment of ₹649 is due by 2026-01-21 00:00:00.

AWB: AWB5770704444
Order ID: 110914949876
Delivery Date: 2026-01-19
Destination: Bangalore
COD Amount: ₹649

Please confirm remittance status.

Regards,
Finance Ops — AI Logistics Control Tower",DERIVED (package_amount used as COD-amount proxy — see docs/data_assumptions.md)
Carrier D,AWB3921214563,110814939067,2026-01-19,709,2026-01-21,Overdue,P1 - Urgent,[Remittance Due] AWB AWB3921214563 — COD ₹709 — Carrier D,"Dear Carrier D Finance Team,

The following COD shipment was delivered on 2026-01-19. Per the 2-day remittance SLA, payment of ₹709 is due by 2026-01-21 00:00:00.

AWB: AWB3921214563
Order ID: 110814939067
Delivery Date: 2026-01-19
Destination: Bathinda
COD Amount: ₹709

Please confirm remittance status.

Regards,
Finance Ops — AI Logistics Control Tower",DERIVED (package_amount used as COD-amount proxy — see docs/data_assumptions.md)
Carrier B,AWB6525610643,110814948739,2026-01-19,390,2026-01-21,Overdue,P1 - Urgent,[Remittance Due] AWB AWB6525610643 — COD ₹390 — Carrier B,"Dear Carrier B Finance Team,

The following COD shipment was delivered on 2026-01-19. Per the 2-day remittance SLA, payment of ₹390 is due by 2026-01-21 00:00:00.

AWB: AWB6525610643
Order ID: 110814948739
Delivery Date: 2026-01-19
Destination: Kachchh
COD Amount: ₹390

Please confirm remittance status.

Regards,
Finance Ops — AI Logistics Control Tower",DERIVED (package_amount used as COD-amount proxy — see docs/data_assumptions.md)
Carrier D,AWB1945381832,111214990678,2026-01-19,451,2026-01-21,Overdue,P1 - Urgent,[Remittance Due] AWB AWB1945381832 — COD ₹451 — Carrier D,"Dear Carrier D Finance Team,

The following COD shipment was delivered on 2026-01-19. Per the 2-day remittance SLA, payment of ₹451 is due by 2026-01-21 00:00:00.

AWB: AWB1945381832
Order ID: 111214990678
Delivery Date: 2026-01-19
Destination: Bangalore
COD Amount: ₹451

Please confirm remittance status.

Regards,
Finance Ops — AI Logistics Control Tower",DERIVED (package_amount used as COD-amount proxy — see docs/data_assumptions.md)
Carrier B,AWB7511063698,111014971566,2026-01-19,1103,2026-01-21,Overdue,P1 - Urgent,"[Remittance Due] AWB AWB7511063698 — COD ₹1,103 — Carrier B","Dear Carrier B Finance Team,

The following COD shipment was delivered on 2026-01-19. Per the 2-day remittance SLA, payment of ₹1,103 is due by 2026-01-21 00:00:00.

AWB: AWB7511063698
Order ID: 111014971566
Delivery Date: 2026-01-19
Destination: Coimbatore
COD Amount: ₹1,103

Please confirm remittance status.

Regards,
Finance Ops — AI Logistics Control Tower",DERIVED (package_amount used as COD-amount proxy — see docs/data_assumptions.md)
Carrier A,AWB5359032240,110814943167,2026-01-19,1658,2026-01-21,Overdue,P1 - Urgent,"[Remittance Due] AWB AWB5359032240 — COD ₹1,658 — Carrier A","Dear Carrier A Finance Team,

The following COD shipment was delivered on 2026-01-19. Per the 2-day remittance SLA, payment of ₹1,658 is due by 2026-01-21 00:00:00.

AWB: AWB5359032240
Order ID: 110814943167
Delivery Date: 2026-01-19
Destination: Barmer
COD Amount: ₹1,658

Please confirm remittance status.

Regards,
Finance Ops — AI Logistics Control Tower",DERIVED (package_amount used as COD-amount proxy — see docs/data_assumptions.md)
Carrier D,AWB1646106373,110914957511,2026-01-19,1274,2026-01-21,Overdue,P1 - Urgent,"[Remittance Due] AWB AWB1646106373 — COD ₹1,274 — Carrier D","Dear Carrier D Finance Team,

The following COD shipment was delivered on 2026-01-19. Per the 2-day remittance SLA, payment of ₹1,274 is due by 2026-01-21 00:00:00.

AWB: AWB1646106373
Order ID: 110914957511
Delivery Date: 2026-01-19
Destination: East Delhi
COD Amount: ₹1,274

Please confirm remittance status.

Regards,
Finance Ops — AI Logistics Control Tower",DERIVED (package_amount used as COD-amount proxy — see docs/data_assumptions.md)
Carrier C,AWB3598094493,111114974931,2026-01-19,1619,2026-01-21,Overdue,P1 - Urgent,"[Remittance Due] AWB AWB3598094493 — COD ₹1,619 — Carrier C","Dear Carrier C Finance Team,

The following COD shipment was delivered on 2026-01-19. Per the 2-day remittance SLA, payment of ₹1,619 is due by 2026-01-21 00:00:00.

AWB: AWB3598094493
Order ID: 111114974931
Delivery Date: 2026-01-19
Destination: mumbai
COD Amount: ₹1,619

Please confirm remittance status.

Regards,
Finance Ops — AI Logistics Control Tower",DERIVED (package_amount used as COD-amount proxy — see docs/data_assumptions.md)
Carrier B,AWB1732665352,110714927028,2026-01-19,899,2026-01-21,Overdue,P1 - Urgent,[Remittance Due] AWB AWB1732665352 — COD ₹899 — Carrier B,"Dear Carrier B Finance Team,

The following COD shipment was delivered on 2026-01-19. Per the 2-day remittance SLA, payment of ₹899 is due by 2026-01-21 00:00:00.

AWB: AWB1732665352
Order ID: 110714927028
Delivery Date: 2026-01-19
Destination: Ahmedabad
COD Amount: ₹899

Please confirm remittance status.

Regards,
Finance Ops — AI Logistics Control Tower",DERIVED (package_amount used as COD-amount proxy — see docs/data_assumptions.md)
Carrier C,AWB3702271540,111014965993,2026-01-19,549,2026-01-21,Overdue,P1 - Urgent,[Remittance Due] AWB AWB3702271540 — COD ₹549 — Carrier C,"Dear Carrier C Finance Team,

The following COD shipment was delivered on 2026-01-19. Per the 2-day remittance SLA, payment of ₹549 is due by 2026-01-21 00:00:00.

AWB: AWB3702271540
Order ID: 111014965993
Delivery Date: 2026-01-19
Destination: Gautam Buddha Nagar
COD Amount: ₹549

Please confirm remittance status.

Regards,
Finance Ops — AI Logistics Control Tower",DERIVED (package_amount used as COD-amount proxy — see docs/data_assumptions.md)
Carrier B,AWB4979910268,110314883346,2026-01-19,399,2026-01-21,Overdue,P1 - Urgent,[Remittance Due] AWB AWB4979910268 — COD ₹399 — Carrier B,"Dear Carrier B Finance Team,

The following COD shipment was delivered on 2026-01-19. Per the 2-day remittance SLA, payment of ₹399 is due by 2026-01-21 00:00:00.

AWB: AWB4979910268
Order ID: 110314883346
Delivery Date: 2026-01-19
Destination: Bangalore
COD Amount: ₹399

Please confirm remittance status.

Regards,
Finance Ops — AI Logistics Control Tower",DERIVED (package_amount used as COD-amount proxy — see docs/data_assumptions.md)
Carrier B,AWB6092502683,111214990349,2026-01-19,1029,2026-01-21,Overdue,P1 - Urgent,"[Remittance Due] AWB AWB6092502683 — COD ₹1,029 — Carrier B","Dear Carrier B Finance Team,

The following COD shipment was delivered on 2026-01-19. Per the 2-day remittance SLA, payment of ₹1,029 is due by 2026-01-21 00:00:00.

AWB: AWB6092502683
Order ID: 111214990349
Delivery Date: 2026-01-19
Destination: Mumbai
COD Amount: ₹1,029

Please confirm remittance status.

Regards,
Finance Ops — AI Logistics Control Tower",DERIVED (package_amount used as COD-amount proxy — see docs/data_assumptions.md)
Carrier A,AWB7926902815,111114981803,2026-01-19,431,2026-01-21,Overdue,P1 - Urgent,[Remittance Due] AWB AWB7926902815 — COD ₹431 — Carrier A,"Dear Carrier A Finance Team,

The following COD shipment was delivered on 2026-01-19. Per the 2-day remittance SLA, payment of ₹431 is due by 2026-01-21 00:00:00.

AWB: AWB7926902815
Order ID: 111114981803
Delivery Date: 2026-01-19
Destination: Pune
COD Amount: ₹431

Please confirm remittance status.

Regards,
Finance Ops — AI Logistics Control Tower",DERIVED (package_amount used as COD-amount proxy — see docs/data_assumptions.md)
Carrier A,AWB2310800311,111114979134,2026-01-19,1024,2026-01-21,Overdue,P1 - Urgent,"[Remittance Due] AWB AWB2310800311 — COD ₹1,024 — Carrier A","Dear Carrier A Finance Team,

The following COD shipment was delivered on 2026-01-19. Per the 2-day remittance SLA, payment of ₹1,024 is due by 2026-01-21 00:00:00.

AWB: AWB2310800311
Order ID: 111114979134
Delivery Date: 2026-01-19
Destination: Gautam Buddha Nagar
COD Amount: ₹1,024

Please confirm remittance status.

Regards,
Finance Ops — AI Logistics Control Tower",DERIVED (package_amount used as COD-amount proxy — see docs/data_assumptions.md)
Carrier C,AWB9495751917,110914955959,2026-01-19,464,2026-01-21,Overdue,P1 - Urgent,[Remittance Due] AWB AWB9495751917 — COD ₹464 — Carrier C,"Dear Carrier C Finance Team,

The following COD shipment was delivered on 2026-01-19. Per the 2-day remittance SLA, payment of ₹464 is due by 2026-01-21 00:00:00.

AWB: AWB9495751917
Order ID: 110914955959
Delivery Date: 2026-01-19
Destination: South Delhi
COD Amount: ₹464

Please confirm remittance status.

Regards,
Finance Ops — AI Logistics Control Tower",DERIVED (package_amount used as COD-amount proxy — see docs/data_assumptions.md)
Carrier D,AWB8152851632,110514901615,2026-01-19,1800,2026-01-21,Overdue,P1 - Urgent,"[Remittance Due] AWB AWB8152851632 — COD ₹1,800 — Carrier D","Dear Carrier D Finance Team,

The following COD shipment was delivered on 2026-01-19. Per the 2-day remittance SLA, payment of ₹1,800 is due by 2026-01-21 00:00:00.

AWB: AWB8152851632
Order ID: 110514901615
Delivery Date: 2026-01-19
Destination: South West Delhi
COD Amount: ₹1,800

Please confirm remittance status.

Regards,
Finance Ops — AI Logistics Control Tower",DERIVED (package_amount used as COD-amount proxy — see docs/data_assumptions.md)
Carrier D,AWB7003564517,102914819269,2026-01-19,777,2026-01-21,Overdue,P1 - Urgent,[Remittance Due] AWB AWB7003564517 — COD ₹777 — Carrier D,"Dear Carrier D Finance Team,

The following COD shipment was delivered on 2026-01-19. Per the 2-day remittance SLA, payment of ₹777 is due by 2026-01-21 00:00:00.

AWB: AWB7003564517
Order ID: 102914819269
Delivery Date: 2026-01-19
Destination: Bangalore
COD Amount: ₹777

Please confirm remittance status.

Regards,
Finance Ops — AI Logistics Control Tower",DERIVED (package_amount used as COD-amount proxy — see docs/data_assumptions.md)
Carrier A,AWB5282516323,101514937718,2026-01-20,749,2026-01-22,Overdue,P1 - Urgent,[Remittance Due] AWB AWB5282516323 — COD ₹749 — Carrier A,"Dear Carrier A Finance Team,

The following COD shipment was delivered on 2026-01-20. Per the 2-day remittance SLA, payment of ₹749 is due by 2026-01-22 00:00:00.

AWB: AWB5282516323
Order ID: 101514937718
Delivery Date: 2026-01-20
Destination: North Goa
COD Amount: ₹749

Please confirm remittance status.

Regards,
Finance Ops — AI Logistics Control Tower",DERIVED (package_amount used as COD-amount proxy — see docs/data_assumptions.md)
Carrier D,AWB5884032463,111114983501,2026-01-20,1050,2026-01-22,Overdue,P1 - Urgent,"[Remittance Due] AWB AWB5884032463 — COD ₹1,050 — Carrier D","Dear Carrier D Finance Team,

The following COD shipment was delivered on 2026-01-20. Per the 2-day remittance SLA, payment of ₹1,050 is due by 2026-01-22 00:00:00.

AWB: AWB5884032463
Order ID: 111114983501
Delivery Date: 2026-01-20
Destination: Mumbai
COD Amount: ₹1,050

Please confirm remittance status.

Regards,
Finance Ops — AI Logistics Control Tower",DERIVED (package_amount used as COD-amount proxy — see docs/data_assumptions.md)
Carrier A,AWB3154752599,102914819315,2026-01-20,999,2026-01-22,Overdue,P1 - Urgent,[Remittance Due] AWB AWB3154752599 — COD ₹999 — Carrier A,"Dear Carrier A Finance Team,

The following COD shipment was delivered on 2026-01-20. Per the 2-day remittance SLA, payment of ₹999 is due by 2026-01-22 00:00:00.

AWB: AWB3154752599
Order ID: 102914819315
Delivery Date: 2026-01-20
Destination: Kolkata
COD Amount: ₹999

Please confirm remittance status.

Regards,
Finance Ops — AI Logistics Control Tower",DERIVED (package_amount used as COD-amount proxy — see docs/data_assumptions.md)
Carrier D,AWB3768185741,110614920973,2026-01-20,306,2026-01-22,Overdue,P1 - Urgent,[Remittance Due] AWB AWB3768185741 — COD ₹306 — Carrier D,"Dear Carrier D Finance Team,

The following COD shipment was delivered on 2026-01-20. Per the 2-day remittance SLA, payment of ₹306 is due by 2026-01-22 00:00:00.

AWB: AWB3768185741
Order ID: 110614920973
Delivery Date: 2026-01-20
Destination: Jalandhar
COD Amount: ₹306

Please confirm remittance status.

Regards,
Finance Ops — AI Logistics Control Tower",DERIVED (package_amount used as COD-amount proxy — see docs/data_assumptions.md)
Carrier D,AWB7073855683,110714924542,2026-01-20,1338,2026-01-22,Overdue,P1 - Urgent,"[Remittance Due] AWB AWB7073855683 — COD ₹1,338 — Carrier D","Dear Carrier D Finance Team,

The following COD shipment was delivered on 2026-01-20. Per the 2-day remittance SLA, payment of ₹1,338 is due by 2026-01-22 00:00:00.

AWB: AWB7073855683
Order ID: 110714924542
Delivery Date: 2026-01-20
Destination: Rohtak
COD Amount: ₹1,338

Please confirm remittance status.

Regards,
Finance Ops — AI Logistics Control Tower",DERIVED (package_amount used as COD-amount proxy — see docs/data_assumptions.md)
Carrier B,AWB2463818847,111014972197,2026-01-20,239,2026-01-22,Overdue,P1 - Urgent,[Remittance Due] AWB AWB2463818847 — COD ₹239 — Carrier B,"Dear Carrier B Finance Team,

The following COD shipment was delivered on 2026-01-20. Per the 2-day remittance SLA, payment of ₹239 is due by 2026-01-22 00:00:00.

AWB: AWB2463818847
Order ID: 111014972197
Delivery Date: 2026-01-20
Destination: Ghaziabad
COD Amount: ₹239

Please confirm remittance status.

Regards,
Finance Ops — AI Logistics Control Tower",DERIVED (package_amount used as COD-amount proxy — see docs/data_assumptions.md)
Carrier B,AWB8069903036,110314876267,2026-01-20,1539,2026-01-22,Overdue,P1 - Urgent,"[Remittance Due] AWB AWB8069903036 — COD ₹1,539 — Carrier B","Dear Carrier B Finance Team,

The following COD shipment was delivered on 2026-01-20. Per the 2-day remittance SLA, payment of ₹1,539 is due by 2026-01-22 00:00:00.

AWB: AWB8069903036
Order ID: 110314876267
Delivery Date: 2026-01-20
Destination: Gautam Buddha Nagar
COD Amount: ₹1,539

Please confirm remittance status.

Regards,
Finance Ops — AI Logistics Control Tower",DERIVED (package_amount used as COD-amount proxy — see docs/data_assumptions.md)
Carrier A,AWB1827415807,111114977496,2026-01-20,849,2026-01-22,Overdue,P1 - Urgent,[Remittance Due] AWB AWB1827415807 — COD ₹849 — Carrier A,"Dear Carrier A Finance Team,

The following COD shipment was delivered on 2026-01-20. Per the 2-day remittance SLA, payment of ₹849 is due by 2026-01-22 00:00:00.

AWB: AWB1827415807
Order ID: 111114977496
Delivery Date: 2026-01-20
Destination: Chandigarh
COD Amount: ₹849

Please confirm remittance status.

Regards,
Finance Ops — AI Logistics Control Tower",DERIVED (package_amount used as COD-amount proxy — see docs/data_assumptions.md)
Carrier D,AWB6530357927,110814948493,2026-01-20,400,2026-01-22,Overdue,P1 - Urgent,[Remittance Due] AWB AWB6530357927 — COD ₹400 — Carrier D,"Dear Carrier D Finance Team,

The following COD shipment was delivered on 2026-01-20. Per the 2-day remittance SLA, payment of ₹400 is due by 2026-01-22 00:00:00.

AWB: AWB6530357927
Order ID: 110814948493
Delivery Date: 2026-01-20
Destination: Krishna
COD Amount: ₹400

Please confirm remittance status.

Regards,
Finance Ops — AI Logistics Control Tower",DERIVED (package_amount used as COD-amount proxy — see docs/data_assumptions.md)
Carrier D,AWB5396849171,110614922354,2026-01-20,769,2026-01-22,Overdue,P1 - Urgent,[Remittance Due] AWB AWB5396849171 — COD ₹769 — Carrier D,"Dear Carrier D Finance Team,

The following COD shipment was delivered on 2026-01-20. Per the 2-day remittance SLA, payment of ₹769 is due by 2026-01-22 00:00:00.

AWB: AWB5396849171
Order ID: 110614922354
Delivery Date: 2026-01-20
Destination: Sidhi
COD Amount: ₹769

Please confirm remittance status.

Regards,
Finance Ops — AI Logistics Control Tower",DERIVED (package_amount used as COD-amount proxy — see docs/data_assumptions.md)
Carrier D,AWB3213687322,110914952295,2026-01-20,356,2026-01-22,Overdue,P1 - Urgent,[Remittance Due] AWB AWB3213687322 — COD ₹356 — Carrier D,"Dear Carrier D Finance Team,

The following COD shipment was delivered on 2026-01-20. Per the 2-day remittance SLA, payment of ₹356 is due by 2026-01-22 00:00:00.

AWB: AWB3213687322
Order ID: 110914952295
Delivery Date: 2026-01-20
Destination: Varanasi
COD Amount: ₹356

Please confirm remittance status.

Regards,
Finance Ops — AI Logistics Control Tower",DERIVED (package_amount used as COD-amount proxy — see docs/data_assumptions.md)
Carrier C,AWB6640460751,102714802316,2026-01-20,1429,2026-01-22,Overdue,P1 - Urgent,"[Remittance Due] AWB AWB6640460751 — COD ₹1,429 — Carrier C","Dear Carrier C Finance Team,

The following COD shipment was delivered on 2026-01-20. Per the 2-day remittance SLA, payment of ₹1,429 is due by 2026-01-22 00:00:00.

AWB: AWB6640460751
Order ID: 102714802316
Delivery Date: 2026-01-20
Destination: Kanpur Nagar
COD Amount: ₹1,429

Please confirm remittance status.

Regards,
Finance Ops — AI Logistics Control Tower",DERIVED (package_amount used as COD-amount proxy — see docs/data_assumptions.md)
Carrier A,AWB5392482064,111114975806,2026-01-20,789,2026-01-22,Overdue,P1 - Urgent,[Remittance Due] AWB AWB5392482064 — COD ₹789 — Carrier A,"Dear Carrier A Finance Team,

The following COD shipment was delivered on 2026-01-20. Per the 2-day remittance SLA, payment of ₹789 is due by 2026-01-22 00:00:00.

AWB: AWB5392482064
Order ID: 111114975806
Delivery Date: 2026-01-20
Destination: Bangalore
COD Amount: ₹789

Please confirm remittance status.

Regards,
Finance Ops — AI Logistics Control Tower",DERIVED (package_amount used as COD-amount proxy — see docs/data_assumptions.md)
Carrier D,AWB6672134260,102414777790,2026-01-20,399,2026-01-22,Overdue,P1 - Urgent,[Remittance Due] AWB AWB6672134260 — COD ₹399 — Carrier D,"Dear Carrier D Finance Team,

The following COD shipment was delivered on 2026-01-20. Per the 2-day remittance SLA, payment of ₹399 is due by 2026-01-22 00:00:00.

AWB: AWB6672134260
Order ID: 102414777790
Delivery Date: 2026-01-20
Destination: Hyderabad
COD Amount: ₹399

Please confirm remittance status.

Regards,
Finance Ops — AI Logistics Control Tower",DERIVED (package_amount used as COD-amount proxy — see docs/data_assumptions.md)
Carrier C,AWB3160037007,110914959622,2026-01-20,1377,2026-01-22,Overdue,P1 - Urgent,"[Remittance Due] AWB AWB3160037007 — COD ₹1,377 — Carrier C","Dear Carrier C Finance Team,

The following COD shipment was delivered on 2026-01-20. Per the 2-day remittance SLA, payment of ₹1,377 is due by 2026-01-22 00:00:00.

AWB: AWB3160037007
Order ID: 110914959622
Delivery Date: 2026-01-20
Destination: Chittoor
COD Amount: ₹1,377

Please confirm remittance status.

Regards,
Finance Ops — AI Logistics Control Tower",DERIVED (package_amount used as COD-amount proxy — see docs/data_assumptions.md)
Carrier D,AWB3588220629,110814941292,2026-01-20,842,2026-01-22,Overdue,P1 - Urgent,[Remittance Due] AWB AWB3588220629 — COD ₹842 — Carrier D,"Dear Carrier D Finance Team,

The following COD shipment was delivered on 2026-01-20. Per the 2-day remittance SLA, payment of ₹842 is due by 2026-01-22 00:00:00.

AWB: AWB3588220629
Order ID: 110814941292
Delivery Date: 2026-01-20
Destination: South Delhi
COD Amount: ₹842

Please confirm remittance status.

Regards,
Finance Ops — AI Logistics Control Tower",DERIVED (package_amount used as COD-amount proxy — see docs/data_assumptions.md)
Carrier A,AWB3160106731,110414898257,2026-01-20,819,2026-01-22,Overdue,P1 - Urgent,[Remittance Due] AWB AWB3160106731 — COD ₹819 — Carrier A,"Dear Carrier A Finance Team,

The following COD shipment was delivered on 2026-01-20. Per the 2-day remittance SLA, payment of ₹819 is due by 2026-01-22 00:00:00.

AWB: AWB3160106731
Order ID: 110414898257
Delivery Date: 2026-01-20
Destination: K.V.Rangareddy
COD Amount: ₹819

Please confirm remittance status.

Regards,
Finance Ops — AI Logistics Control Tower",DERIVED (package_amount used as COD-amount proxy — see docs/data_assumptions.md)
Carrier D,AWB0686385541,110514911133,2026-01-20,869,2026-01-22,Overdue,P1 - Urgent,[Remittance Due] AWB AWB0686385541 — COD ₹869 — Carrier D,"Dear Carrier D Finance Team,

The following COD shipment was delivered on 2026-01-20. Per the 2-day remittance SLA, payment of ₹869 is due by 2026-01-22 00:00:00.

AWB: AWB0686385541
Order ID: 110514911133
Delivery Date: 2026-01-20
Destination: East Siang
COD Amount: ₹869

Please confirm remittance status.

Regards,
Finance Ops — AI Logistics Control Tower",DERIVED (package_amount used as COD-amount proxy — see docs/data_assumptions.md)
Carrier C,AWB7724687261,103114840217,2026-01-20,693,2026-01-22,Overdue,P1 - Urgent,[Remittance Due] AWB AWB7724687261 — COD ₹693 — Carrier C,"Dear Carrier C Finance Team,

The following COD shipment was delivered on 2026-01-20. Per the 2-day remittance SLA, payment of ₹693 is due by 2026-01-22 00:00:00.

AWB: AWB7724687261
Order ID: 103114840217
Delivery Date: 2026-01-20
Destination: Umaria
COD Amount: ₹693

Please confirm remittance status.

Regards,
Finance Ops — AI Logistics Control Tower",DERIVED (package_amount used as COD-amount proxy — see docs/data_assumptions.md)
Carrier B,AWB4371422505,111014972547,2026-01-20,279,2026-01-22,Overdue,P1 - Urgent,[Remittance Due] AWB AWB4371422505 — COD ₹279 — Carrier B,"Dear Carrier B Finance Team,

The following COD shipment was delivered on 2026-01-20. Per the 2-day remittance SLA, payment of ₹279 is due by 2026-01-22 00:00:00.

AWB: AWB4371422505
Order ID: 111014972547
Delivery Date: 2026-01-20
Destination: Patna
COD Amount: ₹279

Please confirm remittance status.

Regards,
Finance Ops — AI Logistics Control Tower",DERIVED (package_amount used as COD-amount proxy — see docs/data_assumptions.md)
Carrier D,AWB0826866300,110614912996,2026-01-20,499,2026-01-22,Overdue,P1 - Urgent,[Remittance Due] AWB AWB0826866300 — COD ₹499 — Carrier D,"Dear Carrier D Finance Team,

The following COD shipment was delivered on 2026-01-20. Per the 2-day remittance SLA, payment of ₹499 is due by 2026-01-22 00:00:00.

AWB: AWB0826866300
Order ID: 110614912996
Delivery Date: 2026-01-20
Destination: Jodhpur
COD Amount: ₹499

Please confirm remittance status.

Regards,
Finance Ops — AI Logistics Control Tower",DERIVED (package_amount used as COD-amount proxy — see docs/data_assumptions.md)
Carrier B,AWB5813802819,110414887448,2026-01-20,1017,2026-01-22,Overdue,P1 - Urgent,"[Remittance Due] AWB AWB5813802819 — COD ₹1,017 — Carrier B","Dear Carrier B Finance Team,

The following COD shipment was delivered on 2026-01-20. Per the 2-day remittance SLA, payment of ₹1,017 is due by 2026-01-22 00:00:00.

AWB: AWB5813802819
Order ID: 110414887448
Delivery Date: 2026-01-20
Destination: Ahmedabad
COD Amount: ₹1,017

Please confirm remittance status.

Regards,
Finance Ops — AI Logistics Control Tower",DERIVED (package_amount used as COD-amount proxy — see docs/data_assumptions.md)
Carrier C,AWB4417177580,110114853128,2026-01-20,1199,2026-01-22,Overdue,P1 - Urgent,"[Remittance Due] AWB AWB4417177580 — COD ₹1,199 — Carrier C","Dear Carrier C Finance Team,

The following COD shipment was delivered on 2026-01-20. Per the 2-day remittance SLA, payment of ₹1,199 is due by 2026-01-22 00:00:00.

AWB: AWB4417177580
Order ID: 110114853128
Delivery Date: 2026-01-20
Destination: Betul
COD Amount: ₹1,199

Please confirm remittance status.

Regards,
Finance Ops — AI Logistics Control Tower",DERIVED (package_amount used as COD-amount proxy — see docs/data_assumptions.md)
Carrier A,AWB5488049862,110914958561,2026-01-20,647,2026-01-22,Overdue,P1 - Urgent,[Remittance Due] AWB AWB5488049862 — COD ₹647 — Carrier A,"Dear Carrier A Finance Team,

The following COD shipment was delivered on 2026-01-20. Per the 2-day remittance SLA, payment of ₹647 is due by 2026-01-22 00:00:00.

AWB: AWB5488049862
Order ID: 110914958561
Delivery Date: 2026-01-20
Destination: Gautam Buddha Nagar
COD Amount: ₹647

Please confirm remittance status.

Regards,
Finance Ops — AI Logistics Control Tower",DERIVED (package_amount used as COD-amount proxy — see docs/data_assumptions.md)
Carrier C,AWB5951438583,111114976471,2026-01-20,632,2026-01-22,Overdue,P1 - Urgent,[Remittance Due] AWB AWB5951438583 — COD ₹632 — Carrier C,"Dear Carrier C Finance Team,

The following COD shipment was delivered on 2026-01-20. Per the 2-day remittance SLA, payment of ₹632 is due by 2026-01-22 00:00:00.

AWB: AWB5951438583
Order ID: 111114976471
Delivery Date: 2026-01-20
Destination: Bangalore
COD Amount: ₹632

Please confirm remittance status.

Regards,
Finance Ops — AI Logistics Control Tower",DERIVED (package_amount used as COD-amount proxy — see docs/data_assumptions.md)
Carrier B,AWB7927534009,111014971801,2026-01-21,999,2026-01-23,Overdue,P1 - Urgent,[Remittance Due] AWB AWB7927534009 — COD ₹999 — Carrier B,"Dear Carrier B Finance Team,

The following COD shipment was delivered on 2026-01-21. Per the 2-day remittance SLA, payment of ₹999 is due by 2026-01-23 00:00:00.

AWB: AWB7927534009
Order ID: 111014971801
Delivery Date: 2026-01-21
Destination: Rupnagar
COD Amount: ₹999

Please confirm remittance status.

Regards,
Finance Ops — AI Logistics Control Tower",DERIVED (package_amount used as COD-amount proxy — see docs/data_assumptions.md)
Carrier B,AWB2971851378,111114974255,2026-01-21,349,2026-01-23,Overdue,P1 - Urgent,[Remittance Due] AWB AWB2971851378 — COD ₹349 — Carrier B,"Dear Carrier B Finance Team,

The following COD shipment was delivered on 2026-01-21. Per the 2-day remittance SLA, payment of ₹349 is due by 2026-01-23 00:00:00.

AWB: AWB2971851378
Order ID: 111114974255
Delivery Date: 2026-01-21
Destination: Pune
COD Amount: ₹349

Please confirm remittance status.

Regards,
Finance Ops — AI Logistics Control Tower",DERIVED (package_amount used as COD-amount proxy — see docs/data_assumptions.md)
Carrier D,AWB8634685634,103114848271,2026-01-21,399,2026-01-23,Overdue,P1 - Urgent,[Remittance Due] AWB AWB8634685634 — COD ₹399 — Carrier D,"Dear Carrier D Finance Team,

The following COD shipment was delivered on 2026-01-21. Per the 2-day remittance SLA, payment of ₹399 is due by 2026-01-23 00:00:00.

AWB: AWB8634685634
Order ID: 103114848271
Delivery Date: 2026-01-21
Destination: Amritsar
COD Amount: ₹399

Please confirm remittance status.

Regards,
Finance Ops — AI Logistics Control Tower",DERIVED (package_amount used as COD-amount proxy — see docs/data_assumptions.md)
Carrier C,AWB0334550190,111114978864,2026-01-21,889,2026-01-23,Overdue,P1 - Urgent,[Remittance Due] AWB AWB0334550190 — COD ₹889 — Carrier C,"Dear Carrier C Finance Team,

The following COD shipment was delivered on 2026-01-21. Per the 2-day remittance SLA, payment of ₹889 is due by 2026-01-23 00:00:00.

AWB: AWB0334550190
Order ID: 111114978864
Delivery Date: 2026-01-21
Destination: Varanasi
COD Amount: ₹889

Please confirm remittance status.

Regards,
Finance Ops — AI Logistics Control Tower",DERIVED (package_amount used as COD-amount proxy — see docs/data_assumptions.md)
Carrier D,AWB0890622175,110814938796,2026-01-21,299,2026-01-23,Overdue,P1 - Urgent,[Remittance Due] AWB AWB0890622175 — COD ₹299 — Carrier D,"Dear Carrier D Finance Team,

The following COD shipment was delivered on 2026-01-21. Per the 2-day remittance SLA, payment of ₹299 is due by 2026-01-23 00:00:00.

AWB: AWB0890622175
Order ID: 110814938796
Delivery Date: 2026-01-21
Destination: Gurdaspur
COD Amount: ₹299

Please confirm remittance status.

Regards,
Finance Ops — AI Logistics Control Tower",DERIVED (package_amount used as COD-amount proxy — see docs/data_assumptions.md)
Carrier A,AWB6801909504,110814948698,2026-01-21,823,2026-01-23,Overdue,P1 - Urgent,[Remittance Due] AWB AWB6801909504 — COD ₹823 — Carrier A,"Dear Carrier A Finance Team,

The following COD shipment was delivered on 2026-01-21. Per the 2-day remittance SLA, payment of ₹823 is due by 2026-01-23 00:00:00.

AWB: AWB6801909504
Order ID: 110814948698
Delivery Date: 2026-01-21
Destination: Una
COD Amount: ₹823

Please confirm remittance status.

Regards,
Finance Ops — AI Logistics Control Tower",DERIVED (package_amount used as COD-amount proxy — see docs/data_assumptions.md)
Carrier D,AWB7418546517,110914950114,2026-01-21,1944,2026-01-23,Overdue,P1 - Urgent,"[Remittance Due] AWB AWB7418546517 — COD ₹1,944 — Carrier D","Dear Carrier D Finance Team,

The following COD shipment was delivered on 2026-01-21. Per the 2-day remittance SLA, payment of ₹1,944 is due by 2026-01-23 00:00:00.

AWB: AWB7418546517
Order ID: 110914950114
Delivery Date: 2026-01-21
Destination: Gurgaon
COD Amount: ₹1,944

Please confirm remittance status.

Regards,
Finance Ops — AI Logistics Control Tower",DERIVED (package_amount used as COD-amount proxy — see docs/data_assumptions.md)
Carrier C,AWB9936550355,110114858326,2026-01-21,599,2026-01-23,Overdue,P1 - Urgent,[Remittance Due] AWB AWB9936550355 — COD ₹599 — Carrier C,"Dear Carrier C Finance Team,

The following COD shipment was delivered on 2026-01-21. Per the 2-day remittance SLA, payment of ₹599 is due by 2026-01-23 00:00:00.

AWB: AWB9936550355
Order ID: 110114858326
Delivery Date: 2026-01-21
Destination: Gurgaon
COD Amount: ₹599

Please confirm remittance status.

Regards,
Finance Ops — AI Logistics Control Tower",DERIVED (package_amount used as COD-amount proxy — see docs/data_assumptions.md)
Carrier A,AWB8499343106,110114864502,2026-01-21,929,2026-01-23,Overdue,P1 - Urgent,[Remittance Due] AWB AWB8499343106 — COD ₹929 — Carrier A,"Dear Carrier A Finance Team,

The following COD shipment was delivered on 2026-01-21. Per the 2-day remittance SLA, payment of ₹929 is due by 2026-01-23 00:00:00.

AWB: AWB8499343106
Order ID: 110114864502
Delivery Date: 2026-01-21
Destination: Patna
COD Amount: ₹929

Please confirm remittance status.

Regards,
Finance Ops — AI Logistics Control Tower",DERIVED (package_amount used as COD-amount proxy — see docs/data_assumptions.md)
Carrier A,AWB1917810111,110614920048,2026-01-21,504,2026-01-23,Overdue,P1 - Urgent,[Remittance Due] AWB AWB1917810111 — COD ₹504 — Carrier A,"Dear Carrier A Finance Team,

The following COD shipment was delivered on 2026-01-21. Per the 2-day remittance SLA, payment of ₹504 is due by 2026-01-23 00:00:00.

AWB: AWB1917810111
Order ID: 110614920048
Delivery Date: 2026-01-21
Destination: Surat
COD Amount: ₹504

Please confirm remittance status.

Regards,
Finance Ops — AI Logistics Control Tower",DERIVED (package_amount used as COD-amount proxy — see docs/data_assumptions.md)
Carrier D,AWB0224726737,110814949066,2026-01-21,560,2026-01-23,Overdue,P1 - Urgent,[Remittance Due] AWB AWB0224726737 — COD ₹560 — Carrier D,"Dear Carrier D Finance Team,

The following COD shipment was delivered on 2026-01-21. Per the 2-day remittance SLA, payment of ₹560 is due by 2026-01-23 00:00:00.

AWB: AWB0224726737
Order ID: 110814949066
Delivery Date: 2026-01-21
Destination: Bijapur(KAR)
COD Amount: ₹560

Please confirm remittance status.

Regards,
Finance Ops — AI Logistics Control Tower",DERIVED (package_amount used as COD-amount proxy — see docs/data_assumptions.md)
Carrier A,AWB3518157951,92514376339,2026-01-21,759,2026-01-23,Overdue,P1 - Urgent,[Remittance Due] AWB AWB3518157951 — COD ₹759 — Carrier A,"Dear Carrier A Finance Team,

The following COD shipment was delivered on 2026-01-21. Per the 2-day remittance SLA, payment of ₹759 is due by 2026-01-23 00:00:00.

AWB: AWB3518157951
Order ID: 92514376339
Delivery Date: 2026-01-21
Destination: East Delhi
COD Amount: ₹759

Please confirm remittance status.

Regards,
Finance Ops — AI Logistics Control Tower",DERIVED (package_amount used as COD-amount proxy — see docs/data_assumptions.md)
Carrier D,AWB5269681910,110914955521,2026-01-21,2060,2026-01-23,Overdue,P1 - Urgent,"[Remittance Due] AWB AWB5269681910 — COD ₹2,060 — Carrier D","Dear Carrier D Finance Team,

The following COD shipment was delivered on 2026-01-21. Per the 2-day remittance SLA, payment of ₹2,060 is due by 2026-01-23 00:00:00.

AWB: AWB5269681910
Order ID: 110914955521
Delivery Date: 2026-01-21
Destination: Raigarh(MH)
COD Amount: ₹2,060

Please confirm remittance status.

Regards,
Finance Ops — AI Logistics Control Tower",DERIVED (package_amount used as COD-amount proxy — see docs/data_assumptions.md)
Carrier C,AWB3730553424,101914719379,2026-01-21,789,2026-01-23,Overdue,P1 - Urgent,[Remittance Due] AWB AWB3730553424 — COD ₹789 — Carrier C,"Dear Carrier C Finance Team,

The following COD shipment was delivered on 2026-01-21. Per the 2-day remittance SLA, payment of ₹789 is due by 2026-01-23 00:00:00.

AWB: AWB3730553424
Order ID: 101914719379
Delivery Date: 2026-01-21
Destination: Pune
COD Amount: ₹789

Please confirm remittance status.

Regards,
Finance Ops — AI Logistics Control Tower",DERIVED (package_amount used as COD-amount proxy — see docs/data_assumptions.md)
Carrier C,AWB6392401695,110714934181,2026-01-21,2277,2026-01-23,Overdue,P1 - Urgent,"[Remittance Due] AWB AWB6392401695 — COD ₹2,277 — Carrier C","Dear Carrier C Finance Team,

The following COD shipment was delivered on 2026-01-21. Per the 2-day remittance SLA, payment of ₹2,277 is due by 2026-01-23 00:00:00.

AWB: AWB6392401695
Order ID: 110714934181
Delivery Date: 2026-01-21
Destination: Tiruchirappalli
COD Amount: ₹2,277

Please confirm remittance status.

Regards,
Finance Ops — AI Logistics Control Tower",DERIVED (package_amount used as COD-amount proxy — see docs/data_assumptions.md)
Carrier B,AWB8157244766,101514659829,2026-01-21,869,2026-01-23,Overdue,P1 - Urgent,[Remittance Due] AWB AWB8157244766 — COD ₹869 — Carrier B,"Dear Carrier B Finance Team,

The following COD shipment was delivered on 2026-01-21. Per the 2-day remittance SLA, payment of ₹869 is due by 2026-01-23 00:00:00.

AWB: AWB8157244766
Order ID: 101514659829
Delivery Date: 2026-01-21
Destination: Pune
COD Amount: ₹869

Please confirm remittance status.

Regards,
Finance Ops — AI Logistics Control Tower",DERIVED (package_amount used as COD-amount proxy — see docs/data_assumptions.md)
Carrier D,AWB9472466158,110914957341,2026-01-21,809,2026-01-23,Overdue,P1 - Urgent,[Remittance Due] AWB AWB9472466158 — COD ₹809 — Carrier D,"Dear Carrier D Finance Team,

The following COD shipment was delivered on 2026-01-21. Per the 2-day remittance SLA, payment of ₹809 is due by 2026-01-23 00:00:00.

AWB: AWB9472466158
Order ID: 110914957341
Delivery Date: 2026-01-21
Destination: Allahabad
COD Amount: ₹809

Please confirm remittance status.

Regards,
Finance Ops — AI Logistics Control Tower",DERIVED (package_amount used as COD-amount proxy — see docs/data_assumptions.md)
Carrier C,AWB2026075203,111014971846,2026-01-21,1180,2026-01-23,Overdue,P1 - Urgent,"[Remittance Due] AWB AWB2026075203 — COD ₹1,180 — Carrier C","Dear Carrier C Finance Team,

The following COD shipment was delivered on 2026-01-21. Per the 2-day remittance SLA, payment of ₹1,180 is due by 2026-01-23 00:00:00.

AWB: AWB2026075203
Order ID: 111014971846
Delivery Date: 2026-01-21
Destination: K.V.Rangareddy
COD Amount: ₹1,180

Please confirm remittance status.

Regards,
Finance Ops — AI Logistics Control Tower",DERIVED (package_amount used as COD-amount proxy — see docs/data_assumptions.md)
Carrier C,AWB6023204237,111014970277,2026-01-21,831,2026-01-23,Overdue,P1 - Urgent,[Remittance Due] AWB AWB6023204237 — COD ₹831 — Carrier C,"Dear Carrier C Finance Team,

The following COD shipment was delivered on 2026-01-21. Per the 2-day remittance SLA, payment of ₹831 is due by 2026-01-23 00:00:00.

AWB: AWB6023204237
Order ID: 111014970277
Delivery Date: 2026-01-21
Destination: Gautam Buddha Nagar
COD Amount: ₹831

Please confirm remittance status.

Regards,
Finance Ops — AI Logistics Control Tower",DERIVED (package_amount used as COD-amount proxy — see docs/data_assumptions.md)
Carrier A,AWB4501977311,110214865654,2026-01-21,430,2026-01-23,Overdue,P1 - Urgent,[Remittance Due] AWB AWB4501977311 — COD ₹430 — Carrier A,"Dear Carrier A Finance Team,

The following COD shipment was delivered on 2026-01-21. Per the 2-day remittance SLA, payment of ₹430 is due by 2026-01-23 00:00:00.

AWB: AWB4501977311
Order ID: 110214865654
Delivery Date: 2026-01-21
Destination: Bangalore
COD Amount: ₹430

Please confirm remittance status.

Regards,
Finance Ops — AI Logistics Control Tower",DERIVED (package_amount used as COD-amount proxy — see docs/data_assumptions.md)
Carrier A,AWB7255712247,110914955463,2026-01-21,390,2026-01-23,Overdue,P1 - Urgent,[Remittance Due] AWB AWB7255712247 — COD ₹390 — Carrier A,"Dear Carrier A Finance Team,

The following COD shipment was delivered on 2026-01-21. Per the 2-day remittance SLA, payment of ₹390 is due by 2026-01-23 00:00:00.

AWB: AWB7255712247
Order ID: 110914955463
Delivery Date: 2026-01-21
Destination: Bangalore
COD Amount: ₹390

Please confirm remittance status.

Regards,
Finance Ops — AI Logistics Control Tower",DERIVED (package_amount used as COD-amount proxy — see docs/data_assumptions.md)
Carrier D,AWB1347583685,110914952999,2026-01-22,1487,2026-01-24,Overdue,P1 - Urgent,"[Remittance Due] AWB AWB1347583685 — COD ₹1,487 — Carrier D","Dear Carrier D Finance Team,

The following COD shipment was delivered on 2026-01-22. Per the 2-day remittance SLA, payment of ₹1,487 is due by 2026-01-24 00:00:00.

AWB: AWB1347583685
Order ID: 110914952999
Delivery Date: 2026-01-22
Destination: South West Delhi
COD Amount: ₹1,487

Please confirm remittance status.

Regards,
Finance Ops — AI Logistics Control Tower",DERIVED (package_amount used as COD-amount proxy — see docs/data_assumptions.md)
Carrier D,AWB1438442311,110814941819,2026-01-22,1757,2026-01-24,Overdue,P1 - Urgent,"[Remittance Due] AWB AWB1438442311 — COD ₹1,757 — Carrier D","Dear Carrier D Finance Team,

The following COD shipment was delivered on 2026-01-22. Per the 2-day remittance SLA, payment of ₹1,757 is due by 2026-01-24 00:00:00.

AWB: AWB1438442311
Order ID: 110814941819
Delivery Date: 2026-01-22
Destination: Ghaziabad
COD Amount: ₹1,757

Please confirm remittance status.

Regards,
Finance Ops — AI Logistics Control Tower",DERIVED (package_amount used as COD-amount proxy — see docs/data_assumptions.md)
Carrier A,AWB7321586900,110914952279,2026-01-22,1237,2026-01-24,Overdue,P1 - Urgent,"[Remittance Due] AWB AWB7321586900 — COD ₹1,237 — Carrier A","Dear Carrier A Finance Team,

The following COD shipment was delivered on 2026-01-22. Per the 2-day remittance SLA, payment of ₹1,237 is due by 2026-01-24 00:00:00.

AWB: AWB7321586900
Order ID: 110914952279
Delivery Date: 2026-01-22
Destination: South Goa
COD Amount: ₹1,237

Please confirm remittance status.

Regards,
Finance Ops — AI Logistics Control Tower",DERIVED (package_amount used as COD-amount proxy — see docs/data_assumptions.md)
Carrier C,AWB8823463931,110614917533,2026-01-22,655,2026-01-24,Overdue,P1 - Urgent,[Remittance Due] AWB AWB8823463931 — COD ₹655 — Carrier C,"Dear Carrier C Finance Team,

The following COD shipment was delivered on 2026-01-22. Per the 2-day remittance SLA, payment of ₹655 is due by 2026-01-24 00:00:00.

AWB: AWB8823463931
Order ID: 110614917533
Delivery Date: 2026-01-22
Destination: Tiruvallur
COD Amount: ₹655

Please confirm remittance status.

Regards,
Finance Ops — AI Logistics Control Tower",DERIVED (package_amount used as COD-amount proxy — see docs/data_assumptions.md)
Carrier D,AWB7169031890,111214989073,2026-01-22,602,2026-01-24,Overdue,P1 - Urgent,[Remittance Due] AWB AWB7169031890 — COD ₹602 — Carrier D,"Dear Carrier D Finance Team,

The following COD shipment was delivered on 2026-01-22. Per the 2-day remittance SLA, payment of ₹602 is due by 2026-01-24 00:00:00.

AWB: AWB7169031890
Order ID: 111214989073
Delivery Date: 2026-01-22
Destination: Panipat
COD Amount: ₹602

Please confirm remittance status.

Regards,
Finance Ops — AI Logistics Control Tower",DERIVED (package_amount used as COD-amount proxy — see docs/data_assumptions.md)
Carrier C,AWB1723338352,110814949508,2026-01-22,999,2026-01-24,Overdue,P1 - Urgent,[Remittance Due] AWB AWB1723338352 — COD ₹999 — Carrier C,"Dear Carrier C Finance Team,

The following COD shipment was delivered on 2026-01-22. Per the 2-day remittance SLA, payment of ₹999 is due by 2026-01-24 00:00:00.

AWB: AWB1723338352
Order ID: 110814949508
Delivery Date: 2026-01-22
Destination: Rohtak
COD Amount: ₹999

Please confirm remittance status.

Regards,
Finance Ops — AI Logistics Control Tower",DERIVED (package_amount used as COD-amount proxy — see docs/data_assumptions.md)
Carrier B,AWB1155161861,102414776313,2026-01-22,1458,2026-01-24,Overdue,P1 - Urgent,"[Remittance Due] AWB AWB1155161861 — COD ₹1,458 — Carrier B","Dear Carrier B Finance Team,

The following COD shipment was delivered on 2026-01-22. Per the 2-day remittance SLA, payment of ₹1,458 is due by 2026-01-24 00:00:00.

AWB: AWB1155161861
Order ID: 102414776313
Delivery Date: 2026-01-22
Destination: Mumbai
COD Amount: ₹1,458

Please confirm remittance status.

Regards,
Finance Ops — AI Logistics Control Tower",DERIVED (package_amount used as COD-amount proxy — see docs/data_assumptions.md)
Carrier D,AWB1473716715,111114973629,2026-01-22,885,2026-01-24,Overdue,P1 - Urgent,[Remittance Due] AWB AWB1473716715 — COD ₹885 — Carrier D,"Dear Carrier D Finance Team,

The following COD shipment was delivered on 2026-01-22. Per the 2-day remittance SLA, payment of ₹885 is due by 2026-01-24 00:00:00.

AWB: AWB1473716715
Order ID: 111114973629
Delivery Date: 2026-01-22
Destination: East Delhi
COD Amount: ₹885

Please confirm remittance status.

Regards,
Finance Ops — AI Logistics Control Tower",DERIVED (package_amount used as COD-amount proxy — see docs/data_assumptions.md)
Carrier D,AWB4582555826,110814937135,2026-01-22,499,2026-01-24,Overdue,P1 - Urgent,[Remittance Due] AWB AWB4582555826 — COD ₹499 — Carrier D,"Dear Carrier D Finance Team,

The following COD shipment was delivered on 2026-01-22. Per the 2-day remittance SLA, payment of ₹499 is due by 2026-01-24 00:00:00.

AWB: AWB4582555826
Order ID: 110814937135
Delivery Date: 2026-01-22
Destination: Rajkot
COD Amount: ₹499

Please confirm remittance status.

Regards,
Finance Ops — AI Logistics Control Tower",DERIVED (package_amount used as COD-amount proxy — see docs/data_assumptions.md)
Carrier C,AWB8986288528,102614798162,2026-01-22,432,2026-01-24,Overdue,P1 - Urgent,[Remittance Due] AWB AWB8986288528 — COD ₹432 — Carrier C,"Dear Carrier C Finance Team,

The following COD shipment was delivered on 2026-01-22. Per the 2-day remittance SLA, payment of ₹432 is due by 2026-01-24 00:00:00.

AWB: AWB8986288528
Order ID: 102614798162
Delivery Date: 2026-01-22
Destination: Kamrup
COD Amount: ₹432

Please confirm remittance status.

Regards,
Finance Ops — AI Logistics Control Tower",DERIVED (package_amount used as COD-amount proxy — see docs/data_assumptions.md)
Carrier B,AWB3295522659,110714934763,2026-01-22,2071,2026-01-24,Overdue,P1 - Urgent,"[Remittance Due] AWB AWB3295522659 — COD ₹2,071 — Carrier B","Dear Carrier B Finance Team,

The following COD shipment was delivered on 2026-01-22. Per the 2-day remittance SLA, payment of ₹2,071 is due by 2026-01-24 00:00:00.

AWB: AWB3295522659
Order ID: 110714934763
Delivery Date: 2026-01-22
Destination: Dakshina Kannada
COD Amount: ₹2,071

Please confirm remittance status.

Regards,
Finance Ops — AI Logistics Control Tower",DERIVED (package_amount used as COD-amount proxy — see docs/data_assumptions.md)
Carrier A,AWB5712670640,111014961936,2026-01-22,584,2026-01-24,Overdue,P1 - Urgent,[Remittance Due] AWB AWB5712670640 — COD ₹584 — Carrier A,"Dear Carrier A Finance Team,

The following COD shipment was delivered on 2026-01-22. Per the 2-day remittance SLA, payment of ₹584 is due by 2026-01-24 00:00:00.

AWB: AWB5712670640
Order ID: 111014961936
Delivery Date: 2026-01-22
Destination: Bhilwara
COD Amount: ₹584

Please confirm remittance status.

Regards,
Finance Ops — AI Logistics Control Tower",DERIVED (package_amount used as COD-amount proxy — see docs/data_assumptions.md)
Carrier B,AWB0923012358,110814937385,2026-01-22,811,2026-01-24,Overdue,P1 - Urgent,[Remittance Due] AWB AWB0923012358 — COD ₹811 — Carrier B,"Dear Carrier B Finance Team,

The following COD shipment was delivered on 2026-01-22. Per the 2-day remittance SLA, payment of ₹811 is due by 2026-01-24 00:00:00.

AWB: AWB0923012358
Order ID: 110814937385
Delivery Date: 2026-01-22
Destination: Baleswar
COD Amount: ₹811

Please confirm remittance status.

Regards,
Finance Ops — AI Logistics Control Tower",DERIVED (package_amount used as COD-amount proxy — see docs/data_assumptions.md)
Carrier C,AWB4056759213,111014972292,2026-01-22,790,2026-01-24,Overdue,P1 - Urgent,[Remittance Due] AWB AWB4056759213 — COD ₹790 — Carrier C,"Dear Carrier C Finance Team,

The following COD shipment was delivered on 2026-01-22. Per the 2-day remittance SLA, payment of ₹790 is due by 2026-01-24 00:00:00.

AWB: AWB4056759213
Order ID: 111014972292
Delivery Date: 2026-01-22
Destination: Aligarh
COD Amount: ₹790

Please confirm remittance status.

Regards,
Finance Ops — AI Logistics Control Tower",DERIVED (package_amount used as COD-amount proxy — see docs/data_assumptions.md)
Carrier C,AWB0663548542,110814939444,2026-01-22,1113,2026-01-24,Overdue,P1 - Urgent,"[Remittance Due] AWB AWB0663548542 — COD ₹1,113 — Carrier C","Dear Carrier C Finance Team,

The following COD shipment was delivered on 2026-01-22. Per the 2-day remittance SLA, payment of ₹1,113 is due by 2026-01-24 00:00:00.

AWB: AWB0663548542
Order ID: 110814939444
Delivery Date: 2026-01-22
Destination: Chittoor
COD Amount: ₹1,113

Please confirm remittance status.

Regards,
Finance Ops — AI Logistics Control Tower",DERIVED (package_amount used as COD-amount proxy — see docs/data_assumptions.md)
Carrier A,AWB4348281280,110914954751,2026-01-23,703,2026-01-25,Overdue,P1 - Urgent,[Remittance Due] AWB AWB4348281280 — COD ₹703 — Carrier A,"Dear Carrier A Finance Team,

The following COD shipment was delivered on 2026-01-23. Per the 2-day remittance SLA, payment of ₹703 is due by 2026-01-25 00:00:00.

AWB: AWB4348281280
Order ID: 110914954751
Delivery Date: 2026-01-23
Destination: Fatehpur
COD Amount: ₹703

Please confirm remittance status.

Regards,
Finance Ops — AI Logistics Control Tower",DERIVED (package_amount used as COD-amount proxy — see docs/data_assumptions.md)
Carrier A,AWB6382326718,110714935700,2026-01-23,185,2026-01-25,Overdue,P1 - Urgent,[Remittance Due] AWB AWB6382326718 — COD ₹185 — Carrier A,"Dear Carrier A Finance Team,

The following COD shipment was delivered on 2026-01-23. Per the 2-day remittance SLA, payment of ₹185 is due by 2026-01-25 00:00:00.

AWB: AWB6382326718
Order ID: 110714935700
Delivery Date: 2026-01-23
Destination: Chandigarh
COD Amount: ₹185

Please confirm remittance status.

Regards,
Finance Ops — AI Logistics Control Tower",DERIVED (package_amount used as COD-amount proxy — see docs/data_assumptions.md)
Carrier C,AWB9202981247,111014967169,2026-01-23,584,2026-01-25,Overdue,P1 - Urgent,[Remittance Due] AWB AWB9202981247 — COD ₹584 — Carrier C,"Dear Carrier C Finance Team,

The following COD shipment was delivered on 2026-01-23. Per the 2-day remittance SLA, payment of ₹584 is due by 2026-01-25 00:00:00.

AWB: AWB9202981247
Order ID: 111014967169
Delivery Date: 2026-01-23
Destination: Mumbai
COD Amount: ₹584

Please confirm remittance status.

Regards,
Finance Ops — AI Logistics Control Tower",DERIVED (package_amount used as COD-amount proxy — see docs/data_assumptions.md)
Carrier D,AWB7431129422,101614671352,2026-01-23,859,2026-01-25,Overdue,P1 - Urgent,[Remittance Due] AWB AWB7431129422 — COD ₹859 — Carrier D,"Dear Carrier D Finance Team,

The following COD shipment was delivered on 2026-01-23. Per the 2-day remittance SLA, payment of ₹859 is due by 2026-01-25 00:00:00.

AWB: AWB7431129422
Order ID: 101614671352
Delivery Date: 2026-01-23
Destination: Kachchh
COD Amount: ₹859

Please confirm remittance status.

Regards,
Finance Ops — AI Logistics Control Tower",DERIVED (package_amount used as COD-amount proxy — see docs/data_assumptions.md)
Carrier D,AWB5044423675,102414913200,2026-01-23,699,2026-01-25,Overdue,P1 - Urgent,[Remittance Due] AWB AWB5044423675 — COD ₹699 — Carrier D,"Dear Carrier D Finance Team,

The following COD shipment was delivered on 2026-01-23. Per the 2-day remittance SLA, payment of ₹699 is due by 2026-01-25 00:00:00.

AWB: AWB5044423675
Order ID: 102414913200
Delivery Date: 2026-01-23
Destination: Faridabad
COD Amount: ₹699

Please confirm remittance status.

Regards,
Finance Ops — AI Logistics Control Tower",DERIVED (package_amount used as COD-amount proxy — see docs/data_assumptions.md)
Carrier D,AWB2864213169,110814948566,2026-01-23,1060,2026-01-25,Overdue,P1 - Urgent,"[Remittance Due] AWB AWB2864213169 — COD ₹1,060 — Carrier D","Dear Carrier D Finance Team,

The following COD shipment was delivered on 2026-01-23. Per the 2-day remittance SLA, payment of ₹1,060 is due by 2026-01-25 00:00:00.

AWB: AWB2864213169
Order ID: 110814948566
Delivery Date: 2026-01-23
Destination: Dehradun
COD Amount: ₹1,060

Please confirm remittance status.

Regards,
Finance Ops — AI Logistics Control Tower",DERIVED (package_amount used as COD-amount proxy — see docs/data_assumptions.md)
Carrier C,AWB9002496958,111214985323,2026-01-23,738,2026-01-25,Overdue,P1 - Urgent,[Remittance Due] AWB AWB9002496958 — COD ₹738 — Carrier C,"Dear Carrier C Finance Team,

The following COD shipment was delivered on 2026-01-23. Per the 2-day remittance SLA, payment of ₹738 is due by 2026-01-25 00:00:00.

AWB: AWB9002496958
Order ID: 111214985323
Delivery Date: 2026-01-23
Destination: Bangalore
COD Amount: ₹738

Please confirm remittance status.

Regards,
Finance Ops — AI Logistics Control Tower",DERIVED (package_amount used as COD-amount proxy — see docs/data_assumptions.md)
Carrier C,AWB6976883673,110614920483,2026-01-23,1498,2026-01-25,Overdue,P1 - Urgent,"[Remittance Due] AWB AWB6976883673 — COD ₹1,498 — Carrier C","Dear Carrier C Finance Team,

The following COD shipment was delivered on 2026-01-23. Per the 2-day remittance SLA, payment of ₹1,498 is due by 2026-01-25 00:00:00.

AWB: AWB6976883673
Order ID: 110614920483
Delivery Date: 2026-01-23
Destination: Tiruvallur
COD Amount: ₹1,498

Please confirm remittance status.

Regards,
Finance Ops — AI Logistics Control Tower",DERIVED (package_amount used as COD-amount proxy — see docs/data_assumptions.md)
Carrier C,AWB8828267498,111114978058,2026-01-23,549,2026-01-25,Overdue,P1 - Urgent,[Remittance Due] AWB AWB8828267498 — COD ₹549 — Carrier C,"Dear Carrier C Finance Team,

The following COD shipment was delivered on 2026-01-23. Per the 2-day remittance SLA, payment of ₹549 is due by 2026-01-25 00:00:00.

AWB: AWB8828267498
Order ID: 111114978058
Delivery Date: 2026-01-23
Destination: Bangalore
COD Amount: ₹549

Please confirm remittance status.

Regards,
Finance Ops — AI Logistics Control Tower",DERIVED (package_amount used as COD-amount proxy — see docs/data_assumptions.md)
Carrier C,AWB4630363077,111014962225,2026-01-23,509,2026-01-25,Overdue,P1 - Urgent,[Remittance Due] AWB AWB4630363077 — COD ₹509 — Carrier C,"Dear Carrier C Finance Team,

The following COD shipment was delivered on 2026-01-23. Per the 2-day remittance SLA, payment of ₹509 is due by 2026-01-25 00:00:00.

AWB: AWB4630363077
Order ID: 111014962225
Delivery Date: 2026-01-23
Destination: Karbi Anglong
COD Amount: ₹509

Please confirm remittance status.

Regards,
Finance Ops — AI Logistics Control Tower",DERIVED (package_amount used as COD-amount proxy — see docs/data_assumptions.md)
Carrier C,AWB4779007214,110714934478,2026-01-23,1757,2026-01-25,Overdue,P1 - Urgent,"[Remittance Due] AWB AWB4779007214 — COD ₹1,757 — Carrier C","Dear Carrier C Finance Team,

The following COD shipment was delivered on 2026-01-23. Per the 2-day remittance SLA, payment of ₹1,757 is due by 2026-01-25 00:00:00.

AWB: AWB4779007214
Order ID: 110714934478
Delivery Date: 2026-01-23
Destination: Chennai
COD Amount: ₹1,757

Please confirm remittance status.

Regards,
Finance Ops — AI Logistics Control Tower",DERIVED (package_amount used as COD-amount proxy — see docs/data_assumptions.md)
Carrier C,AWB0125530378,110414894804,2026-01-23,149,2026-01-25,Overdue,P1 - Urgent,[Remittance Due] AWB AWB0125530378 — COD ₹149 — Carrier C,"Dear Carrier C Finance Team,

The following COD shipment was delivered on 2026-01-23. Per the 2-day remittance SLA, payment of ₹149 is due by 2026-01-25 00:00:00.

AWB: AWB0125530378
Order ID: 110414894804
Delivery Date: 2026-01-23
Destination: Sidhi
COD Amount: ₹149

Please confirm remittance status.

Regards,
Finance Ops — AI Logistics Control Tower",DERIVED (package_amount used as COD-amount proxy — see docs/data_assumptions.md)
Carrier A,AWB8404906955,102114733278,2026-01-23,1209,2026-01-25,Overdue,P1 - Urgent,"[Remittance Due] AWB AWB8404906955 — COD ₹1,209 — Carrier A","Dear Carrier A Finance Team,

The following COD shipment was delivered on 2026-01-23. Per the 2-day remittance SLA, payment of ₹1,209 is due by 2026-01-25 00:00:00.

AWB: AWB8404906955
Order ID: 102114733278
Delivery Date: 2026-01-23
Destination: Surat
COD Amount: ₹1,209

Please confirm remittance status.

Regards,
Finance Ops — AI Logistics Control Tower",DERIVED (package_amount used as COD-amount proxy — see docs/data_assumptions.md)
Carrier D,AWB4789532861,111214990963,2026-01-23,1079,2026-01-25,Overdue,P1 - Urgent,"[Remittance Due] AWB AWB4789532861 — COD ₹1,079 — Carrier D","Dear Carrier D Finance Team,

The following COD shipment was delivered on 2026-01-23. Per the 2-day remittance SLA, payment of ₹1,079 is due by 2026-01-25 00:00:00.

AWB: AWB4789532861
Order ID: 111214990963
Delivery Date: 2026-01-23
Destination: Nashik
COD Amount: ₹1,079

Please confirm remittance status.

Regards,
Finance Ops — AI Logistics Control Tower",DERIVED (package_amount used as COD-amount proxy — see docs/data_assumptions.md)
Carrier B,AWB1064397778,111114978002,2026-01-23,499,2026-01-25,Overdue,P1 - Urgent,[Remittance Due] AWB AWB1064397778 — COD ₹499 — Carrier B,"Dear Carrier B Finance Team,

The following COD shipment was delivered on 2026-01-23. Per the 2-day remittance SLA, payment of ₹499 is due by 2026-01-25 00:00:00.

AWB: AWB1064397778
Order ID: 111114978002
Delivery Date: 2026-01-23
Destination: THANE
COD Amount: ₹499

Please confirm remittance status.

Regards,
Finance Ops — AI Logistics Control Tower",DERIVED (package_amount used as COD-amount proxy — see docs/data_assumptions.md)
Carrier D,AWB6670288877,110214865085,2026-01-23,729,2026-01-25,Overdue,P1 - Urgent,[Remittance Due] AWB AWB6670288877 — COD ₹729 — Carrier D,"Dear Carrier D Finance Team,

The following COD shipment was delivered on 2026-01-23. Per the 2-day remittance SLA, payment of ₹729 is due by 2026-01-25 00:00:00.

AWB: AWB6670288877
Order ID: 110214865085
Delivery Date: 2026-01-23
Destination: Moradabad
COD Amount: ₹729

Please confirm remittance status.

Regards,
Finance Ops — AI Logistics Control Tower",DERIVED (package_amount used as COD-amount proxy — see docs/data_assumptions.md)
Carrier A,AWB0767070276,110614912666,2026-01-23,779,2026-01-25,Overdue,P1 - Urgent,[Remittance Due] AWB AWB0767070276 — COD ₹779 — Carrier A,"Dear Carrier A Finance Team,

The following COD shipment was delivered on 2026-01-23. Per the 2-day remittance SLA, payment of ₹779 is due by 2026-01-25 00:00:00.

AWB: AWB0767070276
Order ID: 110614912666
Delivery Date: 2026-01-23
Destination: Rajkot
COD Amount: ₹779

Please confirm remittance status.

Regards,
Finance Ops — AI Logistics Control Tower",DERIVED (package_amount used as COD-amount proxy — see docs/data_assumptions.md)
Carrier D,AWB1423482350,111014969867,2026-01-23,1113,2026-01-25,Overdue,P1 - Urgent,"[Remittance Due] AWB AWB1423482350 — COD ₹1,113 — Carrier D","Dear Carrier D Finance Team,

The following COD shipment was delivered on 2026-01-23. Per the 2-day remittance SLA, payment of ₹1,113 is due by 2026-01-25 00:00:00.

AWB: AWB1423482350
Order ID: 111014969867
Delivery Date: 2026-01-23
Destination: South Delhi
COD Amount: ₹1,113

Please confirm remittance status.

Regards,
Finance Ops — AI Logistics Control Tower",DERIVED (package_amount used as COD-amount proxy — see docs/data_assumptions.md)
Carrier C,AWB1248382781,110314885062,2026-01-24,740,2026-01-26,Overdue,P1 - Urgent,[Remittance Due] AWB AWB1248382781 — COD ₹740 — Carrier C,"Dear Carrier C Finance Team,

The following COD shipment was delivered on 2026-01-24. Per the 2-day remittance SLA, payment of ₹740 is due by 2026-01-26 00:00:00.

AWB: AWB1248382781
Order ID: 110314885062
Delivery Date: 2026-01-24
Destination: Hyderabad
COD Amount: ₹740

Please confirm remittance status.

Regards,
Finance Ops — AI Logistics Control Tower",DERIVED (package_amount used as COD-amount proxy — see docs/data_assumptions.md)
Carrier B,AWB2602713010,111114980486,2026-01-24,699,2026-01-26,Overdue,P1 - Urgent,[Remittance Due] AWB AWB2602713010 — COD ₹699 — Carrier B,"Dear Carrier B Finance Team,

The following COD shipment was delivered on 2026-01-24. Per the 2-day remittance SLA, payment of ₹699 is due by 2026-01-26 00:00:00.

AWB: AWB2602713010
Order ID: 111114980486
Delivery Date: 2026-01-24
Destination: Ahmedabad
COD Amount: ₹699

Please confirm remittance status.

Regards,
Finance Ops — AI Logistics Control Tower",DERIVED (package_amount used as COD-amount proxy — see docs/data_assumptions.md)
Carrier C,AWB0396561609,111214989702,2026-01-24,1511,2026-01-26,Overdue,P1 - Urgent,"[Remittance Due] AWB AWB0396561609 — COD ₹1,511 — Carrier C","Dear Carrier C Finance Team,

The following COD shipment was delivered on 2026-01-24. Per the 2-day remittance SLA, payment of ₹1,511 is due by 2026-01-26 00:00:00.

AWB: AWB0396561609
Order ID: 111214989702
Delivery Date: 2026-01-24
Destination: Mumbai
COD Amount: ₹1,511

Please confirm remittance status.

Regards,
Finance Ops — AI Logistics Control Tower",DERIVED (package_amount used as COD-amount proxy — see docs/data_assumptions.md)
Carrier A,AWB1992582690,111014970779,2026-01-24,1054,2026-01-26,Overdue,P1 - Urgent,"[Remittance Due] AWB AWB1992582690 — COD ₹1,054 — Carrier A","Dear Carrier A Finance Team,

The following COD shipment was delivered on 2026-01-24. Per the 2-day remittance SLA, payment of ₹1,054 is due by 2026-01-26 00:00:00.

AWB: AWB1992582690
Order ID: 111014970779
Delivery Date: 2026-01-24
Destination: Jalandhar
COD Amount: ₹1,054

Please confirm remittance status.

Regards,
Finance Ops — AI Logistics Control Tower",DERIVED (package_amount used as COD-amount proxy — see docs/data_assumptions.md)
Carrier A,AWB4704778106,110814940105,2026-01-24,823,2026-01-26,Overdue,P1 - Urgent,[Remittance Due] AWB AWB4704778106 — COD ₹823 — Carrier A,"Dear Carrier A Finance Team,

The following COD shipment was delivered on 2026-01-24. Per the 2-day remittance SLA, payment of ₹823 is due by 2026-01-26 00:00:00.

AWB: AWB4704778106
Order ID: 110814940105
Delivery Date: 2026-01-24
Destination: Kannur
COD Amount: ₹823

Please confirm remittance status.

Regards,
Finance Ops — AI Logistics Control Tower",DERIVED (package_amount used as COD-amount proxy — see docs/data_assumptions.md)
Carrier B,AWB6150723226,110414894805,2026-01-24,499,2026-01-26,Overdue,P1 - Urgent,[Remittance Due] AWB AWB6150723226 — COD ₹499 — Carrier B,"Dear Carrier B Finance Team,

The following COD shipment was delivered on 2026-01-24. Per the 2-day remittance SLA, payment of ₹499 is due by 2026-01-26 00:00:00.

AWB: AWB6150723226
Order ID: 110414894805
Delivery Date: 2026-01-24
Destination: Sidhi
COD Amount: ₹499

Please confirm remittance status.

Regards,
Finance Ops — AI Logistics Control Tower",DERIVED (package_amount used as COD-amount proxy — see docs/data_assumptions.md)
Carrier C,AWB5973254523,102514792204,2026-01-24,1123,2026-01-26,Overdue,P1 - Urgent,"[Remittance Due] AWB AWB5973254523 — COD ₹1,123 — Carrier C","Dear Carrier C Finance Team,

The following COD shipment was delivered on 2026-01-24. Per the 2-day remittance SLA, payment of ₹1,123 is due by 2026-01-26 00:00:00.

AWB: AWB5973254523
Order ID: 102514792204
Delivery Date: 2026-01-24
Destination: Hazaribag
COD Amount: ₹1,123

Please confirm remittance status.

Regards,
Finance Ops — AI Logistics Control Tower",DERIVED (package_amount used as COD-amount proxy — see docs/data_assumptions.md)
Carrier D,AWB3499959219,110214872848,2026-01-24,532,2026-01-26,Overdue,P1 - Urgent,[Remittance Due] AWB AWB3499959219 — COD ₹532 — Carrier D,"Dear Carrier D Finance Team,

The following COD shipment was delivered on 2026-01-24. Per the 2-day remittance SLA, payment of ₹532 is due by 2026-01-26 00:00:00.

AWB: AWB3499959219
Order ID: 110214872848
Delivery Date: 2026-01-24
Destination: Ahmedabad
COD Amount: ₹532

Please confirm remittance status.

Regards,
Finance Ops — AI Logistics Control Tower",DERIVED (package_amount used as COD-amount proxy — see docs/data_assumptions.md)
Carrier A,AWB6436742611,111014961525,2026-01-24,1441,2026-01-26,Overdue,P1 - Urgent,"[Remittance Due] AWB AWB6436742611 — COD ₹1,441 — Carrier A","Dear Carrier A Finance Team,

The following COD shipment was delivered on 2026-01-24. Per the 2-day remittance SLA, payment of ₹1,441 is due by 2026-01-26 00:00:00.

AWB: AWB6436742611
Order ID: 111014961525
Delivery Date: 2026-01-24
Destination: Kolkata
COD Amount: ₹1,441

Please confirm remittance status.

Regards,
Finance Ops — AI Logistics Control Tower",DERIVED (package_amount used as COD-amount proxy — see docs/data_assumptions.md)
Carrier C,AWB2274322025,110814945761,2026-01-24,699,2026-01-26,Overdue,P1 - Urgent,[Remittance Due] AWB AWB2274322025 — COD ₹699 — Carrier C,"Dear Carrier C Finance Team,

The following COD shipment was delivered on 2026-01-24. Per the 2-day remittance SLA, payment of ₹699 is due by 2026-01-26 00:00:00.

AWB: AWB2274322025
Order ID: 110814945761
Delivery Date: 2026-01-24
Destination: Udupi
COD Amount: ₹699

Please confirm remittance status.

Regards,
Finance Ops — AI Logistics Control Tower",DERIVED (package_amount used as COD-amount proxy — see docs/data_assumptions.md)
Carrier C,AWB9487882894,110414888497,2026-01-24,389,2026-01-26,Overdue,P1 - Urgent,[Remittance Due] AWB AWB9487882894 — COD ₹389 — Carrier C,"Dear Carrier C Finance Team,

The following COD shipment was delivered on 2026-01-24. Per the 2-day remittance SLA, payment of ₹389 is due by 2026-01-26 00:00:00.

AWB: AWB9487882894
Order ID: 110414888497
Delivery Date: 2026-01-24
Destination: Gautam Buddha Nagar
COD Amount: ₹389

Please confirm remittance status.

Regards,
Finance Ops — AI Logistics Control Tower",DERIVED (package_amount used as COD-amount proxy — see docs/data_assumptions.md)
Carrier C,AWB6759852834,102614799318,2026-01-24,349,2026-01-26,Overdue,P1 - Urgent,[Remittance Due] AWB AWB6759852834 — COD ₹349 — Carrier C,"Dear Carrier C Finance Team,

The following COD shipment was delivered on 2026-01-24. Per the 2-day remittance SLA, payment of ₹349 is due by 2026-01-26 00:00:00.

AWB: AWB6759852834
Order ID: 102614799318
Delivery Date: 2026-01-24
Destination: K.V.Rangareddy
COD Amount: ₹349

Please confirm remittance status.

Regards,
Finance Ops — AI Logistics Control Tower",DERIVED (package_amount used as COD-amount proxy — see docs/data_assumptions.md)
Carrier B,AWB2037564041,110714932525,2026-01-24,925,2026-01-26,Overdue,P1 - Urgent,[Remittance Due] AWB AWB2037564041 — COD ₹925 — Carrier B,"Dear Carrier B Finance Team,

The following COD shipment was delivered on 2026-01-24. Per the 2-day remittance SLA, payment of ₹925 is due by 2026-01-26 00:00:00.

AWB: AWB2037564041
Order ID: 110714932525
Delivery Date: 2026-01-24
Destination: Udaipur
COD Amount: ₹925

Please confirm remittance status.

Regards,
Finance Ops — AI Logistics Control Tower",DERIVED (package_amount used as COD-amount proxy — see docs/data_assumptions.md)
Carrier C,AWB0337694344,100914773654,2026-01-24,589,2026-01-26,Overdue,P1 - Urgent,[Remittance Due] AWB AWB0337694344 — COD ₹589 — Carrier C,"Dear Carrier C Finance Team,

The following COD shipment was delivered on 2026-01-24. Per the 2-day remittance SLA, payment of ₹589 is due by 2026-01-26 00:00:00.

AWB: AWB0337694344
Order ID: 100914773654
Delivery Date: 2026-01-24
Destination: Mumbai
COD Amount: ₹589

Please confirm remittance status.

Regards,
Finance Ops — AI Logistics Control Tower",DERIVED (package_amount used as COD-amount proxy — see docs/data_assumptions.md)
Carrier A,AWB3412002687,110814941215,2026-01-24,909,2026-01-26,Overdue,P1 - Urgent,[Remittance Due] AWB AWB3412002687 — COD ₹909 — Carrier A,"Dear Carrier A Finance Team,

The following COD shipment was delivered on 2026-01-24. Per the 2-day remittance SLA, payment of ₹909 is due by 2026-01-26 00:00:00.

AWB: AWB3412002687
Order ID: 110814941215
Delivery Date: 2026-01-24
Destination: Bangalore
COD Amount: ₹909

Please confirm remittance status.

Regards,
Finance Ops — AI Logistics Control Tower",DERIVED (package_amount used as COD-amount proxy — see docs/data_assumptions.md)
Carrier B,AWB0484048633,110314882070,2026-01-24,839,2026-01-26,Overdue,P1 - Urgent,[Remittance Due] AWB AWB0484048633 — COD ₹839 — Carrier B,"Dear Carrier B Finance Team,

The following COD shipment was delivered on 2026-01-24. Per the 2-day remittance SLA, payment of ₹839 is due by 2026-01-26 00:00:00.

AWB: AWB0484048633
Order ID: 110314882070
Delivery Date: 2026-01-24
Destination: Ahmedabad
COD Amount: ₹839

Please confirm remittance status.

Regards,
Finance Ops — AI Logistics Control Tower",DERIVED (package_amount used as COD-amount proxy — see docs/data_assumptions.md)
Carrier C,AWB6285721351,110614921676,2026-01-24,399,2026-01-26,Overdue,P1 - Urgent,[Remittance Due] AWB AWB6285721351 — COD ₹399 — Carrier C,"Dear Carrier C Finance Team,

The following COD shipment was delivered on 2026-01-24. Per the 2-day remittance SLA, payment of ₹399 is due by 2026-01-26 00:00:00.

AWB: AWB6285721351
Order ID: 110614921676
Delivery Date: 2026-01-24
Destination: Udham Singh Nagar
COD Amount: ₹399

Please confirm remittance status.

Regards,
Finance Ops — AI Logistics Control Tower",DERIVED (package_amount used as COD-amount proxy — see docs/data_assumptions.md)
Carrier A,AWB6904039196,102014723804,2026-01-24,1229,2026-01-26,Overdue,P1 - Urgent,"[Remittance Due] AWB AWB6904039196 — COD ₹1,229 — Carrier A","Dear Carrier A Finance Team,

The following COD shipment was delivered on 2026-01-24. Per the 2-day remittance SLA, payment of ₹1,229 is due by 2026-01-26 00:00:00.

AWB: AWB6904039196
Order ID: 102014723804
Delivery Date: 2026-01-24
Destination: Jodhpur
COD Amount: ₹1,229

Please confirm remittance status.

Regards,
Finance Ops — AI Logistics Control Tower",DERIVED (package_amount used as COD-amount proxy — see docs/data_assumptions.md)
Carrier A,AWB2001614618,111014970634,2026-01-24,613,2026-01-26,Overdue,P1 - Urgent,[Remittance Due] AWB AWB2001614618 — COD ₹613 — Carrier A,"Dear Carrier A Finance Team,

The following COD shipment was delivered on 2026-01-24. Per the 2-day remittance SLA, payment of ₹613 is due by 2026-01-26 00:00:00.

AWB: AWB2001614618
Order ID: 111014970634
Delivery Date: 2026-01-24
Destination: Patna
COD Amount: ₹613

Please confirm remittance status.

Regards,
Finance Ops — AI Logistics Control Tower",DERIVED (package_amount used as COD-amount proxy — see docs/data_assumptions.md)
Carrier A,AWB5689163347,110714924657,2026-01-24,501,2026-01-26,Overdue,P1 - Urgent,[Remittance Due] AWB AWB5689163347 — COD ₹501 — Carrier A,"Dear Carrier A Finance Team,

The following COD shipment was delivered on 2026-01-24. Per the 2-day remittance SLA, payment of ₹501 is due by 2026-01-26 00:00:00.

AWB: AWB5689163347
Order ID: 110714924657
Delivery Date: 2026-01-24
Destination: Sikar
COD Amount: ₹501

Please confirm remittance status.

Regards,
Finance Ops — AI Logistics Control Tower",DERIVED (package_amount used as COD-amount proxy — see docs/data_assumptions.md)
Carrier D,AWB5669863980,102514788156,2026-01-24,449,2026-01-26,Overdue,P1 - Urgent,[Remittance Due] AWB AWB5669863980 — COD ₹449 — Carrier D,"Dear Carrier D Finance Team,

The following COD shipment was delivered on 2026-01-24. Per the 2-day remittance SLA, payment of ₹449 is due by 2026-01-26 00:00:00.

AWB: AWB5669863980
Order ID: 102514788156
Delivery Date: 2026-01-24
Destination: Patna
COD Amount: ₹449

Please confirm remittance status.

Regards,
Finance Ops — AI Logistics Control Tower",DERIVED (package_amount used as COD-amount proxy — see docs/data_assumptions.md)
Carrier B,AWB1898426455,111014962818,2026-01-24,1676,2026-01-26,Overdue,P1 - Urgent,"[Remittance Due] AWB AWB1898426455 — COD ₹1,676 — Carrier B","Dear Carrier B Finance Team,

The following COD shipment was delivered on 2026-01-24. Per the 2-day remittance SLA, payment of ₹1,676 is due by 2026-01-26 00:00:00.

AWB: AWB1898426455
Order ID: 111014962818
Delivery Date: 2026-01-24
Destination: Azamgarh
COD Amount: ₹1,676

Please confirm remittance status.

Regards,
Finance Ops — AI Logistics Control Tower",DERIVED (package_amount used as COD-amount proxy — see docs/data_assumptions.md)
Carrier C,AWB4559027816,102814809304,2026-01-24,1036,2026-01-26,Overdue,P1 - Urgent,"[Remittance Due] AWB AWB4559027816 — COD ₹1,036 — Carrier C","Dear Carrier C Finance Team,

The following COD shipment was delivered on 2026-01-24. Per the 2-day remittance SLA, payment of ₹1,036 is due by 2026-01-26 00:00:00.

AWB: AWB4559027816
Order ID: 102814809304
Delivery Date: 2026-01-24
Destination: East Nimar
COD Amount: ₹1,036

Please confirm remittance status.

Regards,
Finance Ops — AI Logistics Control Tower",DERIVED (package_amount used as COD-amount proxy — see docs/data_assumptions.md)
Carrier A,AWB3933965699,111014967024,2026-01-25,599,2026-01-27,Overdue,P1 - Urgent,[Remittance Due] AWB AWB3933965699 — COD ₹599 — Carrier A,"Dear Carrier A Finance Team,

The following COD shipment was delivered on 2026-01-25. Per the 2-day remittance SLA, payment of ₹599 is due by 2026-01-27 00:00:00.

AWB: AWB3933965699
Order ID: 111014967024
Delivery Date: 2026-01-25
Destination: Karnal
COD Amount: ₹599

Please confirm remittance status.

Regards,
Finance Ops — AI Logistics Control Tower",DERIVED (package_amount used as COD-amount proxy — see docs/data_assumptions.md)
Carrier A,AWB1077854687,111114973831,2026-01-25,1035,2026-01-27,Overdue,P1 - Urgent,"[Remittance Due] AWB AWB1077854687 — COD ₹1,035 — Carrier A","Dear Carrier A Finance Team,

The following COD shipment was delivered on 2026-01-25. Per the 2-day remittance SLA, payment of ₹1,035 is due by 2026-01-27 00:00:00.

AWB: AWB1077854687
Order ID: 111114973831
Delivery Date: 2026-01-25
Destination: Gurgaon
COD Amount: ₹1,035

Please confirm remittance status.

Regards,
Finance Ops — AI Logistics Control Tower",DERIVED (package_amount used as COD-amount proxy — see docs/data_assumptions.md)
Carrier D,AWB1016859623,100914900143,2026-01-25,1199,2026-01-27,Overdue,P1 - Urgent,"[Remittance Due] AWB AWB1016859623 — COD ₹1,199 — Carrier D","Dear Carrier D Finance Team,

The following COD shipment was delivered on 2026-01-25. Per the 2-day remittance SLA, payment of ₹1,199 is due by 2026-01-27 00:00:00.

AWB: AWB1016859623
Order ID: 100914900143
Delivery Date: 2026-01-25
Destination: Patna
COD Amount: ₹1,199

Please confirm remittance status.

Regards,
Finance Ops — AI Logistics Control Tower",DERIVED (package_amount used as COD-amount proxy — see docs/data_assumptions.md)
Carrier A,AWB3047309388,111114980304,2026-01-25,899,2026-01-27,Overdue,P1 - Urgent,[Remittance Due] AWB AWB3047309388 — COD ₹899 — Carrier A,"Dear Carrier A Finance Team,

The following COD shipment was delivered on 2026-01-25. Per the 2-day remittance SLA, payment of ₹899 is due by 2026-01-27 00:00:00.

AWB: AWB3047309388
Order ID: 111114980304
Delivery Date: 2026-01-25
Destination: South West Delhi
COD Amount: ₹899

Please confirm remittance status.

Regards,
Finance Ops — AI Logistics Control Tower",DERIVED (package_amount used as COD-amount proxy — see docs/data_assumptions.md)
Carrier C,AWB9167725472,110314880258,2026-01-25,522,2026-01-27,Overdue,P1 - Urgent,[Remittance Due] AWB AWB9167725472 — COD ₹522 — Carrier C,"Dear Carrier C Finance Team,

The following COD shipment was delivered on 2026-01-25. Per the 2-day remittance SLA, payment of ₹522 is due by 2026-01-27 00:00:00.

AWB: AWB9167725472
Order ID: 110314880258
Delivery Date: 2026-01-25
Destination: Serchhip
COD Amount: ₹522

Please confirm remittance status.

Regards,
Finance Ops — AI Logistics Control Tower",DERIVED (package_amount used as COD-amount proxy — see docs/data_assumptions.md)
Carrier B,AWB2866327345,110914952599,2026-01-25,349,2026-01-27,Overdue,P1 - Urgent,[Remittance Due] AWB AWB2866327345 — COD ₹349 — Carrier B,"Dear Carrier B Finance Team,

The following COD shipment was delivered on 2026-01-25. Per the 2-day remittance SLA, payment of ₹349 is due by 2026-01-27 00:00:00.

AWB: AWB2866327345
Order ID: 110914952599
Delivery Date: 2026-01-25
Destination: gwalior
COD Amount: ₹349

Please confirm remittance status.

Regards,
Finance Ops — AI Logistics Control Tower",DERIVED (package_amount used as COD-amount proxy — see docs/data_assumptions.md)
Carrier B,AWB7003563399,111214991017,2026-01-25,900,2026-01-27,Overdue,P1 - Urgent,[Remittance Due] AWB AWB7003563399 — COD ₹900 — Carrier B,"Dear Carrier B Finance Team,

The following COD shipment was delivered on 2026-01-25. Per the 2-day remittance SLA, payment of ₹900 is due by 2026-01-27 00:00:00.

AWB: AWB7003563399
Order ID: 111214991017
Delivery Date: 2026-01-25
Destination: Thane
COD Amount: ₹900

Please confirm remittance status.

Regards,
Finance Ops — AI Logistics Control Tower",DERIVED (package_amount used as COD-amount proxy — see docs/data_assumptions.md)
Carrier D,AWB8510566558,111014963816,2026-01-25,449,2026-01-27,Overdue,P1 - Urgent,[Remittance Due] AWB AWB8510566558 — COD ₹449 — Carrier D,"Dear Carrier D Finance Team,

The following COD shipment was delivered on 2026-01-25. Per the 2-day remittance SLA, payment of ₹449 is due by 2026-01-27 00:00:00.

AWB: AWB8510566558
Order ID: 111014963816
Delivery Date: 2026-01-25
Destination: K.V.Rangareddy
COD Amount: ₹449

Please confirm remittance status.

Regards,
Finance Ops — AI Logistics Control Tower",DERIVED (package_amount used as COD-amount proxy — see docs/data_assumptions.md)
Carrier B,AWB6708611152,111114984452,2026-01-25,1279,2026-01-27,Overdue,P1 - Urgent,"[Remittance Due] AWB AWB6708611152 — COD ₹1,279 — Carrier B","Dear Carrier B Finance Team,

The following COD shipment was delivered on 2026-01-25. Per the 2-day remittance SLA, payment of ₹1,279 is due by 2026-01-27 00:00:00.

AWB: AWB6708611152
Order ID: 111114984452
Delivery Date: 2026-01-25
Destination: Mumbai
COD Amount: ₹1,279

Please confirm remittance status.

Regards,
Finance Ops — AI Logistics Control Tower",DERIVED (package_amount used as COD-amount proxy — see docs/data_assumptions.md)
Carrier D,AWB1400174662,110914949648,2026-01-25,306,2026-01-27,Overdue,P1 - Urgent,[Remittance Due] AWB AWB1400174662 — COD ₹306 — Carrier D,"Dear Carrier D Finance Team,

The following COD shipment was delivered on 2026-01-25. Per the 2-day remittance SLA, payment of ₹306 is due by 2026-01-27 00:00:00.

AWB: AWB1400174662
Order ID: 110914949648
Delivery Date: 2026-01-25
Destination: Ariyalur
COD Amount: ₹306

Please confirm remittance status.

Regards,
Finance Ops — AI Logistics Control Tower",DERIVED (package_amount used as COD-amount proxy — see docs/data_assumptions.md)
Carrier C,AWB2672881540,110614920491,2026-01-25,996,2026-01-27,Overdue,P1 - Urgent,[Remittance Due] AWB AWB2672881540 — COD ₹996 — Carrier C,"Dear Carrier C Finance Team,

The following COD shipment was delivered on 2026-01-25. Per the 2-day remittance SLA, payment of ₹996 is due by 2026-01-27 00:00:00.

AWB: AWB2672881540
Order ID: 110614920491
Delivery Date: 2026-01-25
Destination: Nagpur
COD Amount: ₹996

Please confirm remittance status.

Regards,
Finance Ops — AI Logistics Control Tower",DERIVED (package_amount used as COD-amount proxy — see docs/data_assumptions.md)
Carrier D,AWB2700113615,110714933395,2026-01-25,299,2026-01-27,Overdue,P1 - Urgent,[Remittance Due] AWB AWB2700113615 — COD ₹299 — Carrier D,"Dear Carrier D Finance Team,

The following COD shipment was delivered on 2026-01-25. Per the 2-day remittance SLA, payment of ₹299 is due by 2026-01-27 00:00:00.

AWB: AWB2700113615
Order ID: 110714933395
Delivery Date: 2026-01-25
Destination: South West Delhi
COD Amount: ₹299

Please confirm remittance status.

Regards,
Finance Ops — AI Logistics Control Tower",DERIVED (package_amount used as COD-amount proxy — see docs/data_assumptions.md)
Carrier C,AWB3752679075,110714924658,2026-01-25,419,2026-01-27,Overdue,P1 - Urgent,[Remittance Due] AWB AWB3752679075 — COD ₹419 — Carrier C,"Dear Carrier C Finance Team,

The following COD shipment was delivered on 2026-01-25. Per the 2-day remittance SLA, payment of ₹419 is due by 2026-01-27 00:00:00.

AWB: AWB3752679075
Order ID: 110714924658
Delivery Date: 2026-01-25
Destination: Sikar
COD Amount: ₹419

Please confirm remittance status.

Regards,
Finance Ops — AI Logistics Control Tower",DERIVED (package_amount used as COD-amount proxy — see docs/data_assumptions.md)
Carrier B,AWB4258850627,110914954230,2026-01-25,809,2026-01-27,Overdue,P1 - Urgent,[Remittance Due] AWB AWB4258850627 — COD ₹809 — Carrier B,"Dear Carrier B Finance Team,

The following COD shipment was delivered on 2026-01-25. Per the 2-day remittance SLA, payment of ₹809 is due by 2026-01-27 00:00:00.

AWB: AWB4258850627
Order ID: 110914954230
Delivery Date: 2026-01-25
Destination: Raigarh(MH)
COD Amount: ₹809

Please confirm remittance status.

Regards,
Finance Ops — AI Logistics Control Tower",DERIVED (package_amount used as COD-amount proxy — see docs/data_assumptions.md)
Carrier D,AWB1955837924,110814943139,2026-01-25,704,2026-01-27,Overdue,P1 - Urgent,[Remittance Due] AWB AWB1955837924 — COD ₹704 — Carrier D,"Dear Carrier D Finance Team,

The following COD shipment was delivered on 2026-01-25. Per the 2-day remittance SLA, payment of ₹704 is due by 2026-01-27 00:00:00.

AWB: AWB1955837924
Order ID: 110814943139
Delivery Date: 2026-01-25
Destination: K.V.Rangareddy
COD Amount: ₹704

Please confirm remittance status.

Regards,
Finance Ops — AI Logistics Control Tower",DERIVED (package_amount used as COD-amount proxy — see docs/data_assumptions.md)
Carrier D,AWB5348074683,101314632923,2026-01-26,749,2026-01-28,Overdue,P1 - Urgent,[Remittance Due] AWB AWB5348074683 — COD ₹749 — Carrier D,"Dear Carrier D Finance Team,

The following COD shipment was delivered on 2026-01-26. Per the 2-day remittance SLA, payment of ₹749 is due by 2026-01-28 00:00:00.

AWB: AWB5348074683
Order ID: 101314632923
Delivery Date: 2026-01-26
Destination: Jaipur
COD Amount: ₹749

Please confirm remittance status.

Regards,
Finance Ops — AI Logistics Control Tower",DERIVED (package_amount used as COD-amount proxy — see docs/data_assumptions.md)
Carrier D,AWB1291455791,110514945756,2026-01-26,1311,2026-01-28,Overdue,P1 - Urgent,"[Remittance Due] AWB AWB1291455791 — COD ₹1,311 — Carrier D","Dear Carrier D Finance Team,

The following COD shipment was delivered on 2026-01-26. Per the 2-day remittance SLA, payment of ₹1,311 is due by 2026-01-28 00:00:00.

AWB: AWB1291455791
Order ID: 110514945756
Delivery Date: 2026-01-26
Destination: Ernakulam
COD Amount: ₹1,311

Please confirm remittance status.

Regards,
Finance Ops — AI Logistics Control Tower",DERIVED (package_amount used as COD-amount proxy — see docs/data_assumptions.md)
Carrier D,AWB9475160921,110614923439,2026-01-26,509,2026-01-28,Overdue,P1 - Urgent,[Remittance Due] AWB AWB9475160921 — COD ₹509 — Carrier D,"Dear Carrier D Finance Team,

The following COD shipment was delivered on 2026-01-26. Per the 2-day remittance SLA, payment of ₹509 is due by 2026-01-28 00:00:00.

AWB: AWB9475160921
Order ID: 110614923439
Delivery Date: 2026-01-26
Destination: Kalyan
COD Amount: ₹509

Please confirm remittance status.

Regards,
Finance Ops — AI Logistics Control Tower",DERIVED (package_amount used as COD-amount proxy — see docs/data_assumptions.md)
Carrier C,AWB0194886917,110814939487,2026-01-26,499,2026-01-28,Overdue,P1 - Urgent,[Remittance Due] AWB AWB0194886917 — COD ₹499 — Carrier C,"Dear Carrier C Finance Team,

The following COD shipment was delivered on 2026-01-26. Per the 2-day remittance SLA, payment of ₹499 is due by 2026-01-28 00:00:00.

AWB: AWB0194886917
Order ID: 110814939487
Delivery Date: 2026-01-26
Destination: Wardha
COD Amount: ₹499

Please confirm remittance status.

Regards,
Finance Ops — AI Logistics Control Tower",DERIVED (package_amount used as COD-amount proxy — see docs/data_assumptions.md)
Carrier B,AWB2797784090,101114603820,2026-01-26,899,2026-01-28,Overdue,P1 - Urgent,[Remittance Due] AWB AWB2797784090 — COD ₹899 — Carrier B,"Dear Carrier B Finance Team,

The following COD shipment was delivered on 2026-01-26. Per the 2-day remittance SLA, payment of ₹899 is due by 2026-01-28 00:00:00.

AWB: AWB2797784090
Order ID: 101114603820
Delivery Date: 2026-01-26
Destination: Khorda
COD Amount: ₹899

Please confirm remittance status.

Regards,
Finance Ops — AI Logistics Control Tower",DERIVED (package_amount used as COD-amount proxy — see docs/data_assumptions.md)
Carrier D,AWB0376002061,110614919675,2026-01-26,1219,2026-01-28,Overdue,P1 - Urgent,"[Remittance Due] AWB AWB0376002061 — COD ₹1,219 — Carrier D","Dear Carrier D Finance Team,

The following COD shipment was delivered on 2026-01-26. Per the 2-day remittance SLA, payment of ₹1,219 is due by 2026-01-28 00:00:00.

AWB: AWB0376002061
Order ID: 110614919675
Delivery Date: 2026-01-26
Destination: Jodhpur
COD Amount: ₹1,219

Please confirm remittance status.

Regards,
Finance Ops — AI Logistics Control Tower",DERIVED (package_amount used as COD-amount proxy — see docs/data_assumptions.md)
Carrier D,AWB4171741647,110414891396,2026-01-26,489,2026-01-28,Overdue,P1 - Urgent,[Remittance Due] AWB AWB4171741647 — COD ₹489 — Carrier D,"Dear Carrier D Finance Team,

The following COD shipment was delivered on 2026-01-26. Per the 2-day remittance SLA, payment of ₹489 is due by 2026-01-28 00:00:00.

AWB: AWB4171741647
Order ID: 110414891396
Delivery Date: 2026-01-26
Destination: Kannur
COD Amount: ₹489

Please confirm remittance status.

Regards,
Finance Ops — AI Logistics Control Tower",DERIVED (package_amount used as COD-amount proxy — see docs/data_assumptions.md)
Carrier A,AWB1053669192,110814940874,2026-01-26,549,2026-01-28,Overdue,P1 - Urgent,[Remittance Due] AWB AWB1053669192 — COD ₹549 — Carrier A,"Dear Carrier A Finance Team,

The following COD shipment was delivered on 2026-01-26. Per the 2-day remittance SLA, payment of ₹549 is due by 2026-01-28 00:00:00.

AWB: AWB1053669192
Order ID: 110814940874
Delivery Date: 2026-01-26
Destination: Rajnandgaon
COD Amount: ₹549

Please confirm remittance status.

Regards,
Finance Ops — AI Logistics Control Tower",DERIVED (package_amount used as COD-amount proxy — see docs/data_assumptions.md)
Carrier D,AWB1187908954,111014972058,2026-01-26,798,2026-01-28,Overdue,P1 - Urgent,[Remittance Due] AWB AWB1187908954 — COD ₹798 — Carrier D,"Dear Carrier D Finance Team,

The following COD shipment was delivered on 2026-01-26. Per the 2-day remittance SLA, payment of ₹798 is due by 2026-01-28 00:00:00.

AWB: AWB1187908954
Order ID: 111014972058
Delivery Date: 2026-01-26
Destination: Mumbai
COD Amount: ₹798

Please confirm remittance status.

Regards,
Finance Ops — AI Logistics Control Tower",DERIVED (package_amount used as COD-amount proxy — see docs/data_assumptions.md)
Carrier A,AWB1679968795,102814812682,2026-01-26,1276,2026-01-28,Overdue,P1 - Urgent,"[Remittance Due] AWB AWB1679968795 — COD ₹1,276 — Carrier A","Dear Carrier A Finance Team,

The following COD shipment was delivered on 2026-01-26. Per the 2-day remittance SLA, payment of ₹1,276 is due by 2026-01-28 00:00:00.

AWB: AWB1679968795
Order ID: 102814812682
Delivery Date: 2026-01-26
Destination: Jaipur
COD Amount: ₹1,276

Please confirm remittance status.

Regards,
Finance Ops — AI Logistics Control Tower",DERIVED (package_amount used as COD-amount proxy — see docs/data_assumptions.md)
Carrier B,AWB9985592988,110514910779,2026-01-26,1584,2026-01-28,Overdue,P1 - Urgent,"[Remittance Due] AWB AWB9985592988 — COD ₹1,584 — Carrier B","Dear Carrier B Finance Team,

The following COD shipment was delivered on 2026-01-26. Per the 2-day remittance SLA, payment of ₹1,584 is due by 2026-01-28 00:00:00.

AWB: AWB9985592988
Order ID: 110514910779
Delivery Date: 2026-01-26
Destination: Aizawl
COD Amount: ₹1,584

Please confirm remittance status.

Regards,
Finance Ops — AI Logistics Control Tower",DERIVED (package_amount used as COD-amount proxy — see docs/data_assumptions.md)
Carrier B,AWB6278856095,110614922199,2026-01-26,669,2026-01-28,Overdue,P1 - Urgent,[Remittance Due] AWB AWB6278856095 — COD ₹669 — Carrier B,"Dear Carrier B Finance Team,

The following COD shipment was delivered on 2026-01-26. Per the 2-day remittance SLA, payment of ₹669 is due by 2026-01-28 00:00:00.

AWB: AWB6278856095
Order ID: 110614922199
Delivery Date: 2026-01-26
Destination: Krishna
COD Amount: ₹669

Please confirm remittance status.

Regards,
Finance Ops — AI Logistics Control Tower",DERIVED (package_amount used as COD-amount proxy — see docs/data_assumptions.md)
Carrier D,AWB0134361965,110914956002,2026-01-26,1024,2026-01-28,Overdue,P1 - Urgent,"[Remittance Due] AWB AWB0134361965 — COD ₹1,024 — Carrier D","Dear Carrier D Finance Team,

The following COD shipment was delivered on 2026-01-26. Per the 2-day remittance SLA, payment of ₹1,024 is due by 2026-01-28 00:00:00.

AWB: AWB0134361965
Order ID: 110914956002
Delivery Date: 2026-01-26
Destination: Tiruchirappalli
COD Amount: ₹1,024

Please confirm remittance status.

Regards,
Finance Ops — AI Logistics Control Tower",DERIVED (package_amount used as COD-amount proxy — see docs/data_assumptions.md)
Carrier B,AWB1767485833,111014961441,2026-01-26,898,2026-01-28,Overdue,P1 - Urgent,[Remittance Due] AWB AWB1767485833 — COD ₹898 — Carrier B,"Dear Carrier B Finance Team,

The following COD shipment was delivered on 2026-01-26. Per the 2-day remittance SLA, payment of ₹898 is due by 2026-01-28 00:00:00.

AWB: AWB1767485833
Order ID: 111014961441
Delivery Date: 2026-01-26
Destination: Gurgaon
COD Amount: ₹898

Please confirm remittance status.

Regards,
Finance Ops — AI Logistics Control Tower",DERIVED (package_amount used as COD-amount proxy — see docs/data_assumptions.md)
Carrier C,AWB3312799145,111014971642,2026-01-26,744,2026-01-28,Overdue,P1 - Urgent,[Remittance Due] AWB AWB3312799145 — COD ₹744 — Carrier C,"Dear Carrier C Finance Team,

The following COD shipment was delivered on 2026-01-26. Per the 2-day remittance SLA, payment of ₹744 is due by 2026-01-28 00:00:00.

AWB: AWB3312799145
Order ID: 111014971642
Delivery Date: 2026-01-26
Destination: Gautam Buddha Nagar
COD Amount: ₹744

Please confirm remittance status.

Regards,
Finance Ops — AI Logistics Control Tower",DERIVED (package_amount used as COD-amount proxy — see docs/data_assumptions.md)
Carrier B,AWB0788701759,110914949646,2026-01-26,1003,2026-01-28,Overdue,P1 - Urgent,"[Remittance Due] AWB AWB0788701759 — COD ₹1,003 — Carrier B","Dear Carrier B Finance Team,

The following COD shipment was delivered on 2026-01-26. Per the 2-day remittance SLA, payment of ₹1,003 is due by 2026-01-28 00:00:00.

AWB: AWB0788701759
Order ID: 110914949646
Delivery Date: 2026-01-26
Destination: Ludhiana
COD Amount: ₹1,003

Please confirm remittance status.

Regards,
Finance Ops — AI Logistics Control Tower",DERIVED (package_amount used as COD-amount proxy — see docs/data_assumptions.md)
Carrier C,AWB0212943024,111014965010,2026-01-26,1658,2026-01-28,Overdue,P1 - Urgent,"[Remittance Due] AWB AWB0212943024 — COD ₹1,658 — Carrier C","Dear Carrier C Finance Team,

The following COD shipment was delivered on 2026-01-26. Per the 2-day remittance SLA, payment of ₹1,658 is due by 2026-01-28 00:00:00.

AWB: AWB0212943024
Order ID: 111014965010
Delivery Date: 2026-01-26
Destination: Gautam Buddha Nagar
COD Amount: ₹1,658

Please confirm remittance status.

Regards,
Finance Ops — AI Logistics Control Tower",DERIVED (package_amount used as COD-amount proxy — see docs/data_assumptions.md)
Carrier A,AWB2679104586,110214872295,2026-01-26,744,2026-01-28,Overdue,P1 - Urgent,[Remittance Due] AWB AWB2679104586 — COD ₹744 — Carrier A,"Dear Carrier A Finance Team,

The following COD shipment was delivered on 2026-01-26. Per the 2-day remittance SLA, payment of ₹744 is due by 2026-01-28 00:00:00.

AWB: AWB2679104586
Order ID: 110214872295
Delivery Date: 2026-01-26
Destination: Raigarh(MH)
COD Amount: ₹744

Please confirm remittance status.

Regards,
Finance Ops — AI Logistics Control Tower",DERIVED (package_amount used as COD-amount proxy — see docs/data_assumptions.md)
Carrier B,AWB6461225712,110914951043,2026-01-26,850,2026-01-28,Overdue,P1 - Urgent,[Remittance Due] AWB AWB6461225712 — COD ₹850 — Carrier B,"Dear Carrier B Finance Team,

The following COD shipment was delivered on 2026-01-26. Per the 2-day remittance SLA, payment of ₹850 is due by 2026-01-28 00:00:00.

AWB: AWB6461225712
Order ID: 110914951043
Delivery Date: 2026-01-26
Destination: Mumbai
COD Amount: ₹850

Please confirm remittance status.

Regards,
Finance Ops — AI Logistics Control Tower",DERIVED (package_amount used as COD-amount proxy — see docs/data_assumptions.md)
Carrier B,AWB4880661341,103114913271,2026-01-26,1393,2026-01-28,Overdue,P1 - Urgent,"[Remittance Due] AWB AWB4880661341 — COD ₹1,393 — Carrier B","Dear Carrier B Finance Team,

The following COD shipment was delivered on 2026-01-26. Per the 2-day remittance SLA, payment of ₹1,393 is due by 2026-01-28 00:00:00.

AWB: AWB4880661341
Order ID: 103114913271
Delivery Date: 2026-01-26
Destination: Gautam Buddha Nagar
COD Amount: ₹1,393

Please confirm remittance status.

Regards,
Finance Ops — AI Logistics Control Tower",DERIVED (package_amount used as COD-amount proxy — see docs/data_assumptions.md)
Carrier A,AWB8340373627,111014965819,2026-01-27,691,2026-01-29,Overdue,P1 - Urgent,[Remittance Due] AWB AWB8340373627 — COD ₹691 — Carrier A,"Dear Carrier A Finance Team,

The following COD shipment was delivered on 2026-01-27. Per the 2-day remittance SLA, payment of ₹691 is due by 2026-01-29 00:00:00.

AWB: AWB8340373627
Order ID: 111014965819
Delivery Date: 2026-01-27
Destination: Bangalore
COD Amount: ₹691

Please confirm remittance status.

Regards,
Finance Ops — AI Logistics Control Tower",DERIVED (package_amount used as COD-amount proxy — see docs/data_assumptions.md)
Carrier D,AWB1064350419,110814936800,2026-01-27,998,2026-01-29,Overdue,P1 - Urgent,[Remittance Due] AWB AWB1064350419 — COD ₹998 — Carrier D,"Dear Carrier D Finance Team,

The following COD shipment was delivered on 2026-01-27. Per the 2-day remittance SLA, payment of ₹998 is due by 2026-01-29 00:00:00.

AWB: AWB1064350419
Order ID: 110814936800
Delivery Date: 2026-01-27
Destination: Kanchipuram
COD Amount: ₹998

Please confirm remittance status.

Regards,
Finance Ops — AI Logistics Control Tower",DERIVED (package_amount used as COD-amount proxy — see docs/data_assumptions.md)
Carrier C,AWB9301120099,111114980226,2026-01-27,600,2026-01-29,Overdue,P1 - Urgent,[Remittance Due] AWB AWB9301120099 — COD ₹600 — Carrier C,"Dear Carrier C Finance Team,

The following COD shipment was delivered on 2026-01-27. Per the 2-day remittance SLA, payment of ₹600 is due by 2026-01-29 00:00:00.

AWB: AWB9301120099
Order ID: 111114980226
Delivery Date: 2026-01-27
Destination: Alwar
COD Amount: ₹600

Please confirm remittance status.

Regards,
Finance Ops — AI Logistics Control Tower",DERIVED (package_amount used as COD-amount proxy — see docs/data_assumptions.md)
Carrier C,AWB6123566659,111014962808,2026-01-27,1015,2026-01-29,Overdue,P1 - Urgent,"[Remittance Due] AWB AWB6123566659 — COD ₹1,015 — Carrier C","Dear Carrier C Finance Team,

The following COD shipment was delivered on 2026-01-27. Per the 2-day remittance SLA, payment of ₹1,015 is due by 2026-01-29 00:00:00.

AWB: AWB6123566659
Order ID: 111014962808
Delivery Date: 2026-01-27
Destination: Cuddapah
COD Amount: ₹1,015

Please confirm remittance status.

Regards,
Finance Ops — AI Logistics Control Tower",DERIVED (package_amount used as COD-amount proxy — see docs/data_assumptions.md)
Carrier C,AWB3646020316,111014969373,2026-01-27,549,2026-01-29,Overdue,P1 - Urgent,[Remittance Due] AWB AWB3646020316 — COD ₹549 — Carrier C,"Dear Carrier C Finance Team,

The following COD shipment was delivered on 2026-01-27. Per the 2-day remittance SLA, payment of ₹549 is due by 2026-01-29 00:00:00.

AWB: AWB3646020316
Order ID: 111014969373
Delivery Date: 2026-01-27
Destination: Gautam Buddha Nagar
COD Amount: ₹549

Please confirm remittance status.

Regards,
Finance Ops — AI Logistics Control Tower",DERIVED (package_amount used as COD-amount proxy — see docs/data_assumptions.md)
Carrier D,AWB0313301606,111114980228,2026-01-27,507,2026-01-29,Overdue,P1 - Urgent,[Remittance Due] AWB AWB0313301606 — COD ₹507 — Carrier D,"Dear Carrier D Finance Team,

The following COD shipment was delivered on 2026-01-27. Per the 2-day remittance SLA, payment of ₹507 is due by 2026-01-29 00:00:00.

AWB: AWB0313301606
Order ID: 111114980228
Delivery Date: 2026-01-27
Destination: Moradabad
COD Amount: ₹507

Please confirm remittance status.

Regards,
Finance Ops — AI Logistics Control Tower",DERIVED (package_amount used as COD-amount proxy — see docs/data_assumptions.md)
Carrier B,AWB3699442577,110914958298,2026-01-27,939,2026-01-29,Overdue,P1 - Urgent,[Remittance Due] AWB AWB3699442577 — COD ₹939 — Carrier B,"Dear Carrier B Finance Team,

The following COD shipment was delivered on 2026-01-27. Per the 2-day remittance SLA, payment of ₹939 is due by 2026-01-29 00:00:00.

AWB: AWB3699442577
Order ID: 110914958298
Delivery Date: 2026-01-27
Destination: West Delhi
COD Amount: ₹939

Please confirm remittance status.

Regards,
Finance Ops — AI Logistics Control Tower",DERIVED (package_amount used as COD-amount proxy — see docs/data_assumptions.md)
Carrier A,AWB7444952474,111214989416,2026-01-27,999,2026-01-29,Overdue,P1 - Urgent,[Remittance Due] AWB AWB7444952474 — COD ₹999 — Carrier A,"Dear Carrier A Finance Team,

The following COD shipment was delivered on 2026-01-27. Per the 2-day remittance SLA, payment of ₹999 is due by 2026-01-29 00:00:00.

AWB: AWB7444952474
Order ID: 111214989416
Delivery Date: 2026-01-27
Destination: Thane
COD Amount: ₹999

Please confirm remittance status.

Regards,
Finance Ops — AI Logistics Control Tower",DERIVED (package_amount used as COD-amount proxy — see docs/data_assumptions.md)
Carrier D,AWB9642873417,110714924656,2026-01-27,598,2026-01-29,Overdue,P1 - Urgent,[Remittance Due] AWB AWB9642873417 — COD ₹598 — Carrier D,"Dear Carrier D Finance Team,

The following COD shipment was delivered on 2026-01-27. Per the 2-day remittance SLA, payment of ₹598 is due by 2026-01-29 00:00:00.

AWB: AWB9642873417
Order ID: 110714924656
Delivery Date: 2026-01-27
Destination: Sikar
COD Amount: ₹598

Please confirm remittance status.

Regards,
Finance Ops — AI Logistics Control Tower",DERIVED (package_amount used as COD-amount proxy — see docs/data_assumptions.md)
Carrier B,AWB6556378128,111014968460,2026-01-27,479,2026-01-29,Overdue,P1 - Urgent,[Remittance Due] AWB AWB6556378128 — COD ₹479 — Carrier B,"Dear Carrier B Finance Team,

The following COD shipment was delivered on 2026-01-27. Per the 2-day remittance SLA, payment of ₹479 is due by 2026-01-29 00:00:00.

AWB: AWB6556378128
Order ID: 111014968460
Delivery Date: 2026-01-27
Destination: Krishna
COD Amount: ₹479

Please confirm remittance status.

Regards,
Finance Ops — AI Logistics Control Tower",DERIVED (package_amount used as COD-amount proxy — see docs/data_assumptions.md)
Carrier A,AWB6963328546,110914950035,2026-01-27,1399,2026-01-29,Overdue,P1 - Urgent,"[Remittance Due] AWB AWB6963328546 — COD ₹1,399 — Carrier A","Dear Carrier A Finance Team,

The following COD shipment was delivered on 2026-01-27. Per the 2-day remittance SLA, payment of ₹1,399 is due by 2026-01-29 00:00:00.

AWB: AWB6963328546
Order ID: 110914950035
Delivery Date: 2026-01-27
Destination: Gurgaon
COD Amount: ₹1,399

Please confirm remittance status.

Regards,
Finance Ops — AI Logistics Control Tower",DERIVED (package_amount used as COD-amount proxy — see docs/data_assumptions.md)
Carrier D,AWB2704564090,110814940799,2026-01-27,499,2026-01-29,Overdue,P1 - Urgent,[Remittance Due] AWB AWB2704564090 — COD ₹499 — Carrier D,"Dear Carrier D Finance Team,

The following COD shipment was delivered on 2026-01-27. Per the 2-day remittance SLA, payment of ₹499 is due by 2026-01-29 00:00:00.

AWB: AWB2704564090
Order ID: 110814940799
Delivery Date: 2026-01-27
Destination: West Delhi
COD Amount: ₹499

Please confirm remittance status.

Regards,
Finance Ops — AI Logistics Control Tower",DERIVED (package_amount used as COD-amount proxy — see docs/data_assumptions.md)
Carrier A,AWB0383425541,111014968726,2026-01-27,279,2026-01-29,Overdue,P1 - Urgent,[Remittance Due] AWB AWB0383425541 — COD ₹279 — Carrier A,"Dear Carrier A Finance Team,

The following COD shipment was delivered on 2026-01-27. Per the 2-day remittance SLA, payment of ₹279 is due by 2026-01-29 00:00:00.

AWB: AWB0383425541
Order ID: 111014968726
Delivery Date: 2026-01-27
Destination: Mumbai
COD Amount: ₹279

Please confirm remittance status.

Regards,
Finance Ops — AI Logistics Control Tower",DERIVED (package_amount used as COD-amount proxy — see docs/data_assumptions.md)
Carrier C,AWB9820747896,110614915992,2026-01-27,551,2026-01-29,Overdue,P1 - Urgent,[Remittance Due] AWB AWB9820747896 — COD ₹551 — Carrier C,"Dear Carrier C Finance Team,

The following COD shipment was delivered on 2026-01-27. Per the 2-day remittance SLA, payment of ₹551 is due by 2026-01-29 00:00:00.

AWB: AWB9820747896
Order ID: 110614915992
Delivery Date: 2026-01-27
Destination: Hyderabad
COD Amount: ₹551

Please confirm remittance status.

Regards,
Finance Ops — AI Logistics Control Tower",DERIVED (package_amount used as COD-amount proxy — see docs/data_assumptions.md)
Carrier D,AWB7223000557,110414896118,2026-01-27,619,2026-01-29,Overdue,P1 - Urgent,[Remittance Due] AWB AWB7223000557 — COD ₹619 — Carrier D,"Dear Carrier D Finance Team,

The following COD shipment was delivered on 2026-01-27. Per the 2-day remittance SLA, payment of ₹619 is due by 2026-01-29 00:00:00.

AWB: AWB7223000557
Order ID: 110414896118
Delivery Date: 2026-01-27
Destination: Bathinda
COD Amount: ₹619

Please confirm remittance status.

Regards,
Finance Ops — AI Logistics Control Tower",DERIVED (package_amount used as COD-amount proxy — see docs/data_assumptions.md)
Carrier D,AWB6766359465,111014965391,2026-01-27,795,2026-01-29,Overdue,P1 - Urgent,[Remittance Due] AWB AWB6766359465 — COD ₹795 — Carrier D,"Dear Carrier D Finance Team,

The following COD shipment was delivered on 2026-01-27. Per the 2-day remittance SLA, payment of ₹795 is due by 2026-01-29 00:00:00.

AWB: AWB6766359465
Order ID: 111014965391
Delivery Date: 2026-01-27
Destination: Faridabad
COD Amount: ₹795

Please confirm remittance status.

Regards,
Finance Ops — AI Logistics Control Tower",DERIVED (package_amount used as COD-amount proxy — see docs/data_assumptions.md)
Carrier D,AWB5663674833,110714927385,2026-01-27,899,2026-01-29,Overdue,P1 - Urgent,[Remittance Due] AWB AWB5663674833 — COD ₹899 — Carrier D,"Dear Carrier D Finance Team,

The following COD shipment was delivered on 2026-01-27. Per the 2-day remittance SLA, payment of ₹899 is due by 2026-01-29 00:00:00.

AWB: AWB5663674833
Order ID: 110714927385
Delivery Date: 2026-01-27
Destination: Jalandhar
COD Amount: ₹899

Please confirm remittance status.

Regards,
Finance Ops — AI Logistics Control Tower",DERIVED (package_amount used as COD-amount proxy — see docs/data_assumptions.md)
Carrier D,AWB7022565557,110714930789,2026-01-27,661,2026-01-29,Overdue,P1 - Urgent,[Remittance Due] AWB AWB7022565557 — COD ₹661 — Carrier D,"Dear Carrier D Finance Team,

The following COD shipment was delivered on 2026-01-27. Per the 2-day remittance SLA, payment of ₹661 is due by 2026-01-29 00:00:00.

AWB: AWB7022565557
Order ID: 110714930789
Delivery Date: 2026-01-27
Destination: Malappuram
COD Amount: ₹661

Please confirm remittance status.

Regards,
Finance Ops — AI Logistics Control Tower",DERIVED (package_amount used as COD-amount proxy — see docs/data_assumptions.md)
Carrier C,AWB1809086670,111014961750,2026-01-27,3698,2026-01-29,Overdue,P1 - Urgent,"[Remittance Due] AWB AWB1809086670 — COD ₹3,698 — Carrier C","Dear Carrier C Finance Team,

The following COD shipment was delivered on 2026-01-27. Per the 2-day remittance SLA, payment of ₹3,698 is due by 2026-01-29 00:00:00.

AWB: AWB1809086670
Order ID: 111014961750
Delivery Date: 2026-01-27
Destination: Nashik
COD Amount: ₹3,698

Please confirm remittance status.

Regards,
Finance Ops — AI Logistics Control Tower",DERIVED (package_amount used as COD-amount proxy — see docs/data_assumptions.md)
Carrier D,AWB5205886837,103014839518,2026-01-27,1113,2026-01-29,Overdue,P1 - Urgent,"[Remittance Due] AWB AWB5205886837 — COD ₹1,113 — Carrier D","Dear Carrier D Finance Team,

The following COD shipment was delivered on 2026-01-27. Per the 2-day remittance SLA, payment of ₹1,113 is due by 2026-01-29 00:00:00.

AWB: AWB5205886837
Order ID: 103014839518
Delivery Date: 2026-01-27
Destination: Bareilly
COD Amount: ₹1,113

Please confirm remittance status.

Regards,
Finance Ops — AI Logistics Control Tower",DERIVED (package_amount used as COD-amount proxy — see docs/data_assumptions.md)
Carrier A,AWB3417658233,101614678655,2026-01-27,1279,2026-01-29,Overdue,P1 - Urgent,"[Remittance Due] AWB AWB3417658233 — COD ₹1,279 — Carrier A","Dear Carrier A Finance Team,

The following COD shipment was delivered on 2026-01-27. Per the 2-day remittance SLA, payment of ₹1,279 is due by 2026-01-29 00:00:00.

AWB: AWB3417658233
Order ID: 101614678655
Delivery Date: 2026-01-27
Destination: Indore
COD Amount: ₹1,279

Please confirm remittance status.

Regards,
Finance Ops — AI Logistics Control Tower",DERIVED (package_amount used as COD-amount proxy — see docs/data_assumptions.md)
Carrier D,AWB7557128966,111014964734,2026-01-27,757,2026-01-29,Overdue,P1 - Urgent,[Remittance Due] AWB AWB7557128966 — COD ₹757 — Carrier D,"Dear Carrier D Finance Team,

The following COD shipment was delivered on 2026-01-27. Per the 2-day remittance SLA, payment of ₹757 is due by 2026-01-29 00:00:00.

AWB: AWB7557128966
Order ID: 111014964734
Delivery Date: 2026-01-27
Destination: Kanchipuram
COD Amount: ₹757

Please confirm remittance status.

Regards,
Finance Ops — AI Logistics Control Tower",DERIVED (package_amount used as COD-amount proxy — see docs/data_assumptions.md)
Carrier B,AWB0840484923,111014962113,2026-01-27,1288,2026-01-29,Overdue,P1 - Urgent,"[Remittance Due] AWB AWB0840484923 — COD ₹1,288 — Carrier B","Dear Carrier B Finance Team,

The following COD shipment was delivered on 2026-01-27. Per the 2-day remittance SLA, payment of ₹1,288 is due by 2026-01-29 00:00:00.

AWB: AWB0840484923
Order ID: 111014962113
Delivery Date: 2026-01-27
Destination: Chennai
COD Amount: ₹1,288

Please confirm remittance status.

Regards,
Finance Ops — AI Logistics Control Tower",DERIVED (package_amount used as COD-amount proxy — see docs/data_assumptions.md)
Carrier B,AWB1506973761,111014968281,2026-01-27,660,2026-01-29,Overdue,P1 - Urgent,[Remittance Due] AWB AWB1506973761 — COD ₹660 — Carrier B,"Dear Carrier B Finance Team,

The following COD shipment was delivered on 2026-01-27. Per the 2-day remittance SLA, payment of ₹660 is due by 2026-01-29 00:00:00.

AWB: AWB1506973761
Order ID: 111014968281
Delivery Date: 2026-01-27
Destination: Bangalore
COD Amount: ₹660

Please confirm remittance status.

Regards,
Finance Ops — AI Logistics Control Tower",DERIVED (package_amount used as COD-amount proxy — see docs/data_assumptions.md)
Carrier C,AWB8909357059,110614918039,2026-01-28,449,2026-01-30,Overdue,P1 - Urgent,[Remittance Due] AWB AWB8909357059 — COD ₹449 — Carrier C,"Dear Carrier C Finance Team,

The following COD shipment was delivered on 2026-01-28. Per the 2-day remittance SLA, payment of ₹449 is due by 2026-01-30 00:00:00.

AWB: AWB8909357059
Order ID: 110614918039
Delivery Date: 2026-01-28
Destination: Allahabad
COD Amount: ₹449

Please confirm remittance status.

Regards,
Finance Ops — AI Logistics Control Tower",DERIVED (package_amount used as COD-amount proxy — see docs/data_assumptions.md)
Carrier B,AWB2291784785,110714926384,2026-01-28,735,2026-01-30,Overdue,P1 - Urgent,[Remittance Due] AWB AWB2291784785 — COD ₹735 — Carrier B,"Dear Carrier B Finance Team,

The following COD shipment was delivered on 2026-01-28. Per the 2-day remittance SLA, payment of ₹735 is due by 2026-01-30 00:00:00.

AWB: AWB2291784785
Order ID: 110714926384
Delivery Date: 2026-01-28
Destination: Pune
COD Amount: ₹735

Please confirm remittance status.

Regards,
Finance Ops — AI Logistics Control Tower",DERIVED (package_amount used as COD-amount proxy — see docs/data_assumptions.md)
Carrier A,AWB5044887491,111014962210,2026-01-28,695,2026-01-30,Overdue,P1 - Urgent,[Remittance Due] AWB AWB5044887491 — COD ₹695 — Carrier A,"Dear Carrier A Finance Team,

The following COD shipment was delivered on 2026-01-28. Per the 2-day remittance SLA, payment of ₹695 is due by 2026-01-30 00:00:00.

AWB: AWB5044887491
Order ID: 111014962210
Delivery Date: 2026-01-28
Destination: Thane
COD Amount: ₹695

Please confirm remittance status.

Regards,
Finance Ops — AI Logistics Control Tower",DERIVED (package_amount used as COD-amount proxy — see docs/data_assumptions.md)
Carrier B,AWB7077565499,111014965390,2026-01-28,999,2026-01-30,Overdue,P1 - Urgent,[Remittance Due] AWB AWB7077565499 — COD ₹999 — Carrier B,"Dear Carrier B Finance Team,

The following COD shipment was delivered on 2026-01-28. Per the 2-day remittance SLA, payment of ₹999 is due by 2026-01-30 00:00:00.

AWB: AWB7077565499
Order ID: 111014965390
Delivery Date: 2026-01-28
Destination: Mumbai
COD Amount: ₹999

Please confirm remittance status.

Regards,
Finance Ops — AI Logistics Control Tower",DERIVED (package_amount used as COD-amount proxy — see docs/data_assumptions.md)
Carrier D,AWB0153902296,110814939796,2026-01-28,3061,2026-01-30,Overdue,P1 - Urgent,"[Remittance Due] AWB AWB0153902296 — COD ₹3,061 — Carrier D","Dear Carrier D Finance Team,

The following COD shipment was delivered on 2026-01-28. Per the 2-day remittance SLA, payment of ₹3,061 is due by 2026-01-30 00:00:00.

AWB: AWB0153902296
Order ID: 110814939796
Delivery Date: 2026-01-28
Destination: Lucknow
COD Amount: ₹3,061

Please confirm remittance status.

Regards,
Finance Ops — AI Logistics Control Tower",DERIVED (package_amount used as COD-amount proxy — see docs/data_assumptions.md)
Carrier C,AWB4405676373,111114974114,2026-01-28,887,2026-01-30,Overdue,P1 - Urgent,[Remittance Due] AWB AWB4405676373 — COD ₹887 — Carrier C,"Dear Carrier C Finance Team,

The following COD shipment was delivered on 2026-01-28. Per the 2-day remittance SLA, payment of ₹887 is due by 2026-01-30 00:00:00.

AWB: AWB4405676373
Order ID: 111114974114
Delivery Date: 2026-01-28
Destination: Hyderabad
COD Amount: ₹887

Please confirm remittance status.

Regards,
Finance Ops — AI Logistics Control Tower",DERIVED (package_amount used as COD-amount proxy — see docs/data_assumptions.md)
Carrier B,AWB8785048624,111114974695,2026-01-28,960,2026-01-30,Overdue,P1 - Urgent,[Remittance Due] AWB AWB8785048624 — COD ₹960 — Carrier B,"Dear Carrier B Finance Team,

The following COD shipment was delivered on 2026-01-28. Per the 2-day remittance SLA, payment of ₹960 is due by 2026-01-30 00:00:00.

AWB: AWB8785048624
Order ID: 111114974695
Delivery Date: 2026-01-28
Destination: Pune
COD Amount: ₹960

Please confirm remittance status.

Regards,
Finance Ops — AI Logistics Control Tower",DERIVED (package_amount used as COD-amount proxy — see docs/data_assumptions.md)
Carrier D,AWB8754918363,110714933974,2026-01-28,939,2026-01-30,Overdue,P1 - Urgent,[Remittance Due] AWB AWB8754918363 — COD ₹939 — Carrier D,"Dear Carrier D Finance Team,

The following COD shipment was delivered on 2026-01-28. Per the 2-day remittance SLA, payment of ₹939 is due by 2026-01-30 00:00:00.

AWB: AWB8754918363
Order ID: 110714933974
Delivery Date: 2026-01-28
Destination: East Godavari
COD Amount: ₹939

Please confirm remittance status.

Regards,
Finance Ops — AI Logistics Control Tower",DERIVED (package_amount used as COD-amount proxy — see docs/data_assumptions.md)
Carrier A,AWB4685605059,110914950501,2026-01-28,495,2026-01-30,Overdue,P1 - Urgent,[Remittance Due] AWB AWB4685605059 — COD ₹495 — Carrier A,"Dear Carrier A Finance Team,

The following COD shipment was delivered on 2026-01-28. Per the 2-day remittance SLA, payment of ₹495 is due by 2026-01-30 00:00:00.

AWB: AWB4685605059
Order ID: 110914950501
Delivery Date: 2026-01-28
Destination: Mumbai
COD Amount: ₹495

Please confirm remittance status.

Regards,
Finance Ops — AI Logistics Control Tower",DERIVED (package_amount used as COD-amount proxy — see docs/data_assumptions.md)
Carrier C,AWB9668312044,102714805402,2026-01-28,689,2026-01-30,Overdue,P1 - Urgent,[Remittance Due] AWB AWB9668312044 — COD ₹689 — Carrier C,"Dear Carrier C Finance Team,

The following COD shipment was delivered on 2026-01-28. Per the 2-day remittance SLA, payment of ₹689 is due by 2026-01-30 00:00:00.

AWB: AWB9668312044
Order ID: 102714805402
Delivery Date: 2026-01-28
Destination: Faizabad
COD Amount: ₹689

Please confirm remittance status.

Regards,
Finance Ops — AI Logistics Control Tower",DERIVED (package_amount used as COD-amount proxy — see docs/data_assumptions.md)
Carrier B,AWB2304604070,110614917867,2026-01-28,745,2026-01-30,Overdue,P1 - Urgent,[Remittance Due] AWB AWB2304604070 — COD ₹745 — Carrier B,"Dear Carrier B Finance Team,

The following COD shipment was delivered on 2026-01-28. Per the 2-day remittance SLA, payment of ₹745 is due by 2026-01-30 00:00:00.

AWB: AWB2304604070
Order ID: 110614917867
Delivery Date: 2026-01-28
Destination: Sangrur
COD Amount: ₹745

Please confirm remittance status.

Regards,
Finance Ops — AI Logistics Control Tower",DERIVED (package_amount used as COD-amount proxy — see docs/data_assumptions.md)
Carrier A,AWB5717376656,110714934997,2026-01-28,554,2026-01-30,Overdue,P1 - Urgent,[Remittance Due] AWB AWB5717376656 — COD ₹554 — Carrier A,"Dear Carrier A Finance Team,

The following COD shipment was delivered on 2026-01-28. Per the 2-day remittance SLA, payment of ₹554 is due by 2026-01-30 00:00:00.

AWB: AWB5717376656
Order ID: 110714934997
Delivery Date: 2026-01-28
Destination: Durg
COD Amount: ₹554

Please confirm remittance status.

Regards,
Finance Ops — AI Logistics Control Tower",DERIVED (package_amount used as COD-amount proxy — see docs/data_assumptions.md)
Carrier C,AWB6693484947,110414888043,2026-01-28,833,2026-01-30,Overdue,P1 - Urgent,[Remittance Due] AWB AWB6693484947 — COD ₹833 — Carrier C,"Dear Carrier C Finance Team,

The following COD shipment was delivered on 2026-01-28. Per the 2-day remittance SLA, payment of ₹833 is due by 2026-01-30 00:00:00.

AWB: AWB6693484947
Order ID: 110414888043
Delivery Date: 2026-01-28
Destination: Raipur
COD Amount: ₹833

Please confirm remittance status.

Regards,
Finance Ops — AI Logistics Control Tower",DERIVED (package_amount used as COD-amount proxy — see docs/data_assumptions.md)
Carrier B,AWB9902829623,110914949814,2026-01-28,840,2026-01-30,Overdue,P1 - Urgent,[Remittance Due] AWB AWB9902829623 — COD ₹840 — Carrier B,"Dear Carrier B Finance Team,

The following COD shipment was delivered on 2026-01-28. Per the 2-day remittance SLA, payment of ₹840 is due by 2026-01-30 00:00:00.

AWB: AWB9902829623
Order ID: 110914949814
Delivery Date: 2026-01-28
Destination: Chittoor
COD Amount: ₹840

Please confirm remittance status.

Regards,
Finance Ops — AI Logistics Control Tower",DERIVED (package_amount used as COD-amount proxy — see docs/data_assumptions.md)
Carrier D,AWB2619516017,110714935252,2026-01-28,237,2026-01-30,Overdue,P1 - Urgent,[Remittance Due] AWB AWB2619516017 — COD ₹237 — Carrier D,"Dear Carrier D Finance Team,

The following COD shipment was delivered on 2026-01-28. Per the 2-day remittance SLA, payment of ₹237 is due by 2026-01-30 00:00:00.

AWB: AWB2619516017
Order ID: 110714935252
Delivery Date: 2026-01-28
Destination: bhilwaraBhilwara
COD Amount: ₹237

Please confirm remittance status.

Regards,
Finance Ops — AI Logistics Control Tower",DERIVED (package_amount used as COD-amount proxy — see docs/data_assumptions.md)
Carrier D,AWB7287542534,110514902941,2026-01-28,699,2026-01-30,Overdue,P1 - Urgent,[Remittance Due] AWB AWB7287542534 — COD ₹699 — Carrier D,"Dear Carrier D Finance Team,

The following COD shipment was delivered on 2026-01-28. Per the 2-day remittance SLA, payment of ₹699 is due by 2026-01-30 00:00:00.

AWB: AWB7287542534
Order ID: 110514902941
Delivery Date: 2026-01-28
Destination: Baleswar
COD Amount: ₹699

Please confirm remittance status.

Regards,
Finance Ops — AI Logistics Control Tower",DERIVED (package_amount used as COD-amount proxy — see docs/data_assumptions.md)
Carrier C,AWB1262241967,110914955188,2026-01-28,2104,2026-01-30,Overdue,P1 - Urgent,"[Remittance Due] AWB AWB1262241967 — COD ₹2,104 — Carrier C","Dear Carrier C Finance Team,

The following COD shipment was delivered on 2026-01-28. Per the 2-day remittance SLA, payment of ₹2,104 is due by 2026-01-30 00:00:00.

AWB: AWB1262241967
Order ID: 110914955188
Delivery Date: 2026-01-28
Destination: Lucknow
COD Amount: ₹2,104

Please confirm remittance status.

Regards,
Finance Ops — AI Logistics Control Tower",DERIVED (package_amount used as COD-amount proxy — see docs/data_assumptions.md)
Carrier A,AWB1750428552,110814942310,2026-01-28,998,2026-01-30,Overdue,P1 - Urgent,[Remittance Due] AWB AWB1750428552 — COD ₹998 — Carrier A,"Dear Carrier A Finance Team,

The following COD shipment was delivered on 2026-01-28. Per the 2-day remittance SLA, payment of ₹998 is due by 2026-01-30 00:00:00.

AWB: AWB1750428552
Order ID: 110814942310
Delivery Date: 2026-01-28
Destination: Gurgaon
COD Amount: ₹998

Please confirm remittance status.

Regards,
Finance Ops — AI Logistics Control Tower",DERIVED (package_amount used as COD-amount proxy — see docs/data_assumptions.md)
Carrier D,AWB8811542394,110614922464,2026-01-28,989,2026-01-30,Overdue,P1 - Urgent,[Remittance Due] AWB AWB8811542394 — COD ₹989 — Carrier D,"Dear Carrier D Finance Team,

The following COD shipment was delivered on 2026-01-28. Per the 2-day remittance SLA, payment of ₹989 is due by 2026-01-30 00:00:00.

AWB: AWB8811542394
Order ID: 110614922464
Delivery Date: 2026-01-28
Destination: Ernakulam
COD Amount: ₹989

Please confirm remittance status.

Regards,
Finance Ops — AI Logistics Control Tower",DERIVED (package_amount used as COD-amount proxy — see docs/data_assumptions.md)
Carrier B,AWB5137899939,103114840390,2026-01-28,1393,2026-01-30,Overdue,P1 - Urgent,"[Remittance Due] AWB AWB5137899939 — COD ₹1,393 — Carrier B","Dear Carrier B Finance Team,

The following COD shipment was delivered on 2026-01-28. Per the 2-day remittance SLA, payment of ₹1,393 is due by 2026-01-30 00:00:00.

AWB: AWB5137899939
Order ID: 103114840390
Delivery Date: 2026-01-28
Destination: Gautam Buddha Nagar
COD Amount: ₹1,393

Please confirm remittance status.

Regards,
Finance Ops — AI Logistics Control Tower",DERIVED (package_amount used as COD-amount proxy — see docs/data_assumptions.md)
Carrier A,AWB5078278642,101814701443,2026-01-28,1219,2026-01-30,Overdue,P1 - Urgent,"[Remittance Due] AWB AWB5078278642 — COD ₹1,219 — Carrier A","Dear Carrier A Finance Team,

The following COD shipment was delivered on 2026-01-28. Per the 2-day remittance SLA, payment of ₹1,219 is due by 2026-01-30 00:00:00.

AWB: AWB5078278642
Order ID: 101814701443
Delivery Date: 2026-01-28
Destination: Chennai
COD Amount: ₹1,219

Please confirm remittance status.

Regards,
Finance Ops — AI Logistics Control Tower",DERIVED (package_amount used as COD-amount proxy — see docs/data_assumptions.md)
Carrier D,AWB6640237111,103114844728,2026-01-28,769,2026-01-30,Overdue,P1 - Urgent,[Remittance Due] AWB AWB6640237111 — COD ₹769 — Carrier D,"Dear Carrier D Finance Team,

The following COD shipment was delivered on 2026-01-28. Per the 2-day remittance SLA, payment of ₹769 is due by 2026-01-30 00:00:00.

AWB: AWB6640237111
Order ID: 103114844728
Delivery Date: 2026-01-28
Destination: PATNA
COD Amount: ₹769

Please confirm remittance status.

Regards,
Finance Ops — AI Logistics Control Tower",DERIVED (package_amount used as COD-amount proxy — see docs/data_assumptions.md)
Carrier A,AWB7262557846,103114846045,2026-01-28,777,2026-01-30,Overdue,P1 - Urgent,[Remittance Due] AWB AWB7262557846 — COD ₹777 — Carrier A,"Dear Carrier A Finance Team,

The following COD shipment was delivered on 2026-01-28. Per the 2-day remittance SLA, payment of ₹777 is due by 2026-01-30 00:00:00.

AWB: AWB7262557846
Order ID: 103114846045
Delivery Date: 2026-01-28
Destination: Mumbai
COD Amount: ₹777

Please confirm remittance status.

Regards,
Finance Ops — AI Logistics Control Tower",DERIVED (package_amount used as COD-amount proxy — see docs/data_assumptions.md)
Carrier B,AWB8595281174,110914960757,2026-01-28,582,2026-01-30,Overdue,P1 - Urgent,[Remittance Due] AWB AWB8595281174 — COD ₹582 — Carrier B,"Dear Carrier B Finance Team,

The following COD shipment was delivered on 2026-01-28. Per the 2-day remittance SLA, payment of ₹582 is due by 2026-01-30 00:00:00.

AWB: AWB8595281174
Order ID: 110914960757
Delivery Date: 2026-01-28
Destination: Mumbai
COD Amount: ₹582

Please confirm remittance status.

Regards,
Finance Ops — AI Logistics Control Tower",DERIVED (package_amount used as COD-amount proxy — see docs/data_assumptions.md)
Carrier A,AWB6242736268,110214870701,2026-01-29,849,2026-01-31,Overdue,P1 - Urgent,[Remittance Due] AWB AWB6242736268 — COD ₹849 — Carrier A,"Dear Carrier A Finance Team,

The following COD shipment was delivered on 2026-01-29. Per the 2-day remittance SLA, payment of ₹849 is due by 2026-01-31 00:00:00.

AWB: AWB6242736268
Order ID: 110214870701
Delivery Date: 2026-01-29
Destination: bhavnagar
COD Amount: ₹849

Please confirm remittance status.

Regards,
Finance Ops — AI Logistics Control Tower",DERIVED (package_amount used as COD-amount proxy — see docs/data_assumptions.md)
Carrier B,AWB1588031869,110614921504,2026-01-29,811,2026-01-31,Overdue,P1 - Urgent,[Remittance Due] AWB AWB1588031869 — COD ₹811 — Carrier B,"Dear Carrier B Finance Team,

The following COD shipment was delivered on 2026-01-29. Per the 2-day remittance SLA, payment of ₹811 is due by 2026-01-31 00:00:00.

AWB: AWB1588031869
Order ID: 110614921504
Delivery Date: 2026-01-29
Destination: Bangalore
COD Amount: ₹811

Please confirm remittance status.

Regards,
Finance Ops — AI Logistics Control Tower",DERIVED (package_amount used as COD-amount proxy — see docs/data_assumptions.md)
Carrier B,AWB0143734093,111014962237,2026-01-29,540,2026-01-31,Overdue,P1 - Urgent,[Remittance Due] AWB AWB0143734093 — COD ₹540 — Carrier B,"Dear Carrier B Finance Team,

The following COD shipment was delivered on 2026-01-29. Per the 2-day remittance SLA, payment of ₹540 is due by 2026-01-31 00:00:00.

AWB: AWB0143734093
Order ID: 111014962237
Delivery Date: 2026-01-29
Destination: Bangalore
COD Amount: ₹540

Please confirm remittance status.

Regards,
Finance Ops — AI Logistics Control Tower",DERIVED (package_amount used as COD-amount proxy — see docs/data_assumptions.md)
Carrier C,AWB3128896388,110714929116,2026-01-29,900,2026-01-31,Overdue,P1 - Urgent,[Remittance Due] AWB AWB3128896388 — COD ₹900 — Carrier C,"Dear Carrier C Finance Team,

The following COD shipment was delivered on 2026-01-29. Per the 2-day remittance SLA, payment of ₹900 is due by 2026-01-31 00:00:00.

AWB: AWB3128896388
Order ID: 110714929116
Delivery Date: 2026-01-29
Destination: Gurgaon
COD Amount: ₹900

Please confirm remittance status.

Regards,
Finance Ops — AI Logistics Control Tower",DERIVED (package_amount used as COD-amount proxy — see docs/data_assumptions.md)
Carrier B,AWB3956358072,110714924846,2026-01-29,656,2026-01-31,Overdue,P1 - Urgent,[Remittance Due] AWB AWB3956358072 — COD ₹656 — Carrier B,"Dear Carrier B Finance Team,

The following COD shipment was delivered on 2026-01-29. Per the 2-day remittance SLA, payment of ₹656 is due by 2026-01-31 00:00:00.

AWB: AWB3956358072
Order ID: 110714924846
Delivery Date: 2026-01-29
Destination: Gurgaon
COD Amount: ₹656

Please confirm remittance status.

Regards,
Finance Ops — AI Logistics Control Tower",DERIVED (package_amount used as COD-amount proxy — see docs/data_assumptions.md)
Carrier D,AWB5044432605,111114981294,2026-01-29,2252,2026-01-31,Overdue,P1 - Urgent,"[Remittance Due] AWB AWB5044432605 — COD ₹2,252 — Carrier D","Dear Carrier D Finance Team,

The following COD shipment was delivered on 2026-01-29. Per the 2-day remittance SLA, payment of ₹2,252 is due by 2026-01-31 00:00:00.

AWB: AWB5044432605
Order ID: 111114981294
Delivery Date: 2026-01-29
Destination: West Delhi
COD Amount: ₹2,252

Please confirm remittance status.

Regards,
Finance Ops — AI Logistics Control Tower",DERIVED (package_amount used as COD-amount proxy — see docs/data_assumptions.md)
Carrier B,AWB3762479397,102414774017,2026-01-29,1409,2026-01-31,Overdue,P1 - Urgent,"[Remittance Due] AWB AWB3762479397 — COD ₹1,409 — Carrier B","Dear Carrier B Finance Team,

The following COD shipment was delivered on 2026-01-29. Per the 2-day remittance SLA, payment of ₹1,409 is due by 2026-01-31 00:00:00.

AWB: AWB3762479397
Order ID: 102414774017
Delivery Date: 2026-01-29
Destination: Mumbai
COD Amount: ₹1,409

Please confirm remittance status.

Regards,
Finance Ops — AI Logistics Control Tower",DERIVED (package_amount used as COD-amount proxy — see docs/data_assumptions.md)
Carrier C,AWB6574436648,110914956470,2026-01-29,3185,2026-01-31,Overdue,P1 - Urgent,"[Remittance Due] AWB AWB6574436648 — COD ₹3,185 — Carrier C","Dear Carrier C Finance Team,

The following COD shipment was delivered on 2026-01-29. Per the 2-day remittance SLA, payment of ₹3,185 is due by 2026-01-31 00:00:00.

AWB: AWB6574436648
Order ID: 110914956470
Delivery Date: 2026-01-29
Destination: Faizabad
COD Amount: ₹3,185

Please confirm remittance status.

Regards,
Finance Ops — AI Logistics Control Tower",DERIVED (package_amount used as COD-amount proxy — see docs/data_assumptions.md)
Carrier D,AWB6975523235,110914953863,2026-01-29,807,2026-01-31,Overdue,P1 - Urgent,[Remittance Due] AWB AWB6975523235 — COD ₹807 — Carrier D,"Dear Carrier D Finance Team,

The following COD shipment was delivered on 2026-01-29. Per the 2-day remittance SLA, payment of ₹807 is due by 2026-01-31 00:00:00.

AWB: AWB6975523235
Order ID: 110914953863
Delivery Date: 2026-01-29
Destination: Ghaziabad
COD Amount: ₹807

Please confirm remittance status.

Regards,
Finance Ops — AI Logistics Control Tower",DERIVED (package_amount used as COD-amount proxy — see docs/data_assumptions.md)
Carrier A,AWB0258168134,110614918599,2026-01-29,717,2026-01-31,Overdue,P1 - Urgent,[Remittance Due] AWB AWB0258168134 — COD ₹717 — Carrier A,"Dear Carrier A Finance Team,

The following COD shipment was delivered on 2026-01-29. Per the 2-day remittance SLA, payment of ₹717 is due by 2026-01-31 00:00:00.

AWB: AWB0258168134
Order ID: 110614918599
Delivery Date: 2026-01-29
Destination: East Khasi Hills
COD Amount: ₹717

Please confirm remittance status.

Regards,
Finance Ops — AI Logistics Control Tower",DERIVED (package_amount used as COD-amount proxy — see docs/data_assumptions.md)
Carrier C,AWB2143412854,110914955556,2026-01-29,700,2026-01-31,Overdue,P1 - Urgent,[Remittance Due] AWB AWB2143412854 — COD ₹700 — Carrier C,"Dear Carrier C Finance Team,

The following COD shipment was delivered on 2026-01-29. Per the 2-day remittance SLA, payment of ₹700 is due by 2026-01-31 00:00:00.

AWB: AWB2143412854
Order ID: 110914955556
Delivery Date: 2026-01-29
Destination: Ahmedabad
COD Amount: ₹700

Please confirm remittance status.

Regards,
Finance Ops — AI Logistics Control Tower",DERIVED (package_amount used as COD-amount proxy — see docs/data_assumptions.md)
Carrier A,AWB6229829442,110814944410,2026-01-29,499,2026-01-31,Overdue,P1 - Urgent,[Remittance Due] AWB AWB6229829442 — COD ₹499 — Carrier A,"Dear Carrier A Finance Team,

The following COD shipment was delivered on 2026-01-29. Per the 2-day remittance SLA, payment of ₹499 is due by 2026-01-31 00:00:00.

AWB: AWB6229829442
Order ID: 110814944410
Delivery Date: 2026-01-29
Destination: Jaipur
COD Amount: ₹499

Please confirm remittance status.

Regards,
Finance Ops — AI Logistics Control Tower",DERIVED (package_amount used as COD-amount proxy — see docs/data_assumptions.md)
Carrier B,AWB0664794315,111014966806,2026-01-29,405,2026-01-31,Overdue,P1 - Urgent,[Remittance Due] AWB AWB0664794315 — COD ₹405 — Carrier B,"Dear Carrier B Finance Team,

The following COD shipment was delivered on 2026-01-29. Per the 2-day remittance SLA, payment of ₹405 is due by 2026-01-31 00:00:00.

AWB: AWB0664794315
Order ID: 111014966806
Delivery Date: 2026-01-29
Destination: Ghaziabad
COD Amount: ₹405

Please confirm remittance status.

Regards,
Finance Ops — AI Logistics Control Tower",DERIVED (package_amount used as COD-amount proxy — see docs/data_assumptions.md)
Carrier D,AWB2112812908,111014966086,2026-01-29,789,2026-01-31,Overdue,P1 - Urgent,[Remittance Due] AWB AWB2112812908 — COD ₹789 — Carrier D,"Dear Carrier D Finance Team,

The following COD shipment was delivered on 2026-01-29. Per the 2-day remittance SLA, payment of ₹789 is due by 2026-01-31 00:00:00.

AWB: AWB2112812908
Order ID: 111014966086
Delivery Date: 2026-01-29
Destination: Lucknow
COD Amount: ₹789

Please confirm remittance status.

Regards,
Finance Ops — AI Logistics Control Tower",DERIVED (package_amount used as COD-amount proxy — see docs/data_assumptions.md)
Carrier C,AWB7797149832,111114980121,2026-01-29,727,2026-01-31,Overdue,P1 - Urgent,[Remittance Due] AWB AWB7797149832 — COD ₹727 — Carrier C,"Dear Carrier C Finance Team,

The following COD shipment was delivered on 2026-01-29. Per the 2-day remittance SLA, payment of ₹727 is due by 2026-01-31 00:00:00.

AWB: AWB7797149832
Order ID: 111114980121
Delivery Date: 2026-01-29
Destination: Pune
COD Amount: ₹727

Please confirm remittance status.

Regards,
Finance Ops — AI Logistics Control Tower",DERIVED (package_amount used as COD-amount proxy — see docs/data_assumptions.md)
Carrier A,AWB7234271442,110814937228,2026-01-29,2164,2026-01-31,Overdue,P1 - Urgent,"[Remittance Due] AWB AWB7234271442 — COD ₹2,164 — Carrier A","Dear Carrier A Finance Team,

The following COD shipment was delivered on 2026-01-29. Per the 2-day remittance SLA, payment of ₹2,164 is due by 2026-01-31 00:00:00.

AWB: AWB7234271442
Order ID: 110814937228
Delivery Date: 2026-01-29
Destination: Hyderabad
COD Amount: ₹2,164

Please confirm remittance status.

Regards,
Finance Ops — AI Logistics Control Tower",DERIVED (package_amount used as COD-amount proxy — see docs/data_assumptions.md)
Carrier A,AWB9625681297,92214332866,2026-01-29,639,2026-01-31,Overdue,P1 - Urgent,[Remittance Due] AWB AWB9625681297 — COD ₹639 — Carrier A,"Dear Carrier A Finance Team,

The following COD shipment was delivered on 2026-01-29. Per the 2-day remittance SLA, payment of ₹639 is due by 2026-01-31 00:00:00.

AWB: AWB9625681297
Order ID: 92214332866
Delivery Date: 2026-01-29
Destination: Hyderabad
COD Amount: ₹639

Please confirm remittance status.

Regards,
Finance Ops — AI Logistics Control Tower",DERIVED (package_amount used as COD-amount proxy — see docs/data_assumptions.md)
Carrier D,AWB6274941675,111114976058,2026-01-29,513,2026-01-31,Overdue,P1 - Urgent,[Remittance Due] AWB AWB6274941675 — COD ₹513 — Carrier D,"Dear Carrier D Finance Team,

The following COD shipment was delivered on 2026-01-29. Per the 2-day remittance SLA, payment of ₹513 is due by 2026-01-31 00:00:00.

AWB: AWB6274941675
Order ID: 111114976058
Delivery Date: 2026-01-29
Destination: South West Delhi
COD Amount: ₹513

Please confirm remittance status.

Regards,
Finance Ops — AI Logistics Control Tower",DERIVED (package_amount used as COD-amount proxy — see docs/data_assumptions.md)
Carrier A,AWB8247798876,110714933515,2026-01-29,1228,2026-01-31,Overdue,P1 - Urgent,"[Remittance Due] AWB AWB8247798876 — COD ₹1,228 — Carrier A","Dear Carrier A Finance Team,

The following COD shipment was delivered on 2026-01-29. Per the 2-day remittance SLA, payment of ₹1,228 is due by 2026-01-31 00:00:00.

AWB: AWB8247798876
Order ID: 110714933515
Delivery Date: 2026-01-29
Destination: South West Delhi
COD Amount: ₹1,228

Please confirm remittance status.

Regards,
Finance Ops — AI Logistics Control Tower",DERIVED (package_amount used as COD-amount proxy — see docs/data_assumptions.md)
Carrier B,AWB0402256104,110114863220,2026-01-30,1004,2026-02-01,Overdue,P1 - Urgent,"[Remittance Due] AWB AWB0402256104 — COD ₹1,004 — Carrier B","Dear Carrier B Finance Team,

The following COD shipment was delivered on 2026-01-30. Per the 2-day remittance SLA, payment of ₹1,004 is due by 2026-02-01 00:00:00.

AWB: AWB0402256104
Order ID: 110114863220
Delivery Date: 2026-01-30
Destination: Visakhapatnam
COD Amount: ₹1,004

Please confirm remittance status.

Regards,
Finance Ops — AI Logistics Control Tower",DERIVED (package_amount used as COD-amount proxy — see docs/data_assumptions.md)
Carrier B,AWB0918562550,111114979640,2026-01-30,2060,2026-02-01,Overdue,P1 - Urgent,"[Remittance Due] AWB AWB0918562550 — COD ₹2,060 — Carrier B","Dear Carrier B Finance Team,

The following COD shipment was delivered on 2026-01-30. Per the 2-day remittance SLA, payment of ₹2,060 is due by 2026-02-01 00:00:00.

AWB: AWB0918562550
Order ID: 111114979640
Delivery Date: 2026-01-30
Destination: Pune
COD Amount: ₹2,060

Please confirm remittance status.

Regards,
Finance Ops — AI Logistics Control Tower",DERIVED (package_amount used as COD-amount proxy — see docs/data_assumptions.md)
Carrier A,AWB1751618205,111114977233,2026-01-30,689,2026-02-01,Overdue,P1 - Urgent,[Remittance Due] AWB AWB1751618205 — COD ₹689 — Carrier A,"Dear Carrier A Finance Team,

The following COD shipment was delivered on 2026-01-30. Per the 2-day remittance SLA, payment of ₹689 is due by 2026-02-01 00:00:00.

AWB: AWB1751618205
Order ID: 111114977233
Delivery Date: 2026-01-30
Destination: Mumbai
COD Amount: ₹689

Please confirm remittance status.

Regards,
Finance Ops — AI Logistics Control Tower",DERIVED (package_amount used as COD-amount proxy — see docs/data_assumptions.md)
Carrier D,AWB8489041191,110414894219,2026-01-30,889,2026-02-01,Overdue,P1 - Urgent,[Remittance Due] AWB AWB8489041191 — COD ₹889 — Carrier D,"Dear Carrier D Finance Team,

The following COD shipment was delivered on 2026-01-30. Per the 2-day remittance SLA, payment of ₹889 is due by 2026-02-01 00:00:00.

AWB: AWB8489041191
Order ID: 110414894219
Delivery Date: 2026-01-30
Destination: Gulbarga
COD Amount: ₹889

Please confirm remittance status.

Regards,
Finance Ops — AI Logistics Control Tower",DERIVED (package_amount used as COD-amount proxy — see docs/data_assumptions.md)
Carrier C,AWB9289736467,101914719085,2026-01-30,849,2026-02-01,Overdue,P1 - Urgent,[Remittance Due] AWB AWB9289736467 — COD ₹849 — Carrier C,"Dear Carrier C Finance Team,

The following COD shipment was delivered on 2026-01-30. Per the 2-day remittance SLA, payment of ₹849 is due by 2026-02-01 00:00:00.

AWB: AWB9289736467
Order ID: 101914719085
Delivery Date: 2026-01-30
Destination: Lalitpur
COD Amount: ₹849

Please confirm remittance status.

Regards,
Finance Ops — AI Logistics Control Tower",DERIVED (package_amount used as COD-amount proxy — see docs/data_assumptions.md)
Carrier C,AWB3376837447,110914957063,2026-01-30,569,2026-02-01,Overdue,P1 - Urgent,[Remittance Due] AWB AWB3376837447 — COD ₹569 — Carrier C,"Dear Carrier C Finance Team,

The following COD shipment was delivered on 2026-01-30. Per the 2-day remittance SLA, payment of ₹569 is due by 2026-02-01 00:00:00.

AWB: AWB3376837447
Order ID: 110914957063
Delivery Date: 2026-01-30
Destination: Alappuzha
COD Amount: ₹569

Please confirm remittance status.

Regards,
Finance Ops — AI Logistics Control Tower",DERIVED (package_amount used as COD-amount proxy — see docs/data_assumptions.md)
Carrier D,AWB6427378631,100614530490,2026-01-30,959,2026-02-01,Overdue,P1 - Urgent,[Remittance Due] AWB AWB6427378631 — COD ₹959 — Carrier D,"Dear Carrier D Finance Team,

The following COD shipment was delivered on 2026-01-30. Per the 2-day remittance SLA, payment of ₹959 is due by 2026-02-01 00:00:00.

AWB: AWB6427378631
Order ID: 100614530490
Delivery Date: 2026-01-30
Destination: Lucknow
COD Amount: ₹959

Please confirm remittance status.

Regards,
Finance Ops — AI Logistics Control Tower",DERIVED (package_amount used as COD-amount proxy — see docs/data_assumptions.md)
Carrier B,AWB7594540415,110314883500,2026-01-30,1544,2026-02-01,Overdue,P1 - Urgent,"[Remittance Due] AWB AWB7594540415 — COD ₹1,544 — Carrier B","Dear Carrier B Finance Team,

The following COD shipment was delivered on 2026-01-30. Per the 2-day remittance SLA, payment of ₹1,544 is due by 2026-02-01 00:00:00.

AWB: AWB7594540415
Order ID: 110314883500
Delivery Date: 2026-01-30
Destination: aizawl
COD Amount: ₹1,544

Please confirm remittance status.

Regards,
Finance Ops — AI Logistics Control Tower",DERIVED (package_amount used as COD-amount proxy — see docs/data_assumptions.md)
Carrier A,AWB6787719923,111114976601,2026-01-30,1087,2026-02-01,Overdue,P1 - Urgent,"[Remittance Due] AWB AWB6787719923 — COD ₹1,087 — Carrier A","Dear Carrier A Finance Team,

The following COD shipment was delivered on 2026-01-30. Per the 2-day remittance SLA, payment of ₹1,087 is due by 2026-02-01 00:00:00.

AWB: AWB6787719923
Order ID: 111114976601
Delivery Date: 2026-01-30
Destination: Mumbai
COD Amount: ₹1,087

Please confirm remittance status.

Regards,
Finance Ops — AI Logistics Control Tower",DERIVED (package_amount used as COD-amount proxy — see docs/data_assumptions.md)
Carrier A,AWB9975835722,111014961447,2026-01-30,333,2026-02-01,Overdue,P1 - Urgent,[Remittance Due] AWB AWB9975835722 — COD ₹333 — Carrier A,"Dear Carrier A Finance Team,

The following COD shipment was delivered on 2026-01-30. Per the 2-day remittance SLA, payment of ₹333 is due by 2026-02-01 00:00:00.

AWB: AWB9975835722
Order ID: 111014961447
Delivery Date: 2026-01-30
Destination: BANGALORE
COD Amount: ₹333

Please confirm remittance status.

Regards,
Finance Ops — AI Logistics Control Tower",DERIVED (package_amount used as COD-amount proxy — see docs/data_assumptions.md)
Carrier A,AWB6381125425,111014967763,2026-01-30,1918,2026-02-01,Overdue,P1 - Urgent,"[Remittance Due] AWB AWB6381125425 — COD ₹1,918 — Carrier A","Dear Carrier A Finance Team,

The following COD shipment was delivered on 2026-01-30. Per the 2-day remittance SLA, payment of ₹1,918 is due by 2026-02-01 00:00:00.

AWB: AWB6381125425
Order ID: 111014967763
Delivery Date: 2026-01-30
Destination: Mumbai
COD Amount: ₹1,918

Please confirm remittance status.

Regards,
Finance Ops — AI Logistics Control Tower",DERIVED (package_amount used as COD-amount proxy — see docs/data_assumptions.md)
Carrier A,AWB4206749462,110914960741,2026-01-30,699,2026-02-01,Overdue,P1 - Urgent,[Remittance Due] AWB AWB4206749462 — COD ₹699 — Carrier A,"Dear Carrier A Finance Team,

The following COD shipment was delivered on 2026-01-30. Per the 2-day remittance SLA, payment of ₹699 is due by 2026-02-01 00:00:00.

AWB: AWB4206749462
Order ID: 110914960741
Delivery Date: 2026-01-30
Destination: Thane
COD Amount: ₹699

Please confirm remittance status.

Regards,
Finance Ops — AI Logistics Control Tower",DERIVED (package_amount used as COD-amount proxy — see docs/data_assumptions.md)
Carrier C,AWB8208245828,110714926727,2026-01-30,1498,2026-02-01,Overdue,P1 - Urgent,"[Remittance Due] AWB AWB8208245828 — COD ₹1,498 — Carrier C","Dear Carrier C Finance Team,

The following COD shipment was delivered on 2026-01-30. Per the 2-day remittance SLA, payment of ₹1,498 is due by 2026-02-01 00:00:00.

AWB: AWB8208245828
Order ID: 110714926727
Delivery Date: 2026-01-30
Destination: Chandigarh
COD Amount: ₹1,498

Please confirm remittance status.

Regards,
Finance Ops — AI Logistics Control Tower",DERIVED (package_amount used as COD-amount proxy — see docs/data_assumptions.md)
Carrier D,AWB0836677794,100314484701,2026-01-31,759,2026-02-02,Overdue,P1 - Urgent,[Remittance Due] AWB AWB0836677794 — COD ₹759 — Carrier D,"Dear Carrier D Finance Team,

The following COD shipment was delivered on 2026-01-31. Per the 2-day remittance SLA, payment of ₹759 is due by 2026-02-02 00:00:00.

AWB: AWB0836677794
Order ID: 100314484701
Delivery Date: 2026-01-31
Destination: Hyderabad
COD Amount: ₹759

Please confirm remittance status.

Regards,
Finance Ops — AI Logistics Control Tower",DERIVED (package_amount used as COD-amount proxy — see docs/data_assumptions.md)
Carrier D,AWB8479002435,110114854837,2026-01-31,499,2026-02-02,Overdue,P1 - Urgent,[Remittance Due] AWB AWB8479002435 — COD ₹499 — Carrier D,"Dear Carrier D Finance Team,

The following COD shipment was delivered on 2026-01-31. Per the 2-day remittance SLA, payment of ₹499 is due by 2026-02-02 00:00:00.

AWB: AWB8479002435
Order ID: 110114854837
Delivery Date: 2026-01-31
Destination: Kanchipuram
COD Amount: ₹499

Please confirm remittance status.

Regards,
Finance Ops — AI Logistics Control Tower",DERIVED (package_amount used as COD-amount proxy — see docs/data_assumptions.md)
Carrier B,AWB1989778133,111114976840,2026-01-31,809,2026-02-02,Overdue,P1 - Urgent,[Remittance Due] AWB AWB1989778133 — COD ₹809 — Carrier B,"Dear Carrier B Finance Team,

The following COD shipment was delivered on 2026-01-31. Per the 2-day remittance SLA, payment of ₹809 is due by 2026-02-02 00:00:00.

AWB: AWB1989778133
Order ID: 111114976840
Delivery Date: 2026-01-31
Destination: Bangalore
COD Amount: ₹809

Please confirm remittance status.

Regards,
Finance Ops — AI Logistics Control Tower",DERIVED (package_amount used as COD-amount proxy — see docs/data_assumptions.md)
Carrier D,AWB2646501392,110414891301,2026-01-31,976,2026-02-02,Overdue,P1 - Urgent,[Remittance Due] AWB AWB2646501392 — COD ₹976 — Carrier D,"Dear Carrier D Finance Team,

The following COD shipment was delivered on 2026-01-31. Per the 2-day remittance SLA, payment of ₹976 is due by 2026-02-02 00:00:00.

AWB: AWB2646501392
Order ID: 110414891301
Delivery Date: 2026-01-31
Destination: Udham Singh Nagar
COD Amount: ₹976

Please confirm remittance status.

Regards,
Finance Ops — AI Logistics Control Tower",DERIVED (package_amount used as COD-amount proxy — see docs/data_assumptions.md)
Carrier A,AWB3380974369,103014827867,2026-01-31,499,2026-02-02,Overdue,P1 - Urgent,[Remittance Due] AWB AWB3380974369 — COD ₹499 — Carrier A,"Dear Carrier A Finance Team,

The following COD shipment was delivered on 2026-01-31. Per the 2-day remittance SLA, payment of ₹499 is due by 2026-02-02 00:00:00.

AWB: AWB3380974369
Order ID: 103014827867
Delivery Date: 2026-01-31
Destination: Bangalore
COD Amount: ₹499

Please confirm remittance status.

Regards,
Finance Ops — AI Logistics Control Tower",DERIVED (package_amount used as COD-amount proxy — see docs/data_assumptions.md)
Carrier B,AWB2862032304,111114973178,2026-01-31,643,2026-02-02,Overdue,P1 - Urgent,[Remittance Due] AWB AWB2862032304 — COD ₹643 — Carrier B,"Dear Carrier B Finance Team,

The following COD shipment was delivered on 2026-01-31. Per the 2-day remittance SLA, payment of ₹643 is due by 2026-02-02 00:00:00.

AWB: AWB2862032304
Order ID: 111114973178
Delivery Date: 2026-01-31
Destination: Thane
COD Amount: ₹643

Please confirm remittance status.

Regards,
Finance Ops — AI Logistics Control Tower",DERIVED (package_amount used as COD-amount proxy — see docs/data_assumptions.md)
Carrier D,AWB1250636848,111014963502,2026-01-31,549,2026-02-02,Overdue,P1 - Urgent,[Remittance Due] AWB AWB1250636848 — COD ₹549 — Carrier D,"Dear Carrier D Finance Team,

The following COD shipment was delivered on 2026-01-31. Per the 2-day remittance SLA, payment of ₹549 is due by 2026-02-02 00:00:00.

AWB: AWB1250636848
Order ID: 111014963502
Delivery Date: 2026-01-31
Destination: Lucy
COD Amount: ₹549

Please confirm remittance status.

Regards,
Finance Ops — AI Logistics Control Tower",DERIVED (package_amount used as COD-amount proxy — see docs/data_assumptions.md)
Carrier B,AWB0102739509,102214756264,2026-01-31,749,2026-02-02,Overdue,P1 - Urgent,[Remittance Due] AWB AWB0102739509 — COD ₹749 — Carrier B,"Dear Carrier B Finance Team,

The following COD shipment was delivered on 2026-01-31. Per the 2-day remittance SLA, payment of ₹749 is due by 2026-02-02 00:00:00.

AWB: AWB0102739509
Order ID: 102214756264
Delivery Date: 2026-01-31
Destination: Mumbai
COD Amount: ₹749

Please confirm remittance status.

Regards,
Finance Ops — AI Logistics Control Tower",DERIVED (package_amount used as COD-amount proxy — see docs/data_assumptions.md)
Carrier D,AWB6935040888,110814940217,2026-01-31,2150,2026-02-02,Overdue,P1 - Urgent,"[Remittance Due] AWB AWB6935040888 — COD ₹2,150 — Carrier D","Dear Carrier D Finance Team,

The following COD shipment was delivered on 2026-01-31. Per the 2-day remittance SLA, payment of ₹2,150 is due by 2026-02-02 00:00:00.

AWB: AWB6935040888
Order ID: 110814940217
Delivery Date: 2026-01-31
Destination: Jind
COD Amount: ₹2,150

Please confirm remittance status.

Regards,
Finance Ops — AI Logistics Control Tower",DERIVED (package_amount used as COD-amount proxy — see docs/data_assumptions.md)
Carrier A,AWB0311001100,110614914350,2026-01-31,449,2026-02-02,Overdue,P1 - Urgent,[Remittance Due] AWB AWB0311001100 — COD ₹449 — Carrier A,"Dear Carrier A Finance Team,

The following COD shipment was delivered on 2026-01-31. Per the 2-day remittance SLA, payment of ₹449 is due by 2026-02-02 00:00:00.

AWB: AWB0311001100
Order ID: 110614914350
Delivery Date: 2026-01-31
Destination: Patna
COD Amount: ₹449

Please confirm remittance status.

Regards,
Finance Ops — AI Logistics Control Tower",DERIVED (package_amount used as COD-amount proxy — see docs/data_assumptions.md)
Carrier C,AWB1104728798,102414781487,2026-01-31,1098,2026-02-02,Overdue,P1 - Urgent,"[Remittance Due] AWB AWB1104728798 — COD ₹1,098 — Carrier C","Dear Carrier C Finance Team,

The following COD shipment was delivered on 2026-01-31. Per the 2-day remittance SLA, payment of ₹1,098 is due by 2026-02-02 00:00:00.

AWB: AWB1104728798
Order ID: 102414781487
Delivery Date: 2026-01-31
Destination: Gurgaon
COD Amount: ₹1,098

Please confirm remittance status.

Regards,
Finance Ops — AI Logistics Control Tower",DERIVED (package_amount used as COD-amount proxy — see docs/data_assumptions.md)
Carrier C,AWB1747120645,110514910474,2026-02-01,1844,2026-02-03,Overdue,P1 - Urgent,"[Remittance Due] AWB AWB1747120645 — COD ₹1,844 — Carrier C","Dear Carrier C Finance Team,

The following COD shipment was delivered on 2026-02-01. Per the 2-day remittance SLA, payment of ₹1,844 is due by 2026-02-03 00:00:00.

AWB: AWB1747120645
Order ID: 110514910474
Delivery Date: 2026-02-01
Destination: Aizawl
COD Amount: ₹1,844

Please confirm remittance status.

Regards,
Finance Ops — AI Logistics Control Tower",DERIVED (package_amount used as COD-amount proxy — see docs/data_assumptions.md)
Carrier B,AWB1583561355,110914956973,2026-02-01,771,2026-02-03,Overdue,P1 - Urgent,[Remittance Due] AWB AWB1583561355 — COD ₹771 — Carrier B,"Dear Carrier B Finance Team,

The following COD shipment was delivered on 2026-02-01. Per the 2-day remittance SLA, payment of ₹771 is due by 2026-02-03 00:00:00.

AWB: AWB1583561355
Order ID: 110914956973
Delivery Date: 2026-02-01
Destination: Kolkata
COD Amount: ₹771

Please confirm remittance status.

Regards,
Finance Ops — AI Logistics Control Tower",DERIVED (package_amount used as COD-amount proxy — see docs/data_assumptions.md)
Carrier C,AWB5369838677,110714935250,2026-02-01,2784,2026-02-03,Overdue,P1 - Urgent,"[Remittance Due] AWB AWB5369838677 — COD ₹2,784 — Carrier C","Dear Carrier C Finance Team,

The following COD shipment was delivered on 2026-02-01. Per the 2-day remittance SLA, payment of ₹2,784 is due by 2026-02-03 00:00:00.

AWB: AWB5369838677
Order ID: 110714935250
Delivery Date: 2026-02-01
Destination: bhilwaraBhilwara
COD Amount: ₹2,784

Please confirm remittance status.

Regards,
Finance Ops — AI Logistics Control Tower",DERIVED (package_amount used as COD-amount proxy — see docs/data_assumptions.md)
Carrier B,AWB8442657912,110414887455,2026-02-01,449,2026-02-03,Overdue,P1 - Urgent,[Remittance Due] AWB AWB8442657912 — COD ₹449 — Carrier B,"Dear Carrier B Finance Team,

The following COD shipment was delivered on 2026-02-01. Per the 2-day remittance SLA, payment of ₹449 is due by 2026-02-03 00:00:00.

AWB: AWB8442657912
Order ID: 110414887455
Delivery Date: 2026-02-01
Destination: East Singhbhum
COD Amount: ₹449

Please confirm remittance status.

Regards,
Finance Ops — AI Logistics Control Tower",DERIVED (package_amount used as COD-amount proxy — see docs/data_assumptions.md)
Carrier A,AWB8250413843,110914959404,2026-02-01,1347,2026-02-03,Overdue,P1 - Urgent,"[Remittance Due] AWB AWB8250413843 — COD ₹1,347 — Carrier A","Dear Carrier A Finance Team,

The following COD shipment was delivered on 2026-02-01. Per the 2-day remittance SLA, payment of ₹1,347 is due by 2026-02-03 00:00:00.

AWB: AWB8250413843
Order ID: 110914959404
Delivery Date: 2026-02-01
Destination: Ghaziabad
COD Amount: ₹1,347

Please confirm remittance status.

Regards,
Finance Ops — AI Logistics Control Tower",DERIVED (package_amount used as COD-amount proxy — see docs/data_assumptions.md)
Carrier C,AWB9422100868,102214746775,2026-02-01,1045,2026-02-03,Overdue,P1 - Urgent,"[Remittance Due] AWB AWB9422100868 — COD ₹1,045 — Carrier C","Dear Carrier C Finance Team,

The following COD shipment was delivered on 2026-02-01. Per the 2-day remittance SLA, payment of ₹1,045 is due by 2026-02-03 00:00:00.

AWB: AWB9422100868
Order ID: 102214746775
Delivery Date: 2026-02-01
Destination: PATNA
COD Amount: ₹1,045

Please confirm remittance status.

Regards,
Finance Ops — AI Logistics Control Tower",DERIVED (package_amount used as COD-amount proxy — see docs/data_assumptions.md)
Carrier C,AWB6210469260,110914955217,2026-02-01,438,2026-02-03,Overdue,P1 - Urgent,[Remittance Due] AWB AWB6210469260 — COD ₹438 — Carrier C,"Dear Carrier C Finance Team,

The following COD shipment was delivered on 2026-02-01. Per the 2-day remittance SLA, payment of ₹438 is due by 2026-02-03 00:00:00.

AWB: AWB6210469260
Order ID: 110914955217
Delivery Date: 2026-02-01
Destination: Dakshina Kannada
COD Amount: ₹438

Please confirm remittance status.

Regards,
Finance Ops — AI Logistics Control Tower",DERIVED (package_amount used as COD-amount proxy — see docs/data_assumptions.md)
Carrier B,AWB2040694771,101814699930,2026-02-01,949,2026-02-03,Overdue,P1 - Urgent,[Remittance Due] AWB AWB2040694771 — COD ₹949 — Carrier B,"Dear Carrier B Finance Team,

The following COD shipment was delivered on 2026-02-01. Per the 2-day remittance SLA, payment of ₹949 is due by 2026-02-03 00:00:00.

AWB: AWB2040694771
Order ID: 101814699930
Delivery Date: 2026-02-01
Destination: Akola
COD Amount: ₹949

Please confirm remittance status.

Regards,
Finance Ops — AI Logistics Control Tower",DERIVED (package_amount used as COD-amount proxy — see docs/data_assumptions.md)
Carrier D,AWB6725016125,110714929771,2026-02-01,749,2026-02-03,Overdue,P1 - Urgent,[Remittance Due] AWB AWB6725016125 — COD ₹749 — Carrier D,"Dear Carrier D Finance Team,

The following COD shipment was delivered on 2026-02-01. Per the 2-day remittance SLA, payment of ₹749 is due by 2026-02-03 00:00:00.

AWB: AWB6725016125
Order ID: 110714929771
Delivery Date: 2026-02-01
Destination: Dakshina Kannada
COD Amount: ₹749

Please confirm remittance status.

Regards,
Finance Ops — AI Logistics Control Tower",DERIVED (package_amount used as COD-amount proxy — see docs/data_assumptions.md)
Carrier B,AWB5990078912,111014966534,2026-02-01,1609,2026-02-03,Overdue,P1 - Urgent,"[Remittance Due] AWB AWB5990078912 — COD ₹1,609 — Carrier B","Dear Carrier B Finance Team,

The following COD shipment was delivered on 2026-02-01. Per the 2-day remittance SLA, payment of ₹1,609 is due by 2026-02-03 00:00:00.

AWB: AWB5990078912
Order ID: 111014966534
Delivery Date: 2026-02-01
Destination: Sabarkantha
COD Amount: ₹1,609

Please confirm remittance status.

Regards,
Finance Ops — AI Logistics Control Tower",DERIVED (package_amount used as COD-amount proxy — see docs/data_assumptions.md)
Carrier D,AWB0086858348,110614923844,2026-02-01,1445,2026-02-03,Overdue,P1 - Urgent,"[Remittance Due] AWB AWB0086858348 — COD ₹1,445 — Carrier D","Dear Carrier D Finance Team,

The following COD shipment was delivered on 2026-02-01. Per the 2-day remittance SLA, payment of ₹1,445 is due by 2026-02-03 00:00:00.

AWB: AWB0086858348
Order ID: 110614923844
Delivery Date: 2026-02-01
Destination: Patna
COD Amount: ₹1,445

Please confirm remittance status.

Regards,
Finance Ops — AI Logistics Control Tower",DERIVED (package_amount used as COD-amount proxy — see docs/data_assumptions.md)
Carrier B,AWB5033896736,111114976876,2026-02-01,1103,2026-02-03,Overdue,P1 - Urgent,"[Remittance Due] AWB AWB5033896736 — COD ₹1,103 — Carrier B","Dear Carrier B Finance Team,

The following COD shipment was delivered on 2026-02-01. Per the 2-day remittance SLA, payment of ₹1,103 is due by 2026-02-03 00:00:00.

AWB: AWB5033896736
Order ID: 111114976876
Delivery Date: 2026-02-01
Destination: Nashik
COD Amount: ₹1,103

Please confirm remittance status.

Regards,
Finance Ops — AI Logistics Control Tower",DERIVED (package_amount used as COD-amount proxy — see docs/data_assumptions.md)
Carrier B,AWB3122577265,110914957446,2026-02-01,2540,2026-02-03,Overdue,P1 - Urgent,"[Remittance Due] AWB AWB3122577265 — COD ₹2,540 — Carrier B","Dear Carrier B Finance Team,

The following COD shipment was delivered on 2026-02-01. Per the 2-day remittance SLA, payment of ₹2,540 is due by 2026-02-03 00:00:00.

AWB: AWB3122577265
Order ID: 110914957446
Delivery Date: 2026-02-01
Destination: North West Delhi
COD Amount: ₹2,540

Please confirm remittance status.

Regards,
Finance Ops — AI Logistics Control Tower",DERIVED (package_amount used as COD-amount proxy — see docs/data_assumptions.md)
Carrier D,AWB4426537482,102914825655,2026-02-01,791,2026-02-03,Overdue,P1 - Urgent,[Remittance Due] AWB AWB4426537482 — COD ₹791 — Carrier D,"Dear Carrier D Finance Team,

The following COD shipment was delivered on 2026-02-01. Per the 2-day remittance SLA, payment of ₹791 is due by 2026-02-03 00:00:00.

AWB: AWB4426537482
Order ID: 102914825655
Delivery Date: 2026-02-01
Destination: Warangal
COD Amount: ₹791

Please confirm remittance status.

Regards,
Finance Ops — AI Logistics Control Tower",DERIVED (package_amount used as COD-amount proxy — see docs/data_assumptions.md)
Carrier C,AWB4021049825,110214872290,2026-02-01,444,2026-02-03,Overdue,P1 - Urgent,[Remittance Due] AWB AWB4021049825 — COD ₹444 — Carrier C,"Dear Carrier C Finance Team,

The following COD shipment was delivered on 2026-02-01. Per the 2-day remittance SLA, payment of ₹444 is due by 2026-02-03 00:00:00.

AWB: AWB4021049825
Order ID: 110214872290
Delivery Date: 2026-02-01
Destination: Panchkula
COD Amount: ₹444

Please confirm remittance status.

Regards,
Finance Ops — AI Logistics Control Tower",DERIVED (package_amount used as COD-amount proxy — see docs/data_assumptions.md)
Carrier C,AWB9409862555,111014968101,2026-02-01,1999,2026-02-03,Overdue,P1 - Urgent,"[Remittance Due] AWB AWB9409862555 — COD ₹1,999 — Carrier C","Dear Carrier C Finance Team,

The following COD shipment was delivered on 2026-02-01. Per the 2-day remittance SLA, payment of ₹1,999 is due by 2026-02-03 00:00:00.

AWB: AWB9409862555
Order ID: 111014968101
Delivery Date: 2026-02-01
Destination: North Goa
COD Amount: ₹1,999

Please confirm remittance status.

Regards,
Finance Ops — AI Logistics Control Tower",DERIVED (package_amount used as COD-amount proxy — see docs/data_assumptions.md)
Carrier D,AWB4784165956,110514905322,2026-02-01,1025,2026-02-03,Overdue,P1 - Urgent,"[Remittance Due] AWB AWB4784165956 — COD ₹1,025 — Carrier D","Dear Carrier D Finance Team,

The following COD shipment was delivered on 2026-02-01. Per the 2-day remittance SLA, payment of ₹1,025 is due by 2026-02-03 00:00:00.

AWB: AWB4784165956
Order ID: 110514905322
Delivery Date: 2026-02-01
Destination: Dimapur
COD Amount: ₹1,025

Please confirm remittance status.

Regards,
Finance Ops — AI Logistics Control Tower",DERIVED (package_amount used as COD-amount proxy — see docs/data_assumptions.md)
Carrier D,AWB1067016804,111014962048,2026-02-01,770,2026-02-03,Overdue,P1 - Urgent,[Remittance Due] AWB AWB1067016804 — COD ₹770 — Carrier D,"Dear Carrier D Finance Team,

The following COD shipment was delivered on 2026-02-01. Per the 2-day remittance SLA, payment of ₹770 is due by 2026-02-03 00:00:00.

AWB: AWB1067016804
Order ID: 111014962048
Delivery Date: 2026-02-01
Destination: West Delhi
COD Amount: ₹770

Please confirm remittance status.

Regards,
Finance Ops — AI Logistics Control Tower",DERIVED (package_amount used as COD-amount proxy — see docs/data_assumptions.md)
Carrier D,AWB0671100716,110714932960,2026-02-02,290,2026-02-04,Overdue,P1 - Urgent,[Remittance Due] AWB AWB0671100716 — COD ₹290 — Carrier D,"Dear Carrier D Finance Team,

The following COD shipment was delivered on 2026-02-02. Per the 2-day remittance SLA, payment of ₹290 is due by 2026-02-04 00:00:00.

AWB: AWB0671100716
Order ID: 110714932960
Delivery Date: 2026-02-02
Destination: South Delhi
COD Amount: ₹290

Please confirm remittance status.

Regards,
Finance Ops — AI Logistics Control Tower",DERIVED (package_amount used as COD-amount proxy — see docs/data_assumptions.md)
Carrier D,AWB6928452845,110814944722,2026-02-02,799,2026-02-04,Overdue,P1 - Urgent,[Remittance Due] AWB AWB6928452845 — COD ₹799 — Carrier D,"Dear Carrier D Finance Team,

The following COD shipment was delivered on 2026-02-02. Per the 2-day remittance SLA, payment of ₹799 is due by 2026-02-04 00:00:00.

AWB: AWB6928452845
Order ID: 110814944722
Delivery Date: 2026-02-02
Destination: Pune
COD Amount: ₹799

Please confirm remittance status.

Regards,
Finance Ops — AI Logistics Control Tower",DERIVED (package_amount used as COD-amount proxy — see docs/data_assumptions.md)
Carrier B,AWB6738038982,101814700620,2026-02-02,849,2026-02-04,Overdue,P1 - Urgent,[Remittance Due] AWB AWB6738038982 — COD ₹849 — Carrier B,"Dear Carrier B Finance Team,

The following COD shipment was delivered on 2026-02-02. Per the 2-day remittance SLA, payment of ₹849 is due by 2026-02-04 00:00:00.

AWB: AWB6738038982
Order ID: 101814700620
Delivery Date: 2026-02-02
Destination: Narsinghpur
COD Amount: ₹849

Please confirm remittance status.

Regards,
Finance Ops — AI Logistics Control Tower",DERIVED (package_amount used as COD-amount proxy — see docs/data_assumptions.md)
Carrier A,AWB2645682232,103114851181,2026-02-02,2587,2026-02-04,Overdue,P1 - Urgent,"[Remittance Due] AWB AWB2645682232 — COD ₹2,587 — Carrier A","Dear Carrier A Finance Team,

The following COD shipment was delivered on 2026-02-02. Per the 2-day remittance SLA, payment of ₹2,587 is due by 2026-02-04 00:00:00.

AWB: AWB2645682232
Order ID: 103114851181
Delivery Date: 2026-02-02
Destination: North Delhi
COD Amount: ₹2,587

Please confirm remittance status.

Regards,
Finance Ops — AI Logistics Control Tower",DERIVED (package_amount used as COD-amount proxy — see docs/data_assumptions.md)
Carrier D,AWB9628113161,110514902420,2026-02-02,630,2026-02-04,Overdue,P1 - Urgent,[Remittance Due] AWB AWB9628113161 — COD ₹630 — Carrier D,"Dear Carrier D Finance Team,

The following COD shipment was delivered on 2026-02-02. Per the 2-day remittance SLA, payment of ₹630 is due by 2026-02-04 00:00:00.

AWB: AWB9628113161
Order ID: 110514902420
Delivery Date: 2026-02-02
Destination: Kannur
COD Amount: ₹630

Please confirm remittance status.

Regards,
Finance Ops — AI Logistics Control Tower",DERIVED (package_amount used as COD-amount proxy — see docs/data_assumptions.md)
Carrier C,AWB4179632326,111014964057,2026-02-02,449,2026-02-04,Overdue,P1 - Urgent,[Remittance Due] AWB AWB4179632326 — COD ₹449 — Carrier C,"Dear Carrier C Finance Team,

The following COD shipment was delivered on 2026-02-02. Per the 2-day remittance SLA, payment of ₹449 is due by 2026-02-04 00:00:00.

AWB: AWB4179632326
Order ID: 111014964057
Delivery Date: 2026-02-02
Destination: West Delhi
COD Amount: ₹449

Please confirm remittance status.

Regards,
Finance Ops — AI Logistics Control Tower",DERIVED (package_amount used as COD-amount proxy — see docs/data_assumptions.md)
Carrier D,AWB1639783402,110114860242,2026-02-02,499,2026-02-04,Overdue,P1 - Urgent,[Remittance Due] AWB AWB1639783402 — COD ₹499 — Carrier D,"Dear Carrier D Finance Team,

The following COD shipment was delivered on 2026-02-02. Per the 2-day remittance SLA, payment of ₹499 is due by 2026-02-04 00:00:00.

AWB: AWB1639783402
Order ID: 110114860242
Delivery Date: 2026-02-02
Destination: Cuddapah
COD Amount: ₹499

Please confirm remittance status.

Regards,
Finance Ops — AI Logistics Control Tower",DERIVED (package_amount used as COD-amount proxy — see docs/data_assumptions.md)
Carrier A,AWB1971974092,101414794341,2026-02-02,1019,2026-02-04,Overdue,P1 - Urgent,"[Remittance Due] AWB AWB1971974092 — COD ₹1,019 — Carrier A","Dear Carrier A Finance Team,

The following COD shipment was delivered on 2026-02-02. Per the 2-day remittance SLA, payment of ₹1,019 is due by 2026-02-04 00:00:00.

AWB: AWB1971974092
Order ID: 101414794341
Delivery Date: 2026-02-02
Destination: North West Delhi
COD Amount: ₹1,019

Please confirm remittance status.

Regards,
Finance Ops — AI Logistics Control Tower",DERIVED (package_amount used as COD-amount proxy — see docs/data_assumptions.md)
Carrier D,AWB7761119193,110714930617,2026-02-02,923,2026-02-04,Overdue,P1 - Urgent,[Remittance Due] AWB AWB7761119193 — COD ₹923 — Carrier D,"Dear Carrier D Finance Team,

The following COD shipment was delivered on 2026-02-02. Per the 2-day remittance SLA, payment of ₹923 is due by 2026-02-04 00:00:00.

AWB: AWB7761119193
Order ID: 110714930617
Delivery Date: 2026-02-02
Destination: Dakshina Kannada
COD Amount: ₹923

Please confirm remittance status.

Regards,
Finance Ops — AI Logistics Control Tower",DERIVED (package_amount used as COD-amount proxy — see docs/data_assumptions.md)
Carrier B,AWB0502566643,110714924548,2026-02-02,980,2026-02-04,Overdue,P1 - Urgent,[Remittance Due] AWB AWB0502566643 — COD ₹980 — Carrier B,"Dear Carrier B Finance Team,

The following COD shipment was delivered on 2026-02-02. Per the 2-day remittance SLA, payment of ₹980 is due by 2026-02-04 00:00:00.

AWB: AWB0502566643
Order ID: 110714924548
Delivery Date: 2026-02-02
Destination: Latur
COD Amount: ₹980

Please confirm remittance status.

Regards,
Finance Ops — AI Logistics Control Tower",DERIVED (package_amount used as COD-amount proxy — see docs/data_assumptions.md)
Carrier B,AWB2386334453,110814939378,2026-02-02,1057,2026-02-04,Overdue,P1 - Urgent,"[Remittance Due] AWB AWB2386334453 — COD ₹1,057 — Carrier B","Dear Carrier B Finance Team,

The following COD shipment was delivered on 2026-02-02. Per the 2-day remittance SLA, payment of ₹1,057 is due by 2026-02-04 00:00:00.

AWB: AWB2386334453
Order ID: 110814939378
Delivery Date: 2026-02-02
Destination: Surendra Nagar
COD Amount: ₹1,057

Please confirm remittance status.

Regards,
Finance Ops — AI Logistics Control Tower",DERIVED (package_amount used as COD-amount proxy — see docs/data_assumptions.md)
Carrier C,AWB0051782585,110814946129,2026-02-02,446,2026-02-04,Overdue,P1 - Urgent,[Remittance Due] AWB AWB0051782585 — COD ₹446 — Carrier C,"Dear Carrier C Finance Team,

The following COD shipment was delivered on 2026-02-02. Per the 2-day remittance SLA, payment of ₹446 is due by 2026-02-04 00:00:00.

AWB: AWB0051782585
Order ID: 110814946129
Delivery Date: 2026-02-02
Destination: Mumbai
COD Amount: ₹446

Please confirm remittance status.

Regards,
Finance Ops — AI Logistics Control Tower",DERIVED (package_amount used as COD-amount proxy — see docs/data_assumptions.md)
Carrier C,AWB4430854389,110914958416,2026-02-02,1320,2026-02-04,Overdue,P1 - Urgent,"[Remittance Due] AWB AWB4430854389 — COD ₹1,320 — Carrier C","Dear Carrier C Finance Team,

The following COD shipment was delivered on 2026-02-02. Per the 2-day remittance SLA, payment of ₹1,320 is due by 2026-02-04 00:00:00.

AWB: AWB4430854389
Order ID: 110914958416
Delivery Date: 2026-02-02
Destination: Bangalore
COD Amount: ₹1,320

Please confirm remittance status.

Regards,
Finance Ops — AI Logistics Control Tower",DERIVED (package_amount used as COD-amount proxy — see docs/data_assumptions.md)
Carrier C,AWB4639821016,110314886555,2026-02-02,2803,2026-02-04,Overdue,P1 - Urgent,"[Remittance Due] AWB AWB4639821016 — COD ₹2,803 — Carrier C","Dear Carrier C Finance Team,

The following COD shipment was delivered on 2026-02-02. Per the 2-day remittance SLA, payment of ₹2,803 is due by 2026-02-04 00:00:00.

AWB: AWB4639821016
Order ID: 110314886555
Delivery Date: 2026-02-02
Destination: Giridh
COD Amount: ₹2,803

Please confirm remittance status.

Regards,
Finance Ops — AI Logistics Control Tower",DERIVED (package_amount used as COD-amount proxy — see docs/data_assumptions.md)
Carrier C,AWB7401927207,110414889218,2026-02-02,667,2026-02-04,Overdue,P1 - Urgent,[Remittance Due] AWB AWB7401927207 — COD ₹667 — Carrier C,"Dear Carrier C Finance Team,

The following COD shipment was delivered on 2026-02-02. Per the 2-day remittance SLA, payment of ₹667 is due by 2026-02-04 00:00:00.

AWB: AWB7401927207
Order ID: 110414889218
Delivery Date: 2026-02-02
Destination: Panchkula
COD Amount: ₹667

Please confirm remittance status.

Regards,
Finance Ops — AI Logistics Control Tower",DERIVED (package_amount used as COD-amount proxy — see docs/data_assumptions.md)
Carrier C,AWB5422105889,110914952040,2026-02-02,1080,2026-02-04,Overdue,P1 - Urgent,"[Remittance Due] AWB AWB5422105889 — COD ₹1,080 — Carrier C","Dear Carrier C Finance Team,

The following COD shipment was delivered on 2026-02-02. Per the 2-day remittance SLA, payment of ₹1,080 is due by 2026-02-04 00:00:00.

AWB: AWB5422105889
Order ID: 110914952040
Delivery Date: 2026-02-02
Destination: Navi Mumbaii
COD Amount: ₹1,080

Please confirm remittance status.

Regards,
Finance Ops — AI Logistics Control Tower",DERIVED (package_amount used as COD-amount proxy — see docs/data_assumptions.md)
Carrier D,AWB7216504381,102014726335,2026-02-02,879,2026-02-04,Overdue,P1 - Urgent,[Remittance Due] AWB AWB7216504381 — COD ₹879 — Carrier D,"Dear Carrier D Finance Team,

The following COD shipment was delivered on 2026-02-02. Per the 2-day remittance SLA, payment of ₹879 is due by 2026-02-04 00:00:00.

AWB: AWB7216504381
Order ID: 102014726335
Delivery Date: 2026-02-02
Destination: Thane
COD Amount: ₹879

Please confirm remittance status.

Regards,
Finance Ops — AI Logistics Control Tower",DERIVED (package_amount used as COD-amount proxy — see docs/data_assumptions.md)
Carrier A,AWB4004178584,110814948584,2026-02-02,1123,2026-02-04,Overdue,P1 - Urgent,"[Remittance Due] AWB AWB4004178584 — COD ₹1,123 — Carrier A","Dear Carrier A Finance Team,

The following COD shipment was delivered on 2026-02-02. Per the 2-day remittance SLA, payment of ₹1,123 is due by 2026-02-04 00:00:00.

AWB: AWB4004178584
Order ID: 110814948584
Delivery Date: 2026-02-02
Destination: South Goa
COD Amount: ₹1,123

Please confirm remittance status.

Regards,
Finance Ops — AI Logistics Control Tower",DERIVED (package_amount used as COD-amount proxy — see docs/data_assumptions.md)
Carrier D,AWB9435260245,111014971687,2026-02-02,958,2026-02-04,Overdue,P1 - Urgent,[Remittance Due] AWB AWB9435260245 — COD ₹958 — Carrier D,"Dear Carrier D Finance Team,

The following COD shipment was delivered on 2026-02-02. Per the 2-day remittance SLA, payment of ₹958 is due by 2026-02-04 00:00:00.

AWB: AWB9435260245
Order ID: 111014971687
Delivery Date: 2026-02-02
Destination: KOLKATA
COD Amount: ₹958

Please confirm remittance status.

Regards,
Finance Ops — AI Logistics Control Tower",DERIVED (package_amount used as COD-amount proxy — see docs/data_assumptions.md)
Carrier B,AWB4662212757,110114864541,2026-02-02,603,2026-02-04,Overdue,P1 - Urgent,[Remittance Due] AWB AWB4662212757 — COD ₹603 — Carrier B,"Dear Carrier B Finance Team,

The following COD shipment was delivered on 2026-02-02. Per the 2-day remittance SLA, payment of ₹603 is due by 2026-02-04 00:00:00.

AWB: AWB4662212757
Order ID: 110114864541
Delivery Date: 2026-02-02
Destination: Gurgaon
COD Amount: ₹603

Please confirm remittance status.

Regards,
Finance Ops — AI Logistics Control Tower",DERIVED (package_amount used as COD-amount proxy — see docs/data_assumptions.md)
Carrier A,AWB4322123558,101814704939,2026-02-02,909,2026-02-04,Overdue,P1 - Urgent,[Remittance Due] AWB AWB4322123558 — COD ₹909 — Carrier A,"Dear Carrier A Finance Team,

The following COD shipment was delivered on 2026-02-02. Per the 2-day remittance SLA, payment of ₹909 is due by 2026-02-04 00:00:00.

AWB: AWB4322123558
Order ID: 101814704939
Delivery Date: 2026-02-02
Destination: Bhandara
COD Amount: ₹909

Please confirm remittance status.

Regards,
Finance Ops — AI Logistics Control Tower",DERIVED (package_amount used as COD-amount proxy — see docs/data_assumptions.md)
Carrier D,AWB6883819819,110814946226,2026-02-02,944,2026-02-04,Overdue,P1 - Urgent,[Remittance Due] AWB AWB6883819819 — COD ₹944 — Carrier D,"Dear Carrier D Finance Team,

The following COD shipment was delivered on 2026-02-02. Per the 2-day remittance SLA, payment of ₹944 is due by 2026-02-04 00:00:00.

AWB: AWB6883819819
Order ID: 110814946226
Delivery Date: 2026-02-02
Destination: North 24 Parganas
COD Amount: ₹944

Please confirm remittance status.

Regards,
Finance Ops — AI Logistics Control Tower",DERIVED (package_amount used as COD-amount proxy — see docs/data_assumptions.md)
Carrier B,AWB5163416978,110714926976,2026-02-02,349,2026-02-04,Overdue,P1 - Urgent,[Remittance Due] AWB AWB5163416978 — COD ₹349 — Carrier B,"Dear Carrier B Finance Team,

The following COD shipment was delivered on 2026-02-02. Per the 2-day remittance SLA, payment of ₹349 is due by 2026-02-04 00:00:00.

AWB: AWB5163416978
Order ID: 110714926976
Delivery Date: 2026-02-02
Destination: Sonitpur
COD Amount: ₹349

Please confirm remittance status.

Regards,
Finance Ops — AI Logistics Control Tower",DERIVED (package_amount used as COD-amount proxy — see docs/data_assumptions.md)
Carrier B,AWB0464225163,110814939884,2026-02-02,890,2026-02-04,Overdue,P1 - Urgent,[Remittance Due] AWB AWB0464225163 — COD ₹890 — Carrier B,"Dear Carrier B Finance Team,

The following COD shipment was delivered on 2026-02-02. Per the 2-day remittance SLA, payment of ₹890 is due by 2026-02-04 00:00:00.

AWB: AWB0464225163
Order ID: 110814939884
Delivery Date: 2026-02-02
Destination: Mandi
COD Amount: ₹890

Please confirm remittance status.

Regards,
Finance Ops — AI Logistics Control Tower",DERIVED (package_amount used as COD-amount proxy — see docs/data_assumptions.md)
Carrier D,AWB9239776751,101814865968,2026-02-02,1350,2026-02-04,Overdue,P1 - Urgent,"[Remittance Due] AWB AWB9239776751 — COD ₹1,350 — Carrier D","Dear Carrier D Finance Team,

The following COD shipment was delivered on 2026-02-02. Per the 2-day remittance SLA, payment of ₹1,350 is due by 2026-02-04 00:00:00.

AWB: AWB9239776751
Order ID: 101814865968
Delivery Date: 2026-02-02
Destination: secunderabad
COD Amount: ₹1,350

Please confirm remittance status.

Regards,
Finance Ops — AI Logistics Control Tower",DERIVED (package_amount used as COD-amount proxy — see docs/data_assumptions.md)
Carrier D,AWB5496415189,110814944692,2026-02-02,430,2026-02-04,Overdue,P1 - Urgent,[Remittance Due] AWB AWB5496415189 — COD ₹430 — Carrier D,"Dear Carrier D Finance Team,

The following COD shipment was delivered on 2026-02-02. Per the 2-day remittance SLA, payment of ₹430 is due by 2026-02-04 00:00:00.

AWB: AWB5496415189
Order ID: 110814944692
Delivery Date: 2026-02-02
Destination: Bangalore
COD Amount: ₹430

Please confirm remittance status.

Regards,
Finance Ops — AI Logistics Control Tower",DERIVED (package_amount used as COD-amount proxy — see docs/data_assumptions.md)
Carrier A,AWB7738118767,110614924435,2026-02-02,499,2026-02-04,Overdue,P1 - Urgent,[Remittance Due] AWB AWB7738118767 — COD ₹499 — Carrier A,"Dear Carrier A Finance Team,

The following COD shipment was delivered on 2026-02-02. Per the 2-day remittance SLA, payment of ₹499 is due by 2026-02-04 00:00:00.

AWB: AWB7738118767
Order ID: 110614924435
Delivery Date: 2026-02-02
Destination: Mumbai
COD Amount: ₹499

Please confirm remittance status.

Regards,
Finance Ops — AI Logistics Control Tower",DERIVED (package_amount used as COD-amount proxy — see docs/data_assumptions.md)
Carrier A,AWB0736671905,111014964529,2026-02-02,777,2026-02-04,Overdue,P1 - Urgent,[Remittance Due] AWB AWB0736671905 — COD ₹777 — Carrier A,"Dear Carrier A Finance Team,

The following COD shipment was delivered on 2026-02-02. Per the 2-day remittance SLA, payment of ₹777 is due by 2026-02-04 00:00:00.

AWB: AWB0736671905
Order ID: 111014964529
Delivery Date: 2026-02-02
Destination: Faridabad
COD Amount: ₹777

Please confirm remittance status.

Regards,
Finance Ops — AI Logistics Control Tower",DERIVED (package_amount used as COD-amount proxy — see docs/data_assumptions.md)
Carrier A,AWB4005372061,110814936933,2026-02-02,499,2026-02-04,Overdue,P1 - Urgent,[Remittance Due] AWB AWB4005372061 — COD ₹499 — Carrier A,"Dear Carrier A Finance Team,

The following COD shipment was delivered on 2026-02-02. Per the 2-day remittance SLA, payment of ₹499 is due by 2026-02-04 00:00:00.

AWB: AWB4005372061
Order ID: 110814936933
Delivery Date: 2026-02-02
Destination: Mumbai
COD Amount: ₹499

Please confirm remittance status.

Regards,
Finance Ops — AI Logistics Control Tower",DERIVED (package_amount used as COD-amount proxy — see docs/data_assumptions.md)
Carrier C,AWB2027668998,111014967171,2026-02-03,972,2026-02-05,Overdue,P1 - Urgent,[Remittance Due] AWB AWB2027668998 — COD ₹972 — Carrier C,"Dear Carrier C Finance Team,

The following COD shipment was delivered on 2026-02-03. Per the 2-day remittance SLA, payment of ₹972 is due by 2026-02-05 00:00:00.

AWB: AWB2027668998
Order ID: 111014967171
Delivery Date: 2026-02-03
Destination: Sant Ravidas Nagar
COD Amount: ₹972

Please confirm remittance status.

Regards,
Finance Ops — AI Logistics Control Tower",DERIVED (package_amount used as COD-amount proxy — see docs/data_assumptions.md)
Carrier D,AWB2312165564,110514905272,2026-02-03,699,2026-02-05,Overdue,P1 - Urgent,[Remittance Due] AWB AWB2312165564 — COD ₹699 — Carrier D,"Dear Carrier D Finance Team,

The following COD shipment was delivered on 2026-02-03. Per the 2-day remittance SLA, payment of ₹699 is due by 2026-02-05 00:00:00.

AWB: AWB2312165564
Order ID: 110514905272
Delivery Date: 2026-02-03
Destination: JAINTIA HILLS
COD Amount: ₹699

Please confirm remittance status.

Regards,
Finance Ops — AI Logistics Control Tower",DERIVED (package_amount used as COD-amount proxy — see docs/data_assumptions.md)
Carrier D,AWB7245196999,110914956593,2026-02-03,2142,2026-02-05,Overdue,P1 - Urgent,"[Remittance Due] AWB AWB7245196999 — COD ₹2,142 — Carrier D","Dear Carrier D Finance Team,

The following COD shipment was delivered on 2026-02-03. Per the 2-day remittance SLA, payment of ₹2,142 is due by 2026-02-05 00:00:00.

AWB: AWB7245196999
Order ID: 110914956593
Delivery Date: 2026-02-03
Destination: Kottayam
COD Amount: ₹2,142

Please confirm remittance status.

Regards,
Finance Ops — AI Logistics Control Tower",DERIVED (package_amount used as COD-amount proxy — see docs/data_assumptions.md)
Carrier A,AWB2210026989,111014964997,2026-02-03,1379,2026-02-05,Overdue,P1 - Urgent,"[Remittance Due] AWB AWB2210026989 — COD ₹1,379 — Carrier A","Dear Carrier A Finance Team,

The following COD shipment was delivered on 2026-02-03. Per the 2-day remittance SLA, payment of ₹1,379 is due by 2026-02-05 00:00:00.

AWB: AWB2210026989
Order ID: 111014964997
Delivery Date: 2026-02-03
Destination: Chennai
COD Amount: ₹1,379

Please confirm remittance status.

Regards,
Finance Ops — AI Logistics Control Tower",DERIVED (package_amount used as COD-amount proxy — see docs/data_assumptions.md)
Carrier B,AWB3349488948,110814948920,2026-02-03,844,2026-02-05,Overdue,P1 - Urgent,[Remittance Due] AWB AWB3349488948 — COD ₹844 — Carrier B,"Dear Carrier B Finance Team,

The following COD shipment was delivered on 2026-02-03. Per the 2-day remittance SLA, payment of ₹844 is due by 2026-02-05 00:00:00.

AWB: AWB3349488948
Order ID: 110814948920
Delivery Date: 2026-02-03
Destination: Mumbai
COD Amount: ₹844

Please confirm remittance status.

Regards,
Finance Ops — AI Logistics Control Tower",DERIVED (package_amount used as COD-amount proxy — see docs/data_assumptions.md)
Carrier C,AWB8712131092,110614924315,2026-02-03,1114,2026-02-05,Overdue,P1 - Urgent,"[Remittance Due] AWB AWB8712131092 — COD ₹1,114 — Carrier C","Dear Carrier C Finance Team,

The following COD shipment was delivered on 2026-02-03. Per the 2-day remittance SLA, payment of ₹1,114 is due by 2026-02-05 00:00:00.

AWB: AWB8712131092
Order ID: 110614924315
Delivery Date: 2026-02-03
Destination: Chandrapur
COD Amount: ₹1,114

Please confirm remittance status.

Regards,
Finance Ops — AI Logistics Control Tower",DERIVED (package_amount used as COD-amount proxy — see docs/data_assumptions.md)
Carrier B,AWB0572630006,110714927901,2026-02-03,847,2026-02-05,Overdue,P1 - Urgent,[Remittance Due] AWB AWB0572630006 — COD ₹847 — Carrier B,"Dear Carrier B Finance Team,

The following COD shipment was delivered on 2026-02-03. Per the 2-day remittance SLA, payment of ₹847 is due by 2026-02-05 00:00:00.

AWB: AWB0572630006
Order ID: 110714927901
Delivery Date: 2026-02-03
Destination: Palamau
COD Amount: ₹847

Please confirm remittance status.

Regards,
Finance Ops — AI Logistics Control Tower",DERIVED (package_amount used as COD-amount proxy — see docs/data_assumptions.md)
Carrier B,AWB9202324371,110714933488,2026-02-03,584,2026-02-05,Overdue,P1 - Urgent,[Remittance Due] AWB AWB9202324371 — COD ₹584 — Carrier B,"Dear Carrier B Finance Team,

The following COD shipment was delivered on 2026-02-03. Per the 2-day remittance SLA, payment of ₹584 is due by 2026-02-05 00:00:00.

AWB: AWB9202324371
Order ID: 110714933488
Delivery Date: 2026-02-03
Destination: Gautam Buddha Nagar
COD Amount: ₹584

Please confirm remittance status.

Regards,
Finance Ops — AI Logistics Control Tower",DERIVED (package_amount used as COD-amount proxy — see docs/data_assumptions.md)
Carrier A,AWB1933503826,110214873736,2026-02-03,619,2026-02-05,Overdue,P1 - Urgent,[Remittance Due] AWB AWB1933503826 — COD ₹619 — Carrier A,"Dear Carrier A Finance Team,

The following COD shipment was delivered on 2026-02-03. Per the 2-day remittance SLA, payment of ₹619 is due by 2026-02-05 00:00:00.

AWB: AWB1933503826
Order ID: 110214873736
Delivery Date: 2026-02-03
Destination: Bikaner
COD Amount: ₹619

Please confirm remittance status.

Regards,
Finance Ops — AI Logistics Control Tower",DERIVED (package_amount used as COD-amount proxy — see docs/data_assumptions.md)
Carrier D,AWB5599866493,100514521547,2026-02-03,709,2026-02-05,Overdue,P1 - Urgent,[Remittance Due] AWB AWB5599866493 — COD ₹709 — Carrier D,"Dear Carrier D Finance Team,

The following COD shipment was delivered on 2026-02-03. Per the 2-day remittance SLA, payment of ₹709 is due by 2026-02-05 00:00:00.

AWB: AWB5599866493
Order ID: 100514521547
Delivery Date: 2026-02-03
Destination: Surat
COD Amount: ₹709

Please confirm remittance status.

Regards,
Finance Ops — AI Logistics Control Tower",DERIVED (package_amount used as COD-amount proxy — see docs/data_assumptions.md)
Carrier B,AWB7289818764,111014964957,2026-02-03,1045,2026-02-05,Overdue,P1 - Urgent,"[Remittance Due] AWB AWB7289818764 — COD ₹1,045 — Carrier B","Dear Carrier B Finance Team,

The following COD shipment was delivered on 2026-02-03. Per the 2-day remittance SLA, payment of ₹1,045 is due by 2026-02-05 00:00:00.

AWB: AWB7289818764
Order ID: 111014964957
Delivery Date: 2026-02-03
Destination: Pune
COD Amount: ₹1,045

Please confirm remittance status.

Regards,
Finance Ops — AI Logistics Control Tower",DERIVED (package_amount used as COD-amount proxy — see docs/data_assumptions.md)
Carrier C,AWB4790651851,102314760830,2026-02-03,1113,2026-02-05,Overdue,P1 - Urgent,"[Remittance Due] AWB AWB4790651851 — COD ₹1,113 — Carrier C","Dear Carrier C Finance Team,

The following COD shipment was delivered on 2026-02-03. Per the 2-day remittance SLA, payment of ₹1,113 is due by 2026-02-05 00:00:00.

AWB: AWB4790651851
Order ID: 102314760830
Delivery Date: 2026-02-03
Destination: Kachchh
COD Amount: ₹1,113

Please confirm remittance status.

Regards,
Finance Ops — AI Logistics Control Tower",DERIVED (package_amount used as COD-amount proxy — see docs/data_assumptions.md)
Carrier C,AWB4464192515,110714933622,2026-02-03,859,2026-02-05,Overdue,P1 - Urgent,[Remittance Due] AWB AWB4464192515 — COD ₹859 — Carrier C,"Dear Carrier C Finance Team,

The following COD shipment was delivered on 2026-02-03. Per the 2-day remittance SLA, payment of ₹859 is due by 2026-02-05 00:00:00.

AWB: AWB4464192515
Order ID: 110714933622
Delivery Date: 2026-02-03
Destination: Bathinda
COD Amount: ₹859

Please confirm remittance status.

Regards,
Finance Ops — AI Logistics Control Tower",DERIVED (package_amount used as COD-amount proxy — see docs/data_assumptions.md)
Carrier A,AWB1211036221,110214870523,2026-02-03,1393,2026-02-05,Overdue,P1 - Urgent,"[Remittance Due] AWB AWB1211036221 — COD ₹1,393 — Carrier A","Dear Carrier A Finance Team,

The following COD shipment was delivered on 2026-02-03. Per the 2-day remittance SLA, payment of ₹1,393 is due by 2026-02-05 00:00:00.

AWB: AWB1211036221
Order ID: 110214870523
Delivery Date: 2026-02-03
Destination: Visakhapatnam
COD Amount: ₹1,393

Please confirm remittance status.

Regards,
Finance Ops — AI Logistics Control Tower",DERIVED (package_amount used as COD-amount proxy — see docs/data_assumptions.md)
Carrier C,AWB2065962093,110914960020,2026-02-03,889,2026-02-05,Overdue,P1 - Urgent,[Remittance Due] AWB AWB2065962093 — COD ₹889 — Carrier C,"Dear Carrier C Finance Team,

The following COD shipment was delivered on 2026-02-03. Per the 2-day remittance SLA, payment of ₹889 is due by 2026-02-05 00:00:00.

AWB: AWB2065962093
Order ID: 110914960020
Delivery Date: 2026-02-03
Destination: Sabarkantha
COD Amount: ₹889

Please confirm remittance status.

Regards,
Finance Ops — AI Logistics Control Tower",DERIVED (package_amount used as COD-amount proxy — see docs/data_assumptions.md)
Carrier C,AWB7728534915,111114977929,2026-02-03,526,2026-02-05,Overdue,P1 - Urgent,[Remittance Due] AWB AWB7728534915 — COD ₹526 — Carrier C,"Dear Carrier C Finance Team,

The following COD shipment was delivered on 2026-02-03. Per the 2-day remittance SLA, payment of ₹526 is due by 2026-02-05 00:00:00.

AWB: AWB7728534915
Order ID: 111114977929
Delivery Date: 2026-02-03
Destination: Pune
COD Amount: ₹526

Please confirm remittance status.

Regards,
Finance Ops — AI Logistics Control Tower",DERIVED (package_amount used as COD-amount proxy — see docs/data_assumptions.md)
Carrier A,AWB8099484951,110914956349,2026-02-03,1178,2026-02-05,Overdue,P1 - Urgent,"[Remittance Due] AWB AWB8099484951 — COD ₹1,178 — Carrier A","Dear Carrier A Finance Team,

The following COD shipment was delivered on 2026-02-03. Per the 2-day remittance SLA, payment of ₹1,178 is due by 2026-02-05 00:00:00.

AWB: AWB8099484951
Order ID: 110914956349
Delivery Date: 2026-02-03
Destination: Raigarh(MH)
COD Amount: ₹1,178

Please confirm remittance status.

Regards,
Finance Ops — AI Logistics Control Tower",DERIVED (package_amount used as COD-amount proxy — see docs/data_assumptions.md)
Carrier C,AWB9756751694,110814943220,2026-02-03,939,2026-02-05,Overdue,P1 - Urgent,[Remittance Due] AWB AWB9756751694 — COD ₹939 — Carrier C,"Dear Carrier C Finance Team,

The following COD shipment was delivered on 2026-02-03. Per the 2-day remittance SLA, payment of ₹939 is due by 2026-02-05 00:00:00.

AWB: AWB9756751694
Order ID: 110814943220
Delivery Date: 2026-02-03
Destination: South Goa
COD Amount: ₹939

Please confirm remittance status.

Regards,
Finance Ops — AI Logistics Control Tower",DERIVED (package_amount used as COD-amount proxy — see docs/data_assumptions.md)
Carrier C,AWB4032366523,110314884184,2026-02-03,795,2026-02-05,Overdue,P1 - Urgent,[Remittance Due] AWB AWB4032366523 — COD ₹795 — Carrier C,"Dear Carrier C Finance Team,

The following COD shipment was delivered on 2026-02-03. Per the 2-day remittance SLA, payment of ₹795 is due by 2026-02-05 00:00:00.

AWB: AWB4032366523
Order ID: 110314884184
Delivery Date: 2026-02-03
Destination: Gautam Buddha Nagar
COD Amount: ₹795

Please confirm remittance status.

Regards,
Finance Ops — AI Logistics Control Tower",DERIVED (package_amount used as COD-amount proxy — see docs/data_assumptions.md)
Carrier D,AWB6105952572,110114856281,2026-02-03,1511,2026-02-05,Overdue,P1 - Urgent,"[Remittance Due] AWB AWB6105952572 — COD ₹1,511 — Carrier D","Dear Carrier D Finance Team,

The following COD shipment was delivered on 2026-02-03. Per the 2-day remittance SLA, payment of ₹1,511 is due by 2026-02-05 00:00:00.

AWB: AWB6105952572
Order ID: 110114856281
Delivery Date: 2026-02-03
Destination: Surat
COD Amount: ₹1,511

Please confirm remittance status.

Regards,
Finance Ops — AI Logistics Control Tower",DERIVED (package_amount used as COD-amount proxy — see docs/data_assumptions.md)
Carrier B,AWB7393548116,111014966248,2026-02-03,572,2026-02-05,Overdue,P1 - Urgent,[Remittance Due] AWB AWB7393548116 — COD ₹572 — Carrier B,"Dear Carrier B Finance Team,

The following COD shipment was delivered on 2026-02-03. Per the 2-day remittance SLA, payment of ₹572 is due by 2026-02-05 00:00:00.

AWB: AWB7393548116
Order ID: 111014966248
Delivery Date: 2026-02-03
Destination: South West Delhi
COD Amount: ₹572

Please confirm remittance status.

Regards,
Finance Ops — AI Logistics Control Tower",DERIVED (package_amount used as COD-amount proxy — see docs/data_assumptions.md)
Carrier D,AWB3351605425,110914960060,2026-02-03,949,2026-02-05,Overdue,P1 - Urgent,[Remittance Due] AWB AWB3351605425 — COD ₹949 — Carrier D,"Dear Carrier D Finance Team,

The following COD shipment was delivered on 2026-02-03. Per the 2-day remittance SLA, payment of ₹949 is due by 2026-02-05 00:00:00.

AWB: AWB3351605425
Order ID: 110914960060
Delivery Date: 2026-02-03
Destination: Bangalore
COD Amount: ₹949

Please confirm remittance status.

Regards,
Finance Ops — AI Logistics Control Tower",DERIVED (package_amount used as COD-amount proxy — see docs/data_assumptions.md)
Carrier B,AWB2765822706,101814699509,2026-02-03,419,2026-02-05,Overdue,P1 - Urgent,[Remittance Due] AWB AWB2765822706 — COD ₹419 — Carrier B,"Dear Carrier B Finance Team,

The following COD shipment was delivered on 2026-02-03. Per the 2-day remittance SLA, payment of ₹419 is due by 2026-02-05 00:00:00.

AWB: AWB2765822706
Order ID: 101814699509
Delivery Date: 2026-02-03
Destination: Mumbai
COD Amount: ₹419

Please confirm remittance status.

Regards,
Finance Ops — AI Logistics Control Tower",DERIVED (package_amount used as COD-amount proxy — see docs/data_assumptions.md)
Carrier C,AWB2453764758,111014971039,2026-02-03,1429,2026-02-05,Overdue,P1 - Urgent,"[Remittance Due] AWB AWB2453764758 — COD ₹1,429 — Carrier C","Dear Carrier C Finance Team,

The following COD shipment was delivered on 2026-02-03. Per the 2-day remittance SLA, payment of ₹1,429 is due by 2026-02-05 00:00:00.

AWB: AWB2453764758
Order ID: 111014971039
Delivery Date: 2026-02-03
Destination: Bangalore
COD Amount: ₹1,429

Please confirm remittance status.

Regards,
Finance Ops — AI Logistics Control Tower",DERIVED (package_amount used as COD-amount proxy — see docs/data_assumptions.md)
Carrier B,AWB3576386431,111114973567,2026-02-03,538,2026-02-05,Overdue,P1 - Urgent,[Remittance Due] AWB AWB3576386431 — COD ₹538 — Carrier B,"Dear Carrier B Finance Team,

The following COD shipment was delivered on 2026-02-03. Per the 2-day remittance SLA, payment of ₹538 is due by 2026-02-05 00:00:00.

AWB: AWB3576386431
Order ID: 111114973567
Delivery Date: 2026-02-03
Destination: Gurgaon
COD Amount: ₹538

Please confirm remittance status.

Regards,
Finance Ops — AI Logistics Control Tower",DERIVED (package_amount used as COD-amount proxy — see docs/data_assumptions.md)
Carrier D,AWB2705669117,110814936918,2026-02-03,828,2026-02-05,Overdue,P1 - Urgent,[Remittance Due] AWB AWB2705669117 — COD ₹828 — Carrier D,"Dear Carrier D Finance Team,

The following COD shipment was delivered on 2026-02-03. Per the 2-day remittance SLA, payment of ₹828 is due by 2026-02-05 00:00:00.

AWB: AWB2705669117
Order ID: 110814936918
Delivery Date: 2026-02-03
Destination: Dehradun
COD Amount: ₹828

Please confirm remittance status.

Regards,
Finance Ops — AI Logistics Control Tower",DERIVED (package_amount used as COD-amount proxy — see docs/data_assumptions.md)
Carrier D,AWB4375172156,110914951279,2026-02-04,425,2026-02-06,Overdue,P1 - Urgent,[Remittance Due] AWB AWB4375172156 — COD ₹425 — Carrier D,"Dear Carrier D Finance Team,

The following COD shipment was delivered on 2026-02-04. Per the 2-day remittance SLA, payment of ₹425 is due by 2026-02-06 00:00:00.

AWB: AWB4375172156
Order ID: 110914951279
Delivery Date: 2026-02-04
Destination: K.V.Rangareddy
COD Amount: ₹425

Please confirm remittance status.

Regards,
Finance Ops — AI Logistics Control Tower",DERIVED (package_amount used as COD-amount proxy — see docs/data_assumptions.md)
Carrier B,AWB0042503457,110414897407,2026-02-04,799,2026-02-06,Overdue,P1 - Urgent,[Remittance Due] AWB AWB0042503457 — COD ₹799 — Carrier B,"Dear Carrier B Finance Team,

The following COD shipment was delivered on 2026-02-04. Per the 2-day remittance SLA, payment of ₹799 is due by 2026-02-06 00:00:00.

AWB: AWB0042503457
Order ID: 110414897407
Delivery Date: 2026-02-04
Destination: Bangalore
COD Amount: ₹799

Please confirm remittance status.

Regards,
Finance Ops — AI Logistics Control Tower",DERIVED (package_amount used as COD-amount proxy — see docs/data_assumptions.md)
Carrier A,AWB7738667092,110514911140,2026-02-04,1123,2026-02-06,Overdue,P1 - Urgent,"[Remittance Due] AWB AWB7738667092 — COD ₹1,123 — Carrier A","Dear Carrier A Finance Team,

The following COD shipment was delivered on 2026-02-04. Per the 2-day remittance SLA, payment of ₹1,123 is due by 2026-02-06 00:00:00.

AWB: AWB7738667092
Order ID: 110514911140
Delivery Date: 2026-02-04
Destination: Golaghat
COD Amount: ₹1,123

Please confirm remittance status.

Regards,
Finance Ops — AI Logistics Control Tower",DERIVED (package_amount used as COD-amount proxy — see docs/data_assumptions.md)
Carrier D,AWB9530666755,110314881646,2026-02-04,792,2026-02-06,Overdue,P1 - Urgent,[Remittance Due] AWB AWB9530666755 — COD ₹792 — Carrier D,"Dear Carrier D Finance Team,

The following COD shipment was delivered on 2026-02-04. Per the 2-day remittance SLA, payment of ₹792 is due by 2026-02-06 00:00:00.

AWB: AWB9530666755
Order ID: 110314881646
Delivery Date: 2026-02-04
Destination: Bidar
COD Amount: ₹792

Please confirm remittance status.

Regards,
Finance Ops — AI Logistics Control Tower",DERIVED (package_amount used as COD-amount proxy — see docs/data_assumptions.md)
Carrier C,AWB0919541808,110814940690,2026-02-04,1552,2026-02-06,Overdue,P1 - Urgent,"[Remittance Due] AWB AWB0919541808 — COD ₹1,552 — Carrier C","Dear Carrier C Finance Team,

The following COD shipment was delivered on 2026-02-04. Per the 2-day remittance SLA, payment of ₹1,552 is due by 2026-02-06 00:00:00.

AWB: AWB0919541808
Order ID: 110814940690
Delivery Date: 2026-02-04
Destination: Hanumangarh
COD Amount: ₹1,552

Please confirm remittance status.

Regards,
Finance Ops — AI Logistics Control Tower",DERIVED (package_amount used as COD-amount proxy — see docs/data_assumptions.md)
Carrier C,AWB1415524702,110414896946,2026-02-04,1994,2026-02-06,Overdue,P1 - Urgent,"[Remittance Due] AWB AWB1415524702 — COD ₹1,994 — Carrier C","Dear Carrier C Finance Team,

The following COD shipment was delivered on 2026-02-04. Per the 2-day remittance SLA, payment of ₹1,994 is due by 2026-02-06 00:00:00.

AWB: AWB1415524702
Order ID: 110414896946
Delivery Date: 2026-02-04
Destination: Chennai
COD Amount: ₹1,994

Please confirm remittance status.

Regards,
Finance Ops — AI Logistics Control Tower",DERIVED (package_amount used as COD-amount proxy — see docs/data_assumptions.md)
Carrier A,AWB0798262160,110514905712,2026-02-04,863,2026-02-06,Overdue,P1 - Urgent,[Remittance Due] AWB AWB0798262160 — COD ₹863 — Carrier A,"Dear Carrier A Finance Team,

The following COD shipment was delivered on 2026-02-04. Per the 2-day remittance SLA, payment of ₹863 is due by 2026-02-06 00:00:00.

AWB: AWB0798262160
Order ID: 110514905712
Delivery Date: 2026-02-04
Destination: Dhanbad
COD Amount: ₹863

Please confirm remittance status.

Regards,
Finance Ops — AI Logistics Control Tower",DERIVED (package_amount used as COD-amount proxy — see docs/data_assumptions.md)
Carrier C,AWB7209782442,110914956311,2026-02-04,1188,2026-02-06,Overdue,P1 - Urgent,"[Remittance Due] AWB AWB7209782442 — COD ₹1,188 — Carrier C","Dear Carrier C Finance Team,

The following COD shipment was delivered on 2026-02-04. Per the 2-day remittance SLA, payment of ₹1,188 is due by 2026-02-06 00:00:00.

AWB: AWB7209782442
Order ID: 110914956311
Delivery Date: 2026-02-04
Destination: Raigarh(MH)
COD Amount: ₹1,188

Please confirm remittance status.

Regards,
Finance Ops — AI Logistics Control Tower",DERIVED (package_amount used as COD-amount proxy — see docs/data_assumptions.md)
Carrier D,AWB9122844299,110714936225,2026-02-04,1446,2026-02-06,Overdue,P1 - Urgent,"[Remittance Due] AWB AWB9122844299 — COD ₹1,446 — Carrier D","Dear Carrier D Finance Team,

The following COD shipment was delivered on 2026-02-04. Per the 2-day remittance SLA, payment of ₹1,446 is due by 2026-02-06 00:00:00.

AWB: AWB9122844299
Order ID: 110714936225
Delivery Date: 2026-02-04
Destination: Bangalore
COD Amount: ₹1,446

Please confirm remittance status.

Regards,
Finance Ops — AI Logistics Control Tower",DERIVED (package_amount used as COD-amount proxy — see docs/data_assumptions.md)
Carrier B,AWB4539718615,111014961537,2026-02-04,569,2026-02-06,Overdue,P1 - Urgent,[Remittance Due] AWB AWB4539718615 — COD ₹569 — Carrier B,"Dear Carrier B Finance Team,

The following COD shipment was delivered on 2026-02-04. Per the 2-day remittance SLA, payment of ₹569 is due by 2026-02-06 00:00:00.

AWB: AWB4539718615
Order ID: 111014961537
Delivery Date: 2026-02-04
Destination: Ghaziabad
COD Amount: ₹569

Please confirm remittance status.

Regards,
Finance Ops — AI Logistics Control Tower",DERIVED (package_amount used as COD-amount proxy — see docs/data_assumptions.md)
Carrier B,AWB4822558261,110914955987,2026-02-04,521,2026-02-06,Overdue,P1 - Urgent,[Remittance Due] AWB AWB4822558261 — COD ₹521 — Carrier B,"Dear Carrier B Finance Team,

The following COD shipment was delivered on 2026-02-04. Per the 2-day remittance SLA, payment of ₹521 is due by 2026-02-06 00:00:00.

AWB: AWB4822558261
Order ID: 110914955987
Delivery Date: 2026-02-04
Destination: Bangalore
COD Amount: ₹521

Please confirm remittance status.

Regards,
Finance Ops — AI Logistics Control Tower",DERIVED (package_amount used as COD-amount proxy — see docs/data_assumptions.md)
Carrier D,AWB5261628849,110414888467,2026-02-04,649,2026-02-06,Overdue,P1 - Urgent,[Remittance Due] AWB AWB5261628849 — COD ₹649 — Carrier D,"Dear Carrier D Finance Team,

The following COD shipment was delivered on 2026-02-04. Per the 2-day remittance SLA, payment of ₹649 is due by 2026-02-06 00:00:00.

AWB: AWB5261628849
Order ID: 110414888467
Delivery Date: 2026-02-04
Destination: Sambalpur
COD Amount: ₹649

Please confirm remittance status.

Regards,
Finance Ops — AI Logistics Control Tower",DERIVED (package_amount used as COD-amount proxy — see docs/data_assumptions.md)
Carrier C,AWB3866666463,110714927322,2026-02-04,1049,2026-02-06,Overdue,P1 - Urgent,"[Remittance Due] AWB AWB3866666463 — COD ₹1,049 — Carrier C","Dear Carrier C Finance Team,

The following COD shipment was delivered on 2026-02-04. Per the 2-day remittance SLA, payment of ₹1,049 is due by 2026-02-06 00:00:00.

AWB: AWB3866666463
Order ID: 110714927322
Delivery Date: 2026-02-04
Destination: Hyderabad
COD Amount: ₹1,049

Please confirm remittance status.

Regards,
Finance Ops — AI Logistics Control Tower",DERIVED (package_amount used as COD-amount proxy — see docs/data_assumptions.md)
Carrier A,AWB3184722459,110614916805,2026-02-04,811,2026-02-06,Overdue,P1 - Urgent,[Remittance Due] AWB AWB3184722459 — COD ₹811 — Carrier A,"Dear Carrier A Finance Team,

The following COD shipment was delivered on 2026-02-04. Per the 2-day remittance SLA, payment of ₹811 is due by 2026-02-06 00:00:00.

AWB: AWB3184722459
Order ID: 110614916805
Delivery Date: 2026-02-04
Destination: Patna
COD Amount: ₹811

Please confirm remittance status.

Regards,
Finance Ops — AI Logistics Control Tower",DERIVED (package_amount used as COD-amount proxy — see docs/data_assumptions.md)
Carrier A,AWB4364454624,110514903273,2026-02-04,1069,2026-02-06,Overdue,P1 - Urgent,"[Remittance Due] AWB AWB4364454624 — COD ₹1,069 — Carrier A","Dear Carrier A Finance Team,

The following COD shipment was delivered on 2026-02-04. Per the 2-day remittance SLA, payment of ₹1,069 is due by 2026-02-06 00:00:00.

AWB: AWB4364454624
Order ID: 110514903273
Delivery Date: 2026-02-04
Destination: Darbhanga
COD Amount: ₹1,069

Please confirm remittance status.

Regards,
Finance Ops — AI Logistics Control Tower",DERIVED (package_amount used as COD-amount proxy — see docs/data_assumptions.md)
Carrier A,AWB5816164658,110314886472,2026-02-04,936,2026-02-06,Overdue,P1 - Urgent,[Remittance Due] AWB AWB5816164658 — COD ₹936 — Carrier A,"Dear Carrier A Finance Team,

The following COD shipment was delivered on 2026-02-04. Per the 2-day remittance SLA, payment of ₹936 is due by 2026-02-06 00:00:00.

AWB: AWB5816164658
Order ID: 110314886472
Delivery Date: 2026-02-04
Destination: Rohtak
COD Amount: ₹936

Please confirm remittance status.

Regards,
Finance Ops — AI Logistics Control Tower",DERIVED (package_amount used as COD-amount proxy — see docs/data_assumptions.md)
Carrier A,AWB5811788715,111014961534,2026-02-04,1616,2026-02-06,Overdue,P1 - Urgent,"[Remittance Due] AWB AWB5811788715 — COD ₹1,616 — Carrier A","Dear Carrier A Finance Team,

The following COD shipment was delivered on 2026-02-04. Per the 2-day remittance SLA, payment of ₹1,616 is due by 2026-02-06 00:00:00.

AWB: AWB5811788715
Order ID: 111014961534
Delivery Date: 2026-02-04
Destination: Mumbai
COD Amount: ₹1,616

Please confirm remittance status.

Regards,
Finance Ops — AI Logistics Control Tower",DERIVED (package_amount used as COD-amount proxy — see docs/data_assumptions.md)
Carrier B,AWB3457547984,110614912134,2026-02-04,349,2026-02-06,Overdue,P1 - Urgent,[Remittance Due] AWB AWB3457547984 — COD ₹349 — Carrier B,"Dear Carrier B Finance Team,

The following COD shipment was delivered on 2026-02-04. Per the 2-day remittance SLA, payment of ₹349 is due by 2026-02-06 00:00:00.

AWB: AWB3457547984
Order ID: 110614912134
Delivery Date: 2026-02-04
Destination: Moradabad
COD Amount: ₹349

Please confirm remittance status.

Regards,
Finance Ops — AI Logistics Control Tower",DERIVED (package_amount used as COD-amount proxy — see docs/data_assumptions.md)
Carrier D,AWB1716889582,102314767664,2026-02-04,1238,2026-02-06,Overdue,P1 - Urgent,"[Remittance Due] AWB AWB1716889582 — COD ₹1,238 — Carrier D","Dear Carrier D Finance Team,

The following COD shipment was delivered on 2026-02-04. Per the 2-day remittance SLA, payment of ₹1,238 is due by 2026-02-06 00:00:00.

AWB: AWB1716889582
Order ID: 102314767664
Delivery Date: 2026-02-04
Destination: Rajkot
COD Amount: ₹1,238

Please confirm remittance status.

Regards,
Finance Ops — AI Logistics Control Tower",DERIVED (package_amount used as COD-amount proxy — see docs/data_assumptions.md)
Carrier A,AWB4584558759,111114973482,2026-02-04,1195,2026-02-06,Overdue,P1 - Urgent,"[Remittance Due] AWB AWB4584558759 — COD ₹1,195 — Carrier A","Dear Carrier A Finance Team,

The following COD shipment was delivered on 2026-02-04. Per the 2-day remittance SLA, payment of ₹1,195 is due by 2026-02-06 00:00:00.

AWB: AWB4584558759
Order ID: 111114973482
Delivery Date: 2026-02-04
Destination: Bangalore
COD Amount: ₹1,195

Please confirm remittance status.

Regards,
Finance Ops — AI Logistics Control Tower",DERIVED (package_amount used as COD-amount proxy — see docs/data_assumptions.md)
Carrier D,AWB1882500295,101514748752,2026-02-04,856,2026-02-06,Overdue,P1 - Urgent,[Remittance Due] AWB AWB1882500295 — COD ₹856 — Carrier D,"Dear Carrier D Finance Team,

The following COD shipment was delivered on 2026-02-04. Per the 2-day remittance SLA, payment of ₹856 is due by 2026-02-06 00:00:00.

AWB: AWB1882500295
Order ID: 101514748752
Delivery Date: 2026-02-04
Destination: Vadodara
COD Amount: ₹856

Please confirm remittance status.

Regards,
Finance Ops — AI Logistics Control Tower",DERIVED (package_amount used as COD-amount proxy — see docs/data_assumptions.md)
Carrier C,AWB9473349979,110914959102,2026-02-04,1155,2026-02-06,Overdue,P1 - Urgent,"[Remittance Due] AWB AWB9473349979 — COD ₹1,155 — Carrier C","Dear Carrier C Finance Team,

The following COD shipment was delivered on 2026-02-04. Per the 2-day remittance SLA, payment of ₹1,155 is due by 2026-02-06 00:00:00.

AWB: AWB9473349979
Order ID: 110914959102
Delivery Date: 2026-02-04
Destination: Gurgaon
COD Amount: ₹1,155

Please confirm remittance status.

Regards,
Finance Ops — AI Logistics Control Tower",DERIVED (package_amount used as COD-amount proxy — see docs/data_assumptions.md)
Carrier A,AWB1284251796,111014972677,2026-02-04,1399,2026-02-06,Overdue,P1 - Urgent,"[Remittance Due] AWB AWB1284251796 — COD ₹1,399 — Carrier A","Dear Carrier A Finance Team,

The following COD shipment was delivered on 2026-02-04. Per the 2-day remittance SLA, payment of ₹1,399 is due by 2026-02-06 00:00:00.

AWB: AWB1284251796
Order ID: 111014972677
Delivery Date: 2026-02-04
Destination: Mumbai
COD Amount: ₹1,399

Please confirm remittance status.

Regards,
Finance Ops — AI Logistics Control Tower",DERIVED (package_amount used as COD-amount proxy — see docs/data_assumptions.md)
Carrier B,AWB9352335834,102514786512,2026-02-04,795,2026-02-06,Overdue,P1 - Urgent,[Remittance Due] AWB AWB9352335834 — COD ₹795 — Carrier B,"Dear Carrier B Finance Team,

The following COD shipment was delivered on 2026-02-04. Per the 2-day remittance SLA, payment of ₹795 is due by 2026-02-06 00:00:00.

AWB: AWB9352335834
Order ID: 102514786512
Delivery Date: 2026-02-04
Destination: Buldhana
COD Amount: ₹795

Please confirm remittance status.

Regards,
Finance Ops — AI Logistics Control Tower",DERIVED (package_amount used as COD-amount proxy — see docs/data_assumptions.md)
Carrier C,AWB3910960488,101314630273,2026-02-05,649,2026-02-07,Overdue,P1 - Urgent,[Remittance Due] AWB AWB3910960488 — COD ₹649 — Carrier C,"Dear Carrier C Finance Team,

The following COD shipment was delivered on 2026-02-05. Per the 2-day remittance SLA, payment of ₹649 is due by 2026-02-07 00:00:00.

AWB: AWB3910960488
Order ID: 101314630273
Delivery Date: 2026-02-05
Destination: Pune
COD Amount: ₹649

Please confirm remittance status.

Regards,
Finance Ops — AI Logistics Control Tower",DERIVED (package_amount used as COD-amount proxy — see docs/data_assumptions.md)
Carrier D,AWB0082906247,102314760832,2026-02-05,847,2026-02-07,Overdue,P1 - Urgent,[Remittance Due] AWB AWB0082906247 — COD ₹847 — Carrier D,"Dear Carrier D Finance Team,

The following COD shipment was delivered on 2026-02-05. Per the 2-day remittance SLA, payment of ₹847 is due by 2026-02-07 00:00:00.

AWB: AWB0082906247
Order ID: 102314760832
Delivery Date: 2026-02-05
Destination: Kachchh
COD Amount: ₹847

Please confirm remittance status.

Regards,
Finance Ops — AI Logistics Control Tower",DERIVED (package_amount used as COD-amount proxy — see docs/data_assumptions.md)
Carrier A,AWB8768169103,111014968924,2026-02-05,1965,2026-02-07,Overdue,P1 - Urgent,"[Remittance Due] AWB AWB8768169103 — COD ₹1,965 — Carrier A","Dear Carrier A Finance Team,

The following COD shipment was delivered on 2026-02-05. Per the 2-day remittance SLA, payment of ₹1,965 is due by 2026-02-07 00:00:00.

AWB: AWB8768169103
Order ID: 111014968924
Delivery Date: 2026-02-05
Destination: Gurgaon
COD Amount: ₹1,965

Please confirm remittance status.

Regards,
Finance Ops — AI Logistics Control Tower",DERIVED (package_amount used as COD-amount proxy — see docs/data_assumptions.md)
Carrier A,AWB7782745687,110514904350,2026-02-05,1189,2026-02-07,Overdue,P1 - Urgent,"[Remittance Due] AWB AWB7782745687 — COD ₹1,189 — Carrier A","Dear Carrier A Finance Team,

The following COD shipment was delivered on 2026-02-05. Per the 2-day remittance SLA, payment of ₹1,189 is due by 2026-02-07 00:00:00.

AWB: AWB7782745687
Order ID: 110514904350
Delivery Date: 2026-02-05
Destination: Madurai
COD Amount: ₹1,189

Please confirm remittance status.

Regards,
Finance Ops — AI Logistics Control Tower",DERIVED (package_amount used as COD-amount proxy — see docs/data_assumptions.md)
Carrier B,AWB0409496039,110914955516,2026-02-05,1499,2026-02-07,Overdue,P1 - Urgent,"[Remittance Due] AWB AWB0409496039 — COD ₹1,499 — Carrier B","Dear Carrier B Finance Team,

The following COD shipment was delivered on 2026-02-05. Per the 2-day remittance SLA, payment of ₹1,499 is due by 2026-02-07 00:00:00.

AWB: AWB0409496039
Order ID: 110914955516
Delivery Date: 2026-02-05
Destination: Gurgaon
COD Amount: ₹1,499

Please confirm remittance status.

Regards,
Finance Ops — AI Logistics Control Tower",DERIVED (package_amount used as COD-amount proxy — see docs/data_assumptions.md)
Carrier C,AWB0827592090,111014961583,2026-02-05,2000,2026-02-07,Overdue,P1 - Urgent,"[Remittance Due] AWB AWB0827592090 — COD ₹2,000 — Carrier C","Dear Carrier C Finance Team,

The following COD shipment was delivered on 2026-02-05. Per the 2-day remittance SLA, payment of ₹2,000 is due by 2026-02-07 00:00:00.

AWB: AWB0827592090
Order ID: 111014961583
Delivery Date: 2026-02-05
Destination: Gurgaon
COD Amount: ₹2,000

Please confirm remittance status.

Regards,
Finance Ops — AI Logistics Control Tower",DERIVED (package_amount used as COD-amount proxy — see docs/data_assumptions.md)
Carrier B,AWB1397392608,103014836636,2026-02-05,234,2026-02-07,Overdue,P1 - Urgent,[Remittance Due] AWB AWB1397392608 — COD ₹234 — Carrier B,"Dear Carrier B Finance Team,

The following COD shipment was delivered on 2026-02-05. Per the 2-day remittance SLA, payment of ₹234 is due by 2026-02-07 00:00:00.

AWB: AWB1397392608
Order ID: 103014836636
Delivery Date: 2026-02-05
Destination: K.V.Rangareddy
COD Amount: ₹234

Please confirm remittance status.

Regards,
Finance Ops — AI Logistics Control Tower",DERIVED (package_amount used as COD-amount proxy — see docs/data_assumptions.md)
Carrier A,AWB0494863183,110914955427,2026-02-05,700,2026-02-07,Overdue,P1 - Urgent,[Remittance Due] AWB AWB0494863183 — COD ₹700 — Carrier A,"Dear Carrier A Finance Team,

The following COD shipment was delivered on 2026-02-05. Per the 2-day remittance SLA, payment of ₹700 is due by 2026-02-07 00:00:00.

AWB: AWB0494863183
Order ID: 110914955427
Delivery Date: 2026-02-05
Destination: Mumbai
COD Amount: ₹700

Please confirm remittance status.

Regards,
Finance Ops — AI Logistics Control Tower",DERIVED (package_amount used as COD-amount proxy — see docs/data_assumptions.md)
Carrier D,AWB3132480054,110614915539,2026-02-05,1386,2026-02-07,Overdue,P1 - Urgent,"[Remittance Due] AWB AWB3132480054 — COD ₹1,386 — Carrier D","Dear Carrier D Finance Team,

The following COD shipment was delivered on 2026-02-05. Per the 2-day remittance SLA, payment of ₹1,386 is due by 2026-02-07 00:00:00.

AWB: AWB3132480054
Order ID: 110614915539
Delivery Date: 2026-02-05
Destination: Ernakulam
COD Amount: ₹1,386

Please confirm remittance status.

Regards,
Finance Ops — AI Logistics Control Tower",DERIVED (package_amount used as COD-amount proxy — see docs/data_assumptions.md)
Carrier C,AWB3763413708,110814948019,2026-02-05,654,2026-02-07,Overdue,P1 - Urgent,[Remittance Due] AWB AWB3763413708 — COD ₹654 — Carrier C,"Dear Carrier C Finance Team,

The following COD shipment was delivered on 2026-02-05. Per the 2-day remittance SLA, payment of ₹654 is due by 2026-02-07 00:00:00.

AWB: AWB3763413708
Order ID: 110814948019
Delivery Date: 2026-02-05
Destination: Bangalore
COD Amount: ₹654

Please confirm remittance status.

Regards,
Finance Ops — AI Logistics Control Tower",DERIVED (package_amount used as COD-amount proxy — see docs/data_assumptions.md)
Carrier A,AWB0710821842,110814941693,2026-02-05,499,2026-02-07,Overdue,P1 - Urgent,[Remittance Due] AWB AWB0710821842 — COD ₹499 — Carrier A,"Dear Carrier A Finance Team,

The following COD shipment was delivered on 2026-02-05. Per the 2-day remittance SLA, payment of ₹499 is due by 2026-02-07 00:00:00.

AWB: AWB0710821842
Order ID: 110814941693
Delivery Date: 2026-02-05
Destination: Pune
COD Amount: ₹499

Please confirm remittance status.

Regards,
Finance Ops — AI Logistics Control Tower",DERIVED (package_amount used as COD-amount proxy — see docs/data_assumptions.md)
Carrier C,AWB7240428283,111014966111,2026-02-05,899,2026-02-07,Overdue,P1 - Urgent,[Remittance Due] AWB AWB7240428283 — COD ₹899 — Carrier C,"Dear Carrier C Finance Team,

The following COD shipment was delivered on 2026-02-05. Per the 2-day remittance SLA, payment of ₹899 is due by 2026-02-07 00:00:00.

AWB: AWB7240428283
Order ID: 111014966111
Delivery Date: 2026-02-05
Destination: Uttara Kannada
COD Amount: ₹899

Please confirm remittance status.

Regards,
Finance Ops — AI Logistics Control Tower",DERIVED (package_amount used as COD-amount proxy — see docs/data_assumptions.md)
Carrier D,AWB7548736617,110914958762,2026-02-05,640,2026-02-07,Overdue,P1 - Urgent,[Remittance Due] AWB AWB7548736617 — COD ₹640 — Carrier D,"Dear Carrier D Finance Team,

The following COD shipment was delivered on 2026-02-05. Per the 2-day remittance SLA, payment of ₹640 is due by 2026-02-07 00:00:00.

AWB: AWB7548736617
Order ID: 110914958762
Delivery Date: 2026-02-05
Destination: Panipat
COD Amount: ₹640

Please confirm remittance status.

Regards,
Finance Ops — AI Logistics Control Tower",DERIVED (package_amount used as COD-amount proxy — see docs/data_assumptions.md)
Carrier C,AWB5270762839,110514906292,2026-02-05,625,2026-02-07,Overdue,P1 - Urgent,[Remittance Due] AWB AWB5270762839 — COD ₹625 — Carrier C,"Dear Carrier C Finance Team,

The following COD shipment was delivered on 2026-02-05. Per the 2-day remittance SLA, payment of ₹625 is due by 2026-02-07 00:00:00.

AWB: AWB5270762839
Order ID: 110514906292
Delivery Date: 2026-02-05
Destination: East Nimar
COD Amount: ₹625

Please confirm remittance status.

Regards,
Finance Ops — AI Logistics Control Tower",DERIVED (package_amount used as COD-amount proxy — see docs/data_assumptions.md)
Carrier A,AWB6788858435,111014970535,2026-02-05,1848,2026-02-07,Overdue,P1 - Urgent,"[Remittance Due] AWB AWB6788858435 — COD ₹1,848 — Carrier A","Dear Carrier A Finance Team,

The following COD shipment was delivered on 2026-02-05. Per the 2-day remittance SLA, payment of ₹1,848 is due by 2026-02-07 00:00:00.

AWB: AWB6788858435
Order ID: 111014970535
Delivery Date: 2026-02-05
Destination: Bangalore
COD Amount: ₹1,848

Please confirm remittance status.

Regards,
Finance Ops — AI Logistics Control Tower",DERIVED (package_amount used as COD-amount proxy — see docs/data_assumptions.md)
Carrier C,AWB6471091390,111014961437,2026-02-05,490,2026-02-07,Overdue,P1 - Urgent,[Remittance Due] AWB AWB6471091390 — COD ₹490 — Carrier C,"Dear Carrier C Finance Team,

The following COD shipment was delivered on 2026-02-05. Per the 2-day remittance SLA, payment of ₹490 is due by 2026-02-07 00:00:00.

AWB: AWB6471091390
Order ID: 111014961437
Delivery Date: 2026-02-05
Destination: Gautam Buddha Nagar
COD Amount: ₹490

Please confirm remittance status.

Regards,
Finance Ops — AI Logistics Control Tower",DERIVED (package_amount used as COD-amount proxy — see docs/data_assumptions.md)
Carrier D,AWB7804056177,101414748572,2026-02-05,789,2026-02-07,Overdue,P1 - Urgent,[Remittance Due] AWB AWB7804056177 — COD ₹789 — Carrier D,"Dear Carrier D Finance Team,

The following COD shipment was delivered on 2026-02-05. Per the 2-day remittance SLA, payment of ₹789 is due by 2026-02-07 00:00:00.

AWB: AWB7804056177
Order ID: 101414748572
Delivery Date: 2026-02-05
Destination: North Delhi
COD Amount: ₹789

Please confirm remittance status.

Regards,
Finance Ops — AI Logistics Control Tower",DERIVED (package_amount used as COD-amount proxy — see docs/data_assumptions.md)
Carrier B,AWB3611212340,110414895283,2026-02-05,889,2026-02-07,Overdue,P1 - Urgent,[Remittance Due] AWB AWB3611212340 — COD ₹889 — Carrier B,"Dear Carrier B Finance Team,

The following COD shipment was delivered on 2026-02-05. Per the 2-day remittance SLA, payment of ₹889 is due by 2026-02-07 00:00:00.

AWB: AWB3611212340
Order ID: 110414895283
Delivery Date: 2026-02-05
Destination: Mumbai
COD Amount: ₹889

Please confirm remittance status.

Regards,
Finance Ops — AI Logistics Control Tower",DERIVED (package_amount used as COD-amount proxy — see docs/data_assumptions.md)
Carrier C,AWB5572758502,111014962209,2026-02-05,859,2026-02-07,Overdue,P1 - Urgent,[Remittance Due] AWB AWB5572758502 — COD ₹859 — Carrier C,"Dear Carrier C Finance Team,

The following COD shipment was delivered on 2026-02-05. Per the 2-day remittance SLA, payment of ₹859 is due by 2026-02-07 00:00:00.

AWB: AWB5572758502
Order ID: 111014962209
Delivery Date: 2026-02-05
Destination: Hyderabad
COD Amount: ₹859

Please confirm remittance status.

Regards,
Finance Ops — AI Logistics Control Tower",DERIVED (package_amount used as COD-amount proxy — see docs/data_assumptions.md)
Carrier B,AWB1717570814,110814945643,2026-02-05,822,2026-02-07,Overdue,P1 - Urgent,[Remittance Due] AWB AWB1717570814 — COD ₹822 — Carrier B,"Dear Carrier B Finance Team,

The following COD shipment was delivered on 2026-02-05. Per the 2-day remittance SLA, payment of ₹822 is due by 2026-02-07 00:00:00.

AWB: AWB1717570814
Order ID: 110814945643
Delivery Date: 2026-02-05
Destination: Kolkata
COD Amount: ₹822

Please confirm remittance status.

Regards,
Finance Ops — AI Logistics Control Tower",DERIVED (package_amount used as COD-amount proxy — see docs/data_assumptions.md)
Carrier D,AWB9746803596,111014966356,2026-02-05,430,2026-02-07,Overdue,P1 - Urgent,[Remittance Due] AWB AWB9746803596 — COD ₹430 — Carrier D,"Dear Carrier D Finance Team,

The following COD shipment was delivered on 2026-02-05. Per the 2-day remittance SLA, payment of ₹430 is due by 2026-02-07 00:00:00.

AWB: AWB9746803596
Order ID: 111014966356
Delivery Date: 2026-02-05
Destination: Bangalore
COD Amount: ₹430

Please confirm remittance status.

Regards,
Finance Ops — AI Logistics Control Tower",DERIVED (package_amount used as COD-amount proxy — see docs/data_assumptions.md)
Carrier B,AWB4599913032,110514911273,2026-02-06,1238,2026-02-08,Overdue,P1 - Urgent,"[Remittance Due] AWB AWB4599913032 — COD ₹1,238 — Carrier B","Dear Carrier B Finance Team,

The following COD shipment was delivered on 2026-02-06. Per the 2-day remittance SLA, payment of ₹1,238 is due by 2026-02-08 00:00:00.

AWB: AWB4599913032
Order ID: 110514911273
Delivery Date: 2026-02-06
Destination: Bangalore
COD Amount: ₹1,238

Please confirm remittance status.

Regards,
Finance Ops — AI Logistics Control Tower",DERIVED (package_amount used as COD-amount proxy — see docs/data_assumptions.md)
Carrier C,AWB6180292320,110914953620,2026-02-06,971,2026-02-08,Overdue,P1 - Urgent,[Remittance Due] AWB AWB6180292320 — COD ₹971 — Carrier C,"Dear Carrier C Finance Team,

The following COD shipment was delivered on 2026-02-06. Per the 2-day remittance SLA, payment of ₹971 is due by 2026-02-08 00:00:00.

AWB: AWB6180292320
Order ID: 110914953620
Delivery Date: 2026-02-06
Destination: Kolkata
COD Amount: ₹971

Please confirm remittance status.

Regards,
Finance Ops — AI Logistics Control Tower",DERIVED (package_amount used as COD-amount proxy — see docs/data_assumptions.md)
Carrier A,AWB9318208836,110714931634,2026-02-06,1349,2026-02-08,Overdue,P1 - Urgent,"[Remittance Due] AWB AWB9318208836 — COD ₹1,349 — Carrier A","Dear Carrier A Finance Team,

The following COD shipment was delivered on 2026-02-06. Per the 2-day remittance SLA, payment of ₹1,349 is due by 2026-02-08 00:00:00.

AWB: AWB9318208836
Order ID: 110714931634
Delivery Date: 2026-02-06
Destination: Gurgaon
COD Amount: ₹1,349

Please confirm remittance status.

Regards,
Finance Ops — AI Logistics Control Tower",DERIVED (package_amount used as COD-amount proxy — see docs/data_assumptions.md)
Carrier D,AWB6827196028,111014968443,2026-02-06,449,2026-02-08,Overdue,P1 - Urgent,[Remittance Due] AWB AWB6827196028 — COD ₹449 — Carrier D,"Dear Carrier D Finance Team,

The following COD shipment was delivered on 2026-02-06. Per the 2-day remittance SLA, payment of ₹449 is due by 2026-02-08 00:00:00.

AWB: AWB6827196028
Order ID: 111014968443
Delivery Date: 2026-02-06
Destination: Bangalore
COD Amount: ₹449

Please confirm remittance status.

Regards,
Finance Ops — AI Logistics Control Tower",DERIVED (package_amount used as COD-amount proxy — see docs/data_assumptions.md)
Carrier D,AWB2803673268,110314878775,2026-02-06,868,2026-02-08,Overdue,P1 - Urgent,[Remittance Due] AWB AWB2803673268 — COD ₹868 — Carrier D,"Dear Carrier D Finance Team,

The following COD shipment was delivered on 2026-02-06. Per the 2-day remittance SLA, payment of ₹868 is due by 2026-02-08 00:00:00.

AWB: AWB2803673268
Order ID: 110314878775
Delivery Date: 2026-02-06
Destination: Thane
COD Amount: ₹868

Please confirm remittance status.

Regards,
Finance Ops — AI Logistics Control Tower",DERIVED (package_amount used as COD-amount proxy — see docs/data_assumptions.md)
Carrier A,AWB5229314868,111114975059,2026-02-06,1674,2026-02-08,Overdue,P1 - Urgent,"[Remittance Due] AWB AWB5229314868 — COD ₹1,674 — Carrier A","Dear Carrier A Finance Team,

The following COD shipment was delivered on 2026-02-06. Per the 2-day remittance SLA, payment of ₹1,674 is due by 2026-02-08 00:00:00.

AWB: AWB5229314868
Order ID: 111114975059
Delivery Date: 2026-02-06
Destination: Bangalore
COD Amount: ₹1,674

Please confirm remittance status.

Regards,
Finance Ops — AI Logistics Control Tower",DERIVED (package_amount used as COD-amount proxy — see docs/data_assumptions.md)
Carrier A,AWB3834978807,110114864742,2026-02-06,4498,2026-02-08,Overdue,P1 - Urgent,"[Remittance Due] AWB AWB3834978807 — COD ₹4,498 — Carrier A","Dear Carrier A Finance Team,

The following COD shipment was delivered on 2026-02-06. Per the 2-day remittance SLA, payment of ₹4,498 is due by 2026-02-08 00:00:00.

AWB: AWB3834978807
Order ID: 110114864742
Delivery Date: 2026-02-06
Destination: Hyderabad
COD Amount: ₹4,498

Please confirm remittance status.

Regards,
Finance Ops — AI Logistics Control Tower",DERIVED (package_amount used as COD-amount proxy — see docs/data_assumptions.md)
Carrier D,AWB3168713623,111114978164,2026-02-06,1123,2026-02-08,Overdue,P1 - Urgent,"[Remittance Due] AWB AWB3168713623 — COD ₹1,123 — Carrier D","Dear Carrier D Finance Team,

The following COD shipment was delivered on 2026-02-06. Per the 2-day remittance SLA, payment of ₹1,123 is due by 2026-02-08 00:00:00.

AWB: AWB3168713623
Order ID: 111114978164
Delivery Date: 2026-02-06
Destination: Agra
COD Amount: ₹1,123

Please confirm remittance status.

Regards,
Finance Ops — AI Logistics Control Tower",DERIVED (package_amount used as COD-amount proxy — see docs/data_assumptions.md)
Carrier D,AWB0088101345,110914957873,2026-02-06,767,2026-02-08,Overdue,P1 - Urgent,[Remittance Due] AWB AWB0088101345 — COD ₹767 — Carrier D,"Dear Carrier D Finance Team,

The following COD shipment was delivered on 2026-02-06. Per the 2-day remittance SLA, payment of ₹767 is due by 2026-02-08 00:00:00.

AWB: AWB0088101345
Order ID: 110914957873
Delivery Date: 2026-02-06
Destination: Darjiling
COD Amount: ₹767

Please confirm remittance status.

Regards,
Finance Ops — AI Logistics Control Tower",DERIVED (package_amount used as COD-amount proxy — see docs/data_assumptions.md)
Carrier A,AWB6853750679,111014961773,2026-02-06,1780,2026-02-08,Overdue,P1 - Urgent,"[Remittance Due] AWB AWB6853750679 — COD ₹1,780 — Carrier A","Dear Carrier A Finance Team,

The following COD shipment was delivered on 2026-02-06. Per the 2-day remittance SLA, payment of ₹1,780 is due by 2026-02-08 00:00:00.

AWB: AWB6853750679
Order ID: 111014961773
Delivery Date: 2026-02-06
Destination: Bangalore
COD Amount: ₹1,780

Please confirm remittance status.

Regards,
Finance Ops — AI Logistics Control Tower",DERIVED (package_amount used as COD-amount proxy — see docs/data_assumptions.md)
Carrier C,AWB6831757340,101514656309,2026-02-06,849,2026-02-08,Overdue,P1 - Urgent,[Remittance Due] AWB AWB6831757340 — COD ₹849 — Carrier C,"Dear Carrier C Finance Team,

The following COD shipment was delivered on 2026-02-06. Per the 2-day remittance SLA, payment of ₹849 is due by 2026-02-08 00:00:00.

AWB: AWB6831757340
Order ID: 101514656309
Delivery Date: 2026-02-06
Destination: Purnia
COD Amount: ₹849

Please confirm remittance status.

Regards,
Finance Ops — AI Logistics Control Tower",DERIVED (package_amount used as COD-amount proxy — see docs/data_assumptions.md)
Carrier C,AWB5025769383,111014962217,2026-02-06,249,2026-02-08,Overdue,P1 - Urgent,[Remittance Due] AWB AWB5025769383 — COD ₹249 — Carrier C,"Dear Carrier C Finance Team,

The following COD shipment was delivered on 2026-02-06. Per the 2-day remittance SLA, payment of ₹249 is due by 2026-02-08 00:00:00.

AWB: AWB5025769383
Order ID: 111014962217
Delivery Date: 2026-02-06
Destination: Bangalore
COD Amount: ₹249

Please confirm remittance status.

Regards,
Finance Ops — AI Logistics Control Tower",DERIVED (package_amount used as COD-amount proxy — see docs/data_assumptions.md)
Carrier A,AWB4220602548,110514911322,2026-02-06,1189,2026-02-08,Overdue,P1 - Urgent,"[Remittance Due] AWB AWB4220602548 — COD ₹1,189 — Carrier A","Dear Carrier A Finance Team,

The following COD shipment was delivered on 2026-02-06. Per the 2-day remittance SLA, payment of ₹1,189 is due by 2026-02-08 00:00:00.

AWB: AWB4220602548
Order ID: 110514911322
Delivery Date: 2026-02-06
Destination: Pune
COD Amount: ₹1,189

Please confirm remittance status.

Regards,
Finance Ops — AI Logistics Control Tower",DERIVED (package_amount used as COD-amount proxy — see docs/data_assumptions.md)
Carrier D,AWB6388720033,110914951488,2026-02-07,1330,2026-02-09,Overdue,P1 - Urgent,"[Remittance Due] AWB AWB6388720033 — COD ₹1,330 — Carrier D","Dear Carrier D Finance Team,

The following COD shipment was delivered on 2026-02-07. Per the 2-day remittance SLA, payment of ₹1,330 is due by 2026-02-09 00:00:00.

AWB: AWB6388720033
Order ID: 110914951488
Delivery Date: 2026-02-07
Destination: ghaziabad
COD Amount: ₹1,330

Please confirm remittance status.

Regards,
Finance Ops — AI Logistics Control Tower",DERIVED (package_amount used as COD-amount proxy — see docs/data_assumptions.md)
Carrier D,AWB5560954669,110714929426,2026-02-07,1312,2026-02-09,Overdue,P1 - Urgent,"[Remittance Due] AWB AWB5560954669 — COD ₹1,312 — Carrier D","Dear Carrier D Finance Team,

The following COD shipment was delivered on 2026-02-07. Per the 2-day remittance SLA, payment of ₹1,312 is due by 2026-02-09 00:00:00.

AWB: AWB5560954669
Order ID: 110714929426
Delivery Date: 2026-02-07
Destination: Nainital
COD Amount: ₹1,312

Please confirm remittance status.

Regards,
Finance Ops — AI Logistics Control Tower",DERIVED (package_amount used as COD-amount proxy — see docs/data_assumptions.md)
Carrier D,AWB6133175495,110814939234,2026-02-07,849,2026-02-09,Overdue,P1 - Urgent,[Remittance Due] AWB AWB6133175495 — COD ₹849 — Carrier D,"Dear Carrier D Finance Team,

The following COD shipment was delivered on 2026-02-07. Per the 2-day remittance SLA, payment of ₹849 is due by 2026-02-09 00:00:00.

AWB: AWB6133175495
Order ID: 110814939234
Delivery Date: 2026-02-07
Destination: Varanasi
COD Amount: ₹849

Please confirm remittance status.

Regards,
Finance Ops — AI Logistics Control Tower",DERIVED (package_amount used as COD-amount proxy — see docs/data_assumptions.md)
Carrier B,AWB9410991950,110814944597,2026-02-07,2236,2026-02-09,Overdue,P1 - Urgent,"[Remittance Due] AWB AWB9410991950 — COD ₹2,236 — Carrier B","Dear Carrier B Finance Team,

The following COD shipment was delivered on 2026-02-07. Per the 2-day remittance SLA, payment of ₹2,236 is due by 2026-02-09 00:00:00.

AWB: AWB9410991950
Order ID: 110814944597
Delivery Date: 2026-02-07
Destination: Mumbai
COD Amount: ₹2,236

Please confirm remittance status.

Regards,
Finance Ops — AI Logistics Control Tower",DERIVED (package_amount used as COD-amount proxy — see docs/data_assumptions.md)
Carrier D,AWB8772889439,110814947943,2026-02-07,477,2026-02-09,Overdue,P1 - Urgent,[Remittance Due] AWB AWB8772889439 — COD ₹477 — Carrier D,"Dear Carrier D Finance Team,

The following COD shipment was delivered on 2026-02-07. Per the 2-day remittance SLA, payment of ₹477 is due by 2026-02-09 00:00:00.

AWB: AWB8772889439
Order ID: 110814947943
Delivery Date: 2026-02-07
Destination: Nalgonda
COD Amount: ₹477

Please confirm remittance status.

Regards,
Finance Ops — AI Logistics Control Tower",DERIVED (package_amount used as COD-amount proxy — see docs/data_assumptions.md)
Carrier D,AWB7831896123,110314877846,2026-02-07,1239,2026-02-09,Overdue,P1 - Urgent,"[Remittance Due] AWB AWB7831896123 — COD ₹1,239 — Carrier D","Dear Carrier D Finance Team,

The following COD shipment was delivered on 2026-02-07. Per the 2-day remittance SLA, payment of ₹1,239 is due by 2026-02-09 00:00:00.

AWB: AWB7831896123
Order ID: 110314877846
Delivery Date: 2026-02-07
Destination: Hyderabad
COD Amount: ₹1,239

Please confirm remittance status.

Regards,
Finance Ops — AI Logistics Control Tower",DERIVED (package_amount used as COD-amount proxy — see docs/data_assumptions.md)
Carrier B,AWB3765025350,111114973058,2026-02-07,1309,2026-02-09,Overdue,P1 - Urgent,"[Remittance Due] AWB AWB3765025350 — COD ₹1,309 — Carrier B","Dear Carrier B Finance Team,

The following COD shipment was delivered on 2026-02-07. Per the 2-day remittance SLA, payment of ₹1,309 is due by 2026-02-09 00:00:00.

AWB: AWB3765025350
Order ID: 111114973058
Delivery Date: 2026-02-07
Destination: Mumbai
COD Amount: ₹1,309

Please confirm remittance status.

Regards,
Finance Ops — AI Logistics Control Tower",DERIVED (package_amount used as COD-amount proxy — see docs/data_assumptions.md)
Carrier D,AWB4717478673,111014972797,2026-02-07,1007,2026-02-09,Overdue,P1 - Urgent,"[Remittance Due] AWB AWB4717478673 — COD ₹1,007 — Carrier D","Dear Carrier D Finance Team,

The following COD shipment was delivered on 2026-02-07. Per the 2-day remittance SLA, payment of ₹1,007 is due by 2026-02-09 00:00:00.

AWB: AWB4717478673
Order ID: 111014972797
Delivery Date: 2026-02-07
Destination: Bangalore
COD Amount: ₹1,007

Please confirm remittance status.

Regards,
Finance Ops — AI Logistics Control Tower",DERIVED (package_amount used as COD-amount proxy — see docs/data_assumptions.md)
Carrier D,AWB0692056858,110714926257,2026-02-07,749,2026-02-09,Overdue,P1 - Urgent,[Remittance Due] AWB AWB0692056858 — COD ₹749 — Carrier D,"Dear Carrier D Finance Team,

The following COD shipment was delivered on 2026-02-07. Per the 2-day remittance SLA, payment of ₹749 is due by 2026-02-09 00:00:00.

AWB: AWB0692056858
Order ID: 110714926257
Delivery Date: 2026-02-07
Destination: Mumbai
COD Amount: ₹749

Please confirm remittance status.

Regards,
Finance Ops — AI Logistics Control Tower",DERIVED (package_amount used as COD-amount proxy — see docs/data_assumptions.md)
Carrier A,AWB1030924279,101114592249,2026-02-07,529,2026-02-09,Overdue,P1 - Urgent,[Remittance Due] AWB AWB1030924279 — COD ₹529 — Carrier A,"Dear Carrier A Finance Team,

The following COD shipment was delivered on 2026-02-07. Per the 2-day remittance SLA, payment of ₹529 is due by 2026-02-09 00:00:00.

AWB: AWB1030924279
Order ID: 101114592249
Delivery Date: 2026-02-07
Destination: Mumbai
COD Amount: ₹529

Please confirm remittance status.

Regards,
Finance Ops — AI Logistics Control Tower",DERIVED (package_amount used as COD-amount proxy — see docs/data_assumptions.md)
Carrier C,AWB0431848503,110714924713,2026-02-07,729,2026-02-09,Overdue,P1 - Urgent,[Remittance Due] AWB AWB0431848503 — COD ₹729 — Carrier C,"Dear Carrier C Finance Team,

The following COD shipment was delivered on 2026-02-07. Per the 2-day remittance SLA, payment of ₹729 is due by 2026-02-09 00:00:00.

AWB: AWB0431848503
Order ID: 110714924713
Delivery Date: 2026-02-07
Destination: Bhusawal
COD Amount: ₹729

Please confirm remittance status.

Regards,
Finance Ops — AI Logistics Control Tower",DERIVED (package_amount used as COD-amount proxy — see docs/data_assumptions.md)
Carrier A,AWB5946478227,111014964353,2026-02-07,497,2026-02-09,Overdue,P1 - Urgent,[Remittance Due] AWB AWB5946478227 — COD ₹497 — Carrier A,"Dear Carrier A Finance Team,

The following COD shipment was delivered on 2026-02-07. Per the 2-day remittance SLA, payment of ₹497 is due by 2026-02-09 00:00:00.

AWB: AWB5946478227
Order ID: 111014964353
Delivery Date: 2026-02-07
Destination: North 24 Parganas
COD Amount: ₹497

Please confirm remittance status.

Regards,
Finance Ops — AI Logistics Control Tower",DERIVED (package_amount used as COD-amount proxy — see docs/data_assumptions.md)
Carrier D,AWB9205995796,110914957349,2026-02-07,349,2026-02-09,Overdue,P1 - Urgent,[Remittance Due] AWB AWB9205995796 — COD ₹349 — Carrier D,"Dear Carrier D Finance Team,

The following COD shipment was delivered on 2026-02-07. Per the 2-day remittance SLA, payment of ₹349 is due by 2026-02-09 00:00:00.

AWB: AWB9205995796
Order ID: 110914957349
Delivery Date: 2026-02-07
Destination: Mumbai
COD Amount: ₹349

Please confirm remittance status.

Regards,
Finance Ops — AI Logistics Control Tower",DERIVED (package_amount used as COD-amount proxy — see docs/data_assumptions.md)
Carrier B,AWB1910872792,100314494975,2026-02-07,909,2026-02-09,Overdue,P1 - Urgent,[Remittance Due] AWB AWB1910872792 — COD ₹909 — Carrier B,"Dear Carrier B Finance Team,

The following COD shipment was delivered on 2026-02-07. Per the 2-day remittance SLA, payment of ₹909 is due by 2026-02-09 00:00:00.

AWB: AWB1910872792
Order ID: 100314494975
Delivery Date: 2026-02-07
Destination: Agra
COD Amount: ₹909

Please confirm remittance status.

Regards,
Finance Ops — AI Logistics Control Tower",DERIVED (package_amount used as COD-amount proxy — see docs/data_assumptions.md)
Carrier A,AWB9952826112,110614918952,2026-02-07,1081,2026-02-09,Overdue,P1 - Urgent,"[Remittance Due] AWB AWB9952826112 — COD ₹1,081 — Carrier A","Dear Carrier A Finance Team,

The following COD shipment was delivered on 2026-02-07. Per the 2-day remittance SLA, payment of ₹1,081 is due by 2026-02-09 00:00:00.

AWB: AWB9952826112
Order ID: 110614918952
Delivery Date: 2026-02-07
Destination: Moradabad
COD Amount: ₹1,081

Please confirm remittance status.

Regards,
Finance Ops — AI Logistics Control Tower",DERIVED (package_amount used as COD-amount proxy — see docs/data_assumptions.md)
Carrier A,AWB6294331359,110914953434,2026-02-08,684,2026-02-10,Overdue,P1 - Urgent,[Remittance Due] AWB AWB6294331359 — COD ₹684 — Carrier A,"Dear Carrier A Finance Team,

The following COD shipment was delivered on 2026-02-08. Per the 2-day remittance SLA, payment of ₹684 is due by 2026-02-10 00:00:00.

AWB: AWB6294331359
Order ID: 110914953434
Delivery Date: 2026-02-08
Destination: Mumbai
COD Amount: ₹684

Please confirm remittance status.

Regards,
Finance Ops — AI Logistics Control Tower",DERIVED (package_amount used as COD-amount proxy — see docs/data_assumptions.md)
Carrier A,AWB0522881118,110714936607,2026-02-08,398,2026-02-10,Overdue,P1 - Urgent,[Remittance Due] AWB AWB0522881118 — COD ₹398 — Carrier A,"Dear Carrier A Finance Team,

The following COD shipment was delivered on 2026-02-08. Per the 2-day remittance SLA, payment of ₹398 is due by 2026-02-10 00:00:00.

AWB: AWB0522881118
Order ID: 110714936607
Delivery Date: 2026-02-08
Destination: Bellary
COD Amount: ₹398

Please confirm remittance status.

Regards,
Finance Ops — AI Logistics Control Tower",DERIVED (package_amount used as COD-amount proxy — see docs/data_assumptions.md)
Carrier A,AWB4416375615,102214753055,2026-02-08,881,2026-02-10,Overdue,P1 - Urgent,[Remittance Due] AWB AWB4416375615 — COD ₹881 — Carrier A,"Dear Carrier A Finance Team,

The following COD shipment was delivered on 2026-02-08. Per the 2-day remittance SLA, payment of ₹881 is due by 2026-02-10 00:00:00.

AWB: AWB4416375615
Order ID: 102214753055
Delivery Date: 2026-02-08
Destination: Thane
COD Amount: ₹881

Please confirm remittance status.

Regards,
Finance Ops — AI Logistics Control Tower",DERIVED (package_amount used as COD-amount proxy — see docs/data_assumptions.md)
Carrier D,AWB2073767589,110914955354,2026-02-08,495,2026-02-10,Overdue,P1 - Urgent,[Remittance Due] AWB AWB2073767589 — COD ₹495 — Carrier D,"Dear Carrier D Finance Team,

The following COD shipment was delivered on 2026-02-08. Per the 2-day remittance SLA, payment of ₹495 is due by 2026-02-10 00:00:00.

AWB: AWB2073767589
Order ID: 110914955354
Delivery Date: 2026-02-08
Destination: Ahmedabad
COD Amount: ₹495

Please confirm remittance status.

Regards,
Finance Ops — AI Logistics Control Tower",DERIVED (package_amount used as COD-amount proxy — see docs/data_assumptions.md)
Carrier D,AWB4943635258,110914955355,2026-02-08,349,2026-02-10,Overdue,P1 - Urgent,[Remittance Due] AWB AWB4943635258 — COD ₹349 — Carrier D,"Dear Carrier D Finance Team,

The following COD shipment was delivered on 2026-02-08. Per the 2-day remittance SLA, payment of ₹349 is due by 2026-02-10 00:00:00.

AWB: AWB4943635258
Order ID: 110914955355
Delivery Date: 2026-02-08
Destination: Ahmedabad
COD Amount: ₹349

Please confirm remittance status.

Regards,
Finance Ops — AI Logistics Control Tower",DERIVED (package_amount used as COD-amount proxy — see docs/data_assumptions.md)
Carrier C,AWB3135501354,110814948175,2026-02-08,729,2026-02-10,Overdue,P1 - Urgent,[Remittance Due] AWB AWB3135501354 — COD ₹729 — Carrier C,"Dear Carrier C Finance Team,

The following COD shipment was delivered on 2026-02-08. Per the 2-day remittance SLA, payment of ₹729 is due by 2026-02-10 00:00:00.

AWB: AWB3135501354
Order ID: 110814948175
Delivery Date: 2026-02-08
Destination: Ghaziabad
COD Amount: ₹729

Please confirm remittance status.

Regards,
Finance Ops — AI Logistics Control Tower",DERIVED (package_amount used as COD-amount proxy — see docs/data_assumptions.md)
Carrier C,AWB8703337975,110814943277,2026-02-08,659,2026-02-10,Overdue,P1 - Urgent,[Remittance Due] AWB AWB8703337975 — COD ₹659 — Carrier C,"Dear Carrier C Finance Team,

The following COD shipment was delivered on 2026-02-08. Per the 2-day remittance SLA, payment of ₹659 is due by 2026-02-10 00:00:00.

AWB: AWB8703337975
Order ID: 110814943277
Delivery Date: 2026-02-08
Destination: Hyderabad
COD Amount: ₹659

Please confirm remittance status.

Regards,
Finance Ops — AI Logistics Control Tower",DERIVED (package_amount used as COD-amount proxy — see docs/data_assumptions.md)
Carrier C,AWB4495502250,111014971255,2026-02-08,1615,2026-02-10,Overdue,P1 - Urgent,"[Remittance Due] AWB AWB4495502250 — COD ₹1,615 — Carrier C","Dear Carrier C Finance Team,

The following COD shipment was delivered on 2026-02-08. Per the 2-day remittance SLA, payment of ₹1,615 is due by 2026-02-10 00:00:00.

AWB: AWB4495502250
Order ID: 111014971255
Delivery Date: 2026-02-08
Destination: Bangalore
COD Amount: ₹1,615

Please confirm remittance status.

Regards,
Finance Ops — AI Logistics Control Tower",DERIVED (package_amount used as COD-amount proxy — see docs/data_assumptions.md)
Carrier B,AWB9415258065,110914950352,2026-02-08,961,2026-02-10,Overdue,P1 - Urgent,[Remittance Due] AWB AWB9415258065 — COD ₹961 — Carrier B,"Dear Carrier B Finance Team,

The following COD shipment was delivered on 2026-02-08. Per the 2-day remittance SLA, payment of ₹961 is due by 2026-02-10 00:00:00.

AWB: AWB9415258065
Order ID: 110914950352
Delivery Date: 2026-02-08
Destination: Vadodara
COD Amount: ₹961

Please confirm remittance status.

Regards,
Finance Ops — AI Logistics Control Tower",DERIVED (package_amount used as COD-amount proxy — see docs/data_assumptions.md)
Carrier A,AWB8479123181,110914956339,2026-02-08,399,2026-02-10,Overdue,P1 - Urgent,[Remittance Due] AWB AWB8479123181 — COD ₹399 — Carrier A,"Dear Carrier A Finance Team,

The following COD shipment was delivered on 2026-02-08. Per the 2-day remittance SLA, payment of ₹399 is due by 2026-02-10 00:00:00.

AWB: AWB8479123181
Order ID: 110914956339
Delivery Date: 2026-02-08
Destination: Thane
COD Amount: ₹399

Please confirm remittance status.

Regards,
Finance Ops — AI Logistics Control Tower",DERIVED (package_amount used as COD-amount proxy — see docs/data_assumptions.md)
Carrier B,AWB0947721041,103114848668,2026-02-08,1139,2026-02-10,Overdue,P1 - Urgent,"[Remittance Due] AWB AWB0947721041 — COD ₹1,139 — Carrier B","Dear Carrier B Finance Team,

The following COD shipment was delivered on 2026-02-08. Per the 2-day remittance SLA, payment of ₹1,139 is due by 2026-02-10 00:00:00.

AWB: AWB0947721041
Order ID: 103114848668
Delivery Date: 2026-02-08
Destination: Aurangabad
COD Amount: ₹1,139

Please confirm remittance status.

Regards,
Finance Ops — AI Logistics Control Tower",DERIVED (package_amount used as COD-amount proxy — see docs/data_assumptions.md)
Carrier C,AWB6115111699,110914953132,2026-02-08,797,2026-02-10,Overdue,P1 - Urgent,[Remittance Due] AWB AWB6115111699 — COD ₹797 — Carrier C,"Dear Carrier C Finance Team,

The following COD shipment was delivered on 2026-02-08. Per the 2-day remittance SLA, payment of ₹797 is due by 2026-02-10 00:00:00.

AWB: AWB6115111699
Order ID: 110914953132
Delivery Date: 2026-02-08
Destination: Chennai
COD Amount: ₹797

Please confirm remittance status.

Regards,
Finance Ops — AI Logistics Control Tower",DERIVED (package_amount used as COD-amount proxy — see docs/data_assumptions.md)
Carrier C,AWB9769011976,110914954481,2026-02-08,865,2026-02-10,Overdue,P1 - Urgent,[Remittance Due] AWB AWB9769011976 — COD ₹865 — Carrier C,"Dear Carrier C Finance Team,

The following COD shipment was delivered on 2026-02-08. Per the 2-day remittance SLA, payment of ₹865 is due by 2026-02-10 00:00:00.

AWB: AWB9769011976
Order ID: 110914954481
Delivery Date: 2026-02-08
Destination: Allahabad
COD Amount: ₹865

Please confirm remittance status.

Regards,
Finance Ops — AI Logistics Control Tower",DERIVED (package_amount used as COD-amount proxy — see docs/data_assumptions.md)
Carrier C,AWB2457465886,110814938636,2026-02-08,250,2026-02-10,Overdue,P1 - Urgent,[Remittance Due] AWB AWB2457465886 — COD ₹250 — Carrier C,"Dear Carrier C Finance Team,

The following COD shipment was delivered on 2026-02-08. Per the 2-day remittance SLA, payment of ₹250 is due by 2026-02-10 00:00:00.

AWB: AWB2457465886
Order ID: 110814938636
Delivery Date: 2026-02-08
Destination: Noida (Greater Noida)
COD Amount: ₹250

Please confirm remittance status.

Regards,
Finance Ops — AI Logistics Control Tower",DERIVED (package_amount used as COD-amount proxy — see docs/data_assumptions.md)
Carrier C,AWB7178424392,101714899881,2026-02-08,589,2026-02-10,Overdue,P1 - Urgent,[Remittance Due] AWB AWB7178424392 — COD ₹589 — Carrier C,"Dear Carrier C Finance Team,

The following COD shipment was delivered on 2026-02-08. Per the 2-day remittance SLA, payment of ₹589 is due by 2026-02-10 00:00:00.

AWB: AWB7178424392
Order ID: 101714899881
Delivery Date: 2026-02-08
Destination: Ganjam
COD Amount: ₹589

Please confirm remittance status.

Regards,
Finance Ops — AI Logistics Control Tower",DERIVED (package_amount used as COD-amount proxy — see docs/data_assumptions.md)
Carrier A,AWB8730258370,110814940689,2026-02-08,1676,2026-02-10,Overdue,P1 - Urgent,"[Remittance Due] AWB AWB8730258370 — COD ₹1,676 — Carrier A","Dear Carrier A Finance Team,

The following COD shipment was delivered on 2026-02-08. Per the 2-day remittance SLA, payment of ₹1,676 is due by 2026-02-10 00:00:00.

AWB: AWB8730258370
Order ID: 110814940689
Delivery Date: 2026-02-08
Destination: Hanumangarh
COD Amount: ₹1,676

Please confirm remittance status.

Regards,
Finance Ops — AI Logistics Control Tower",DERIVED (package_amount used as COD-amount proxy — see docs/data_assumptions.md)
Carrier D,AWB1959826047,101614919841,2026-02-08,779,2026-02-10,Overdue,P1 - Urgent,[Remittance Due] AWB AWB1959826047 — COD ₹779 — Carrier D,"Dear Carrier D Finance Team,

The following COD shipment was delivered on 2026-02-08. Per the 2-day remittance SLA, payment of ₹779 is due by 2026-02-10 00:00:00.

AWB: AWB1959826047
Order ID: 101614919841
Delivery Date: 2026-02-08
Destination: North Delhi
COD Amount: ₹779

Please confirm remittance status.

Regards,
Finance Ops — AI Logistics Control Tower",DERIVED (package_amount used as COD-amount proxy — see docs/data_assumptions.md)
Carrier C,AWB4874405196,110414896619,2026-02-08,777,2026-02-10,Overdue,P1 - Urgent,[Remittance Due] AWB AWB4874405196 — COD ₹777 — Carrier C,"Dear Carrier C Finance Team,

The following COD shipment was delivered on 2026-02-08. Per the 2-day remittance SLA, payment of ₹777 is due by 2026-02-10 00:00:00.

AWB: AWB4874405196
Order ID: 110414896619
Delivery Date: 2026-02-08
Destination: EAST MIDNAPORE
COD Amount: ₹777

Please confirm remittance status.

Regards,
Finance Ops — AI Logistics Control Tower",DERIVED (package_amount used as COD-amount proxy — see docs/data_assumptions.md)
Carrier B,AWB2566249798,110814941667,2026-02-08,925,2026-02-10,Overdue,P1 - Urgent,[Remittance Due] AWB AWB2566249798 — COD ₹925 — Carrier B,"Dear Carrier B Finance Team,

The following COD shipment was delivered on 2026-02-08. Per the 2-day remittance SLA, payment of ₹925 is due by 2026-02-10 00:00:00.

AWB: AWB2566249798
Order ID: 110814941667
Delivery Date: 2026-02-08
Destination: Faridabad
COD Amount: ₹925

Please confirm remittance status.

Regards,
Finance Ops — AI Logistics Control Tower",DERIVED (package_amount used as COD-amount proxy — see docs/data_assumptions.md)
Carrier D,AWB4868884617,110514911891,2026-02-08,759,2026-02-10,Overdue,P1 - Urgent,[Remittance Due] AWB AWB4868884617 — COD ₹759 — Carrier D,"Dear Carrier D Finance Team,

The following COD shipment was delivered on 2026-02-08. Per the 2-day remittance SLA, payment of ₹759 is due by 2026-02-10 00:00:00.

AWB: AWB4868884617
Order ID: 110514911891
Delivery Date: 2026-02-08
Destination: Jalandhar
COD Amount: ₹759

Please confirm remittance status.

Regards,
Finance Ops — AI Logistics Control Tower",DERIVED (package_amount used as COD-amount proxy — see docs/data_assumptions.md)
Carrier D,AWB6397825637,110714930324,2026-02-08,230,2026-02-10,Overdue,P1 - Urgent,[Remittance Due] AWB AWB6397825637 — COD ₹230 — Carrier D,"Dear Carrier D Finance Team,

The following COD shipment was delivered on 2026-02-08. Per the 2-day remittance SLA, payment of ₹230 is due by 2026-02-10 00:00:00.

AWB: AWB6397825637
Order ID: 110714930324
Delivery Date: 2026-02-08
Destination: Jammu
COD Amount: ₹230

Please confirm remittance status.

Regards,
Finance Ops — AI Logistics Control Tower",DERIVED (package_amount used as COD-amount proxy — see docs/data_assumptions.md)
Carrier A,AWB0609611401,111014968563,2026-02-08,767,2026-02-10,Overdue,P1 - Urgent,[Remittance Due] AWB AWB0609611401 — COD ₹767 — Carrier A,"Dear Carrier A Finance Team,

The following COD shipment was delivered on 2026-02-08. Per the 2-day remittance SLA, payment of ₹767 is due by 2026-02-10 00:00:00.

AWB: AWB0609611401
Order ID: 111014968563
Delivery Date: 2026-02-08
Destination: Mumbai
COD Amount: ₹767

Please confirm remittance status.

Regards,
Finance Ops — AI Logistics Control Tower",DERIVED (package_amount used as COD-amount proxy — see docs/data_assumptions.md)
Carrier C,AWB0789766430,110114859957,2026-02-08,623,2026-02-10,Overdue,P1 - Urgent,[Remittance Due] AWB AWB0789766430 — COD ₹623 — Carrier C,"Dear Carrier C Finance Team,

The following COD shipment was delivered on 2026-02-08. Per the 2-day remittance SLA, payment of ₹623 is due by 2026-02-10 00:00:00.

AWB: AWB0789766430
Order ID: 110114859957
Delivery Date: 2026-02-08
Destination: Kanchipuram
COD Amount: ₹623

Please confirm remittance status.

Regards,
Finance Ops — AI Logistics Control Tower",DERIVED (package_amount used as COD-amount proxy — see docs/data_assumptions.md)
Carrier C,AWB7546900340,111014967481,2026-02-08,1439,2026-02-10,Overdue,P1 - Urgent,"[Remittance Due] AWB AWB7546900340 — COD ₹1,439 — Carrier C","Dear Carrier C Finance Team,

The following COD shipment was delivered on 2026-02-08. Per the 2-day remittance SLA, payment of ₹1,439 is due by 2026-02-10 00:00:00.

AWB: AWB7546900340
Order ID: 111014967481
Delivery Date: 2026-02-08
Destination: Mumbai
COD Amount: ₹1,439

Please confirm remittance status.

Regards,
Finance Ops — AI Logistics Control Tower",DERIVED (package_amount used as COD-amount proxy — see docs/data_assumptions.md)
Carrier A,AWB4766638852,111114973020,2026-02-08,549,2026-02-10,Overdue,P1 - Urgent,[Remittance Due] AWB AWB4766638852 — COD ₹549 — Carrier A,"Dear Carrier A Finance Team,

The following COD shipment was delivered on 2026-02-08. Per the 2-day remittance SLA, payment of ₹549 is due by 2026-02-10 00:00:00.

AWB: AWB4766638852
Order ID: 111114973020
Delivery Date: 2026-02-08
Destination: Mumbai
COD Amount: ₹549

Please confirm remittance status.

Regards,
Finance Ops — AI Logistics Control Tower",DERIVED (package_amount used as COD-amount proxy — see docs/data_assumptions.md)
Carrier D,AWB1665266098,110914960662,2026-02-08,499,2026-02-10,Overdue,P1 - Urgent,[Remittance Due] AWB AWB1665266098 — COD ₹499 — Carrier D,"Dear Carrier D Finance Team,

The following COD shipment was delivered on 2026-02-08. Per the 2-day remittance SLA, payment of ₹499 is due by 2026-02-10 00:00:00.

AWB: AWB1665266098
Order ID: 110914960662
Delivery Date: 2026-02-08
Destination: Chennai
COD Amount: ₹499

Please confirm remittance status.

Regards,
Finance Ops — AI Logistics Control Tower",DERIVED (package_amount used as COD-amount proxy — see docs/data_assumptions.md)
Carrier A,AWB6636081590,110814948480,2026-02-08,849,2026-02-10,Overdue,P1 - Urgent,[Remittance Due] AWB AWB6636081590 — COD ₹849 — Carrier A,"Dear Carrier A Finance Team,

The following COD shipment was delivered on 2026-02-08. Per the 2-day remittance SLA, payment of ₹849 is due by 2026-02-10 00:00:00.

AWB: AWB6636081590
Order ID: 110814948480
Delivery Date: 2026-02-08
Destination: Dharwad
COD Amount: ₹849

Please confirm remittance status.

Regards,
Finance Ops — AI Logistics Control Tower",DERIVED (package_amount used as COD-amount proxy — see docs/data_assumptions.md)
Carrier C,AWB0062726113,110914952703,2026-02-08,686,2026-02-10,Overdue,P1 - Urgent,[Remittance Due] AWB AWB0062726113 — COD ₹686 — Carrier C,"Dear Carrier C Finance Team,

The following COD shipment was delivered on 2026-02-08. Per the 2-day remittance SLA, payment of ₹686 is due by 2026-02-10 00:00:00.

AWB: AWB0062726113
Order ID: 110914952703
Delivery Date: 2026-02-08
Destination: Tiruvallur
COD Amount: ₹686

Please confirm remittance status.

Regards,
Finance Ops — AI Logistics Control Tower",DERIVED (package_amount used as COD-amount proxy — see docs/data_assumptions.md)
Carrier A,AWB4021613130,110914952318,2026-02-08,1360,2026-02-10,Overdue,P1 - Urgent,"[Remittance Due] AWB AWB4021613130 — COD ₹1,360 — Carrier A","Dear Carrier A Finance Team,

The following COD shipment was delivered on 2026-02-08. Per the 2-day remittance SLA, payment of ₹1,360 is due by 2026-02-10 00:00:00.

AWB: AWB4021613130
Order ID: 110914952318
Delivery Date: 2026-02-08
Destination: Gautam Buddha Nagar
COD Amount: ₹1,360

Please confirm remittance status.

Regards,
Finance Ops — AI Logistics Control Tower",DERIVED (package_amount used as COD-amount proxy — see docs/data_assumptions.md)
Carrier C,AWB3360232203,110814947262,2026-02-09,669,2026-02-11,Overdue,P1 - Urgent,[Remittance Due] AWB AWB3360232203 — COD ₹669 — Carrier C,"Dear Carrier C Finance Team,

The following COD shipment was delivered on 2026-02-09. Per the 2-day remittance SLA, payment of ₹669 is due by 2026-02-11 00:00:00.

AWB: AWB3360232203
Order ID: 110814947262
Delivery Date: 2026-02-09
Destination: Gurgaon
COD Amount: ₹669

Please confirm remittance status.

Regards,
Finance Ops — AI Logistics Control Tower",DERIVED (package_amount used as COD-amount proxy — see docs/data_assumptions.md)
Carrier D,AWB9376376399,110514902144,2026-02-09,408,2026-02-11,Overdue,P1 - Urgent,[Remittance Due] AWB AWB9376376399 — COD ₹408 — Carrier D,"Dear Carrier D Finance Team,

The following COD shipment was delivered on 2026-02-09. Per the 2-day remittance SLA, payment of ₹408 is due by 2026-02-11 00:00:00.

AWB: AWB9376376399
Order ID: 110514902144
Delivery Date: 2026-02-09
Destination: Raigarh(MH)
COD Amount: ₹408

Please confirm remittance status.

Regards,
Finance Ops — AI Logistics Control Tower",DERIVED (package_amount used as COD-amount proxy — see docs/data_assumptions.md)
Carrier A,AWB8467551257,111014972600,2026-02-09,1020,2026-02-11,Overdue,P1 - Urgent,"[Remittance Due] AWB AWB8467551257 — COD ₹1,020 — Carrier A","Dear Carrier A Finance Team,

The following COD shipment was delivered on 2026-02-09. Per the 2-day remittance SLA, payment of ₹1,020 is due by 2026-02-11 00:00:00.

AWB: AWB8467551257
Order ID: 111014972600
Delivery Date: 2026-02-09
Destination: Pune
COD Amount: ₹1,020

Please confirm remittance status.

Regards,
Finance Ops — AI Logistics Control Tower",DERIVED (package_amount used as COD-amount proxy — see docs/data_assumptions.md)
Carrier D,AWB2642796525,110614914799,2026-02-09,790,2026-02-11,Overdue,P1 - Urgent,[Remittance Due] AWB AWB2642796525 — COD ₹790 — Carrier D,"Dear Carrier D Finance Team,

The following COD shipment was delivered on 2026-02-09. Per the 2-day remittance SLA, payment of ₹790 is due by 2026-02-11 00:00:00.

AWB: AWB2642796525
Order ID: 110614914799
Delivery Date: 2026-02-09
Destination: Indore
COD Amount: ₹790

Please confirm remittance status.

Regards,
Finance Ops — AI Logistics Control Tower",DERIVED (package_amount used as COD-amount proxy — see docs/data_assumptions.md)
Carrier D,AWB0920055168,110414888306,2026-02-09,1699,2026-02-11,Overdue,P1 - Urgent,"[Remittance Due] AWB AWB0920055168 — COD ₹1,699 — Carrier D","Dear Carrier D Finance Team,

The following COD shipment was delivered on 2026-02-09. Per the 2-day remittance SLA, payment of ₹1,699 is due by 2026-02-11 00:00:00.

AWB: AWB0920055168
Order ID: 110414888306
Delivery Date: 2026-02-09
Destination: Mumbai
COD Amount: ₹1,699

Please confirm remittance status.

Regards,
Finance Ops — AI Logistics Control Tower",DERIVED (package_amount used as COD-amount proxy — see docs/data_assumptions.md)
Carrier B,AWB2264904416,110514901875,2026-02-09,745,2026-02-11,Overdue,P1 - Urgent,[Remittance Due] AWB AWB2264904416 — COD ₹745 — Carrier B,"Dear Carrier B Finance Team,

The following COD shipment was delivered on 2026-02-09. Per the 2-day remittance SLA, payment of ₹745 is due by 2026-02-11 00:00:00.

AWB: AWB2264904416
Order ID: 110514901875
Delivery Date: 2026-02-09
Destination: Indore
COD Amount: ₹745

Please confirm remittance status.

Regards,
Finance Ops — AI Logistics Control Tower",DERIVED (package_amount used as COD-amount proxy — see docs/data_assumptions.md)
Carrier A,AWB3386271891,110714936116,2026-02-09,1499,2026-02-11,Overdue,P1 - Urgent,"[Remittance Due] AWB AWB3386271891 — COD ₹1,499 — Carrier A","Dear Carrier A Finance Team,

The following COD shipment was delivered on 2026-02-09. Per the 2-day remittance SLA, payment of ₹1,499 is due by 2026-02-11 00:00:00.

AWB: AWB3386271891
Order ID: 110714936116
Delivery Date: 2026-02-09
Destination: Chennai
COD Amount: ₹1,499

Please confirm remittance status.

Regards,
Finance Ops — AI Logistics Control Tower",DERIVED (package_amount used as COD-amount proxy — see docs/data_assumptions.md)
Carrier D,AWB9682838640,110714925044,2026-02-09,658,2026-02-11,Overdue,P1 - Urgent,[Remittance Due] AWB AWB9682838640 — COD ₹658 — Carrier D,"Dear Carrier D Finance Team,

The following COD shipment was delivered on 2026-02-09. Per the 2-day remittance SLA, payment of ₹658 is due by 2026-02-11 00:00:00.

AWB: AWB9682838640
Order ID: 110714925044
Delivery Date: 2026-02-09
Destination: Bhopal
COD Amount: ₹658

Please confirm remittance status.

Regards,
Finance Ops — AI Logistics Control Tower",DERIVED (package_amount used as COD-amount proxy — see docs/data_assumptions.md)
Carrier B,AWB4623275000,101614748787,2026-02-09,899,2026-02-11,Overdue,P1 - Urgent,[Remittance Due] AWB AWB4623275000 — COD ₹899 — Carrier B,"Dear Carrier B Finance Team,

The following COD shipment was delivered on 2026-02-09. Per the 2-day remittance SLA, payment of ₹899 is due by 2026-02-11 00:00:00.

AWB: AWB4623275000
Order ID: 101614748787
Delivery Date: 2026-02-09
Destination: East Delhi
COD Amount: ₹899

Please confirm remittance status.

Regards,
Finance Ops — AI Logistics Control Tower",DERIVED (package_amount used as COD-amount proxy — see docs/data_assumptions.md)
Carrier A,AWB8183960362,111114973105,2026-02-09,599,2026-02-11,Overdue,P1 - Urgent,[Remittance Due] AWB AWB8183960362 — COD ₹599 — Carrier A,"Dear Carrier A Finance Team,

The following COD shipment was delivered on 2026-02-09. Per the 2-day remittance SLA, payment of ₹599 is due by 2026-02-11 00:00:00.

AWB: AWB8183960362
Order ID: 111114973105
Delivery Date: 2026-02-09
Destination: Mumbai
COD Amount: ₹599

Please confirm remittance status.

Regards,
Finance Ops — AI Logistics Control Tower",DERIVED (package_amount used as COD-amount proxy — see docs/data_assumptions.md)
Carrier B,AWB2861495554,110514910720,2026-02-09,900,2026-02-11,Overdue,P1 - Urgent,[Remittance Due] AWB AWB2861495554 — COD ₹900 — Carrier B,"Dear Carrier B Finance Team,

The following COD shipment was delivered on 2026-02-09. Per the 2-day remittance SLA, payment of ₹900 is due by 2026-02-11 00:00:00.

AWB: AWB2861495554
Order ID: 110514910720
Delivery Date: 2026-02-09
Destination: Faridabad
COD Amount: ₹900

Please confirm remittance status.

Regards,
Finance Ops — AI Logistics Control Tower",DERIVED (package_amount used as COD-amount proxy — see docs/data_assumptions.md)
Carrier A,AWB3939289998,111014964781,2026-02-09,349,2026-02-11,Overdue,P1 - Urgent,[Remittance Due] AWB AWB3939289998 — COD ₹349 — Carrier A,"Dear Carrier A Finance Team,

The following COD shipment was delivered on 2026-02-09. Per the 2-day remittance SLA, payment of ₹349 is due by 2026-02-11 00:00:00.

AWB: AWB3939289998
Order ID: 111014964781
Delivery Date: 2026-02-09
Destination: Kolkata
COD Amount: ₹349

Please confirm remittance status.

Regards,
Finance Ops — AI Logistics Control Tower",DERIVED (package_amount used as COD-amount proxy — see docs/data_assumptions.md)
Carrier B,AWB8348334524,111014965352,2026-02-09,449,2026-02-11,Overdue,P1 - Urgent,[Remittance Due] AWB AWB8348334524 — COD ₹449 — Carrier B,"Dear Carrier B Finance Team,

The following COD shipment was delivered on 2026-02-09. Per the 2-day remittance SLA, payment of ₹449 is due by 2026-02-11 00:00:00.

AWB: AWB8348334524
Order ID: 111014965352
Delivery Date: 2026-02-09
Destination: Agra
COD Amount: ₹449

Please confirm remittance status.

Regards,
Finance Ops — AI Logistics Control Tower",DERIVED (package_amount used as COD-amount proxy — see docs/data_assumptions.md)
Carrier B,AWB4874791460,111014963714,2026-02-09,349,2026-02-11,Overdue,P1 - Urgent,[Remittance Due] AWB AWB4874791460 — COD ₹349 — Carrier B,"Dear Carrier B Finance Team,

The following COD shipment was delivered on 2026-02-09. Per the 2-day remittance SLA, payment of ₹349 is due by 2026-02-11 00:00:00.

AWB: AWB4874791460
Order ID: 111014963714
Delivery Date: 2026-02-09
Destination: East Delhi
COD Amount: ₹349

Please confirm remittance status.

Regards,
Finance Ops — AI Logistics Control Tower",DERIVED (package_amount used as COD-amount proxy — see docs/data_assumptions.md)
Carrier D,AWB9797753996,110914956633,2026-02-09,1439,2026-02-11,Overdue,P1 - Urgent,"[Remittance Due] AWB AWB9797753996 — COD ₹1,439 — Carrier D","Dear Carrier D Finance Team,

The following COD shipment was delivered on 2026-02-09. Per the 2-day remittance SLA, payment of ₹1,439 is due by 2026-02-11 00:00:00.

AWB: AWB9797753996
Order ID: 110914956633
Delivery Date: 2026-02-09
Destination: Medak
COD Amount: ₹1,439

Please confirm remittance status.

Regards,
Finance Ops — AI Logistics Control Tower",DERIVED (package_amount used as COD-amount proxy — see docs/data_assumptions.md)
Carrier B,AWB4022643399,110714928115,2026-02-09,499,2026-02-11,Overdue,P1 - Urgent,[Remittance Due] AWB AWB4022643399 — COD ₹499 — Carrier B,"Dear Carrier B Finance Team,

The following COD shipment was delivered on 2026-02-09. Per the 2-day remittance SLA, payment of ₹499 is due by 2026-02-11 00:00:00.

AWB: AWB4022643399
Order ID: 110714928115
Delivery Date: 2026-02-09
Destination: Faridkot
COD Amount: ₹499

Please confirm remittance status.

Regards,
Finance Ops — AI Logistics Control Tower",DERIVED (package_amount used as COD-amount proxy — see docs/data_assumptions.md)
Carrier B,AWB2406945817,110914954343,2026-02-09,349,2026-02-11,Overdue,P1 - Urgent,[Remittance Due] AWB AWB2406945817 — COD ₹349 — Carrier B,"Dear Carrier B Finance Team,

The following COD shipment was delivered on 2026-02-09. Per the 2-day remittance SLA, payment of ₹349 is due by 2026-02-11 00:00:00.

AWB: AWB2406945817
Order ID: 110914954343
Delivery Date: 2026-02-09
Destination: Jam Nagar
COD Amount: ₹349

Please confirm remittance status.

Regards,
Finance Ops — AI Logistics Control Tower",DERIVED (package_amount used as COD-amount proxy — see docs/data_assumptions.md)
Carrier A,AWB3934699575,111114978064,2026-02-10,2990,2026-02-12,Overdue,P1 - Urgent,"[Remittance Due] AWB AWB3934699575 — COD ₹2,990 — Carrier A","Dear Carrier A Finance Team,

The following COD shipment was delivered on 2026-02-10. Per the 2-day remittance SLA, payment of ₹2,990 is due by 2026-02-12 00:00:00.

AWB: AWB3934699575
Order ID: 111114978064
Delivery Date: 2026-02-10
Destination: Thane
COD Amount: ₹2,990

Please confirm remittance status.

Regards,
Finance Ops — AI Logistics Control Tower",DERIVED (package_amount used as COD-amount proxy — see docs/data_assumptions.md)
Carrier C,AWB5948244811,110714929242,2026-02-10,1303,2026-02-12,Overdue,P1 - Urgent,"[Remittance Due] AWB AWB5948244811 — COD ₹1,303 — Carrier C","Dear Carrier C Finance Team,

The following COD shipment was delivered on 2026-02-10. Per the 2-day remittance SLA, payment of ₹1,303 is due by 2026-02-12 00:00:00.

AWB: AWB5948244811
Order ID: 110714929242
Delivery Date: 2026-02-10
Destination: Mohali
COD Amount: ₹1,303

Please confirm remittance status.

Regards,
Finance Ops — AI Logistics Control Tower",DERIVED (package_amount used as COD-amount proxy — see docs/data_assumptions.md)
Carrier A,AWB4616754280,110914960485,2026-02-10,449,2026-02-12,Overdue,P1 - Urgent,[Remittance Due] AWB AWB4616754280 — COD ₹449 — Carrier A,"Dear Carrier A Finance Team,

The following COD shipment was delivered on 2026-02-10. Per the 2-day remittance SLA, payment of ₹449 is due by 2026-02-12 00:00:00.

AWB: AWB4616754280
Order ID: 110914960485
Delivery Date: 2026-02-10
Destination: Pune
COD Amount: ₹449

Please confirm remittance status.

Regards,
Finance Ops — AI Logistics Control Tower",DERIVED (package_amount used as COD-amount proxy — see docs/data_assumptions.md)
Carrier D,AWB1663835283,110714935897,2026-02-10,1814,2026-02-12,Overdue,P1 - Urgent,"[Remittance Due] AWB AWB1663835283 — COD ₹1,814 — Carrier D","Dear Carrier D Finance Team,

The following COD shipment was delivered on 2026-02-10. Per the 2-day remittance SLA, payment of ₹1,814 is due by 2026-02-12 00:00:00.

AWB: AWB1663835283
Order ID: 110714935897
Delivery Date: 2026-02-10
Destination: Ajmer
COD Amount: ₹1,814

Please confirm remittance status.

Regards,
Finance Ops — AI Logistics Control Tower",DERIVED (package_amount used as COD-amount proxy — see docs/data_assumptions.md)
Carrier D,AWB6231338450,102014725591,2026-02-10,1034,2026-02-12,Overdue,P1 - Urgent,"[Remittance Due] AWB AWB6231338450 — COD ₹1,034 — Carrier D","Dear Carrier D Finance Team,

The following COD shipment was delivered on 2026-02-10. Per the 2-day remittance SLA, payment of ₹1,034 is due by 2026-02-12 00:00:00.

AWB: AWB6231338450
Order ID: 102014725591
Delivery Date: 2026-02-10
Destination: Aizawl
COD Amount: ₹1,034

Please confirm remittance status.

Regards,
Finance Ops — AI Logistics Control Tower",DERIVED (package_amount used as COD-amount proxy — see docs/data_assumptions.md)
Carrier D,AWB2974628341,110414898192,2026-02-10,775,2026-02-12,Overdue,P1 - Urgent,[Remittance Due] AWB AWB2974628341 — COD ₹775 — Carrier D,"Dear Carrier D Finance Team,

The following COD shipment was delivered on 2026-02-10. Per the 2-day remittance SLA, payment of ₹775 is due by 2026-02-12 00:00:00.

AWB: AWB2974628341
Order ID: 110414898192
Delivery Date: 2026-02-10
Destination: Bangalore
COD Amount: ₹775

Please confirm remittance status.

Regards,
Finance Ops — AI Logistics Control Tower",DERIVED (package_amount used as COD-amount proxy — see docs/data_assumptions.md)
Carrier B,AWB7737667825,110814943363,2026-02-10,389,2026-02-12,Overdue,P1 - Urgent,[Remittance Due] AWB AWB7737667825 — COD ₹389 — Carrier B,"Dear Carrier B Finance Team,

The following COD shipment was delivered on 2026-02-10. Per the 2-day remittance SLA, payment of ₹389 is due by 2026-02-12 00:00:00.

AWB: AWB7737667825
Order ID: 110814943363
Delivery Date: 2026-02-10
Destination: Datia
COD Amount: ₹389

Please confirm remittance status.

Regards,
Finance Ops — AI Logistics Control Tower",DERIVED (package_amount used as COD-amount proxy — see docs/data_assumptions.md)
Carrier C,AWB8904270537,110614918563,2026-02-10,584,2026-02-12,Overdue,P1 - Urgent,[Remittance Due] AWB AWB8904270537 — COD ₹584 — Carrier C,"Dear Carrier C Finance Team,

The following COD shipment was delivered on 2026-02-10. Per the 2-day remittance SLA, payment of ₹584 is due by 2026-02-12 00:00:00.

AWB: AWB8904270537
Order ID: 110614918563
Delivery Date: 2026-02-10
Destination: Agra
COD Amount: ₹584

Please confirm remittance status.

Regards,
Finance Ops — AI Logistics Control Tower",DERIVED (package_amount used as COD-amount proxy — see docs/data_assumptions.md)
Carrier D,AWB2794272973,110814948864,2026-02-10,1199,2026-02-12,Overdue,P1 - Urgent,"[Remittance Due] AWB AWB2794272973 — COD ₹1,199 — Carrier D","Dear Carrier D Finance Team,

The following COD shipment was delivered on 2026-02-10. Per the 2-day remittance SLA, payment of ₹1,199 is due by 2026-02-12 00:00:00.

AWB: AWB2794272973
Order ID: 110814948864
Delivery Date: 2026-02-10
Destination: Thane
COD Amount: ₹1,199

Please confirm remittance status.

Regards,
Finance Ops — AI Logistics Control Tower",DERIVED (package_amount used as COD-amount proxy — see docs/data_assumptions.md)
Carrier A,AWB7894907585,103014837716,2026-02-10,899,2026-02-12,Overdue,P1 - Urgent,[Remittance Due] AWB AWB7894907585 — COD ₹899 — Carrier A,"Dear Carrier A Finance Team,

The following COD shipment was delivered on 2026-02-10. Per the 2-day remittance SLA, payment of ₹899 is due by 2026-02-12 00:00:00.

AWB: AWB7894907585
Order ID: 103014837716
Delivery Date: 2026-02-10
Destination: Nagpur
COD Amount: ₹899

Please confirm remittance status.

Regards,
Finance Ops — AI Logistics Control Tower",DERIVED (package_amount used as COD-amount proxy — see docs/data_assumptions.md)
Carrier B,AWB9691839169,110814945058,2026-02-10,668,2026-02-12,Overdue,P1 - Urgent,[Remittance Due] AWB AWB9691839169 — COD ₹668 — Carrier B,"Dear Carrier B Finance Team,

The following COD shipment was delivered on 2026-02-10. Per the 2-day remittance SLA, payment of ₹668 is due by 2026-02-12 00:00:00.

AWB: AWB9691839169
Order ID: 110814945058
Delivery Date: 2026-02-10
Destination: Bangalore
COD Amount: ₹668

Please confirm remittance status.

Regards,
Finance Ops — AI Logistics Control Tower",DERIVED (package_amount used as COD-amount proxy — see docs/data_assumptions.md)
Carrier B,AWB9770554798,110514909489,2026-02-10,1362,2026-02-12,Overdue,P1 - Urgent,"[Remittance Due] AWB AWB9770554798 — COD ₹1,362 — Carrier B","Dear Carrier B Finance Team,

The following COD shipment was delivered on 2026-02-10. Per the 2-day remittance SLA, payment of ₹1,362 is due by 2026-02-12 00:00:00.

AWB: AWB9770554798
Order ID: 110514909489
Delivery Date: 2026-02-10
Destination: Bangalore
COD Amount: ₹1,362

Please confirm remittance status.

Regards,
Finance Ops — AI Logistics Control Tower",DERIVED (package_amount used as COD-amount proxy — see docs/data_assumptions.md)
Carrier A,AWB6298889651,111014963141,2026-02-10,779,2026-02-12,Overdue,P1 - Urgent,[Remittance Due] AWB AWB6298889651 — COD ₹779 — Carrier A,"Dear Carrier A Finance Team,

The following COD shipment was delivered on 2026-02-10. Per the 2-day remittance SLA, payment of ₹779 is due by 2026-02-12 00:00:00.

AWB: AWB6298889651
Order ID: 111014963141
Delivery Date: 2026-02-10
Destination: Bangalore
COD Amount: ₹779

Please confirm remittance status.

Regards,
Finance Ops — AI Logistics Control Tower",DERIVED (package_amount used as COD-amount proxy — see docs/data_assumptions.md)
Carrier C,AWB6966767349,111014962863,2026-02-10,689,2026-02-12,Overdue,P1 - Urgent,[Remittance Due] AWB AWB6966767349 — COD ₹689 — Carrier C,"Dear Carrier C Finance Team,

The following COD shipment was delivered on 2026-02-10. Per the 2-day remittance SLA, payment of ₹689 is due by 2026-02-12 00:00:00.

AWB: AWB6966767349
Order ID: 111014962863
Delivery Date: 2026-02-10
Destination: Gurgaon
COD Amount: ₹689

Please confirm remittance status.

Regards,
Finance Ops — AI Logistics Control Tower",DERIVED (package_amount used as COD-amount proxy — see docs/data_assumptions.md)
Carrier A,AWB7245998339,110914959093,2026-02-10,950,2026-02-12,Overdue,P1 - Urgent,[Remittance Due] AWB AWB7245998339 — COD ₹950 — Carrier A,"Dear Carrier A Finance Team,

The following COD shipment was delivered on 2026-02-10. Per the 2-day remittance SLA, payment of ₹950 is due by 2026-02-12 00:00:00.

AWB: AWB7245998339
Order ID: 110914959093
Delivery Date: 2026-02-10
Destination: Palakkad
COD Amount: ₹950

Please confirm remittance status.

Regards,
Finance Ops — AI Logistics Control Tower",DERIVED (package_amount used as COD-amount proxy — see docs/data_assumptions.md)
Carrier D,AWB3037586416,110814944393,2026-02-10,842,2026-02-12,Overdue,P1 - Urgent,[Remittance Due] AWB AWB3037586416 — COD ₹842 — Carrier D,"Dear Carrier D Finance Team,

The following COD shipment was delivered on 2026-02-10. Per the 2-day remittance SLA, payment of ₹842 is due by 2026-02-12 00:00:00.

AWB: AWB3037586416
Order ID: 110814944393
Delivery Date: 2026-02-10
Destination: Jodhpur
COD Amount: ₹842

Please confirm remittance status.

Regards,
Finance Ops — AI Logistics Control Tower",DERIVED (package_amount used as COD-amount proxy — see docs/data_assumptions.md)
Carrier C,AWB7997135249,102814866146,2026-02-11,698,2026-02-13,Overdue,P1 - Urgent,[Remittance Due] AWB AWB7997135249 — COD ₹698 — Carrier C,"Dear Carrier C Finance Team,

The following COD shipment was delivered on 2026-02-11. Per the 2-day remittance SLA, payment of ₹698 is due by 2026-02-13 00:00:00.

AWB: AWB7997135249
Order ID: 102814866146
Delivery Date: 2026-02-11
Destination: Hyderabad
COD Amount: ₹698

Please confirm remittance status.

Regards,
Finance Ops — AI Logistics Control Tower",DERIVED (package_amount used as COD-amount proxy — see docs/data_assumptions.md)
Carrier A,AWB0807003995,111014967968,2026-02-11,500,2026-02-13,Overdue,P1 - Urgent,[Remittance Due] AWB AWB0807003995 — COD ₹500 — Carrier A,"Dear Carrier A Finance Team,

The following COD shipment was delivered on 2026-02-11. Per the 2-day remittance SLA, payment of ₹500 is due by 2026-02-13 00:00:00.

AWB: AWB0807003995
Order ID: 111014967968
Delivery Date: 2026-02-11
Destination: Thane
COD Amount: ₹500

Please confirm remittance status.

Regards,
Finance Ops — AI Logistics Control Tower",DERIVED (package_amount used as COD-amount proxy — see docs/data_assumptions.md)
Carrier B,AWB4922684717,110614921832,2026-02-11,199,2026-02-13,Overdue,P1 - Urgent,[Remittance Due] AWB AWB4922684717 — COD ₹199 — Carrier B,"Dear Carrier B Finance Team,

The following COD shipment was delivered on 2026-02-11. Per the 2-day remittance SLA, payment of ₹199 is due by 2026-02-13 00:00:00.

AWB: AWB4922684717
Order ID: 110614921832
Delivery Date: 2026-02-11
Destination: BANGALORE
COD Amount: ₹199

Please confirm remittance status.

Regards,
Finance Ops — AI Logistics Control Tower",DERIVED (package_amount used as COD-amount proxy — see docs/data_assumptions.md)
Carrier B,AWB9952658423,110914953265,2026-02-11,299,2026-02-13,Overdue,P1 - Urgent,[Remittance Due] AWB AWB9952658423 — COD ₹299 — Carrier B,"Dear Carrier B Finance Team,

The following COD shipment was delivered on 2026-02-11. Per the 2-day remittance SLA, payment of ₹299 is due by 2026-02-13 00:00:00.

AWB: AWB9952658423
Order ID: 110914953265
Delivery Date: 2026-02-11
Destination: Mumbai
COD Amount: ₹299

Please confirm remittance status.

Regards,
Finance Ops — AI Logistics Control Tower",DERIVED (package_amount used as COD-amount proxy — see docs/data_assumptions.md)
Carrier D,AWB4880574272,101414647862,2026-02-11,879,2026-02-13,Overdue,P1 - Urgent,[Remittance Due] AWB AWB4880574272 — COD ₹879 — Carrier D,"Dear Carrier D Finance Team,

The following COD shipment was delivered on 2026-02-11. Per the 2-day remittance SLA, payment of ₹879 is due by 2026-02-13 00:00:00.

AWB: AWB4880574272
Order ID: 101414647862
Delivery Date: 2026-02-11
Destination: Kamrup
COD Amount: ₹879

Please confirm remittance status.

Regards,
Finance Ops — AI Logistics Control Tower",DERIVED (package_amount used as COD-amount proxy — see docs/data_assumptions.md)
Carrier C,AWB9616144008,111014964479,2026-02-11,821,2026-02-13,Overdue,P1 - Urgent,[Remittance Due] AWB AWB9616144008 — COD ₹821 — Carrier C,"Dear Carrier C Finance Team,

The following COD shipment was delivered on 2026-02-11. Per the 2-day remittance SLA, payment of ₹821 is due by 2026-02-13 00:00:00.

AWB: AWB9616144008
Order ID: 111014964479
Delivery Date: 2026-02-11
Destination: Mumbai
COD Amount: ₹821

Please confirm remittance status.

Regards,
Finance Ops — AI Logistics Control Tower",DERIVED (package_amount used as COD-amount proxy — see docs/data_assumptions.md)
Carrier A,AWB0849946834,103014834251,2026-02-11,894,2026-02-13,Overdue,P1 - Urgent,[Remittance Due] AWB AWB0849946834 — COD ₹894 — Carrier A,"Dear Carrier A Finance Team,

The following COD shipment was delivered on 2026-02-11. Per the 2-day remittance SLA, payment of ₹894 is due by 2026-02-13 00:00:00.

AWB: AWB0849946834
Order ID: 103014834251
Delivery Date: 2026-02-11
Destination: Hyderabad
COD Amount: ₹894

Please confirm remittance status.

Regards,
Finance Ops — AI Logistics Control Tower",DERIVED (package_amount used as COD-amount proxy — see docs/data_assumptions.md)
Carrier B,AWB9056767018,110214871111,2026-02-11,615,2026-02-13,Overdue,P1 - Urgent,[Remittance Due] AWB AWB9056767018 — COD ₹615 — Carrier B,"Dear Carrier B Finance Team,

The following COD shipment was delivered on 2026-02-11. Per the 2-day remittance SLA, payment of ₹615 is due by 2026-02-13 00:00:00.

AWB: AWB9056767018
Order ID: 110214871111
Delivery Date: 2026-02-11
Destination: West Delhi
COD Amount: ₹615

Please confirm remittance status.

Regards,
Finance Ops — AI Logistics Control Tower",DERIVED (package_amount used as COD-amount proxy — see docs/data_assumptions.md)
Carrier C,AWB9835510492,110114862794,2026-02-11,1759,2026-02-13,Overdue,P1 - Urgent,"[Remittance Due] AWB AWB9835510492 — COD ₹1,759 — Carrier C","Dear Carrier C Finance Team,

The following COD shipment was delivered on 2026-02-11. Per the 2-day remittance SLA, payment of ₹1,759 is due by 2026-02-13 00:00:00.

AWB: AWB9835510492
Order ID: 110114862794
Delivery Date: 2026-02-11
Destination: Rampur
COD Amount: ₹1,759

Please confirm remittance status.

Regards,
Finance Ops — AI Logistics Control Tower",DERIVED (package_amount used as COD-amount proxy — see docs/data_assumptions.md)
Carrier B,AWB9510385908,110814945015,2026-02-11,777,2026-02-13,Overdue,P1 - Urgent,[Remittance Due] AWB AWB9510385908 — COD ₹777 — Carrier B,"Dear Carrier B Finance Team,

The following COD shipment was delivered on 2026-02-11. Per the 2-day remittance SLA, payment of ₹777 is due by 2026-02-13 00:00:00.

AWB: AWB9510385908
Order ID: 110814945015
Delivery Date: 2026-02-11
Destination: Indore
COD Amount: ₹777

Please confirm remittance status.

Regards,
Finance Ops — AI Logistics Control Tower",DERIVED (package_amount used as COD-amount proxy — see docs/data_assumptions.md)
Carrier B,AWB5762435652,110914959548,2026-02-11,699,2026-02-13,Overdue,P1 - Urgent,[Remittance Due] AWB AWB5762435652 — COD ₹699 — Carrier B,"Dear Carrier B Finance Team,

The following COD shipment was delivered on 2026-02-11. Per the 2-day remittance SLA, payment of ₹699 is due by 2026-02-13 00:00:00.

AWB: AWB5762435652
Order ID: 110914959548
Delivery Date: 2026-02-11
Destination: Bangalore
COD Amount: ₹699

Please confirm remittance status.

Regards,
Finance Ops — AI Logistics Control Tower",DERIVED (package_amount used as COD-amount proxy — see docs/data_assumptions.md)
Carrier C,AWB0526832793,102914827015,2026-02-12,925,2026-02-14,Overdue,P1 - Urgent,[Remittance Due] AWB AWB0526832793 — COD ₹925 — Carrier C,"Dear Carrier C Finance Team,

The following COD shipment was delivered on 2026-02-12. Per the 2-day remittance SLA, payment of ₹925 is due by 2026-02-14 00:00:00.

AWB: AWB0526832793
Order ID: 102914827015
Delivery Date: 2026-02-12
Destination: Rampur
COD Amount: ₹925

Please confirm remittance status.

Regards,
Finance Ops — AI Logistics Control Tower",DERIVED (package_amount used as COD-amount proxy — see docs/data_assumptions.md)
Carrier B,AWB4452590589,110914957449,2026-02-12,1019,2026-02-14,Overdue,P1 - Urgent,"[Remittance Due] AWB AWB4452590589 — COD ₹1,019 — Carrier B","Dear Carrier B Finance Team,

The following COD shipment was delivered on 2026-02-12. Per the 2-day remittance SLA, payment of ₹1,019 is due by 2026-02-14 00:00:00.

AWB: AWB4452590589
Order ID: 110914957449
Delivery Date: 2026-02-12
Destination: Ghaziabad
COD Amount: ₹1,019

Please confirm remittance status.

Regards,
Finance Ops — AI Logistics Control Tower",DERIVED (package_amount used as COD-amount proxy — see docs/data_assumptions.md)
Carrier B,AWB7962036145,110114858088,2026-02-12,889,2026-02-14,Overdue,P1 - Urgent,[Remittance Due] AWB AWB7962036145 — COD ₹889 — Carrier B,"Dear Carrier B Finance Team,

The following COD shipment was delivered on 2026-02-12. Per the 2-day remittance SLA, payment of ₹889 is due by 2026-02-14 00:00:00.

AWB: AWB7962036145
Order ID: 110114858088
Delivery Date: 2026-02-12
Destination: Coimbatore
COD Amount: ₹889

Please confirm remittance status.

Regards,
Finance Ops — AI Logistics Control Tower",DERIVED (package_amount used as COD-amount proxy — see docs/data_assumptions.md)
Carrier A,AWB8714677847,110814937490,2026-02-12,1772,2026-02-14,Overdue,P1 - Urgent,"[Remittance Due] AWB AWB8714677847 — COD ₹1,772 — Carrier A","Dear Carrier A Finance Team,

The following COD shipment was delivered on 2026-02-12. Per the 2-day remittance SLA, payment of ₹1,772 is due by 2026-02-14 00:00:00.

AWB: AWB8714677847
Order ID: 110814937490
Delivery Date: 2026-02-12
Destination: Mumbai
COD Amount: ₹1,772

Please confirm remittance status.

Regards,
Finance Ops — AI Logistics Control Tower",DERIVED (package_amount used as COD-amount proxy — see docs/data_assumptions.md)
Carrier C,AWB8571235680,110314883562,2026-02-12,499,2026-02-14,Overdue,P1 - Urgent,[Remittance Due] AWB AWB8571235680 — COD ₹499 — Carrier C,"Dear Carrier C Finance Team,

The following COD shipment was delivered on 2026-02-12. Per the 2-day remittance SLA, payment of ₹499 is due by 2026-02-14 00:00:00.

AWB: AWB8571235680
Order ID: 110314883562
Delivery Date: 2026-02-12
Destination: Sheopur
COD Amount: ₹499

Please confirm remittance status.

Regards,
Finance Ops — AI Logistics Control Tower",DERIVED (package_amount used as COD-amount proxy — see docs/data_assumptions.md)
Carrier D,AWB5231049679,110614921858,2026-02-12,359,2026-02-14,Overdue,P1 - Urgent,[Remittance Due] AWB AWB5231049679 — COD ₹359 — Carrier D,"Dear Carrier D Finance Team,

The following COD shipment was delivered on 2026-02-12. Per the 2-day remittance SLA, payment of ₹359 is due by 2026-02-14 00:00:00.

AWB: AWB5231049679
Order ID: 110614921858
Delivery Date: 2026-02-12
Destination: Bangalore
COD Amount: ₹359

Please confirm remittance status.

Regards,
Finance Ops — AI Logistics Control Tower",DERIVED (package_amount used as COD-amount proxy — see docs/data_assumptions.md)
Carrier C,AWB3330797705,110614917649,2026-02-12,758,2026-02-14,Overdue,P1 - Urgent,[Remittance Due] AWB AWB3330797705 — COD ₹758 — Carrier C,"Dear Carrier C Finance Team,

The following COD shipment was delivered on 2026-02-12. Per the 2-day remittance SLA, payment of ₹758 is due by 2026-02-14 00:00:00.

AWB: AWB3330797705
Order ID: 110614917649
Delivery Date: 2026-02-12
Destination: Bangalore
COD Amount: ₹758

Please confirm remittance status.

Regards,
Finance Ops — AI Logistics Control Tower",DERIVED (package_amount used as COD-amount proxy — see docs/data_assumptions.md)
Carrier C,AWB9378438957,110914952974,2026-02-12,569,2026-02-14,Overdue,P1 - Urgent,[Remittance Due] AWB AWB9378438957 — COD ₹569 — Carrier C,"Dear Carrier C Finance Team,

The following COD shipment was delivered on 2026-02-12. Per the 2-day remittance SLA, payment of ₹569 is due by 2026-02-14 00:00:00.

AWB: AWB9378438957
Order ID: 110914952974
Delivery Date: 2026-02-12
Destination: Indore
COD Amount: ₹569

Please confirm remittance status.

Regards,
Finance Ops — AI Logistics Control Tower",DERIVED (package_amount used as COD-amount proxy — see docs/data_assumptions.md)
Carrier B,AWB9322095547,111014965951,2026-02-12,449,2026-02-14,Overdue,P1 - Urgent,[Remittance Due] AWB AWB9322095547 — COD ₹449 — Carrier B,"Dear Carrier B Finance Team,

The following COD shipment was delivered on 2026-02-12. Per the 2-day remittance SLA, payment of ₹449 is due by 2026-02-14 00:00:00.

AWB: AWB9322095547
Order ID: 111014965951
Delivery Date: 2026-02-12
Destination: New Delhi
COD Amount: ₹449

Please confirm remittance status.

Regards,
Finance Ops — AI Logistics Control Tower",DERIVED (package_amount used as COD-amount proxy — see docs/data_assumptions.md)
Carrier D,AWB6568272513,111014966336,2026-02-12,849,2026-02-14,Overdue,P1 - Urgent,[Remittance Due] AWB AWB6568272513 — COD ₹849 — Carrier D,"Dear Carrier D Finance Team,

The following COD shipment was delivered on 2026-02-12. Per the 2-day remittance SLA, payment of ₹849 is due by 2026-02-14 00:00:00.

AWB: AWB6568272513
Order ID: 111014966336
Delivery Date: 2026-02-12
Destination: Pune
COD Amount: ₹849

Please confirm remittance status.

Regards,
Finance Ops — AI Logistics Control Tower",DERIVED (package_amount used as COD-amount proxy — see docs/data_assumptions.md)
Carrier B,AWB5717053995,110614923927,2026-02-12,699,2026-02-14,Overdue,P1 - Urgent,[Remittance Due] AWB AWB5717053995 — COD ₹699 — Carrier B,"Dear Carrier B Finance Team,

The following COD shipment was delivered on 2026-02-12. Per the 2-day remittance SLA, payment of ₹699 is due by 2026-02-14 00:00:00.

AWB: AWB5717053995
Order ID: 110614923927
Delivery Date: 2026-02-12
Destination: K.V.Rangareddy
COD Amount: ₹699

Please confirm remittance status.

Regards,
Finance Ops — AI Logistics Control Tower",DERIVED (package_amount used as COD-amount proxy — see docs/data_assumptions.md)
Carrier D,AWB8942399452,110914956904,2026-02-12,939,2026-02-14,Overdue,P1 - Urgent,[Remittance Due] AWB AWB8942399452 — COD ₹939 — Carrier D,"Dear Carrier D Finance Team,

The following COD shipment was delivered on 2026-02-12. Per the 2-day remittance SLA, payment of ₹939 is due by 2026-02-14 00:00:00.

AWB: AWB8942399452
Order ID: 110914956904
Delivery Date: 2026-02-12
Destination: Bangalore
COD Amount: ₹939

Please confirm remittance status.

Regards,
Finance Ops — AI Logistics Control Tower",DERIVED (package_amount used as COD-amount proxy — see docs/data_assumptions.md)
Carrier C,AWB0119692164,110614924193,2026-02-12,579,2026-02-14,Overdue,P1 - Urgent,[Remittance Due] AWB AWB0119692164 — COD ₹579 — Carrier C,"Dear Carrier C Finance Team,

The following COD shipment was delivered on 2026-02-12. Per the 2-day remittance SLA, payment of ₹579 is due by 2026-02-14 00:00:00.

AWB: AWB0119692164
Order ID: 110614924193
Delivery Date: 2026-02-12
Destination: Gurgaon
COD Amount: ₹579

Please confirm remittance status.

Regards,
Finance Ops — AI Logistics Control Tower",DERIVED (package_amount used as COD-amount proxy — see docs/data_assumptions.md)
Carrier D,AWB6812563337,110314886126,2026-02-12,911,2026-02-14,Overdue,P1 - Urgent,[Remittance Due] AWB AWB6812563337 — COD ₹911 — Carrier D,"Dear Carrier D Finance Team,

The following COD shipment was delivered on 2026-02-12. Per the 2-day remittance SLA, payment of ₹911 is due by 2026-02-14 00:00:00.

AWB: AWB6812563337
Order ID: 110314886126
Delivery Date: 2026-02-12
Destination: K.V.Rangareddy
COD Amount: ₹911

Please confirm remittance status.

Regards,
Finance Ops — AI Logistics Control Tower",DERIVED (package_amount used as COD-amount proxy — see docs/data_assumptions.md)
Carrier D,AWB2065666301,111014962200,2026-02-12,387,2026-02-14,Overdue,P1 - Urgent,[Remittance Due] AWB AWB2065666301 — COD ₹387 — Carrier D,"Dear Carrier D Finance Team,

The following COD shipment was delivered on 2026-02-12. Per the 2-day remittance SLA, payment of ₹387 is due by 2026-02-14 00:00:00.

AWB: AWB2065666301
Order ID: 111014962200
Delivery Date: 2026-02-12
Destination: Patna
COD Amount: ₹387

Please confirm remittance status.

Regards,
Finance Ops — AI Logistics Control Tower",DERIVED (package_amount used as COD-amount proxy — see docs/data_assumptions.md)
Carrier A,AWB7058272465,101714695897,2026-02-12,849,2026-02-14,Overdue,P1 - Urgent,[Remittance Due] AWB AWB7058272465 — COD ₹849 — Carrier A,"Dear Carrier A Finance Team,

The following COD shipment was delivered on 2026-02-12. Per the 2-day remittance SLA, payment of ₹849 is due by 2026-02-14 00:00:00.

AWB: AWB7058272465
Order ID: 101714695897
Delivery Date: 2026-02-12
Destination: Rajnandgaon
COD Amount: ₹849

Please confirm remittance status.

Regards,
Finance Ops — AI Logistics Control Tower",DERIVED (package_amount used as COD-amount proxy — see docs/data_assumptions.md)
Carrier C,AWB4814192402,110814949033,2026-02-12,2267,2026-02-14,Overdue,P1 - Urgent,"[Remittance Due] AWB AWB4814192402 — COD ₹2,267 — Carrier C","Dear Carrier C Finance Team,

The following COD shipment was delivered on 2026-02-12. Per the 2-day remittance SLA, payment of ₹2,267 is due by 2026-02-14 00:00:00.

AWB: AWB4814192402
Order ID: 110814949033
Delivery Date: 2026-02-12
Destination: Chandigarh
COD Amount: ₹2,267

Please confirm remittance status.

Regards,
Finance Ops — AI Logistics Control Tower",DERIVED (package_amount used as COD-amount proxy — see docs/data_assumptions.md)
Carrier B,AWB3345484497,110714933242,2026-02-12,1090,2026-02-14,Overdue,P1 - Urgent,"[Remittance Due] AWB AWB3345484497 — COD ₹1,090 — Carrier B","Dear Carrier B Finance Team,

The following COD shipment was delivered on 2026-02-12. Per the 2-day remittance SLA, payment of ₹1,090 is due by 2026-02-14 00:00:00.

AWB: AWB3345484497
Order ID: 110714933242
Delivery Date: 2026-02-12
Destination: Gautam Buddha Nagar
COD Amount: ₹1,090

Please confirm remittance status.

Regards,
Finance Ops — AI Logistics Control Tower",DERIVED (package_amount used as COD-amount proxy — see docs/data_assumptions.md)
Carrier C,AWB8342816412,111014969990,2026-02-12,669,2026-02-14,Overdue,P1 - Urgent,[Remittance Due] AWB AWB8342816412 — COD ₹669 — Carrier C,"Dear Carrier C Finance Team,

The following COD shipment was delivered on 2026-02-12. Per the 2-day remittance SLA, payment of ₹669 is due by 2026-02-14 00:00:00.

AWB: AWB8342816412
Order ID: 111014969990
Delivery Date: 2026-02-12
Destination: Chennai
COD Amount: ₹669

Please confirm remittance status.

Regards,
Finance Ops — AI Logistics Control Tower",DERIVED (package_amount used as COD-amount proxy — see docs/data_assumptions.md)
Carrier C,AWB4420075228,110614919721,2026-02-12,790,2026-02-14,Overdue,P1 - Urgent,[Remittance Due] AWB AWB4420075228 — COD ₹790 — Carrier C,"Dear Carrier C Finance Team,

The following COD shipment was delivered on 2026-02-12. Per the 2-day remittance SLA, payment of ₹790 is due by 2026-02-14 00:00:00.

AWB: AWB4420075228
Order ID: 110614919721
Delivery Date: 2026-02-12
Destination: Bangalore
COD Amount: ₹790

Please confirm remittance status.

Regards,
Finance Ops — AI Logistics Control Tower",DERIVED (package_amount used as COD-amount proxy — see docs/data_assumptions.md)
Carrier C,AWB7492471825,110414895470,2026-02-12,689,2026-02-14,Overdue,P1 - Urgent,[Remittance Due] AWB AWB7492471825 — COD ₹689 — Carrier C,"Dear Carrier C Finance Team,

The following COD shipment was delivered on 2026-02-12. Per the 2-day remittance SLA, payment of ₹689 is due by 2026-02-14 00:00:00.

AWB: AWB7492471825
Order ID: 110414895470
Delivery Date: 2026-02-12
Destination: Barmer
COD Amount: ₹689

Please confirm remittance status.

Regards,
Finance Ops — AI Logistics Control Tower",DERIVED (package_amount used as COD-amount proxy — see docs/data_assumptions.md)
Carrier D,AWB7953147817,110814938887,2026-02-12,349,2026-02-14,Overdue,P1 - Urgent,[Remittance Due] AWB AWB7953147817 — COD ₹349 — Carrier D,"Dear Carrier D Finance Team,

The following COD shipment was delivered on 2026-02-12. Per the 2-day remittance SLA, payment of ₹349 is due by 2026-02-14 00:00:00.

AWB: AWB7953147817
Order ID: 110814938887
Delivery Date: 2026-02-12
Destination: Morbi
COD Amount: ₹349

Please confirm remittance status.

Regards,
Finance Ops — AI Logistics Control Tower",DERIVED (package_amount used as COD-amount proxy — see docs/data_assumptions.md)
Carrier A,AWB6417278208,110714935307,2026-02-12,1355,2026-02-14,Overdue,P1 - Urgent,"[Remittance Due] AWB AWB6417278208 — COD ₹1,355 — Carrier A","Dear Carrier A Finance Team,

The following COD shipment was delivered on 2026-02-12. Per the 2-day remittance SLA, payment of ₹1,355 is due by 2026-02-14 00:00:00.

AWB: AWB6417278208
Order ID: 110714935307
Delivery Date: 2026-02-12
Destination: Pune
COD Amount: ₹1,355

Please confirm remittance status.

Regards,
Finance Ops — AI Logistics Control Tower",DERIVED (package_amount used as COD-amount proxy — see docs/data_assumptions.md)
Carrier B,AWB8810831161,110814938755,2026-02-12,551,2026-02-14,Overdue,P1 - Urgent,[Remittance Due] AWB AWB8810831161 — COD ₹551 — Carrier B,"Dear Carrier B Finance Team,

The following COD shipment was delivered on 2026-02-12. Per the 2-day remittance SLA, payment of ₹551 is due by 2026-02-14 00:00:00.

AWB: AWB8810831161
Order ID: 110814938755
Delivery Date: 2026-02-12
Destination: Ganganagar
COD Amount: ₹551

Please confirm remittance status.

Regards,
Finance Ops — AI Logistics Control Tower",DERIVED (package_amount used as COD-amount proxy — see docs/data_assumptions.md)
Carrier D,AWB2738518890,110914955186,2026-02-12,849,2026-02-14,Overdue,P1 - Urgent,[Remittance Due] AWB AWB2738518890 — COD ₹849 — Carrier D,"Dear Carrier D Finance Team,

The following COD shipment was delivered on 2026-02-12. Per the 2-day remittance SLA, payment of ₹849 is due by 2026-02-14 00:00:00.

AWB: AWB2738518890
Order ID: 110914955186
Delivery Date: 2026-02-12
Destination: Vadodara
COD Amount: ₹849

Please confirm remittance status.

Regards,
Finance Ops — AI Logistics Control Tower",DERIVED (package_amount used as COD-amount proxy — see docs/data_assumptions.md)
Carrier A,AWB3355728455,110814949503,2026-02-12,859,2026-02-14,Overdue,P1 - Urgent,[Remittance Due] AWB AWB3355728455 — COD ₹859 — Carrier A,"Dear Carrier A Finance Team,

The following COD shipment was delivered on 2026-02-12. Per the 2-day remittance SLA, payment of ₹859 is due by 2026-02-14 00:00:00.

AWB: AWB3355728455
Order ID: 110814949503
Delivery Date: 2026-02-12
Destination: North 24 Parganas
COD Amount: ₹859

Please confirm remittance status.

Regards,
Finance Ops — AI Logistics Control Tower",DERIVED (package_amount used as COD-amount proxy — see docs/data_assumptions.md)
Carrier B,AWB6581361504,110114856362,2026-02-12,742,2026-02-14,Overdue,P1 - Urgent,[Remittance Due] AWB AWB6581361504 — COD ₹742 — Carrier B,"Dear Carrier B Finance Team,

The following COD shipment was delivered on 2026-02-12. Per the 2-day remittance SLA, payment of ₹742 is due by 2026-02-14 00:00:00.

AWB: AWB6581361504
Order ID: 110114856362
Delivery Date: 2026-02-12
Destination: Ludhiana
COD Amount: ₹742

Please confirm remittance status.

Regards,
Finance Ops — AI Logistics Control Tower",DERIVED (package_amount used as COD-amount proxy — see docs/data_assumptions.md)
Carrier D,AWB3945873655,110614923736,2026-02-12,860,2026-02-14,Overdue,P1 - Urgent,[Remittance Due] AWB AWB3945873655 — COD ₹860 — Carrier D,"Dear Carrier D Finance Team,

The following COD shipment was delivered on 2026-02-12. Per the 2-day remittance SLA, payment of ₹860 is due by 2026-02-14 00:00:00.

AWB: AWB3945873655
Order ID: 110614923736
Delivery Date: 2026-02-12
Destination: Raipur
COD Amount: ₹860

Please confirm remittance status.

Regards,
Finance Ops — AI Logistics Control Tower",DERIVED (package_amount used as COD-amount proxy — see docs/data_assumptions.md)
Carrier D,AWB1249823805,110714936245,2026-02-12,410,2026-02-14,Overdue,P1 - Urgent,[Remittance Due] AWB AWB1249823805 — COD ₹410 — Carrier D,"Dear Carrier D Finance Team,

The following COD shipment was delivered on 2026-02-12. Per the 2-day remittance SLA, payment of ₹410 is due by 2026-02-14 00:00:00.

AWB: AWB1249823805
Order ID: 110714936245
Delivery Date: 2026-02-12
Destination: Udaipur
COD Amount: ₹410

Please confirm remittance status.

Regards,
Finance Ops — AI Logistics Control Tower",DERIVED (package_amount used as COD-amount proxy — see docs/data_assumptions.md)
Carrier B,AWB2128286435,110814944799,2026-02-12,2208,2026-02-14,Overdue,P1 - Urgent,"[Remittance Due] AWB AWB2128286435 — COD ₹2,208 — Carrier B","Dear Carrier B Finance Team,

The following COD shipment was delivered on 2026-02-12. Per the 2-day remittance SLA, payment of ₹2,208 is due by 2026-02-14 00:00:00.

AWB: AWB2128286435
Order ID: 110814944799
Delivery Date: 2026-02-12
Destination: Mumbai
COD Amount: ₹2,208

Please confirm remittance status.

Regards,
Finance Ops — AI Logistics Control Tower",DERIVED (package_amount used as COD-amount proxy — see docs/data_assumptions.md)
Carrier C,AWB4694504335,110714935224,2026-02-13,1458,2026-02-15,Overdue,P1 - Urgent,"[Remittance Due] AWB AWB4694504335 — COD ₹1,458 — Carrier C","Dear Carrier C Finance Team,

The following COD shipment was delivered on 2026-02-13. Per the 2-day remittance SLA, payment of ₹1,458 is due by 2026-02-15 00:00:00.

AWB: AWB4694504335
Order ID: 110714935224
Delivery Date: 2026-02-13
Destination: Puruliya
COD Amount: ₹1,458

Please confirm remittance status.

Regards,
Finance Ops — AI Logistics Control Tower",DERIVED (package_amount used as COD-amount proxy — see docs/data_assumptions.md)
Carrier C,AWB6183157401,101614670372,2026-02-13,709,2026-02-15,Overdue,P1 - Urgent,[Remittance Due] AWB AWB6183157401 — COD ₹709 — Carrier C,"Dear Carrier C Finance Team,

The following COD shipment was delivered on 2026-02-13. Per the 2-day remittance SLA, payment of ₹709 is due by 2026-02-15 00:00:00.

AWB: AWB6183157401
Order ID: 101614670372
Delivery Date: 2026-02-13
Destination: North Delhi
COD Amount: ₹709

Please confirm remittance status.

Regards,
Finance Ops — AI Logistics Control Tower",DERIVED (package_amount used as COD-amount proxy — see docs/data_assumptions.md)
Carrier A,AWB9729201808,111114973203,2026-02-13,699,2026-02-15,Overdue,P1 - Urgent,[Remittance Due] AWB AWB9729201808 — COD ₹699 — Carrier A,"Dear Carrier A Finance Team,

The following COD shipment was delivered on 2026-02-13. Per the 2-day remittance SLA, payment of ₹699 is due by 2026-02-15 00:00:00.

AWB: AWB9729201808
Order ID: 111114973203
Delivery Date: 2026-02-13
Destination: Mumbai
COD Amount: ₹699

Please confirm remittance status.

Regards,
Finance Ops — AI Logistics Control Tower",DERIVED (package_amount used as COD-amount proxy — see docs/data_assumptions.md)
Carrier D,AWB4905046889,110314877233,2026-02-13,971,2026-02-15,Overdue,P1 - Urgent,[Remittance Due] AWB AWB4905046889 — COD ₹971 — Carrier D,"Dear Carrier D Finance Team,

The following COD shipment was delivered on 2026-02-13. Per the 2-day remittance SLA, payment of ₹971 is due by 2026-02-15 00:00:00.

AWB: AWB4905046889
Order ID: 110314877233
Delivery Date: 2026-02-13
Destination: Ahmedabad
COD Amount: ₹971

Please confirm remittance status.

Regards,
Finance Ops — AI Logistics Control Tower",DERIVED (package_amount used as COD-amount proxy — see docs/data_assumptions.md)
Carrier C,AWB1348774904,110814942464,2026-02-13,713,2026-02-15,Overdue,P1 - Urgent,[Remittance Due] AWB AWB1348774904 — COD ₹713 — Carrier C,"Dear Carrier C Finance Team,

The following COD shipment was delivered on 2026-02-13. Per the 2-day remittance SLA, payment of ₹713 is due by 2026-02-15 00:00:00.

AWB: AWB1348774904
Order ID: 110814942464
Delivery Date: 2026-02-13
Destination: Hyderabad
COD Amount: ₹713

Please confirm remittance status.

Regards,
Finance Ops — AI Logistics Control Tower",DERIVED (package_amount used as COD-amount proxy — see docs/data_assumptions.md)
Carrier D,AWB2710398095,110314877854,2026-02-13,1393,2026-02-15,Overdue,P1 - Urgent,"[Remittance Due] AWB AWB2710398095 — COD ₹1,393 — Carrier D","Dear Carrier D Finance Team,

The following COD shipment was delivered on 2026-02-13. Per the 2-day remittance SLA, payment of ₹1,393 is due by 2026-02-15 00:00:00.

AWB: AWB2710398095
Order ID: 110314877854
Delivery Date: 2026-02-13
Destination: Karnal
COD Amount: ₹1,393

Please confirm remittance status.

Regards,
Finance Ops — AI Logistics Control Tower",DERIVED (package_amount used as COD-amount proxy — see docs/data_assumptions.md)
Carrier B,AWB3560679485,110814949070,2026-02-13,349,2026-02-15,Overdue,P1 - Urgent,[Remittance Due] AWB AWB3560679485 — COD ₹349 — Carrier B,"Dear Carrier B Finance Team,

The following COD shipment was delivered on 2026-02-13. Per the 2-day remittance SLA, payment of ₹349 is due by 2026-02-15 00:00:00.

AWB: AWB3560679485
Order ID: 110814949070
Delivery Date: 2026-02-13
Destination: Kishangarh
COD Amount: ₹349

Please confirm remittance status.

Regards,
Finance Ops — AI Logistics Control Tower",DERIVED (package_amount used as COD-amount proxy — see docs/data_assumptions.md)
Carrier A,AWB3485673790,110514903074,2026-02-13,499,2026-02-15,Overdue,P1 - Urgent,[Remittance Due] AWB AWB3485673790 — COD ₹499 — Carrier A,"Dear Carrier A Finance Team,

The following COD shipment was delivered on 2026-02-13. Per the 2-day remittance SLA, payment of ₹499 is due by 2026-02-15 00:00:00.

AWB: AWB3485673790
Order ID: 110514903074
Delivery Date: 2026-02-13
Destination: East Sikkim
COD Amount: ₹499

Please confirm remittance status.

Regards,
Finance Ops — AI Logistics Control Tower",DERIVED (package_amount used as COD-amount proxy — see docs/data_assumptions.md)
Carrier A,AWB7846856371,111114972972,2026-02-13,782,2026-02-15,Overdue,P1 - Urgent,[Remittance Due] AWB AWB7846856371 — COD ₹782 — Carrier A,"Dear Carrier A Finance Team,

The following COD shipment was delivered on 2026-02-13. Per the 2-day remittance SLA, payment of ₹782 is due by 2026-02-15 00:00:00.

AWB: AWB7846856371
Order ID: 111114972972
Delivery Date: 2026-02-13
Destination: Mumbai
COD Amount: ₹782

Please confirm remittance status.

Regards,
Finance Ops — AI Logistics Control Tower",DERIVED (package_amount used as COD-amount proxy — see docs/data_assumptions.md)
Carrier A,AWB5823058813,111114975325,2026-02-13,1641,2026-02-15,Overdue,P1 - Urgent,"[Remittance Due] AWB AWB5823058813 — COD ₹1,641 — Carrier A","Dear Carrier A Finance Team,

The following COD shipment was delivered on 2026-02-13. Per the 2-day remittance SLA, payment of ₹1,641 is due by 2026-02-15 00:00:00.

AWB: AWB5823058813
Order ID: 111114975325
Delivery Date: 2026-02-13
Destination: West Delhi
COD Amount: ₹1,641

Please confirm remittance status.

Regards,
Finance Ops — AI Logistics Control Tower",DERIVED (package_amount used as COD-amount proxy — see docs/data_assumptions.md)
Carrier C,AWB6986585901,111014969784,2026-02-13,811,2026-02-15,Overdue,P1 - Urgent,[Remittance Due] AWB AWB6986585901 — COD ₹811 — Carrier C,"Dear Carrier C Finance Team,

The following COD shipment was delivered on 2026-02-13. Per the 2-day remittance SLA, payment of ₹811 is due by 2026-02-15 00:00:00.

AWB: AWB6986585901
Order ID: 111014969784
Delivery Date: 2026-02-13
Destination: North West Delhi
COD Amount: ₹811

Please confirm remittance status.

Regards,
Finance Ops — AI Logistics Control Tower",DERIVED (package_amount used as COD-amount proxy — see docs/data_assumptions.md)
Carrier A,AWB9956469207,110914957037,2026-02-13,512,2026-02-15,Overdue,P1 - Urgent,[Remittance Due] AWB AWB9956469207 — COD ₹512 — Carrier A,"Dear Carrier A Finance Team,

The following COD shipment was delivered on 2026-02-13. Per the 2-day remittance SLA, payment of ₹512 is due by 2026-02-15 00:00:00.

AWB: AWB9956469207
Order ID: 110914957037
Delivery Date: 2026-02-13
Destination: Mumbai
COD Amount: ₹512

Please confirm remittance status.

Regards,
Finance Ops — AI Logistics Control Tower",DERIVED (package_amount used as COD-amount proxy — see docs/data_assumptions.md)
Carrier B,AWB5854887692,111014962860,2026-02-13,1249,2026-02-15,Overdue,P1 - Urgent,"[Remittance Due] AWB AWB5854887692 — COD ₹1,249 — Carrier B","Dear Carrier B Finance Team,

The following COD shipment was delivered on 2026-02-13. Per the 2-day remittance SLA, payment of ₹1,249 is due by 2026-02-15 00:00:00.

AWB: AWB5854887692
Order ID: 111014962860
Delivery Date: 2026-02-13
Destination: Gurgaon
COD Amount: ₹1,249

Please confirm remittance status.

Regards,
Finance Ops — AI Logistics Control Tower",DERIVED (package_amount used as COD-amount proxy — see docs/data_assumptions.md)
Carrier D,AWB4523048433,110314876116,2026-02-13,1197,2026-02-15,Overdue,P1 - Urgent,"[Remittance Due] AWB AWB4523048433 — COD ₹1,197 — Carrier D","Dear Carrier D Finance Team,

The following COD shipment was delivered on 2026-02-13. Per the 2-day remittance SLA, payment of ₹1,197 is due by 2026-02-15 00:00:00.

AWB: AWB4523048433
Order ID: 110314876116
Delivery Date: 2026-02-13
Destination: Nashik
COD Amount: ₹1,197

Please confirm remittance status.

Regards,
Finance Ops — AI Logistics Control Tower",DERIVED (package_amount used as COD-amount proxy — see docs/data_assumptions.md)
Carrier C,AWB6607545105,102914826439,2026-02-13,949,2026-02-15,Overdue,P1 - Urgent,[Remittance Due] AWB AWB6607545105 — COD ₹949 — Carrier C,"Dear Carrier C Finance Team,

The following COD shipment was delivered on 2026-02-13. Per the 2-day remittance SLA, payment of ₹949 is due by 2026-02-15 00:00:00.

AWB: AWB6607545105
Order ID: 102914826439
Delivery Date: 2026-02-13
Destination: Lawngtlai
COD Amount: ₹949

Please confirm remittance status.

Regards,
Finance Ops — AI Logistics Control Tower",DERIVED (package_amount used as COD-amount proxy — see docs/data_assumptions.md)
Carrier A,AWB8809672380,102914824378,2026-02-13,936,2026-02-15,Overdue,P1 - Urgent,[Remittance Due] AWB AWB8809672380 — COD ₹936 — Carrier A,"Dear Carrier A Finance Team,

The following COD shipment was delivered on 2026-02-13. Per the 2-day remittance SLA, payment of ₹936 is due by 2026-02-15 00:00:00.

AWB: AWB8809672380
Order ID: 102914824378
Delivery Date: 2026-02-13
Destination: Hyderabad
COD Amount: ₹936

Please confirm remittance status.

Regards,
Finance Ops — AI Logistics Control Tower",DERIVED (package_amount used as COD-amount proxy — see docs/data_assumptions.md)
Carrier B,AWB4771395630,110314880937,2026-02-13,799,2026-02-15,Overdue,P1 - Urgent,[Remittance Due] AWB AWB4771395630 — COD ₹799 — Carrier B,"Dear Carrier B Finance Team,

The following COD shipment was delivered on 2026-02-13. Per the 2-day remittance SLA, payment of ₹799 is due by 2026-02-15 00:00:00.

AWB: AWB4771395630
Order ID: 110314880937
Delivery Date: 2026-02-13
Destination: Mumbai
COD Amount: ₹799

Please confirm remittance status.

Regards,
Finance Ops — AI Logistics Control Tower",DERIVED (package_amount used as COD-amount proxy — see docs/data_assumptions.md)
Carrier B,AWB3892005272,110714932310,2026-02-13,1399,2026-02-15,Overdue,P1 - Urgent,"[Remittance Due] AWB AWB3892005272 — COD ₹1,399 — Carrier B","Dear Carrier B Finance Team,

The following COD shipment was delivered on 2026-02-13. Per the 2-day remittance SLA, payment of ₹1,399 is due by 2026-02-15 00:00:00.

AWB: AWB3892005272
Order ID: 110714932310
Delivery Date: 2026-02-13
Destination: Gurgaon
COD Amount: ₹1,399

Please confirm remittance status.

Regards,
Finance Ops — AI Logistics Control Tower",DERIVED (package_amount used as COD-amount proxy — see docs/data_assumptions.md)
Carrier D,AWB9262416844,110914961091,2026-02-14,1073,2026-02-16,Overdue,P1 - Urgent,"[Remittance Due] AWB AWB9262416844 — COD ₹1,073 — Carrier D","Dear Carrier D Finance Team,

The following COD shipment was delivered on 2026-02-14. Per the 2-day remittance SLA, payment of ₹1,073 is due by 2026-02-16 00:00:00.

AWB: AWB9262416844
Order ID: 110914961091
Delivery Date: 2026-02-14
Destination: Roorkeeoo
COD Amount: ₹1,073

Please confirm remittance status.

Regards,
Finance Ops — AI Logistics Control Tower",DERIVED (package_amount used as COD-amount proxy — see docs/data_assumptions.md)
Carrier D,AWB7099443928,110914949970,2026-02-14,199,2026-02-16,Overdue,P1 - Urgent,[Remittance Due] AWB AWB7099443928 — COD ₹199 — Carrier D,"Dear Carrier D Finance Team,

The following COD shipment was delivered on 2026-02-14. Per the 2-day remittance SLA, payment of ₹199 is due by 2026-02-16 00:00:00.

AWB: AWB7099443928
Order ID: 110914949970
Delivery Date: 2026-02-14
Destination: Kota
COD Amount: ₹199

Please confirm remittance status.

Regards,
Finance Ops — AI Logistics Control Tower",DERIVED (package_amount used as COD-amount proxy — see docs/data_assumptions.md)
Carrier B,AWB7887969332,110814944192,2026-02-14,929,2026-02-16,Overdue,P1 - Urgent,[Remittance Due] AWB AWB7887969332 — COD ₹929 — Carrier B,"Dear Carrier B Finance Team,

The following COD shipment was delivered on 2026-02-14. Per the 2-day remittance SLA, payment of ₹929 is due by 2026-02-16 00:00:00.

AWB: AWB7887969332
Order ID: 110814944192
Delivery Date: 2026-02-14
Destination: Faridabad
COD Amount: ₹929

Please confirm remittance status.

Regards,
Finance Ops — AI Logistics Control Tower",DERIVED (package_amount used as COD-amount proxy — see docs/data_assumptions.md)
Carrier B,AWB7589002958,110714926608,2026-02-14,528,2026-02-16,Overdue,P1 - Urgent,[Remittance Due] AWB AWB7589002958 — COD ₹528 — Carrier B,"Dear Carrier B Finance Team,

The following COD shipment was delivered on 2026-02-14. Per the 2-day remittance SLA, payment of ₹528 is due by 2026-02-16 00:00:00.

AWB: AWB7589002958
Order ID: 110714926608
Delivery Date: 2026-02-14
Destination: Shimla
COD Amount: ₹528

Please confirm remittance status.

Regards,
Finance Ops — AI Logistics Control Tower",DERIVED (package_amount used as COD-amount proxy — see docs/data_assumptions.md)
Carrier B,AWB6266414494,110614912183,2026-02-14,717,2026-02-16,Overdue,P1 - Urgent,[Remittance Due] AWB AWB6266414494 — COD ₹717 — Carrier B,"Dear Carrier B Finance Team,

The following COD shipment was delivered on 2026-02-14. Per the 2-day remittance SLA, payment of ₹717 is due by 2026-02-16 00:00:00.

AWB: AWB6266414494
Order ID: 110614912183
Delivery Date: 2026-02-14
Destination: JAINTIA HILLS
COD Amount: ₹717

Please confirm remittance status.

Regards,
Finance Ops — AI Logistics Control Tower",DERIVED (package_amount used as COD-amount proxy — see docs/data_assumptions.md)
Carrier C,AWB4242693472,110914951064,2026-02-14,1338,2026-02-16,Overdue,P1 - Urgent,"[Remittance Due] AWB AWB4242693472 — COD ₹1,338 — Carrier C","Dear Carrier C Finance Team,

The following COD shipment was delivered on 2026-02-14. Per the 2-day remittance SLA, payment of ₹1,338 is due by 2026-02-16 00:00:00.

AWB: AWB4242693472
Order ID: 110914951064
Delivery Date: 2026-02-14
Destination: Vadodara
COD Amount: ₹1,338

Please confirm remittance status.

Regards,
Finance Ops — AI Logistics Control Tower",DERIVED (package_amount used as COD-amount proxy — see docs/data_assumptions.md)
Carrier C,AWB6743173139,111114973878,2026-02-14,689,2026-02-16,Overdue,P1 - Urgent,[Remittance Due] AWB AWB6743173139 — COD ₹689 — Carrier C,"Dear Carrier C Finance Team,

The following COD shipment was delivered on 2026-02-14. Per the 2-day remittance SLA, payment of ₹689 is due by 2026-02-16 00:00:00.

AWB: AWB6743173139
Order ID: 111114973878
Delivery Date: 2026-02-14
Destination: roorkee
COD Amount: ₹689

Please confirm remittance status.

Regards,
Finance Ops — AI Logistics Control Tower",DERIVED (package_amount used as COD-amount proxy — see docs/data_assumptions.md)
Carrier A,AWB9689907925,111014972685,2026-02-14,877,2026-02-16,Overdue,P1 - Urgent,[Remittance Due] AWB AWB9689907925 — COD ₹877 — Carrier A,"Dear Carrier A Finance Team,

The following COD shipment was delivered on 2026-02-14. Per the 2-day remittance SLA, payment of ₹877 is due by 2026-02-16 00:00:00.

AWB: AWB9689907925
Order ID: 111014972685
Delivery Date: 2026-02-14
Destination: Mumbai
COD Amount: ₹877

Please confirm remittance status.

Regards,
Finance Ops — AI Logistics Control Tower",DERIVED (package_amount used as COD-amount proxy — see docs/data_assumptions.md)
Carrier B,AWB0620231106,110714930510,2026-02-14,592,2026-02-16,Overdue,P1 - Urgent,[Remittance Due] AWB AWB0620231106 — COD ₹592 — Carrier B,"Dear Carrier B Finance Team,

The following COD shipment was delivered on 2026-02-14. Per the 2-day remittance SLA, payment of ₹592 is due by 2026-02-16 00:00:00.

AWB: AWB0620231106
Order ID: 110714930510
Delivery Date: 2026-02-14
Destination: Jaipur
COD Amount: ₹592

Please confirm remittance status.

Regards,
Finance Ops — AI Logistics Control Tower",DERIVED (package_amount used as COD-amount proxy — see docs/data_assumptions.md)
Carrier C,AWB6015523535,110714935324,2026-02-14,231,2026-02-16,Overdue,P1 - Urgent,[Remittance Due] AWB AWB6015523535 — COD ₹231 — Carrier C,"Dear Carrier C Finance Team,

The following COD shipment was delivered on 2026-02-14. Per the 2-day remittance SLA, payment of ₹231 is due by 2026-02-16 00:00:00.

AWB: AWB6015523535
Order ID: 110714935324
Delivery Date: 2026-02-14
Destination: Prakasam
COD Amount: ₹231

Please confirm remittance status.

Regards,
Finance Ops — AI Logistics Control Tower",DERIVED (package_amount used as COD-amount proxy — see docs/data_assumptions.md)
Carrier C,AWB6901792138,110614914370,2026-02-14,717,2026-02-16,Overdue,P1 - Urgent,[Remittance Due] AWB AWB6901792138 — COD ₹717 — Carrier C,"Dear Carrier C Finance Team,

The following COD shipment was delivered on 2026-02-14. Per the 2-day remittance SLA, payment of ₹717 is due by 2026-02-16 00:00:00.

AWB: AWB6901792138
Order ID: 110614914370
Delivery Date: 2026-02-14
Destination: Golaghat
COD Amount: ₹717

Please confirm remittance status.

Regards,
Finance Ops — AI Logistics Control Tower",DERIVED (package_amount used as COD-amount proxy — see docs/data_assumptions.md)
Carrier C,AWB6310810191,100614538260,2026-02-14,969,2026-02-16,Overdue,P1 - Urgent,[Remittance Due] AWB AWB6310810191 — COD ₹969 — Carrier C,"Dear Carrier C Finance Team,

The following COD shipment was delivered on 2026-02-14. Per the 2-day remittance SLA, payment of ₹969 is due by 2026-02-16 00:00:00.

AWB: AWB6310810191
Order ID: 100614538260
Delivery Date: 2026-02-14
Destination: Srikakulam
COD Amount: ₹969

Please confirm remittance status.

Regards,
Finance Ops — AI Logistics Control Tower",DERIVED (package_amount used as COD-amount proxy — see docs/data_assumptions.md)
Carrier D,AWB0999143659,101614680179,2026-02-14,1159,2026-02-16,Overdue,P1 - Urgent,"[Remittance Due] AWB AWB0999143659 — COD ₹1,159 — Carrier D","Dear Carrier D Finance Team,

The following COD shipment was delivered on 2026-02-14. Per the 2-day remittance SLA, payment of ₹1,159 is due by 2026-02-16 00:00:00.

AWB: AWB0999143659
Order ID: 101614680179
Delivery Date: 2026-02-14
Destination: Papum Pare
COD Amount: ₹1,159

Please confirm remittance status.

Regards,
Finance Ops — AI Logistics Control Tower",DERIVED (package_amount used as COD-amount proxy — see docs/data_assumptions.md)
Carrier C,AWB9312962111,101414647039,2026-02-14,469,2026-02-16,Overdue,P1 - Urgent,[Remittance Due] AWB AWB9312962111 — COD ₹469 — Carrier C,"Dear Carrier C Finance Team,

The following COD shipment was delivered on 2026-02-14. Per the 2-day remittance SLA, payment of ₹469 is due by 2026-02-16 00:00:00.

AWB: AWB9312962111
Order ID: 101414647039
Delivery Date: 2026-02-14
Destination: Bhopal
COD Amount: ₹469

Please confirm remittance status.

Regards,
Finance Ops — AI Logistics Control Tower",DERIVED (package_amount used as COD-amount proxy — see docs/data_assumptions.md)
Carrier B,AWB2204861707,111014966458,2026-02-15,4850,2026-02-17,Overdue,P1 - Urgent,"[Remittance Due] AWB AWB2204861707 — COD ₹4,850 — Carrier B","Dear Carrier B Finance Team,

The following COD shipment was delivered on 2026-02-15. Per the 2-day remittance SLA, payment of ₹4,850 is due by 2026-02-17 00:00:00.

AWB: AWB2204861707
Order ID: 111014966458
Delivery Date: 2026-02-15
Destination: South Delhi
COD Amount: ₹4,850

Please confirm remittance status.

Regards,
Finance Ops — AI Logistics Control Tower",DERIVED (package_amount used as COD-amount proxy — see docs/data_assumptions.md)
Carrier C,AWB9165616392,111014963285,2026-02-15,1984,2026-02-17,Overdue,P1 - Urgent,"[Remittance Due] AWB AWB9165616392 — COD ₹1,984 — Carrier C","Dear Carrier C Finance Team,

The following COD shipment was delivered on 2026-02-15. Per the 2-day remittance SLA, payment of ₹1,984 is due by 2026-02-17 00:00:00.

AWB: AWB9165616392
Order ID: 111014963285
Delivery Date: 2026-02-15
Destination: Bangalore
COD Amount: ₹1,984

Please confirm remittance status.

Regards,
Finance Ops — AI Logistics Control Tower",DERIVED (package_amount used as COD-amount proxy — see docs/data_assumptions.md)
Carrier D,AWB5896818271,110614920641,2026-02-15,649,2026-02-17,Overdue,P1 - Urgent,[Remittance Due] AWB AWB5896818271 — COD ₹649 — Carrier D,"Dear Carrier D Finance Team,

The following COD shipment was delivered on 2026-02-15. Per the 2-day remittance SLA, payment of ₹649 is due by 2026-02-17 00:00:00.

AWB: AWB5896818271
Order ID: 110614920641
Delivery Date: 2026-02-15
Destination: Patiala
COD Amount: ₹649

Please confirm remittance status.

Regards,
Finance Ops — AI Logistics Control Tower",DERIVED (package_amount used as COD-amount proxy — see docs/data_assumptions.md)
Carrier B,AWB6911793570,103014831572,2026-02-15,499,2026-02-17,Overdue,P1 - Urgent,[Remittance Due] AWB AWB6911793570 — COD ₹499 — Carrier B,"Dear Carrier B Finance Team,

The following COD shipment was delivered on 2026-02-15. Per the 2-day remittance SLA, payment of ₹499 is due by 2026-02-17 00:00:00.

AWB: AWB6911793570
Order ID: 103014831572
Delivery Date: 2026-02-15
Destination: Gurgaon
COD Amount: ₹499

Please confirm remittance status.

Regards,
Finance Ops — AI Logistics Control Tower",DERIVED (package_amount used as COD-amount proxy — see docs/data_assumptions.md)
Carrier B,AWB9305755527,110914956353,2026-02-15,1198,2026-02-17,Overdue,P1 - Urgent,"[Remittance Due] AWB AWB9305755527 — COD ₹1,198 — Carrier B","Dear Carrier B Finance Team,

The following COD shipment was delivered on 2026-02-15. Per the 2-day remittance SLA, payment of ₹1,198 is due by 2026-02-17 00:00:00.

AWB: AWB9305755527
Order ID: 110914956353
Delivery Date: 2026-02-15
Destination: Bangalore
COD Amount: ₹1,198

Please confirm remittance status.

Regards,
Finance Ops — AI Logistics Control Tower",DERIVED (package_amount used as COD-amount proxy — see docs/data_assumptions.md)
Carrier B,AWB7064354379,110114856370,2026-02-15,1025,2026-02-17,Overdue,P1 - Urgent,"[Remittance Due] AWB AWB7064354379 — COD ₹1,025 — Carrier B","Dear Carrier B Finance Team,

The following COD shipment was delivered on 2026-02-15. Per the 2-day remittance SLA, payment of ₹1,025 is due by 2026-02-17 00:00:00.

AWB: AWB7064354379
Order ID: 110114856370
Delivery Date: 2026-02-15
Destination: Ludhiana
COD Amount: ₹1,025

Please confirm remittance status.

Regards,
Finance Ops — AI Logistics Control Tower",DERIVED (package_amount used as COD-amount proxy — see docs/data_assumptions.md)
Carrier C,AWB0937444738,110214871736,2026-02-15,849,2026-02-17,Overdue,P1 - Urgent,[Remittance Due] AWB AWB0937444738 — COD ₹849 — Carrier C,"Dear Carrier C Finance Team,

The following COD shipment was delivered on 2026-02-15. Per the 2-day remittance SLA, payment of ₹849 is due by 2026-02-17 00:00:00.

AWB: AWB0937444738
Order ID: 110214871736
Delivery Date: 2026-02-15
Destination: Bangalore
COD Amount: ₹849

Please confirm remittance status.

Regards,
Finance Ops — AI Logistics Control Tower",DERIVED (package_amount used as COD-amount proxy — see docs/data_assumptions.md)
Carrier D,AWB9112063110,110714926650,2026-02-15,1198,2026-02-17,Overdue,P1 - Urgent,"[Remittance Due] AWB AWB9112063110 — COD ₹1,198 — Carrier D","Dear Carrier D Finance Team,

The following COD shipment was delivered on 2026-02-15. Per the 2-day remittance SLA, payment of ₹1,198 is due by 2026-02-17 00:00:00.

AWB: AWB9112063110
Order ID: 110714926650
Delivery Date: 2026-02-15
Destination: Prakasam
COD Amount: ₹1,198

Please confirm remittance status.

Regards,
Finance Ops — AI Logistics Control Tower",DERIVED (package_amount used as COD-amount proxy — see docs/data_assumptions.md)
Carrier C,AWB2342328778,110514910070,2026-02-15,925,2026-02-17,Overdue,P1 - Urgent,[Remittance Due] AWB AWB2342328778 — COD ₹925 — Carrier C,"Dear Carrier C Finance Team,

The following COD shipment was delivered on 2026-02-15. Per the 2-day remittance SLA, payment of ₹925 is due by 2026-02-17 00:00:00.

AWB: AWB2342328778
Order ID: 110514910070
Delivery Date: 2026-02-15
Destination: Gurgaon
COD Amount: ₹925

Please confirm remittance status.

Regards,
Finance Ops — AI Logistics Control Tower",DERIVED (package_amount used as COD-amount proxy — see docs/data_assumptions.md)
Carrier C,AWB9525307474,110914954952,2026-02-15,1133,2026-02-17,Overdue,P1 - Urgent,"[Remittance Due] AWB AWB9525307474 — COD ₹1,133 — Carrier C","Dear Carrier C Finance Team,

The following COD shipment was delivered on 2026-02-15. Per the 2-day remittance SLA, payment of ₹1,133 is due by 2026-02-17 00:00:00.

AWB: AWB9525307474
Order ID: 110914954952
Delivery Date: 2026-02-15
Destination: Kanchipuram
COD Amount: ₹1,133

Please confirm remittance status.

Regards,
Finance Ops — AI Logistics Control Tower",DERIVED (package_amount used as COD-amount proxy — see docs/data_assumptions.md)
Carrier D,AWB9900997954,110914951465,2026-02-15,899,2026-02-17,Overdue,P1 - Urgent,[Remittance Due] AWB AWB9900997954 — COD ₹899 — Carrier D,"Dear Carrier D Finance Team,

The following COD shipment was delivered on 2026-02-15. Per the 2-day remittance SLA, payment of ₹899 is due by 2026-02-17 00:00:00.

AWB: AWB9900997954
Order ID: 110914951465
Delivery Date: 2026-02-15
Destination: Khorda
COD Amount: ₹899

Please confirm remittance status.

Regards,
Finance Ops — AI Logistics Control Tower",DERIVED (package_amount used as COD-amount proxy — see docs/data_assumptions.md)
Carrier A,AWB9034220684,110814942609,2026-02-15,2158,2026-02-17,Overdue,P1 - Urgent,"[Remittance Due] AWB AWB9034220684 — COD ₹2,158 — Carrier A","Dear Carrier A Finance Team,

The following COD shipment was delivered on 2026-02-15. Per the 2-day remittance SLA, payment of ₹2,158 is due by 2026-02-17 00:00:00.

AWB: AWB9034220684
Order ID: 110814942609
Delivery Date: 2026-02-15
Destination: Ahmedabad
COD Amount: ₹2,158

Please confirm remittance status.

Regards,
Finance Ops — AI Logistics Control Tower",DERIVED (package_amount used as COD-amount proxy — see docs/data_assumptions.md)
Carrier A,AWB8246975598,111014961359,2026-02-15,2136,2026-02-17,Overdue,P1 - Urgent,"[Remittance Due] AWB AWB8246975598 — COD ₹2,136 — Carrier A","Dear Carrier A Finance Team,

The following COD shipment was delivered on 2026-02-15. Per the 2-day remittance SLA, payment of ₹2,136 is due by 2026-02-17 00:00:00.

AWB: AWB8246975598
Order ID: 111014961359
Delivery Date: 2026-02-15
Destination: Kheda
COD Amount: ₹2,136

Please confirm remittance status.

Regards,
Finance Ops — AI Logistics Control Tower",DERIVED (package_amount used as COD-amount proxy — see docs/data_assumptions.md)
Carrier A,AWB0935651260,110914950472,2026-02-15,889,2026-02-17,Overdue,P1 - Urgent,[Remittance Due] AWB AWB0935651260 — COD ₹889 — Carrier A,"Dear Carrier A Finance Team,

The following COD shipment was delivered on 2026-02-15. Per the 2-day remittance SLA, payment of ₹889 is due by 2026-02-17 00:00:00.

AWB: AWB0935651260
Order ID: 110914950472
Delivery Date: 2026-02-15
Destination: Faridabad
COD Amount: ₹889

Please confirm remittance status.

Regards,
Finance Ops — AI Logistics Control Tower",DERIVED (package_amount used as COD-amount proxy — see docs/data_assumptions.md)
Carrier A,AWB8919639420,110814948363,2026-02-15,912,2026-02-17,Overdue,P1 - Urgent,[Remittance Due] AWB AWB8919639420 — COD ₹912 — Carrier A,"Dear Carrier A Finance Team,

The following COD shipment was delivered on 2026-02-15. Per the 2-day remittance SLA, payment of ₹912 is due by 2026-02-17 00:00:00.

AWB: AWB8919639420
Order ID: 110814948363
Delivery Date: 2026-02-15
Destination: Hyderabad
COD Amount: ₹912

Please confirm remittance status.

Regards,
Finance Ops — AI Logistics Control Tower",DERIVED (package_amount used as COD-amount proxy — see docs/data_assumptions.md)
Carrier A,AWB2719575463,110514901534,2026-02-15,1123,2026-02-17,Overdue,P1 - Urgent,"[Remittance Due] AWB AWB2719575463 — COD ₹1,123 — Carrier A","Dear Carrier A Finance Team,

The following COD shipment was delivered on 2026-02-15. Per the 2-day remittance SLA, payment of ₹1,123 is due by 2026-02-17 00:00:00.

AWB: AWB2719575463
Order ID: 110514901534
Delivery Date: 2026-02-15
Destination: Kangra
COD Amount: ₹1,123

Please confirm remittance status.

Regards,
Finance Ops — AI Logistics Control Tower",DERIVED (package_amount used as COD-amount proxy — see docs/data_assumptions.md)
Carrier C,AWB8564141728,110914956188,2026-02-15,899,2026-02-17,Overdue,P1 - Urgent,[Remittance Due] AWB AWB8564141728 — COD ₹899 — Carrier C,"Dear Carrier C Finance Team,

The following COD shipment was delivered on 2026-02-15. Per the 2-day remittance SLA, payment of ₹899 is due by 2026-02-17 00:00:00.

AWB: AWB8564141728
Order ID: 110914956188
Delivery Date: 2026-02-15
Destination: North 24 Parganas
COD Amount: ₹899

Please confirm remittance status.

Regards,
Finance Ops — AI Logistics Control Tower",DERIVED (package_amount used as COD-amount proxy — see docs/data_assumptions.md)
Carrier D,AWB3780299304,100614534302,2026-02-15,559,2026-02-17,Overdue,P1 - Urgent,[Remittance Due] AWB AWB3780299304 — COD ₹559 — Carrier D,"Dear Carrier D Finance Team,

The following COD shipment was delivered on 2026-02-15. Per the 2-day remittance SLA, payment of ₹559 is due by 2026-02-17 00:00:00.

AWB: AWB3780299304
Order ID: 100614534302
Delivery Date: 2026-02-15
Destination: Gurdaspur
COD Amount: ₹559

Please confirm remittance status.

Regards,
Finance Ops — AI Logistics Control Tower",DERIVED (package_amount used as COD-amount proxy — see docs/data_assumptions.md)
Carrier A,AWB9325671807,110714929846,2026-02-15,372,2026-02-17,Overdue,P1 - Urgent,[Remittance Due] AWB AWB9325671807 — COD ₹372 — Carrier A,"Dear Carrier A Finance Team,

The following COD shipment was delivered on 2026-02-15. Per the 2-day remittance SLA, payment of ₹372 is due by 2026-02-17 00:00:00.

AWB: AWB9325671807
Order ID: 110714929846
Delivery Date: 2026-02-15
Destination: Nagpur
COD Amount: ₹372

Please confirm remittance status.

Regards,
Finance Ops — AI Logistics Control Tower",DERIVED (package_amount used as COD-amount proxy — see docs/data_assumptions.md)
Carrier D,AWB8000634754,110914951740,2026-02-15,569,2026-02-17,Overdue,P1 - Urgent,[Remittance Due] AWB AWB8000634754 — COD ₹569 — Carrier D,"Dear Carrier D Finance Team,

The following COD shipment was delivered on 2026-02-15. Per the 2-day remittance SLA, payment of ₹569 is due by 2026-02-17 00:00:00.

AWB: AWB8000634754
Order ID: 110914951740
Delivery Date: 2026-02-15
Destination: Morbi
COD Amount: ₹569

Please confirm remittance status.

Regards,
Finance Ops — AI Logistics Control Tower",DERIVED (package_amount used as COD-amount proxy — see docs/data_assumptions.md)
Carrier B,AWB6071619480,110614918576,2026-02-15,499,2026-02-17,Overdue,P1 - Urgent,[Remittance Due] AWB AWB6071619480 — COD ₹499 — Carrier B,"Dear Carrier B Finance Team,

The following COD shipment was delivered on 2026-02-15. Per the 2-day remittance SLA, payment of ₹499 is due by 2026-02-17 00:00:00.

AWB: AWB6071619480
Order ID: 110614918576
Delivery Date: 2026-02-15
Destination: Morena
COD Amount: ₹499

Please confirm remittance status.

Regards,
Finance Ops — AI Logistics Control Tower",DERIVED (package_amount used as COD-amount proxy — see docs/data_assumptions.md)
Carrier B,AWB3244693759,110814940531,2026-02-15,524,2026-02-17,Overdue,P1 - Urgent,[Remittance Due] AWB AWB3244693759 — COD ₹524 — Carrier B,"Dear Carrier B Finance Team,

The following COD shipment was delivered on 2026-02-15. Per the 2-day remittance SLA, payment of ₹524 is due by 2026-02-17 00:00:00.

AWB: AWB3244693759
Order ID: 110814940531
Delivery Date: 2026-02-15
Destination: Pune
COD Amount: ₹524

Please confirm remittance status.

Regards,
Finance Ops — AI Logistics Control Tower",DERIVED (package_amount used as COD-amount proxy — see docs/data_assumptions.md)
Carrier A,AWB2485574826,111114974763,2026-02-16,618,2026-02-18,Overdue,P1 - Urgent,[Remittance Due] AWB AWB2485574826 — COD ₹618 — Carrier A,"Dear Carrier A Finance Team,

The following COD shipment was delivered on 2026-02-16. Per the 2-day remittance SLA, payment of ₹618 is due by 2026-02-18 00:00:00.

AWB: AWB2485574826
Order ID: 111114974763
Delivery Date: 2026-02-16
Destination: Pune
COD Amount: ₹618

Please confirm remittance status.

Regards,
Finance Ops — AI Logistics Control Tower",DERIVED (package_amount used as COD-amount proxy — see docs/data_assumptions.md)
Carrier D,AWB3476473196,110714927865,2026-02-16,499,2026-02-18,Overdue,P1 - Urgent,[Remittance Due] AWB AWB3476473196 — COD ₹499 — Carrier D,"Dear Carrier D Finance Team,

The following COD shipment was delivered on 2026-02-16. Per the 2-day remittance SLA, payment of ₹499 is due by 2026-02-18 00:00:00.

AWB: AWB3476473196
Order ID: 110714927865
Delivery Date: 2026-02-16
Destination: Kanpur Nagar
COD Amount: ₹499

Please confirm remittance status.

Regards,
Finance Ops — AI Logistics Control Tower",DERIVED (package_amount used as COD-amount proxy — see docs/data_assumptions.md)
Carrier C,AWB5412768427,110714932375,2026-02-16,649,2026-02-18,Overdue,P1 - Urgent,[Remittance Due] AWB AWB5412768427 — COD ₹649 — Carrier C,"Dear Carrier C Finance Team,

The following COD shipment was delivered on 2026-02-16. Per the 2-day remittance SLA, payment of ₹649 is due by 2026-02-18 00:00:00.

AWB: AWB5412768427
Order ID: 110714932375
Delivery Date: 2026-02-16
Destination: Gurgaon
COD Amount: ₹649

Please confirm remittance status.

Regards,
Finance Ops — AI Logistics Control Tower",DERIVED (package_amount used as COD-amount proxy — see docs/data_assumptions.md)
Carrier C,AWB1232032907,110914960058,2026-02-16,572,2026-02-18,Overdue,P1 - Urgent,[Remittance Due] AWB AWB1232032907 — COD ₹572 — Carrier C,"Dear Carrier C Finance Team,

The following COD shipment was delivered on 2026-02-16. Per the 2-day remittance SLA, payment of ₹572 is due by 2026-02-18 00:00:00.

AWB: AWB1232032907
Order ID: 110914960058
Delivery Date: 2026-02-16
Destination: Tiruvallur
COD Amount: ₹572

Please confirm remittance status.

Regards,
Finance Ops — AI Logistics Control Tower",DERIVED (package_amount used as COD-amount proxy — see docs/data_assumptions.md)
Carrier A,AWB2581345759,101914716054,2026-02-16,969,2026-02-18,Overdue,P1 - Urgent,[Remittance Due] AWB AWB2581345759 — COD ₹969 — Carrier A,"Dear Carrier A Finance Team,

The following COD shipment was delivered on 2026-02-16. Per the 2-day remittance SLA, payment of ₹969 is due by 2026-02-18 00:00:00.

AWB: AWB2581345759
Order ID: 101914716054
Delivery Date: 2026-02-16
Destination: Mumbai
COD Amount: ₹969

Please confirm remittance status.

Regards,
Finance Ops — AI Logistics Control Tower",DERIVED (package_amount used as COD-amount proxy — see docs/data_assumptions.md)
Carrier C,AWB7722835202,110814939804,2026-02-16,2239,2026-02-18,Overdue,P1 - Urgent,"[Remittance Due] AWB AWB7722835202 — COD ₹2,239 — Carrier C","Dear Carrier C Finance Team,

The following COD shipment was delivered on 2026-02-16. Per the 2-day remittance SLA, payment of ₹2,239 is due by 2026-02-18 00:00:00.

AWB: AWB7722835202
Order ID: 110814939804
Delivery Date: 2026-02-16
Destination: Thane
COD Amount: ₹2,239

Please confirm remittance status.

Regards,
Finance Ops — AI Logistics Control Tower",DERIVED (package_amount used as COD-amount proxy — see docs/data_assumptions.md)
Carrier C,AWB6607331080,102914823757,2026-02-16,717,2026-02-18,Overdue,P1 - Urgent,[Remittance Due] AWB AWB6607331080 — COD ₹717 — Carrier C,"Dear Carrier C Finance Team,

The following COD shipment was delivered on 2026-02-16. Per the 2-day remittance SLA, payment of ₹717 is due by 2026-02-18 00:00:00.

AWB: AWB6607331080
Order ID: 102914823757
Delivery Date: 2026-02-16
Destination: Birbhum
COD Amount: ₹717

Please confirm remittance status.

Regards,
Finance Ops — AI Logistics Control Tower",DERIVED (package_amount used as COD-amount proxy — see docs/data_assumptions.md)
Carrier C,AWB7922711309,111014969492,2026-02-16,889,2026-02-18,Overdue,P1 - Urgent,[Remittance Due] AWB AWB7922711309 — COD ₹889 — Carrier C,"Dear Carrier C Finance Team,

The following COD shipment was delivered on 2026-02-16. Per the 2-day remittance SLA, payment of ₹889 is due by 2026-02-18 00:00:00.

AWB: AWB7922711309
Order ID: 111014969492
Delivery Date: 2026-02-16
Destination: Pune
COD Amount: ₹889

Please confirm remittance status.

Regards,
Finance Ops — AI Logistics Control Tower",DERIVED (package_amount used as COD-amount proxy — see docs/data_assumptions.md)
Carrier B,AWB9377508255,110414894546,2026-02-16,823,2026-02-18,Overdue,P1 - Urgent,[Remittance Due] AWB AWB9377508255 — COD ₹823 — Carrier B,"Dear Carrier B Finance Team,

The following COD shipment was delivered on 2026-02-16. Per the 2-day remittance SLA, payment of ₹823 is due by 2026-02-18 00:00:00.

AWB: AWB9377508255
Order ID: 110414894546
Delivery Date: 2026-02-16
Destination: Aizawl
COD Amount: ₹823

Please confirm remittance status.

Regards,
Finance Ops — AI Logistics Control Tower",DERIVED (package_amount used as COD-amount proxy — see docs/data_assumptions.md)
Carrier B,AWB4459755672,111014970181,2026-02-16,999,2026-02-18,Overdue,P1 - Urgent,[Remittance Due] AWB AWB4459755672 — COD ₹999 — Carrier B,"Dear Carrier B Finance Team,

The following COD shipment was delivered on 2026-02-16. Per the 2-day remittance SLA, payment of ₹999 is due by 2026-02-18 00:00:00.

AWB: AWB4459755672
Order ID: 111014970181
Delivery Date: 2026-02-16
Destination: Gurgaon
COD Amount: ₹999

Please confirm remittance status.

Regards,
Finance Ops — AI Logistics Control Tower",DERIVED (package_amount used as COD-amount proxy — see docs/data_assumptions.md)
Carrier D,AWB3217805590,111014963053,2026-02-16,1142,2026-02-18,Overdue,P1 - Urgent,"[Remittance Due] AWB AWB3217805590 — COD ₹1,142 — Carrier D","Dear Carrier D Finance Team,

The following COD shipment was delivered on 2026-02-16. Per the 2-day remittance SLA, payment of ₹1,142 is due by 2026-02-18 00:00:00.

AWB: AWB3217805590
Order ID: 111014963053
Delivery Date: 2026-02-16
Destination: South Goa
COD Amount: ₹1,142

Please confirm remittance status.

Regards,
Finance Ops — AI Logistics Control Tower",DERIVED (package_amount used as COD-amount proxy — see docs/data_assumptions.md)
Carrier C,AWB1589935107,102014726436,2026-02-16,1098,2026-02-18,Overdue,P1 - Urgent,"[Remittance Due] AWB AWB1589935107 — COD ₹1,098 — Carrier C","Dear Carrier C Finance Team,

The following COD shipment was delivered on 2026-02-16. Per the 2-day remittance SLA, payment of ₹1,098 is due by 2026-02-18 00:00:00.

AWB: AWB1589935107
Order ID: 102014726436
Delivery Date: 2026-02-16
Destination: Firozpur
COD Amount: ₹1,098

Please confirm remittance status.

Regards,
Finance Ops — AI Logistics Control Tower",DERIVED (package_amount used as COD-amount proxy — see docs/data_assumptions.md)
Carrier B,AWB8779163658,110414898179,2026-02-16,522,2026-02-18,Overdue,P1 - Urgent,[Remittance Due] AWB AWB8779163658 — COD ₹522 — Carrier B,"Dear Carrier B Finance Team,

The following COD shipment was delivered on 2026-02-16. Per the 2-day remittance SLA, payment of ₹522 is due by 2026-02-18 00:00:00.

AWB: AWB8779163658
Order ID: 110414898179
Delivery Date: 2026-02-16
Destination: Bangalore
COD Amount: ₹522

Please confirm remittance status.

Regards,
Finance Ops — AI Logistics Control Tower",DERIVED (package_amount used as COD-amount proxy — see docs/data_assumptions.md)
Carrier B,AWB2218973246,111014970676,2026-02-16,567,2026-02-18,Overdue,P1 - Urgent,[Remittance Due] AWB AWB2218973246 — COD ₹567 — Carrier B,"Dear Carrier B Finance Team,

The following COD shipment was delivered on 2026-02-16. Per the 2-day remittance SLA, payment of ₹567 is due by 2026-02-18 00:00:00.

AWB: AWB2218973246
Order ID: 111014970676
Delivery Date: 2026-02-16
Destination: Mumbai
COD Amount: ₹567

Please confirm remittance status.

Regards,
Finance Ops — AI Logistics Control Tower",DERIVED (package_amount used as COD-amount proxy — see docs/data_assumptions.md)
Carrier C,AWB8742473119,103114850459,2026-02-16,889,2026-02-18,Overdue,P1 - Urgent,[Remittance Due] AWB AWB8742473119 — COD ₹889 — Carrier C,"Dear Carrier C Finance Team,

The following COD shipment was delivered on 2026-02-16. Per the 2-day remittance SLA, payment of ₹889 is due by 2026-02-18 00:00:00.

AWB: AWB8742473119
Order ID: 103114850459
Delivery Date: 2026-02-16
Destination: Ranchi
COD Amount: ₹889

Please confirm remittance status.

Regards,
Finance Ops — AI Logistics Control Tower",DERIVED (package_amount used as COD-amount proxy — see docs/data_assumptions.md)
Carrier A,AWB1452455430,100114925501,2026-02-16,889,2026-02-18,Overdue,P1 - Urgent,[Remittance Due] AWB AWB1452455430 — COD ₹889 — Carrier A,"Dear Carrier A Finance Team,

The following COD shipment was delivered on 2026-02-16. Per the 2-day remittance SLA, payment of ₹889 is due by 2026-02-18 00:00:00.

AWB: AWB1452455430
Order ID: 100114925501
Delivery Date: 2026-02-16
Destination: Kanchipuram
COD Amount: ₹889

Please confirm remittance status.

Regards,
Finance Ops — AI Logistics Control Tower",DERIVED (package_amount used as COD-amount proxy — see docs/data_assumptions.md)
Carrier D,AWB3714598564,110814949478,2026-02-16,1113,2026-02-18,Overdue,P1 - Urgent,"[Remittance Due] AWB AWB3714598564 — COD ₹1,113 — Carrier D","Dear Carrier D Finance Team,

The following COD shipment was delivered on 2026-02-16. Per the 2-day remittance SLA, payment of ₹1,113 is due by 2026-02-18 00:00:00.

AWB: AWB3714598564
Order ID: 110814949478
Delivery Date: 2026-02-16
Destination: East Godavari
COD Amount: ₹1,113

Please confirm remittance status.

Regards,
Finance Ops — AI Logistics Control Tower",DERIVED (package_amount used as COD-amount proxy — see docs/data_assumptions.md)
Carrier A,AWB4588571456,111014972121,2026-02-16,1469,2026-02-18,Overdue,P1 - Urgent,"[Remittance Due] AWB AWB4588571456 — COD ₹1,469 — Carrier A","Dear Carrier A Finance Team,

The following COD shipment was delivered on 2026-02-16. Per the 2-day remittance SLA, payment of ₹1,469 is due by 2026-02-18 00:00:00.

AWB: AWB4588571456
Order ID: 111014972121
Delivery Date: 2026-02-16
Destination: Bangalore
COD Amount: ₹1,469

Please confirm remittance status.

Regards,
Finance Ops — AI Logistics Control Tower",DERIVED (package_amount used as COD-amount proxy — see docs/data_assumptions.md)
Carrier D,AWB1593036630,110714928981,2026-02-17,1079,2026-02-19,Overdue,P1 - Urgent,"[Remittance Due] AWB AWB1593036630 — COD ₹1,079 — Carrier D","Dear Carrier D Finance Team,

The following COD shipment was delivered on 2026-02-17. Per the 2-day remittance SLA, payment of ₹1,079 is due by 2026-02-19 00:00:00.

AWB: AWB1593036630
Order ID: 110714928981
Delivery Date: 2026-02-17
Destination: Sidhi
COD Amount: ₹1,079

Please confirm remittance status.

Regards,
Finance Ops — AI Logistics Control Tower",DERIVED (package_amount used as COD-amount proxy — see docs/data_assumptions.md)
Carrier D,AWB7924058507,110214866736,2026-02-17,877,2026-02-19,Overdue,P1 - Urgent,[Remittance Due] AWB AWB7924058507 — COD ₹877 — Carrier D,"Dear Carrier D Finance Team,

The following COD shipment was delivered on 2026-02-17. Per the 2-day remittance SLA, payment of ₹877 is due by 2026-02-19 00:00:00.

AWB: AWB7924058507
Order ID: 110214866736
Delivery Date: 2026-02-17
Destination: Duliajan
COD Amount: ₹877

Please confirm remittance status.

Regards,
Finance Ops — AI Logistics Control Tower",DERIVED (package_amount used as COD-amount proxy — see docs/data_assumptions.md)
Carrier A,AWB3795303492,110314884829,2026-02-17,1399,2026-02-19,Overdue,P1 - Urgent,"[Remittance Due] AWB AWB3795303492 — COD ₹1,399 — Carrier A","Dear Carrier A Finance Team,

The following COD shipment was delivered on 2026-02-17. Per the 2-day remittance SLA, payment of ₹1,399 is due by 2026-02-19 00:00:00.

AWB: AWB3795303492
Order ID: 110314884829
Delivery Date: 2026-02-17
Destination: Surat
COD Amount: ₹1,399

Please confirm remittance status.

Regards,
Finance Ops — AI Logistics Control Tower",DERIVED (package_amount used as COD-amount proxy — see docs/data_assumptions.md)
Carrier D,AWB1365051241,110714929598,2026-02-17,1474,2026-02-19,Overdue,P1 - Urgent,"[Remittance Due] AWB AWB1365051241 — COD ₹1,474 — Carrier D","Dear Carrier D Finance Team,

The following COD shipment was delivered on 2026-02-17. Per the 2-day remittance SLA, payment of ₹1,474 is due by 2026-02-19 00:00:00.

AWB: AWB1365051241
Order ID: 110714929598
Delivery Date: 2026-02-17
Destination: Chandigarh
COD Amount: ₹1,474

Please confirm remittance status.

Regards,
Finance Ops — AI Logistics Control Tower",DERIVED (package_amount used as COD-amount proxy — see docs/data_assumptions.md)
Carrier D,AWB8562149363,110714928216,2026-02-17,685,2026-02-19,Overdue,P1 - Urgent,[Remittance Due] AWB AWB8562149363 — COD ₹685 — Carrier D,"Dear Carrier D Finance Team,

The following COD shipment was delivered on 2026-02-17. Per the 2-day remittance SLA, payment of ₹685 is due by 2026-02-19 00:00:00.

AWB: AWB8562149363
Order ID: 110714928216
Delivery Date: 2026-02-17
Destination: Patna
COD Amount: ₹685

Please confirm remittance status.

Regards,
Finance Ops — AI Logistics Control Tower",DERIVED (package_amount used as COD-amount proxy — see docs/data_assumptions.md)
Carrier D,AWB1441785181,110914956444,2026-02-17,689,2026-02-19,Overdue,P1 - Urgent,[Remittance Due] AWB AWB1441785181 — COD ₹689 — Carrier D,"Dear Carrier D Finance Team,

The following COD shipment was delivered on 2026-02-17. Per the 2-day remittance SLA, payment of ₹689 is due by 2026-02-19 00:00:00.

AWB: AWB1441785181
Order ID: 110914956444
Delivery Date: 2026-02-17
Destination: Patna
COD Amount: ₹689

Please confirm remittance status.

Regards,
Finance Ops — AI Logistics Control Tower",DERIVED (package_amount used as COD-amount proxy — see docs/data_assumptions.md)
Carrier C,AWB6386219725,110814945375,2026-02-17,329,2026-02-19,Overdue,P1 - Urgent,[Remittance Due] AWB AWB6386219725 — COD ₹329 — Carrier C,"Dear Carrier C Finance Team,

The following COD shipment was delivered on 2026-02-17. Per the 2-day remittance SLA, payment of ₹329 is due by 2026-02-19 00:00:00.

AWB: AWB6386219725
Order ID: 110814945375
Delivery Date: 2026-02-17
Destination: Bellary
COD Amount: ₹329

Please confirm remittance status.

Regards,
Finance Ops — AI Logistics Control Tower",DERIVED (package_amount used as COD-amount proxy — see docs/data_assumptions.md)
Carrier D,AWB3466735301,110114860916,2026-02-17,931,2026-02-19,Overdue,P1 - Urgent,[Remittance Due] AWB AWB3466735301 — COD ₹931 — Carrier D,"Dear Carrier D Finance Team,

The following COD shipment was delivered on 2026-02-17. Per the 2-day remittance SLA, payment of ₹931 is due by 2026-02-19 00:00:00.

AWB: AWB3466735301
Order ID: 110114860916
Delivery Date: 2026-02-17
Destination: Aizawl
COD Amount: ₹931

Please confirm remittance status.

Regards,
Finance Ops — AI Logistics Control Tower",DERIVED (package_amount used as COD-amount proxy — see docs/data_assumptions.md)
Carrier D,AWB2383504080,111114974908,2026-02-17,1439,2026-02-19,Overdue,P1 - Urgent,"[Remittance Due] AWB AWB2383504080 — COD ₹1,439 — Carrier D","Dear Carrier D Finance Team,

The following COD shipment was delivered on 2026-02-17. Per the 2-day remittance SLA, payment of ₹1,439 is due by 2026-02-19 00:00:00.

AWB: AWB2383504080
Order ID: 111114974908
Delivery Date: 2026-02-17
Destination: Kanchipuram
COD Amount: ₹1,439

Please confirm remittance status.

Regards,
Finance Ops — AI Logistics Control Tower",DERIVED (package_amount used as COD-amount proxy — see docs/data_assumptions.md)
Carrier B,AWB4915970483,110914955597,2026-02-17,892,2026-02-19,Overdue,P1 - Urgent,[Remittance Due] AWB AWB4915970483 — COD ₹892 — Carrier B,"Dear Carrier B Finance Team,

The following COD shipment was delivered on 2026-02-17. Per the 2-day remittance SLA, payment of ₹892 is due by 2026-02-19 00:00:00.

AWB: AWB4915970483
Order ID: 110914955597
Delivery Date: 2026-02-17
Destination: Hyderabad
COD Amount: ₹892

Please confirm remittance status.

Regards,
Finance Ops — AI Logistics Control Tower",DERIVED (package_amount used as COD-amount proxy — see docs/data_assumptions.md)
Carrier D,AWB6170331833,110914950029,2026-02-17,889,2026-02-19,Overdue,P1 - Urgent,[Remittance Due] AWB AWB6170331833 — COD ₹889 — Carrier D,"Dear Carrier D Finance Team,

The following COD shipment was delivered on 2026-02-17. Per the 2-day remittance SLA, payment of ₹889 is due by 2026-02-19 00:00:00.

AWB: AWB6170331833
Order ID: 110914950029
Delivery Date: 2026-02-17
Destination: Kanchipuram
COD Amount: ₹889

Please confirm remittance status.

Regards,
Finance Ops — AI Logistics Control Tower",DERIVED (package_amount used as COD-amount proxy — see docs/data_assumptions.md)
Carrier C,AWB5015979610,110514908676,2026-02-17,275,2026-02-19,Overdue,P1 - Urgent,[Remittance Due] AWB AWB5015979610 — COD ₹275 — Carrier C,"Dear Carrier C Finance Team,

The following COD shipment was delivered on 2026-02-17. Per the 2-day remittance SLA, payment of ₹275 is due by 2026-02-19 00:00:00.

AWB: AWB5015979610
Order ID: 110514908676
Delivery Date: 2026-02-17
Destination: Dhanbad
COD Amount: ₹275

Please confirm remittance status.

Regards,
Finance Ops — AI Logistics Control Tower",DERIVED (package_amount used as COD-amount proxy — see docs/data_assumptions.md)
Carrier D,AWB3121368112,110814939744,2026-02-17,250,2026-02-19,Overdue,P1 - Urgent,[Remittance Due] AWB AWB3121368112 — COD ₹250 — Carrier D,"Dear Carrier D Finance Team,

The following COD shipment was delivered on 2026-02-17. Per the 2-day remittance SLA, payment of ₹250 is due by 2026-02-19 00:00:00.

AWB: AWB3121368112
Order ID: 110814939744
Delivery Date: 2026-02-17
Destination: Adilabad
COD Amount: ₹250

Please confirm remittance status.

Regards,
Finance Ops — AI Logistics Control Tower",DERIVED (package_amount used as COD-amount proxy — see docs/data_assumptions.md)
Carrier A,AWB2943763436,110914957480,2026-02-17,999,2026-02-19,Overdue,P1 - Urgent,[Remittance Due] AWB AWB2943763436 — COD ₹999 — Carrier A,"Dear Carrier A Finance Team,

The following COD shipment was delivered on 2026-02-17. Per the 2-day remittance SLA, payment of ₹999 is due by 2026-02-19 00:00:00.

AWB: AWB2943763436
Order ID: 110914957480
Delivery Date: 2026-02-17
Destination: North East Delhi
COD Amount: ₹999

Please confirm remittance status.

Regards,
Finance Ops — AI Logistics Control Tower",DERIVED (package_amount used as COD-amount proxy — see docs/data_assumptions.md)
Carrier C,AWB4680026681,110914960396,2026-02-17,1192,2026-02-19,Overdue,P1 - Urgent,"[Remittance Due] AWB AWB4680026681 — COD ₹1,192 — Carrier C","Dear Carrier C Finance Team,

The following COD shipment was delivered on 2026-02-17. Per the 2-day remittance SLA, payment of ₹1,192 is due by 2026-02-19 00:00:00.

AWB: AWB4680026681
Order ID: 110914960396
Delivery Date: 2026-02-17
Destination: Gautam Buddha Nagar
COD Amount: ₹1,192

Please confirm remittance status.

Regards,
Finance Ops — AI Logistics Control Tower",DERIVED (package_amount used as COD-amount proxy — see docs/data_assumptions.md)
Carrier B,AWB2018610496,101114605565,2026-02-17,699,2026-02-19,Overdue,P1 - Urgent,[Remittance Due] AWB AWB2018610496 — COD ₹699 — Carrier B,"Dear Carrier B Finance Team,

The following COD shipment was delivered on 2026-02-17. Per the 2-day remittance SLA, payment of ₹699 is due by 2026-02-19 00:00:00.

AWB: AWB2018610496
Order ID: 101114605565
Delivery Date: 2026-02-17
Destination: Gautam Buddha Nagar
COD Amount: ₹699

Please confirm remittance status.

Regards,
Finance Ops — AI Logistics Control Tower",DERIVED (package_amount used as COD-amount proxy — see docs/data_assumptions.md)
Carrier B,AWB9492620215,101514656079,2026-02-17,739,2026-02-19,Overdue,P1 - Urgent,[Remittance Due] AWB AWB9492620215 — COD ₹739 — Carrier B,"Dear Carrier B Finance Team,

The following COD shipment was delivered on 2026-02-17. Per the 2-day remittance SLA, payment of ₹739 is due by 2026-02-19 00:00:00.

AWB: AWB9492620215
Order ID: 101514656079
Delivery Date: 2026-02-17
Destination: Ludhiana
COD Amount: ₹739

Please confirm remittance status.

Regards,
Finance Ops — AI Logistics Control Tower",DERIVED (package_amount used as COD-amount proxy — see docs/data_assumptions.md)
Carrier A,AWB9862925697,110814947192,2026-02-17,1721,2026-02-19,Overdue,P1 - Urgent,"[Remittance Due] AWB AWB9862925697 — COD ₹1,721 — Carrier A","Dear Carrier A Finance Team,

The following COD shipment was delivered on 2026-02-17. Per the 2-day remittance SLA, payment of ₹1,721 is due by 2026-02-19 00:00:00.

AWB: AWB9862925697
Order ID: 110814947192
Delivery Date: 2026-02-17
Destination: Dehradun
COD Amount: ₹1,721

Please confirm remittance status.

Regards,
Finance Ops — AI Logistics Control Tower",DERIVED (package_amount used as COD-amount proxy — see docs/data_assumptions.md)
Carrier C,AWB4104730758,110914960012,2026-02-17,522,2026-02-19,Overdue,P1 - Urgent,[Remittance Due] AWB AWB4104730758 — COD ₹522 — Carrier C,"Dear Carrier C Finance Team,

The following COD shipment was delivered on 2026-02-17. Per the 2-day remittance SLA, payment of ₹522 is due by 2026-02-19 00:00:00.

AWB: AWB4104730758
Order ID: 110914960012
Delivery Date: 2026-02-17
Destination: Thane
COD Amount: ₹522

Please confirm remittance status.

Regards,
Finance Ops — AI Logistics Control Tower",DERIVED (package_amount used as COD-amount proxy — see docs/data_assumptions.md)
Carrier C,AWB7788643870,110814943404,2026-02-17,499,2026-02-19,Overdue,P1 - Urgent,[Remittance Due] AWB AWB7788643870 — COD ₹499 — Carrier C,"Dear Carrier C Finance Team,

The following COD shipment was delivered on 2026-02-17. Per the 2-day remittance SLA, payment of ₹499 is due by 2026-02-19 00:00:00.

AWB: AWB7788643870
Order ID: 110814943404
Delivery Date: 2026-02-17
Destination: Aurangabad
COD Amount: ₹499

Please confirm remittance status.

Regards,
Finance Ops — AI Logistics Control Tower",DERIVED (package_amount used as COD-amount proxy — see docs/data_assumptions.md)
Carrier C,AWB8102844928,102114740596,2026-02-17,899,2026-02-19,Overdue,P1 - Urgent,[Remittance Due] AWB AWB8102844928 — COD ₹899 — Carrier C,"Dear Carrier C Finance Team,

The following COD shipment was delivered on 2026-02-17. Per the 2-day remittance SLA, payment of ₹899 is due by 2026-02-19 00:00:00.

AWB: AWB8102844928
Order ID: 102114740596
Delivery Date: 2026-02-17
Destination: Satna
COD Amount: ₹899

Please confirm remittance status.

Regards,
Finance Ops — AI Logistics Control Tower",DERIVED (package_amount used as COD-amount proxy — see docs/data_assumptions.md)
Carrier D,AWB4018996488,102914823973,2026-02-17,719,2026-02-19,Overdue,P1 - Urgent,[Remittance Due] AWB AWB4018996488 — COD ₹719 — Carrier D,"Dear Carrier D Finance Team,

The following COD shipment was delivered on 2026-02-17. Per the 2-day remittance SLA, payment of ₹719 is due by 2026-02-19 00:00:00.

AWB: AWB4018996488
Order ID: 102914823973
Delivery Date: 2026-02-17
Destination: Palakkad
COD Amount: ₹719

Please confirm remittance status.

Regards,
Finance Ops — AI Logistics Control Tower",DERIVED (package_amount used as COD-amount proxy — see docs/data_assumptions.md)
Carrier B,AWB4134382899,110214866738,2026-02-17,1029,2026-02-19,Overdue,P1 - Urgent,"[Remittance Due] AWB AWB4134382899 — COD ₹1,029 — Carrier B","Dear Carrier B Finance Team,

The following COD shipment was delivered on 2026-02-17. Per the 2-day remittance SLA, payment of ₹1,029 is due by 2026-02-19 00:00:00.

AWB: AWB4134382899
Order ID: 110214866738
Delivery Date: 2026-02-17
Destination: Jaipur
COD Amount: ₹1,029

Please confirm remittance status.

Regards,
Finance Ops — AI Logistics Control Tower",DERIVED (package_amount used as COD-amount proxy — see docs/data_assumptions.md)
Carrier A,AWB3840141920,110814946806,2026-02-17,1322,2026-02-19,Overdue,P1 - Urgent,"[Remittance Due] AWB AWB3840141920 — COD ₹1,322 — Carrier A","Dear Carrier A Finance Team,

The following COD shipment was delivered on 2026-02-17. Per the 2-day remittance SLA, payment of ₹1,322 is due by 2026-02-19 00:00:00.

AWB: AWB3840141920
Order ID: 110814946806
Delivery Date: 2026-02-17
Destination: bangalore
COD Amount: ₹1,322

Please confirm remittance status.

Regards,
Finance Ops — AI Logistics Control Tower",DERIVED (package_amount used as COD-amount proxy — see docs/data_assumptions.md)
Carrier C,AWB1633661954,110914949881,2026-02-18,1429,2026-02-20,Overdue,P1 - Urgent,"[Remittance Due] AWB AWB1633661954 — COD ₹1,429 — Carrier C","Dear Carrier C Finance Team,

The following COD shipment was delivered on 2026-02-18. Per the 2-day remittance SLA, payment of ₹1,429 is due by 2026-02-20 00:00:00.

AWB: AWB1633661954
Order ID: 110914949881
Delivery Date: 2026-02-18
Destination: New Delhi
COD Amount: ₹1,429

Please confirm remittance status.

Regards,
Finance Ops — AI Logistics Control Tower",DERIVED (package_amount used as COD-amount proxy — see docs/data_assumptions.md)
Carrier B,AWB8576356249,110914957858,2026-02-18,2094,2026-02-20,Overdue,P1 - Urgent,"[Remittance Due] AWB AWB8576356249 — COD ₹2,094 — Carrier B","Dear Carrier B Finance Team,

The following COD shipment was delivered on 2026-02-18. Per the 2-day remittance SLA, payment of ₹2,094 is due by 2026-02-20 00:00:00.

AWB: AWB8576356249
Order ID: 110914957858
Delivery Date: 2026-02-18
Destination: Namakkal
COD Amount: ₹2,094

Please confirm remittance status.

Regards,
Finance Ops — AI Logistics Control Tower",DERIVED (package_amount used as COD-amount proxy — see docs/data_assumptions.md)
Carrier D,AWB8759393797,110614923127,2026-02-18,1025,2026-02-20,Overdue,P1 - Urgent,"[Remittance Due] AWB AWB8759393797 — COD ₹1,025 — Carrier D","Dear Carrier D Finance Team,

The following COD shipment was delivered on 2026-02-18. Per the 2-day remittance SLA, payment of ₹1,025 is due by 2026-02-20 00:00:00.

AWB: AWB8759393797
Order ID: 110614923127
Delivery Date: 2026-02-18
Destination: Sawai Madhopur
COD Amount: ₹1,025

Please confirm remittance status.

Regards,
Finance Ops — AI Logistics Control Tower",DERIVED (package_amount used as COD-amount proxy — see docs/data_assumptions.md)
Carrier B,AWB6718595482,110814948690,2026-02-18,299,2026-02-20,Overdue,P1 - Urgent,[Remittance Due] AWB AWB6718595482 — COD ₹299 — Carrier B,"Dear Carrier B Finance Team,

The following COD shipment was delivered on 2026-02-18. Per the 2-day remittance SLA, payment of ₹299 is due by 2026-02-20 00:00:00.

AWB: AWB6718595482
Order ID: 110814948690
Delivery Date: 2026-02-18
Destination: Mumbai
COD Amount: ₹299

Please confirm remittance status.

Regards,
Finance Ops — AI Logistics Control Tower",DERIVED (package_amount used as COD-amount proxy — see docs/data_assumptions.md)
Carrier B,AWB4815428592,110614915618,2026-02-18,1090,2026-02-20,Overdue,P1 - Urgent,"[Remittance Due] AWB AWB4815428592 — COD ₹1,090 — Carrier B","Dear Carrier B Finance Team,

The following COD shipment was delivered on 2026-02-18. Per the 2-day remittance SLA, payment of ₹1,090 is due by 2026-02-20 00:00:00.

AWB: AWB4815428592
Order ID: 110614915618
Delivery Date: 2026-02-18
Destination: K.V.Rangareddy
COD Amount: ₹1,090

Please confirm remittance status.

Regards,
Finance Ops — AI Logistics Control Tower",DERIVED (package_amount used as COD-amount proxy — see docs/data_assumptions.md)
Carrier B,AWB7160210651,110614923300,2026-02-18,244,2026-02-20,Overdue,P1 - Urgent,[Remittance Due] AWB AWB7160210651 — COD ₹244 — Carrier B,"Dear Carrier B Finance Team,

The following COD shipment was delivered on 2026-02-18. Per the 2-day remittance SLA, payment of ₹244 is due by 2026-02-20 00:00:00.

AWB: AWB7160210651
Order ID: 110614923300
Delivery Date: 2026-02-18
Destination: Surat
COD Amount: ₹244

Please confirm remittance status.

Regards,
Finance Ops — AI Logistics Control Tower",DERIVED (package_amount used as COD-amount proxy — see docs/data_assumptions.md)
Carrier D,AWB0153220678,110914953558,2026-02-18,1199,2026-02-20,Overdue,P1 - Urgent,"[Remittance Due] AWB AWB0153220678 — COD ₹1,199 — Carrier D","Dear Carrier D Finance Team,

The following COD shipment was delivered on 2026-02-18. Per the 2-day remittance SLA, payment of ₹1,199 is due by 2026-02-20 00:00:00.

AWB: AWB0153220678
Order ID: 110914953558
Delivery Date: 2026-02-18
Destination: Kota
COD Amount: ₹1,199

Please confirm remittance status.

Regards,
Finance Ops — AI Logistics Control Tower",DERIVED (package_amount used as COD-amount proxy — see docs/data_assumptions.md)
Carrier A,AWB6882249519,111014968918,2026-02-18,348,2026-02-20,Overdue,P1 - Urgent,[Remittance Due] AWB AWB6882249519 — COD ₹348 — Carrier A,"Dear Carrier A Finance Team,

The following COD shipment was delivered on 2026-02-18. Per the 2-day remittance SLA, payment of ₹348 is due by 2026-02-20 00:00:00.

AWB: AWB6882249519
Order ID: 111014968918
Delivery Date: 2026-02-18
Destination: North 24 Parganas
COD Amount: ₹348

Please confirm remittance status.

Regards,
Finance Ops — AI Logistics Control Tower",DERIVED (package_amount used as COD-amount proxy — see docs/data_assumptions.md)
Carrier D,AWB7019620802,111014967332,2026-02-18,689,2026-02-20,Overdue,P1 - Urgent,[Remittance Due] AWB AWB7019620802 — COD ₹689 — Carrier D,"Dear Carrier D Finance Team,

The following COD shipment was delivered on 2026-02-18. Per the 2-day remittance SLA, payment of ₹689 is due by 2026-02-20 00:00:00.

AWB: AWB7019620802
Order ID: 111014967332
Delivery Date: 2026-02-18
Destination: North Delhi
COD Amount: ₹689

Please confirm remittance status.

Regards,
Finance Ops — AI Logistics Control Tower",DERIVED (package_amount used as COD-amount proxy — see docs/data_assumptions.md)
Carrier D,AWB9250376273,110914958954,2026-02-18,2143,2026-02-20,Overdue,P1 - Urgent,"[Remittance Due] AWB AWB9250376273 — COD ₹2,143 — Carrier D","Dear Carrier D Finance Team,

The following COD shipment was delivered on 2026-02-18. Per the 2-day remittance SLA, payment of ₹2,143 is due by 2026-02-20 00:00:00.

AWB: AWB9250376273
Order ID: 110914958954
Delivery Date: 2026-02-18
Destination: Dakshina Kannada
COD Amount: ₹2,143

Please confirm remittance status.

Regards,
Finance Ops — AI Logistics Control Tower",DERIVED (package_amount used as COD-amount proxy — see docs/data_assumptions.md)
Carrier D,AWB8866351728,110214867017,2026-02-18,446,2026-02-20,Overdue,P1 - Urgent,[Remittance Due] AWB AWB8866351728 — COD ₹446 — Carrier D,"Dear Carrier D Finance Team,

The following COD shipment was delivered on 2026-02-18. Per the 2-day remittance SLA, payment of ₹446 is due by 2026-02-20 00:00:00.

AWB: AWB8866351728
Order ID: 110214867017
Delivery Date: 2026-02-18
Destination: Kamrup
COD Amount: ₹446

Please confirm remittance status.

Regards,
Finance Ops — AI Logistics Control Tower",DERIVED (package_amount used as COD-amount proxy — see docs/data_assumptions.md)
Carrier C,AWB0026793348,111014971609,2026-02-18,921,2026-02-20,Overdue,P1 - Urgent,[Remittance Due] AWB AWB0026793348 — COD ₹921 — Carrier C,"Dear Carrier C Finance Team,

The following COD shipment was delivered on 2026-02-18. Per the 2-day remittance SLA, payment of ₹921 is due by 2026-02-20 00:00:00.

AWB: AWB0026793348
Order ID: 111014971609
Delivery Date: 2026-02-18
Destination: Agra
COD Amount: ₹921

Please confirm remittance status.

Regards,
Finance Ops — AI Logistics Control Tower",DERIVED (package_amount used as COD-amount proxy — see docs/data_assumptions.md)
Carrier B,AWB1466360748,110314887021,2026-02-18,2197,2026-02-20,Overdue,P1 - Urgent,"[Remittance Due] AWB AWB1466360748 — COD ₹2,197 — Carrier B","Dear Carrier B Finance Team,

The following COD shipment was delivered on 2026-02-18. Per the 2-day remittance SLA, payment of ₹2,197 is due by 2026-02-20 00:00:00.

AWB: AWB1466360748
Order ID: 110314887021
Delivery Date: 2026-02-18
Destination: Kangra
COD Amount: ₹2,197

Please confirm remittance status.

Regards,
Finance Ops — AI Logistics Control Tower",DERIVED (package_amount used as COD-amount proxy — see docs/data_assumptions.md)
Carrier C,AWB9452366044,110814948523,2026-02-18,393,2026-02-20,Overdue,P1 - Urgent,[Remittance Due] AWB AWB9452366044 — COD ₹393 — Carrier C,"Dear Carrier C Finance Team,

The following COD shipment was delivered on 2026-02-18. Per the 2-day remittance SLA, payment of ₹393 is due by 2026-02-20 00:00:00.

AWB: AWB9452366044
Order ID: 110814948523
Delivery Date: 2026-02-18
Destination: Solan
COD Amount: ₹393

Please confirm remittance status.

Regards,
Finance Ops — AI Logistics Control Tower",DERIVED (package_amount used as COD-amount proxy — see docs/data_assumptions.md)
Carrier D,AWB2397924577,111014964651,2026-02-19,647,2026-02-21,Overdue,P1 - Urgent,[Remittance Due] AWB AWB2397924577 — COD ₹647 — Carrier D,"Dear Carrier D Finance Team,

The following COD shipment was delivered on 2026-02-19. Per the 2-day remittance SLA, payment of ₹647 is due by 2026-02-21 00:00:00.

AWB: AWB2397924577
Order ID: 111014964651
Delivery Date: 2026-02-19
Destination: Surat
COD Amount: ₹647

Please confirm remittance status.

Regards,
Finance Ops — AI Logistics Control Tower",DERIVED (package_amount used as COD-amount proxy — see docs/data_assumptions.md)
Carrier D,AWB0474373389,110214869789,2026-02-19,821,2026-02-21,Overdue,P1 - Urgent,[Remittance Due] AWB AWB0474373389 — COD ₹821 — Carrier D,"Dear Carrier D Finance Team,

The following COD shipment was delivered on 2026-02-19. Per the 2-day remittance SLA, payment of ₹821 is due by 2026-02-21 00:00:00.

AWB: AWB0474373389
Order ID: 110214869789
Delivery Date: 2026-02-19
Destination: Visakhapatnam
COD Amount: ₹821

Please confirm remittance status.

Regards,
Finance Ops — AI Logistics Control Tower",DERIVED (package_amount used as COD-amount proxy — see docs/data_assumptions.md)
Carrier B,AWB6692036883,110714935143,2026-02-19,885,2026-02-21,Overdue,P1 - Urgent,[Remittance Due] AWB AWB6692036883 — COD ₹885 — Carrier B,"Dear Carrier B Finance Team,

The following COD shipment was delivered on 2026-02-19. Per the 2-day remittance SLA, payment of ₹885 is due by 2026-02-21 00:00:00.

AWB: AWB6692036883
Order ID: 110714935143
Delivery Date: 2026-02-19
Destination: Mayurbhanj
COD Amount: ₹885

Please confirm remittance status.

Regards,
Finance Ops — AI Logistics Control Tower",DERIVED (package_amount used as COD-amount proxy — see docs/data_assumptions.md)
Carrier C,AWB9882174158,110314886560,2026-02-19,2143,2026-02-21,Overdue,P1 - Urgent,"[Remittance Due] AWB AWB9882174158 — COD ₹2,143 — Carrier C","Dear Carrier C Finance Team,

The following COD shipment was delivered on 2026-02-19. Per the 2-day remittance SLA, payment of ₹2,143 is due by 2026-02-21 00:00:00.

AWB: AWB9882174158
Order ID: 110314886560
Delivery Date: 2026-02-19
Destination: K.V.Rangareddy
COD Amount: ₹2,143

Please confirm remittance status.

Regards,
Finance Ops — AI Logistics Control Tower",DERIVED (package_amount used as COD-amount proxy — see docs/data_assumptions.md)
Carrier D,AWB6038038428,111114982053,2026-02-19,2705,2026-02-21,Overdue,P1 - Urgent,"[Remittance Due] AWB AWB6038038428 — COD ₹2,705 — Carrier D","Dear Carrier D Finance Team,

The following COD shipment was delivered on 2026-02-19. Per the 2-day remittance SLA, payment of ₹2,705 is due by 2026-02-21 00:00:00.

AWB: AWB6038038428
Order ID: 111114982053
Delivery Date: 2026-02-19
Destination: Raigarh(MH)
COD Amount: ₹2,705

Please confirm remittance status.

Regards,
Finance Ops — AI Logistics Control Tower",DERIVED (package_amount used as COD-amount proxy — see docs/data_assumptions.md)
Carrier C,AWB4904892055,110814942650,2026-02-19,894,2026-02-21,Overdue,P1 - Urgent,[Remittance Due] AWB AWB4904892055 — COD ₹894 — Carrier C,"Dear Carrier C Finance Team,

The following COD shipment was delivered on 2026-02-19. Per the 2-day remittance SLA, payment of ₹894 is due by 2026-02-21 00:00:00.

AWB: AWB4904892055
Order ID: 110814942650
Delivery Date: 2026-02-19
Destination: Hyderabad
COD Amount: ₹894

Please confirm remittance status.

Regards,
Finance Ops — AI Logistics Control Tower",DERIVED (package_amount used as COD-amount proxy — see docs/data_assumptions.md)
Carrier A,AWB6110364579,110414895679,2026-02-19,796,2026-02-21,Overdue,P1 - Urgent,[Remittance Due] AWB AWB6110364579 — COD ₹796 — Carrier A,"Dear Carrier A Finance Team,

The following COD shipment was delivered on 2026-02-19. Per the 2-day remittance SLA, payment of ₹796 is due by 2026-02-21 00:00:00.

AWB: AWB6110364579
Order ID: 110414895679
Delivery Date: 2026-02-19
Destination: Mumbai
COD Amount: ₹796

Please confirm remittance status.

Regards,
Finance Ops — AI Logistics Control Tower",DERIVED (package_amount used as COD-amount proxy — see docs/data_assumptions.md)
Carrier A,AWB1553033358,110614918233,2026-02-19,1399,2026-02-21,Overdue,P1 - Urgent,"[Remittance Due] AWB AWB1553033358 — COD ₹1,399 — Carrier A","Dear Carrier A Finance Team,

The following COD shipment was delivered on 2026-02-19. Per the 2-day remittance SLA, payment of ₹1,399 is due by 2026-02-21 00:00:00.

AWB: AWB1553033358
Order ID: 110614918233
Delivery Date: 2026-02-19
Destination: Chandigarh
COD Amount: ₹1,399

Please confirm remittance status.

Regards,
Finance Ops — AI Logistics Control Tower",DERIVED (package_amount used as COD-amount proxy — see docs/data_assumptions.md)
Carrier D,AWB4426423311,110814940306,2026-02-19,2299,2026-02-21,Overdue,P1 - Urgent,"[Remittance Due] AWB AWB4426423311 — COD ₹2,299 — Carrier D","Dear Carrier D Finance Team,

The following COD shipment was delivered on 2026-02-19. Per the 2-day remittance SLA, payment of ₹2,299 is due by 2026-02-21 00:00:00.

AWB: AWB4426423311
Order ID: 110814940306
Delivery Date: 2026-02-19
Destination: Hyderabad
COD Amount: ₹2,299

Please confirm remittance status.

Regards,
Finance Ops — AI Logistics Control Tower",DERIVED (package_amount used as COD-amount proxy — see docs/data_assumptions.md)
Carrier B,AWB4302933451,110914954302,2026-02-19,1090,2026-02-21,Overdue,P1 - Urgent,"[Remittance Due] AWB AWB4302933451 — COD ₹1,090 — Carrier B","Dear Carrier B Finance Team,

The following COD shipment was delivered on 2026-02-19. Per the 2-day remittance SLA, payment of ₹1,090 is due by 2026-02-21 00:00:00.

AWB: AWB4302933451
Order ID: 110914954302
Delivery Date: 2026-02-19
Destination: Bangalore
COD Amount: ₹1,090

Please confirm remittance status.

Regards,
Finance Ops — AI Logistics Control Tower",DERIVED (package_amount used as COD-amount proxy — see docs/data_assumptions.md)
Carrier C,AWB4443369618,110814940132,2026-02-19,793,2026-02-21,Overdue,P1 - Urgent,[Remittance Due] AWB AWB4443369618 — COD ₹793 — Carrier C,"Dear Carrier C Finance Team,

The following COD shipment was delivered on 2026-02-19. Per the 2-day remittance SLA, payment of ₹793 is due by 2026-02-21 00:00:00.

AWB: AWB4443369618
Order ID: 110814940132
Delivery Date: 2026-02-19
Destination: Pune
COD Amount: ₹793

Please confirm remittance status.

Regards,
Finance Ops — AI Logistics Control Tower",DERIVED (package_amount used as COD-amount proxy — see docs/data_assumptions.md)
Carrier A,AWB2865983430,111014964224,2026-02-19,1349,2026-02-21,Overdue,P1 - Urgent,"[Remittance Due] AWB AWB2865983430 — COD ₹1,349 — Carrier A","Dear Carrier A Finance Team,

The following COD shipment was delivered on 2026-02-19. Per the 2-day remittance SLA, payment of ₹1,349 is due by 2026-02-21 00:00:00.

AWB: AWB2865983430
Order ID: 111014964224
Delivery Date: 2026-02-19
Destination: Bangalore
COD Amount: ₹1,349

Please confirm remittance status.

Regards,
Finance Ops — AI Logistics Control Tower",DERIVED (package_amount used as COD-amount proxy — see docs/data_assumptions.md)
Carrier B,AWB5651665591,110314887020,2026-02-19,779,2026-02-21,Overdue,P1 - Urgent,[Remittance Due] AWB AWB5651665591 — COD ₹779 — Carrier B,"Dear Carrier B Finance Team,

The following COD shipment was delivered on 2026-02-19. Per the 2-day remittance SLA, payment of ₹779 is due by 2026-02-21 00:00:00.

AWB: AWB5651665591
Order ID: 110314887020
Delivery Date: 2026-02-19
Destination: Kangra
COD Amount: ₹779

Please confirm remittance status.

Regards,
Finance Ops — AI Logistics Control Tower",DERIVED (package_amount used as COD-amount proxy — see docs/data_assumptions.md)
Carrier A,AWB9036703551,110614923124,2026-02-19,690,2026-02-21,Overdue,P1 - Urgent,[Remittance Due] AWB AWB9036703551 — COD ₹690 — Carrier A,"Dear Carrier A Finance Team,

The following COD shipment was delivered on 2026-02-19. Per the 2-day remittance SLA, payment of ₹690 is due by 2026-02-21 00:00:00.

AWB: AWB9036703551
Order ID: 110614923124
Delivery Date: 2026-02-19
Destination: Meerut
COD Amount: ₹690

Please confirm remittance status.

Regards,
Finance Ops — AI Logistics Control Tower",DERIVED (package_amount used as COD-amount proxy — see docs/data_assumptions.md)
Carrier C,AWB6018326016,102614794994,2026-02-19,1699,2026-02-21,Overdue,P1 - Urgent,"[Remittance Due] AWB AWB6018326016 — COD ₹1,699 — Carrier C","Dear Carrier C Finance Team,

The following COD shipment was delivered on 2026-02-19. Per the 2-day remittance SLA, payment of ₹1,699 is due by 2026-02-21 00:00:00.

AWB: AWB6018326016
Order ID: 102614794994
Delivery Date: 2026-02-19
Destination: West Delhi
COD Amount: ₹1,699

Please confirm remittance status.

Regards,
Finance Ops — AI Logistics Control Tower",DERIVED (package_amount used as COD-amount proxy — see docs/data_assumptions.md)
Carrier D,AWB2455509856,110914960701,2026-02-19,560,2026-02-21,Overdue,P1 - Urgent,[Remittance Due] AWB AWB2455509856 — COD ₹560 — Carrier D,"Dear Carrier D Finance Team,

The following COD shipment was delivered on 2026-02-19. Per the 2-day remittance SLA, payment of ₹560 is due by 2026-02-21 00:00:00.

AWB: AWB2455509856
Order ID: 110914960701
Delivery Date: 2026-02-19
Destination: West Godavari
COD Amount: ₹560

Please confirm remittance status.

Regards,
Finance Ops — AI Logistics Control Tower",DERIVED (package_amount used as COD-amount proxy — see docs/data_assumptions.md)
Carrier D,AWB2806715469,111014966332,2026-02-19,499,2026-02-21,Overdue,P1 - Urgent,[Remittance Due] AWB AWB2806715469 — COD ₹499 — Carrier D,"Dear Carrier D Finance Team,

The following COD shipment was delivered on 2026-02-19. Per the 2-day remittance SLA, payment of ₹499 is due by 2026-02-21 00:00:00.

AWB: AWB2806715469
Order ID: 111014966332
Delivery Date: 2026-02-19
Destination: Central Delhi
COD Amount: ₹499

Please confirm remittance status.

Regards,
Finance Ops — AI Logistics Control Tower",DERIVED (package_amount used as COD-amount proxy — see docs/data_assumptions.md)
Carrier B,AWB4157806842,102514790654,2026-02-19,349,2026-02-21,Overdue,P1 - Urgent,[Remittance Due] AWB AWB4157806842 — COD ₹349 — Carrier B,"Dear Carrier B Finance Team,

The following COD shipment was delivered on 2026-02-19. Per the 2-day remittance SLA, payment of ₹349 is due by 2026-02-21 00:00:00.

AWB: AWB4157806842
Order ID: 102514790654
Delivery Date: 2026-02-19
Destination: mumbai
COD Amount: ₹349

Please confirm remittance status.

Regards,
Finance Ops — AI Logistics Control Tower",DERIVED (package_amount used as COD-amount proxy — see docs/data_assumptions.md)
Carrier C,AWB7936739928,103014831369,2026-02-19,796,2026-02-21,Overdue,P1 - Urgent,[Remittance Due] AWB AWB7936739928 — COD ₹796 — Carrier C,"Dear Carrier C Finance Team,

The following COD shipment was delivered on 2026-02-19. Per the 2-day remittance SLA, payment of ₹796 is due by 2026-02-21 00:00:00.

AWB: AWB7936739928
Order ID: 103014831369
Delivery Date: 2026-02-19
Destination: Chennai
COD Amount: ₹796

Please confirm remittance status.

Regards,
Finance Ops — AI Logistics Control Tower",DERIVED (package_amount used as COD-amount proxy — see docs/data_assumptions.md)
Carrier D,AWB2096298570,111114974880,2026-02-19,1514,2026-02-21,Overdue,P1 - Urgent,"[Remittance Due] AWB AWB2096298570 — COD ₹1,514 — Carrier D","Dear Carrier D Finance Team,

The following COD shipment was delivered on 2026-02-19. Per the 2-day remittance SLA, payment of ₹1,514 is due by 2026-02-21 00:00:00.

AWB: AWB2096298570
Order ID: 111114974880
Delivery Date: 2026-02-19
Destination: Pune
COD Amount: ₹1,514

Please confirm remittance status.

Regards,
Finance Ops — AI Logistics Control Tower",DERIVED (package_amount used as COD-amount proxy — see docs/data_assumptions.md)
Carrier D,AWB4863634710,110714929797,2026-02-19,613,2026-02-21,Overdue,P1 - Urgent,[Remittance Due] AWB AWB4863634710 — COD ₹613 — Carrier D,"Dear Carrier D Finance Team,

The following COD shipment was delivered on 2026-02-19. Per the 2-day remittance SLA, payment of ₹613 is due by 2026-02-21 00:00:00.

AWB: AWB4863634710
Order ID: 110714929797
Delivery Date: 2026-02-19
Destination: Kangra
COD Amount: ₹613

Please confirm remittance status.

Regards,
Finance Ops — AI Logistics Control Tower",DERIVED (package_amount used as COD-amount proxy — see docs/data_assumptions.md)
Carrier B,AWB3763309268,110814945820,2026-02-19,1500,2026-02-21,Overdue,P1 - Urgent,"[Remittance Due] AWB AWB3763309268 — COD ₹1,500 — Carrier B","Dear Carrier B Finance Team,

The following COD shipment was delivered on 2026-02-19. Per the 2-day remittance SLA, payment of ₹1,500 is due by 2026-02-21 00:00:00.

AWB: AWB3763309268
Order ID: 110814945820
Delivery Date: 2026-02-19
Destination: Panipat
COD Amount: ₹1,500

Please confirm remittance status.

Regards,
Finance Ops — AI Logistics Control Tower",DERIVED (package_amount used as COD-amount proxy — see docs/data_assumptions.md)
Carrier C,AWB2858105061,110714930214,2026-02-19,3421,2026-02-21,Overdue,P1 - Urgent,"[Remittance Due] AWB AWB2858105061 — COD ₹3,421 — Carrier C","Dear Carrier C Finance Team,

The following COD shipment was delivered on 2026-02-19. Per the 2-day remittance SLA, payment of ₹3,421 is due by 2026-02-21 00:00:00.

AWB: AWB2858105061
Order ID: 110714930214
Delivery Date: 2026-02-19
Destination: Gurdaspur
COD Amount: ₹3,421

Please confirm remittance status.

Regards,
Finance Ops — AI Logistics Control Tower",DERIVED (package_amount used as COD-amount proxy — see docs/data_assumptions.md)
Carrier A,AWB9842237293,102014730185,2026-02-19,569,2026-02-21,Overdue,P1 - Urgent,[Remittance Due] AWB AWB9842237293 — COD ₹569 — Carrier A,"Dear Carrier A Finance Team,

The following COD shipment was delivered on 2026-02-19. Per the 2-day remittance SLA, payment of ₹569 is due by 2026-02-21 00:00:00.

AWB: AWB9842237293
Order ID: 102014730185
Delivery Date: 2026-02-19
Destination: Gautam Buddha Nagar
COD Amount: ₹569

Please confirm remittance status.

Regards,
Finance Ops — AI Logistics Control Tower",DERIVED (package_amount used as COD-amount proxy — see docs/data_assumptions.md)
Carrier D,AWB7285317930,110314885980,2026-02-19,1101,2026-02-21,Overdue,P1 - Urgent,"[Remittance Due] AWB AWB7285317930 — COD ₹1,101 — Carrier D","Dear Carrier D Finance Team,

The following COD shipment was delivered on 2026-02-19. Per the 2-day remittance SLA, payment of ₹1,101 is due by 2026-02-21 00:00:00.

AWB: AWB7285317930
Order ID: 110314885980
Delivery Date: 2026-02-19
Destination: Gautam Buddha Nagar
COD Amount: ₹1,101

Please confirm remittance status.

Regards,
Finance Ops — AI Logistics Control Tower",DERIVED (package_amount used as COD-amount proxy — see docs/data_assumptions.md)
Carrier D,AWB0940551416,110814947111,2026-02-20,751,2026-02-22,Overdue,P1 - Urgent,[Remittance Due] AWB AWB0940551416 — COD ₹751 — Carrier D,"Dear Carrier D Finance Team,

The following COD shipment was delivered on 2026-02-20. Per the 2-day remittance SLA, payment of ₹751 is due by 2026-02-22 00:00:00.

AWB: AWB0940551416
Order ID: 110814947111
Delivery Date: 2026-02-20
Destination: Lucknow
COD Amount: ₹751

Please confirm remittance status.

Regards,
Finance Ops — AI Logistics Control Tower",DERIVED (package_amount used as COD-amount proxy — see docs/data_assumptions.md)
Carrier A,AWB8963123319,111014971453,2026-02-20,899,2026-02-22,Overdue,P1 - Urgent,[Remittance Due] AWB AWB8963123319 — COD ₹899 — Carrier A,"Dear Carrier A Finance Team,

The following COD shipment was delivered on 2026-02-20. Per the 2-day remittance SLA, payment of ₹899 is due by 2026-02-22 00:00:00.

AWB: AWB8963123319
Order ID: 111014971453
Delivery Date: 2026-02-20
Destination: Mumbai
COD Amount: ₹899

Please confirm remittance status.

Regards,
Finance Ops — AI Logistics Control Tower",DERIVED (package_amount used as COD-amount proxy — see docs/data_assumptions.md)
Carrier B,AWB7556314106,111014971839,2026-02-20,999,2026-02-22,Overdue,P1 - Urgent,[Remittance Due] AWB AWB7556314106 — COD ₹999 — Carrier B,"Dear Carrier B Finance Team,

The following COD shipment was delivered on 2026-02-20. Per the 2-day remittance SLA, payment of ₹999 is due by 2026-02-22 00:00:00.

AWB: AWB7556314106
Order ID: 111014971839
Delivery Date: 2026-02-20
Destination: Raigarh(MH)
COD Amount: ₹999

Please confirm remittance status.

Regards,
Finance Ops — AI Logistics Control Tower",DERIVED (package_amount used as COD-amount proxy — see docs/data_assumptions.md)
Carrier D,AWB8746037440,110614915122,2026-02-20,960,2026-02-22,Overdue,P1 - Urgent,[Remittance Due] AWB AWB8746037440 — COD ₹960 — Carrier D,"Dear Carrier D Finance Team,

The following COD shipment was delivered on 2026-02-20. Per the 2-day remittance SLA, payment of ₹960 is due by 2026-02-22 00:00:00.

AWB: AWB8746037440
Order ID: 110614915122
Delivery Date: 2026-02-20
Destination: K.V.Rangareddy
COD Amount: ₹960

Please confirm remittance status.

Regards,
Finance Ops — AI Logistics Control Tower",DERIVED (package_amount used as COD-amount proxy — see docs/data_assumptions.md)
Carrier A,AWB4296013971,111014970756,2026-02-20,689,2026-02-22,Overdue,P1 - Urgent,[Remittance Due] AWB AWB4296013971 — COD ₹689 — Carrier A,"Dear Carrier A Finance Team,

The following COD shipment was delivered on 2026-02-20. Per the 2-day remittance SLA, payment of ₹689 is due by 2026-02-22 00:00:00.

AWB: AWB4296013971
Order ID: 111014970756
Delivery Date: 2026-02-20
Destination: Bangalore
COD Amount: ₹689

Please confirm remittance status.

Regards,
Finance Ops — AI Logistics Control Tower",DERIVED (package_amount used as COD-amount proxy — see docs/data_assumptions.md)
Carrier B,AWB2523934803,110714934910,2026-02-20,1029,2026-02-22,Overdue,P1 - Urgent,"[Remittance Due] AWB AWB2523934803 — COD ₹1,029 — Carrier B","Dear Carrier B Finance Team,

The following COD shipment was delivered on 2026-02-20. Per the 2-day remittance SLA, payment of ₹1,029 is due by 2026-02-22 00:00:00.

AWB: AWB2523934803
Order ID: 110714934910
Delivery Date: 2026-02-20
Destination: Dhanbad
COD Amount: ₹1,029

Please confirm remittance status.

Regards,
Finance Ops — AI Logistics Control Tower",DERIVED (package_amount used as COD-amount proxy — see docs/data_assumptions.md)
Carrier C,AWB3576253636,111014963901,2026-02-20,3063,2026-02-22,Overdue,P1 - Urgent,"[Remittance Due] AWB AWB3576253636 — COD ₹3,063 — Carrier C","Dear Carrier C Finance Team,

The following COD shipment was delivered on 2026-02-20. Per the 2-day remittance SLA, payment of ₹3,063 is due by 2026-02-22 00:00:00.

AWB: AWB3576253636
Order ID: 111014963901
Delivery Date: 2026-02-20
Destination: Madurai
COD Amount: ₹3,063

Please confirm remittance status.

Regards,
Finance Ops — AI Logistics Control Tower",DERIVED (package_amount used as COD-amount proxy — see docs/data_assumptions.md)
Carrier C,AWB2007678461,110714930239,2026-02-20,1043,2026-02-22,Overdue,P1 - Urgent,"[Remittance Due] AWB AWB2007678461 — COD ₹1,043 — Carrier C","Dear Carrier C Finance Team,

The following COD shipment was delivered on 2026-02-20. Per the 2-day remittance SLA, payment of ₹1,043 is due by 2026-02-22 00:00:00.

AWB: AWB2007678461
Order ID: 110714930239
Delivery Date: 2026-02-20
Destination: Sundergarh
COD Amount: ₹1,043

Please confirm remittance status.

Regards,
Finance Ops — AI Logistics Control Tower",DERIVED (package_amount used as COD-amount proxy — see docs/data_assumptions.md)
Carrier A,AWB1821071255,110614914439,2026-02-20,635,2026-02-22,Overdue,P1 - Urgent,[Remittance Due] AWB AWB1821071255 — COD ₹635 — Carrier A,"Dear Carrier A Finance Team,

The following COD shipment was delivered on 2026-02-20. Per the 2-day remittance SLA, payment of ₹635 is due by 2026-02-22 00:00:00.

AWB: AWB1821071255
Order ID: 110614914439
Delivery Date: 2026-02-20
Destination: West Delhi
COD Amount: ₹635

Please confirm remittance status.

Regards,
Finance Ops — AI Logistics Control Tower",DERIVED (package_amount used as COD-amount proxy — see docs/data_assumptions.md)
Carrier B,AWB9094258647,110814942954,2026-02-20,680,2026-02-22,Overdue,P1 - Urgent,[Remittance Due] AWB AWB9094258647 — COD ₹680 — Carrier B,"Dear Carrier B Finance Team,

The following COD shipment was delivered on 2026-02-20. Per the 2-day remittance SLA, payment of ₹680 is due by 2026-02-22 00:00:00.

AWB: AWB9094258647
Order ID: 110814942954
Delivery Date: 2026-02-20
Destination: Chennai
COD Amount: ₹680

Please confirm remittance status.

Regards,
Finance Ops — AI Logistics Control Tower",DERIVED (package_amount used as COD-amount proxy — see docs/data_assumptions.md)
Carrier A,AWB5673591105,110814940130,2026-02-20,999,2026-02-22,Overdue,P1 - Urgent,[Remittance Due] AWB AWB5673591105 — COD ₹999 — Carrier A,"Dear Carrier A Finance Team,

The following COD shipment was delivered on 2026-02-20. Per the 2-day remittance SLA, payment of ₹999 is due by 2026-02-22 00:00:00.

AWB: AWB5673591105
Order ID: 110814940130
Delivery Date: 2026-02-20
Destination: Jaipur
COD Amount: ₹999

Please confirm remittance status.

Regards,
Finance Ops — AI Logistics Control Tower",DERIVED (package_amount used as COD-amount proxy — see docs/data_assumptions.md)
Carrier A,AWB4366657993,111114973298,2026-02-20,299,2026-02-22,Overdue,P1 - Urgent,[Remittance Due] AWB AWB4366657993 — COD ₹299 — Carrier A,"Dear Carrier A Finance Team,

The following COD shipment was delivered on 2026-02-20. Per the 2-day remittance SLA, payment of ₹299 is due by 2026-02-22 00:00:00.

AWB: AWB4366657993
Order ID: 111114973298
Delivery Date: 2026-02-20
Destination: Bangalore
COD Amount: ₹299

Please confirm remittance status.

Regards,
Finance Ops — AI Logistics Control Tower",DERIVED (package_amount used as COD-amount proxy — see docs/data_assumptions.md)
Carrier C,AWB1408888104,110414893418,2026-02-20,1522,2026-02-22,Overdue,P1 - Urgent,"[Remittance Due] AWB AWB1408888104 — COD ₹1,522 — Carrier C","Dear Carrier C Finance Team,

The following COD shipment was delivered on 2026-02-20. Per the 2-day remittance SLA, payment of ₹1,522 is due by 2026-02-22 00:00:00.

AWB: AWB1408888104
Order ID: 110414893418
Delivery Date: 2026-02-20
Destination: Ghaziabad
COD Amount: ₹1,522

Please confirm remittance status.

Regards,
Finance Ops — AI Logistics Control Tower",DERIVED (package_amount used as COD-amount proxy — see docs/data_assumptions.md)
Carrier D,AWB8377339203,110814941664,2026-02-20,939,2026-02-22,Overdue,P1 - Urgent,[Remittance Due] AWB AWB8377339203 — COD ₹939 — Carrier D,"Dear Carrier D Finance Team,

The following COD shipment was delivered on 2026-02-20. Per the 2-day remittance SLA, payment of ₹939 is due by 2026-02-22 00:00:00.

AWB: AWB8377339203
Order ID: 110814941664
Delivery Date: 2026-02-20
Destination: New Delhi
COD Amount: ₹939

Please confirm remittance status.

Regards,
Finance Ops — AI Logistics Control Tower",DERIVED (package_amount used as COD-amount proxy — see docs/data_assumptions.md)
Carrier D,AWB6727202735,110314879035,2026-02-21,505,2026-02-23,Overdue,P1 - Urgent,[Remittance Due] AWB AWB6727202735 — COD ₹505 — Carrier D,"Dear Carrier D Finance Team,

The following COD shipment was delivered on 2026-02-21. Per the 2-day remittance SLA, payment of ₹505 is due by 2026-02-23 00:00:00.

AWB: AWB6727202735
Order ID: 110314879035
Delivery Date: 2026-02-21
Destination: East Singhbhum
COD Amount: ₹505

Please confirm remittance status.

Regards,
Finance Ops — AI Logistics Control Tower",DERIVED (package_amount used as COD-amount proxy — see docs/data_assumptions.md)
Carrier A,AWB0192717303,110614914953,2026-02-21,507,2026-02-23,Overdue,P1 - Urgent,[Remittance Due] AWB AWB0192717303 — COD ₹507 — Carrier A,"Dear Carrier A Finance Team,

The following COD shipment was delivered on 2026-02-21. Per the 2-day remittance SLA, payment of ₹507 is due by 2026-02-23 00:00:00.

AWB: AWB0192717303
Order ID: 110614914953
Delivery Date: 2026-02-21
Destination: Sirsa
COD Amount: ₹507

Please confirm remittance status.

Regards,
Finance Ops — AI Logistics Control Tower",DERIVED (package_amount used as COD-amount proxy — see docs/data_assumptions.md)
Carrier B,AWB7638098763,111014966175,2026-02-21,599,2026-02-23,Overdue,P1 - Urgent,[Remittance Due] AWB AWB7638098763 — COD ₹599 — Carrier B,"Dear Carrier B Finance Team,

The following COD shipment was delivered on 2026-02-21. Per the 2-day remittance SLA, payment of ₹599 is due by 2026-02-23 00:00:00.

AWB: AWB7638098763
Order ID: 111014966175
Delivery Date: 2026-02-21
Destination: Kolkata
COD Amount: ₹599

Please confirm remittance status.

Regards,
Finance Ops — AI Logistics Control Tower",DERIVED (package_amount used as COD-amount proxy — see docs/data_assumptions.md)
Carrier C,AWB9940594936,110814946259,2026-02-21,345,2026-02-23,Overdue,P1 - Urgent,[Remittance Due] AWB AWB9940594936 — COD ₹345 — Carrier C,"Dear Carrier C Finance Team,

The following COD shipment was delivered on 2026-02-21. Per the 2-day remittance SLA, payment of ₹345 is due by 2026-02-23 00:00:00.

AWB: AWB9940594936
Order ID: 110814946259
Delivery Date: 2026-02-21
Destination: K.V.Rangareddy
COD Amount: ₹345

Please confirm remittance status.

Regards,
Finance Ops — AI Logistics Control Tower",DERIVED (package_amount used as COD-amount proxy — see docs/data_assumptions.md)
Carrier B,AWB1369538756,110914955062,2026-02-21,1061,2026-02-23,Overdue,P1 - Urgent,"[Remittance Due] AWB AWB1369538756 — COD ₹1,061 — Carrier B","Dear Carrier B Finance Team,

The following COD shipment was delivered on 2026-02-21. Per the 2-day remittance SLA, payment of ₹1,061 is due by 2026-02-23 00:00:00.

AWB: AWB1369538756
Order ID: 110914955062
Delivery Date: 2026-02-21
Destination: Ghaziabad
COD Amount: ₹1,061

Please confirm remittance status.

Regards,
Finance Ops — AI Logistics Control Tower",DERIVED (package_amount used as COD-amount proxy — see docs/data_assumptions.md)
Carrier D,AWB9609816574,110814948122,2026-02-21,2060,2026-02-23,Overdue,P1 - Urgent,"[Remittance Due] AWB AWB9609816574 — COD ₹2,060 — Carrier D","Dear Carrier D Finance Team,

The following COD shipment was delivered on 2026-02-21. Per the 2-day remittance SLA, payment of ₹2,060 is due by 2026-02-23 00:00:00.

AWB: AWB9609816574
Order ID: 110814948122
Delivery Date: 2026-02-21
Destination: South West Delhi
COD Amount: ₹2,060

Please confirm remittance status.

Regards,
Finance Ops — AI Logistics Control Tower",DERIVED (package_amount used as COD-amount proxy — see docs/data_assumptions.md)
Carrier B,AWB4991235191,110814948368,2026-02-21,811,2026-02-23,Overdue,P1 - Urgent,[Remittance Due] AWB AWB4991235191 — COD ₹811 — Carrier B,"Dear Carrier B Finance Team,

The following COD shipment was delivered on 2026-02-21. Per the 2-day remittance SLA, payment of ₹811 is due by 2026-02-23 00:00:00.

AWB: AWB4991235191
Order ID: 110814948368
Delivery Date: 2026-02-21
Destination: Hyderabad
COD Amount: ₹811

Please confirm remittance status.

Regards,
Finance Ops — AI Logistics Control Tower",DERIVED (package_amount used as COD-amount proxy — see docs/data_assumptions.md)
Carrier C,AWB5495361098,111014964019,2026-02-21,299,2026-02-23,Overdue,P1 - Urgent,[Remittance Due] AWB AWB5495361098 — COD ₹299 — Carrier C,"Dear Carrier C Finance Team,

The following COD shipment was delivered on 2026-02-21. Per the 2-day remittance SLA, payment of ₹299 is due by 2026-02-23 00:00:00.

AWB: AWB5495361098
Order ID: 111014964019
Delivery Date: 2026-02-21
Destination: West Delhi
COD Amount: ₹299

Please confirm remittance status.

Regards,
Finance Ops — AI Logistics Control Tower",DERIVED (package_amount used as COD-amount proxy — see docs/data_assumptions.md)
Carrier A,AWB0359115175,103114840800,2026-02-21,999,2026-02-23,Overdue,P1 - Urgent,[Remittance Due] AWB AWB0359115175 — COD ₹999 — Carrier A,"Dear Carrier A Finance Team,

The following COD shipment was delivered on 2026-02-21. Per the 2-day remittance SLA, payment of ₹999 is due by 2026-02-23 00:00:00.

AWB: AWB0359115175
Order ID: 103114840800
Delivery Date: 2026-02-21
Destination: Mumbai
COD Amount: ₹999

Please confirm remittance status.

Regards,
Finance Ops — AI Logistics Control Tower",DERIVED (package_amount used as COD-amount proxy — see docs/data_assumptions.md)
Carrier D,AWB0584795460,102014730112,2026-02-21,539,2026-02-23,Overdue,P1 - Urgent,[Remittance Due] AWB AWB0584795460 — COD ₹539 — Carrier D,"Dear Carrier D Finance Team,

The following COD shipment was delivered on 2026-02-21. Per the 2-day remittance SLA, payment of ₹539 is due by 2026-02-23 00:00:00.

AWB: AWB0584795460
Order ID: 102014730112
Delivery Date: 2026-02-21
Destination: Mumbai
COD Amount: ₹539

Please confirm remittance status.

Regards,
Finance Ops — AI Logistics Control Tower",DERIVED (package_amount used as COD-amount proxy — see docs/data_assumptions.md)
Carrier C,AWB0045144086,110514907766,2026-02-21,1019,2026-02-23,Overdue,P1 - Urgent,"[Remittance Due] AWB AWB0045144086 — COD ₹1,019 — Carrier C","Dear Carrier C Finance Team,

The following COD shipment was delivered on 2026-02-21. Per the 2-day remittance SLA, payment of ₹1,019 is due by 2026-02-23 00:00:00.

AWB: AWB0045144086
Order ID: 110514907766
Delivery Date: 2026-02-21
Destination: Bangalore
COD Amount: ₹1,019

Please confirm remittance status.

Regards,
Finance Ops — AI Logistics Control Tower",DERIVED (package_amount used as COD-amount proxy — see docs/data_assumptions.md)
Carrier A,AWB7419941074,110714929590,2026-02-21,819,2026-02-23,Overdue,P1 - Urgent,[Remittance Due] AWB AWB7419941074 — COD ₹819 — Carrier A,"Dear Carrier A Finance Team,

The following COD shipment was delivered on 2026-02-21. Per the 2-day remittance SLA, payment of ₹819 is due by 2026-02-23 00:00:00.

AWB: AWB7419941074
Order ID: 110714929590
Delivery Date: 2026-02-21
Destination: Mumbai
COD Amount: ₹819

Please confirm remittance status.

Regards,
Finance Ops — AI Logistics Control Tower",DERIVED (package_amount used as COD-amount proxy — see docs/data_assumptions.md)
Carrier D,AWB6920301357,110914952678,2026-02-21,2022,2026-02-23,Overdue,P1 - Urgent,"[Remittance Due] AWB AWB6920301357 — COD ₹2,022 — Carrier D","Dear Carrier D Finance Team,

The following COD shipment was delivered on 2026-02-21. Per the 2-day remittance SLA, payment of ₹2,022 is due by 2026-02-23 00:00:00.

AWB: AWB6920301357
Order ID: 110914952678
Delivery Date: 2026-02-21
Destination: Lucknow
COD Amount: ₹2,022

Please confirm remittance status.

Regards,
Finance Ops — AI Logistics Control Tower",DERIVED (package_amount used as COD-amount proxy — see docs/data_assumptions.md)
Carrier C,AWB9400161561,111014966392,2026-02-21,744,2026-02-23,Overdue,P1 - Urgent,[Remittance Due] AWB AWB9400161561 — COD ₹744 — Carrier C,"Dear Carrier C Finance Team,

The following COD shipment was delivered on 2026-02-21. Per the 2-day remittance SLA, payment of ₹744 is due by 2026-02-23 00:00:00.

AWB: AWB9400161561
Order ID: 111014966392
Delivery Date: 2026-02-21
Destination: Jamnagar
COD Amount: ₹744

Please confirm remittance status.

Regards,
Finance Ops — AI Logistics Control Tower",DERIVED (package_amount used as COD-amount proxy — see docs/data_assumptions.md)
Carrier B,AWB8831344119,110914956530,2026-02-21,2158,2026-02-23,Overdue,P1 - Urgent,"[Remittance Due] AWB AWB8831344119 — COD ₹2,158 — Carrier B","Dear Carrier B Finance Team,

The following COD shipment was delivered on 2026-02-21. Per the 2-day remittance SLA, payment of ₹2,158 is due by 2026-02-23 00:00:00.

AWB: AWB8831344119
Order ID: 110914956530
Delivery Date: 2026-02-21
Destination: South West Delhi
COD Amount: ₹2,158

Please confirm remittance status.

Regards,
Finance Ops — AI Logistics Control Tower",DERIVED (package_amount used as COD-amount proxy — see docs/data_assumptions.md)
Carrier D,AWB3755643986,110114853302,2026-02-21,828,2026-02-23,Overdue,P1 - Urgent,[Remittance Due] AWB AWB3755643986 — COD ₹828 — Carrier D,"Dear Carrier D Finance Team,

The following COD shipment was delivered on 2026-02-21. Per the 2-day remittance SLA, payment of ₹828 is due by 2026-02-23 00:00:00.

AWB: AWB3755643986
Order ID: 110114853302
Delivery Date: 2026-02-21
Destination: Mohali
COD Amount: ₹828

Please confirm remittance status.

Regards,
Finance Ops — AI Logistics Control Tower",DERIVED (package_amount used as COD-amount proxy — see docs/data_assumptions.md)
Carrier A,AWB2750121341,102514788377,2026-02-21,539,2026-02-23,Overdue,P1 - Urgent,[Remittance Due] AWB AWB2750121341 — COD ₹539 — Carrier A,"Dear Carrier A Finance Team,

The following COD shipment was delivered on 2026-02-21. Per the 2-day remittance SLA, payment of ₹539 is due by 2026-02-23 00:00:00.

AWB: AWB2750121341
Order ID: 102514788377
Delivery Date: 2026-02-21
Destination: Bangalore
COD Amount: ₹539

Please confirm remittance status.

Regards,
Finance Ops — AI Logistics Control Tower",DERIVED (package_amount used as COD-amount proxy — see docs/data_assumptions.md)
Carrier D,AWB2045013555,110914952479,2026-02-21,533,2026-02-23,Overdue,P1 - Urgent,[Remittance Due] AWB AWB2045013555 — COD ₹533 — Carrier D,"Dear Carrier D Finance Team,

The following COD shipment was delivered on 2026-02-21. Per the 2-day remittance SLA, payment of ₹533 is due by 2026-02-23 00:00:00.

AWB: AWB2045013555
Order ID: 110914952479
Delivery Date: 2026-02-21
Destination: Chennai
COD Amount: ₹533

Please confirm remittance status.

Regards,
Finance Ops — AI Logistics Control Tower",DERIVED (package_amount used as COD-amount proxy — see docs/data_assumptions.md)
Carrier D,AWB8206934491,110414897316,2026-02-22,211,2026-02-24,Overdue,P1 - Urgent,[Remittance Due] AWB AWB8206934491 — COD ₹211 — Carrier D,"Dear Carrier D Finance Team,

The following COD shipment was delivered on 2026-02-22. Per the 2-day remittance SLA, payment of ₹211 is due by 2026-02-24 00:00:00.

AWB: AWB8206934491
Order ID: 110414897316
Delivery Date: 2026-02-22
Destination: Prakasam
COD Amount: ₹211

Please confirm remittance status.

Regards,
Finance Ops — AI Logistics Control Tower",DERIVED (package_amount used as COD-amount proxy — see docs/data_assumptions.md)
Carrier A,AWB3342128896,101614673547,2026-02-22,869,2026-02-24,Overdue,P1 - Urgent,[Remittance Due] AWB AWB3342128896 — COD ₹869 — Carrier A,"Dear Carrier A Finance Team,

The following COD shipment was delivered on 2026-02-22. Per the 2-day remittance SLA, payment of ₹869 is due by 2026-02-24 00:00:00.

AWB: AWB3342128896
Order ID: 101614673547
Delivery Date: 2026-02-22
Destination: Raipur
COD Amount: ₹869

Please confirm remittance status.

Regards,
Finance Ops — AI Logistics Control Tower",DERIVED (package_amount used as COD-amount proxy — see docs/data_assumptions.md)
Carrier B,AWB7525440899,110514908499,2026-02-22,566,2026-02-24,Overdue,P1 - Urgent,[Remittance Due] AWB AWB7525440899 — COD ₹566 — Carrier B,"Dear Carrier B Finance Team,

The following COD shipment was delivered on 2026-02-22. Per the 2-day remittance SLA, payment of ₹566 is due by 2026-02-24 00:00:00.

AWB: AWB7525440899
Order ID: 110514908499
Delivery Date: 2026-02-22
Destination: Mumbai
COD Amount: ₹566

Please confirm remittance status.

Regards,
Finance Ops — AI Logistics Control Tower",DERIVED (package_amount used as COD-amount proxy — see docs/data_assumptions.md)
Carrier C,AWB5845514966,110514909985,2026-02-22,1458,2026-02-24,Overdue,P1 - Urgent,"[Remittance Due] AWB AWB5845514966 — COD ₹1,458 — Carrier C","Dear Carrier C Finance Team,

The following COD shipment was delivered on 2026-02-22. Per the 2-day remittance SLA, payment of ₹1,458 is due by 2026-02-24 00:00:00.

AWB: AWB5845514966
Order ID: 110514909985
Delivery Date: 2026-02-22
Destination: Shillong
COD Amount: ₹1,458

Please confirm remittance status.

Regards,
Finance Ops — AI Logistics Control Tower",DERIVED (package_amount used as COD-amount proxy — see docs/data_assumptions.md)
Carrier B,AWB4134785606,111114975326,2026-02-22,950,2026-02-24,Overdue,P1 - Urgent,[Remittance Due] AWB AWB4134785606 — COD ₹950 — Carrier B,"Dear Carrier B Finance Team,

The following COD shipment was delivered on 2026-02-22. Per the 2-day remittance SLA, payment of ₹950 is due by 2026-02-24 00:00:00.

AWB: AWB4134785606
Order ID: 111114975326
Delivery Date: 2026-02-22
Destination: Bangalore
COD Amount: ₹950

Please confirm remittance status.

Regards,
Finance Ops — AI Logistics Control Tower",DERIVED (package_amount used as COD-amount proxy — see docs/data_assumptions.md)
Carrier D,AWB1788040183,110914955907,2026-02-22,928,2026-02-24,Overdue,P1 - Urgent,[Remittance Due] AWB AWB1788040183 — COD ₹928 — Carrier D,"Dear Carrier D Finance Team,

The following COD shipment was delivered on 2026-02-22. Per the 2-day remittance SLA, payment of ₹928 is due by 2026-02-24 00:00:00.

AWB: AWB1788040183
Order ID: 110914955907
Delivery Date: 2026-02-22
Destination: Ghaziabad
COD Amount: ₹928

Please confirm remittance status.

Regards,
Finance Ops — AI Logistics Control Tower",DERIVED (package_amount used as COD-amount proxy — see docs/data_assumptions.md)
Carrier B,AWB9765968437,110914959584,2026-02-22,307,2026-02-24,Overdue,P1 - Urgent,[Remittance Due] AWB AWB9765968437 — COD ₹307 — Carrier B,"Dear Carrier B Finance Team,

The following COD shipment was delivered on 2026-02-22. Per the 2-day remittance SLA, payment of ₹307 is due by 2026-02-24 00:00:00.

AWB: AWB9765968437
Order ID: 110914959584
Delivery Date: 2026-02-22
Destination: Mumbai
COD Amount: ₹307

Please confirm remittance status.

Regards,
Finance Ops — AI Logistics Control Tower",DERIVED (package_amount used as COD-amount proxy — see docs/data_assumptions.md)
Carrier C,AWB3500093493,110614917276,2026-02-22,499,2026-02-24,Overdue,P1 - Urgent,[Remittance Due] AWB AWB3500093493 — COD ₹499 — Carrier C,"Dear Carrier C Finance Team,

The following COD shipment was delivered on 2026-02-22. Per the 2-day remittance SLA, payment of ₹499 is due by 2026-02-24 00:00:00.

AWB: AWB3500093493
Order ID: 110614917276
Delivery Date: 2026-02-22
Destination: East Khasi Hills
COD Amount: ₹499

Please confirm remittance status.

Regards,
Finance Ops — AI Logistics Control Tower",DERIVED (package_amount used as COD-amount proxy — see docs/data_assumptions.md)
Carrier B,AWB8977364367,110714928254,2026-02-22,1308,2026-02-24,Overdue,P1 - Urgent,"[Remittance Due] AWB AWB8977364367 — COD ₹1,308 — Carrier B","Dear Carrier B Finance Team,

The following COD shipment was delivered on 2026-02-22. Per the 2-day remittance SLA, payment of ₹1,308 is due by 2026-02-24 00:00:00.

AWB: AWB8977364367
Order ID: 110714928254
Delivery Date: 2026-02-22
Destination: Visakhapatnam
COD Amount: ₹1,308

Please confirm remittance status.

Regards,
Finance Ops — AI Logistics Control Tower",DERIVED (package_amount used as COD-amount proxy — see docs/data_assumptions.md)
Carrier B,AWB3223570522,110914958928,2026-02-22,709,2026-02-24,Overdue,P1 - Urgent,[Remittance Due] AWB AWB3223570522 — COD ₹709 — Carrier B,"Dear Carrier B Finance Team,

The following COD shipment was delivered on 2026-02-22. Per the 2-day remittance SLA, payment of ₹709 is due by 2026-02-24 00:00:00.

AWB: AWB3223570522
Order ID: 110914958928
Delivery Date: 2026-02-22
Destination: Gurgaon
COD Amount: ₹709

Please confirm remittance status.

Regards,
Finance Ops — AI Logistics Control Tower",DERIVED (package_amount used as COD-amount proxy — see docs/data_assumptions.md)
Carrier A,AWB6657408776,110914957473,2026-02-22,1365,2026-02-24,Overdue,P1 - Urgent,"[Remittance Due] AWB AWB6657408776 — COD ₹1,365 — Carrier A","Dear Carrier A Finance Team,

The following COD shipment was delivered on 2026-02-22. Per the 2-day remittance SLA, payment of ₹1,365 is due by 2026-02-24 00:00:00.

AWB: AWB6657408776
Order ID: 110914957473
Delivery Date: 2026-02-22
Destination: Gurgaon
COD Amount: ₹1,365

Please confirm remittance status.

Regards,
Finance Ops — AI Logistics Control Tower",DERIVED (package_amount used as COD-amount proxy — see docs/data_assumptions.md)
Carrier C,AWB2526419105,110914949571,2026-02-22,719,2026-02-24,Overdue,P1 - Urgent,[Remittance Due] AWB AWB2526419105 — COD ₹719 — Carrier C,"Dear Carrier C Finance Team,

The following COD shipment was delivered on 2026-02-22. Per the 2-day remittance SLA, payment of ₹719 is due by 2026-02-24 00:00:00.

AWB: AWB2526419105
Order ID: 110914949571
Delivery Date: 2026-02-22
Destination: Moradabad
COD Amount: ₹719

Please confirm remittance status.

Regards,
Finance Ops — AI Logistics Control Tower",DERIVED (package_amount used as COD-amount proxy — see docs/data_assumptions.md)
Carrier B,AWB5591946072,111014967396,2026-02-22,996,2026-02-24,Overdue,P1 - Urgent,[Remittance Due] AWB AWB5591946072 — COD ₹996 — Carrier B,"Dear Carrier B Finance Team,

The following COD shipment was delivered on 2026-02-22. Per the 2-day remittance SLA, payment of ₹996 is due by 2026-02-24 00:00:00.

AWB: AWB5591946072
Order ID: 111014967396
Delivery Date: 2026-02-22
Destination: North Delhi
COD Amount: ₹996

Please confirm remittance status.

Regards,
Finance Ops — AI Logistics Control Tower",DERIVED (package_amount used as COD-amount proxy — see docs/data_assumptions.md)
Carrier C,AWB5753097242,110814945751,2026-02-22,1599,2026-02-24,Overdue,P1 - Urgent,"[Remittance Due] AWB AWB5753097242 — COD ₹1,599 — Carrier C","Dear Carrier C Finance Team,

The following COD shipment was delivered on 2026-02-22. Per the 2-day remittance SLA, payment of ₹1,599 is due by 2026-02-24 00:00:00.

AWB: AWB5753097242
Order ID: 110814945751
Delivery Date: 2026-02-22
Destination: Gautam Buddha Nagar
COD Amount: ₹1,599

Please confirm remittance status.

Regards,
Finance Ops — AI Logistics Control Tower",DERIVED (package_amount used as COD-amount proxy — see docs/data_assumptions.md)
Carrier B,AWB0185290856,102414782873,2026-02-22,1058,2026-02-24,Overdue,P1 - Urgent,"[Remittance Due] AWB AWB0185290856 — COD ₹1,058 — Carrier B","Dear Carrier B Finance Team,

The following COD shipment was delivered on 2026-02-22. Per the 2-day remittance SLA, payment of ₹1,058 is due by 2026-02-24 00:00:00.

AWB: AWB0185290856
Order ID: 102414782873
Delivery Date: 2026-02-22
Destination: Gurgaon
COD Amount: ₹1,058

Please confirm remittance status.

Regards,
Finance Ops — AI Logistics Control Tower",DERIVED (package_amount used as COD-amount proxy — see docs/data_assumptions.md)
Carrier D,AWB5921172267,110714933594,2026-02-22,350,2026-02-24,Overdue,P1 - Urgent,[Remittance Due] AWB AWB5921172267 — COD ₹350 — Carrier D,"Dear Carrier D Finance Team,

The following COD shipment was delivered on 2026-02-22. Per the 2-day remittance SLA, payment of ₹350 is due by 2026-02-24 00:00:00.

AWB: AWB5921172267
Order ID: 110714933594
Delivery Date: 2026-02-22
Destination: Panchkula
COD Amount: ₹350

Please confirm remittance status.

Regards,
Finance Ops — AI Logistics Control Tower",DERIVED (package_amount used as COD-amount proxy — see docs/data_assumptions.md)
Carrier C,AWB2108570291,110814944308,2026-02-22,613,2026-02-24,Overdue,P1 - Urgent,[Remittance Due] AWB AWB2108570291 — COD ₹613 — Carrier C,"Dear Carrier C Finance Team,

The following COD shipment was delivered on 2026-02-22. Per the 2-day remittance SLA, payment of ₹613 is due by 2026-02-24 00:00:00.

AWB: AWB2108570291
Order ID: 110814944308
Delivery Date: 2026-02-22
Destination: Garhwa
COD Amount: ₹613

Please confirm remittance status.

Regards,
Finance Ops — AI Logistics Control Tower",DERIVED (package_amount used as COD-amount proxy — see docs/data_assumptions.md)
Carrier A,AWB4559935231,110614919672,2026-02-22,2789,2026-02-24,Overdue,P1 - Urgent,"[Remittance Due] AWB AWB4559935231 — COD ₹2,789 — Carrier A","Dear Carrier A Finance Team,

The following COD shipment was delivered on 2026-02-22. Per the 2-day remittance SLA, payment of ₹2,789 is due by 2026-02-24 00:00:00.

AWB: AWB4559935231
Order ID: 110614919672
Delivery Date: 2026-02-22
Destination: Surat
COD Amount: ₹2,789

Please confirm remittance status.

Regards,
Finance Ops — AI Logistics Control Tower",DERIVED (package_amount used as COD-amount proxy — see docs/data_assumptions.md)
Carrier D,AWB0334467379,110814943045,2026-02-22,634,2026-02-24,Overdue,P1 - Urgent,[Remittance Due] AWB AWB0334467379 — COD ₹634 — Carrier D,"Dear Carrier D Finance Team,

The following COD shipment was delivered on 2026-02-22. Per the 2-day remittance SLA, payment of ₹634 is due by 2026-02-24 00:00:00.

AWB: AWB0334467379
Order ID: 110814943045
Delivery Date: 2026-02-22
Destination: Idukki
COD Amount: ₹634

Please confirm remittance status.

Regards,
Finance Ops — AI Logistics Control Tower",DERIVED (package_amount used as COD-amount proxy — see docs/data_assumptions.md)
Carrier D,AWB0257217647,110114860807,2026-02-22,999,2026-02-24,Overdue,P1 - Urgent,[Remittance Due] AWB AWB0257217647 — COD ₹999 — Carrier D,"Dear Carrier D Finance Team,

The following COD shipment was delivered on 2026-02-22. Per the 2-day remittance SLA, payment of ₹999 is due by 2026-02-24 00:00:00.

AWB: AWB0257217647
Order ID: 110114860807
Delivery Date: 2026-02-22
Destination: Ahmedabad
COD Amount: ₹999

Please confirm remittance status.

Regards,
Finance Ops — AI Logistics Control Tower",DERIVED (package_amount used as COD-amount proxy — see docs/data_assumptions.md)
Carrier D,AWB6235037537,101714695531,2026-02-22,569,2026-02-24,Overdue,P1 - Urgent,[Remittance Due] AWB AWB6235037537 — COD ₹569 — Carrier D,"Dear Carrier D Finance Team,

The following COD shipment was delivered on 2026-02-22. Per the 2-day remittance SLA, payment of ₹569 is due by 2026-02-24 00:00:00.

AWB: AWB6235037537
Order ID: 101714695531
Delivery Date: 2026-02-22
Destination: Koppal
COD Amount: ₹569

Please confirm remittance status.

Regards,
Finance Ops — AI Logistics Control Tower",DERIVED (package_amount used as COD-amount proxy — see docs/data_assumptions.md)
Carrier A,AWB1210024453,111014963889,2026-02-23,449,2026-02-25,Overdue,P1 - Urgent,[Remittance Due] AWB AWB1210024453 — COD ₹449 — Carrier A,"Dear Carrier A Finance Team,

The following COD shipment was delivered on 2026-02-23. Per the 2-day remittance SLA, payment of ₹449 is due by 2026-02-25 00:00:00.

AWB: AWB1210024453
Order ID: 111014963889
Delivery Date: 2026-02-23
Destination: Ahmedabad
COD Amount: ₹449

Please confirm remittance status.

Regards,
Finance Ops — AI Logistics Control Tower",DERIVED (package_amount used as COD-amount proxy — see docs/data_assumptions.md)
Carrier D,AWB6363857330,110814946849,2026-02-23,309,2026-02-25,Overdue,P1 - Urgent,[Remittance Due] AWB AWB6363857330 — COD ₹309 — Carrier D,"Dear Carrier D Finance Team,

The following COD shipment was delivered on 2026-02-23. Per the 2-day remittance SLA, payment of ₹309 is due by 2026-02-25 00:00:00.

AWB: AWB6363857330
Order ID: 110814946849
Delivery Date: 2026-02-23
Destination: Central Delhi
COD Amount: ₹309

Please confirm remittance status.

Regards,
Finance Ops — AI Logistics Control Tower",DERIVED (package_amount used as COD-amount proxy — see docs/data_assumptions.md)
Carrier B,AWB8035170307,110714935608,2026-02-23,1844,2026-02-25,Overdue,P1 - Urgent,"[Remittance Due] AWB AWB8035170307 — COD ₹1,844 — Carrier B","Dear Carrier B Finance Team,

The following COD shipment was delivered on 2026-02-23. Per the 2-day remittance SLA, payment of ₹1,844 is due by 2026-02-25 00:00:00.

AWB: AWB8035170307
Order ID: 110714935608
Delivery Date: 2026-02-23
Destination: Durg
COD Amount: ₹1,844

Please confirm remittance status.

Regards,
Finance Ops — AI Logistics Control Tower",DERIVED (package_amount used as COD-amount proxy — see docs/data_assumptions.md)
Carrier D,AWB2690190163,110714931935,2026-02-23,629,2026-02-25,Overdue,P1 - Urgent,[Remittance Due] AWB AWB2690190163 — COD ₹629 — Carrier D,"Dear Carrier D Finance Team,

The following COD shipment was delivered on 2026-02-23. Per the 2-day remittance SLA, payment of ₹629 is due by 2026-02-25 00:00:00.

AWB: AWB2690190163
Order ID: 110714931935
Delivery Date: 2026-02-23
Destination: Jaipur
COD Amount: ₹629

Please confirm remittance status.

Regards,
Finance Ops — AI Logistics Control Tower",DERIVED (package_amount used as COD-amount proxy — see docs/data_assumptions.md)
Carrier C,AWB0218338277,110914954119,2026-02-23,1487,2026-02-25,Overdue,P1 - Urgent,"[Remittance Due] AWB AWB0218338277 — COD ₹1,487 — Carrier C","Dear Carrier C Finance Team,

The following COD shipment was delivered on 2026-02-23. Per the 2-day remittance SLA, payment of ₹1,487 is due by 2026-02-25 00:00:00.

AWB: AWB0218338277
Order ID: 110914954119
Delivery Date: 2026-02-23
Destination: West Delhi
COD Amount: ₹1,487

Please confirm remittance status.

Regards,
Finance Ops — AI Logistics Control Tower",DERIVED (package_amount used as COD-amount proxy — see docs/data_assumptions.md)
Carrier A,AWB5224921116,110814937685,2026-02-23,989,2026-02-25,Overdue,P1 - Urgent,[Remittance Due] AWB AWB5224921116 — COD ₹989 — Carrier A,"Dear Carrier A Finance Team,

The following COD shipment was delivered on 2026-02-23. Per the 2-day remittance SLA, payment of ₹989 is due by 2026-02-25 00:00:00.

AWB: AWB5224921116
Order ID: 110814937685
Delivery Date: 2026-02-23
Destination: Mumbai
COD Amount: ₹989

Please confirm remittance status.

Regards,
Finance Ops — AI Logistics Control Tower",DERIVED (package_amount used as COD-amount proxy — see docs/data_assumptions.md)
Carrier C,AWB5731764463,110914959632,2026-02-23,364,2026-02-25,Overdue,P1 - Urgent,[Remittance Due] AWB AWB5731764463 — COD ₹364 — Carrier C,"Dear Carrier C Finance Team,

The following COD shipment was delivered on 2026-02-23. Per the 2-day remittance SLA, payment of ₹364 is due by 2026-02-25 00:00:00.

AWB: AWB5731764463
Order ID: 110914959632
Delivery Date: 2026-02-23
Destination: Navi Mumbai
COD Amount: ₹364

Please confirm remittance status.

Regards,
Finance Ops — AI Logistics Control Tower",DERIVED (package_amount used as COD-amount proxy — see docs/data_assumptions.md)
Carrier D,AWB7775191725,110914956590,2026-02-23,1589,2026-02-25,Overdue,P1 - Urgent,"[Remittance Due] AWB AWB7775191725 — COD ₹1,589 — Carrier D","Dear Carrier D Finance Team,

The following COD shipment was delivered on 2026-02-23. Per the 2-day remittance SLA, payment of ₹1,589 is due by 2026-02-25 00:00:00.

AWB: AWB7775191725
Order ID: 110914956590
Delivery Date: 2026-02-23
Destination: CHANDIGARH
COD Amount: ₹1,589

Please confirm remittance status.

Regards,
Finance Ops — AI Logistics Control Tower",DERIVED (package_amount used as COD-amount proxy — see docs/data_assumptions.md)
Carrier D,AWB7822980148,103014839261,2026-02-23,499,2026-02-25,Overdue,P1 - Urgent,[Remittance Due] AWB AWB7822980148 — COD ₹499 — Carrier D,"Dear Carrier D Finance Team,

The following COD shipment was delivered on 2026-02-23. Per the 2-day remittance SLA, payment of ₹499 is due by 2026-02-25 00:00:00.

AWB: AWB7822980148
Order ID: 103014839261
Delivery Date: 2026-02-23
Destination: North Delhi
COD Amount: ₹499

Please confirm remittance status.

Regards,
Finance Ops — AI Logistics Control Tower",DERIVED (package_amount used as COD-amount proxy — see docs/data_assumptions.md)
Carrier D,AWB4529496507,110714936563,2026-02-23,852,2026-02-25,Overdue,P1 - Urgent,[Remittance Due] AWB AWB4529496507 — COD ₹852 — Carrier D,"Dear Carrier D Finance Team,

The following COD shipment was delivered on 2026-02-23. Per the 2-day remittance SLA, payment of ₹852 is due by 2026-02-25 00:00:00.

AWB: AWB4529496507
Order ID: 110714936563
Delivery Date: 2026-02-23
Destination: Shivpuri
COD Amount: ₹852

Please confirm remittance status.

Regards,
Finance Ops — AI Logistics Control Tower",DERIVED (package_amount used as COD-amount proxy — see docs/data_assumptions.md)
Carrier B,AWB4190071279,110814945074,2026-02-23,680,2026-02-25,Overdue,P1 - Urgent,[Remittance Due] AWB AWB4190071279 — COD ₹680 — Carrier B,"Dear Carrier B Finance Team,

The following COD shipment was delivered on 2026-02-23. Per the 2-day remittance SLA, payment of ₹680 is due by 2026-02-25 00:00:00.

AWB: AWB4190071279
Order ID: 110814945074
Delivery Date: 2026-02-23
Destination: Pune
COD Amount: ₹680

Please confirm remittance status.

Regards,
Finance Ops — AI Logistics Control Tower",DERIVED (package_amount used as COD-amount proxy — see docs/data_assumptions.md)
Carrier A,AWB2495476990,110814941147,2026-02-23,561,2026-02-25,Overdue,P1 - Urgent,[Remittance Due] AWB AWB2495476990 — COD ₹561 — Carrier A,"Dear Carrier A Finance Team,

The following COD shipment was delivered on 2026-02-23. Per the 2-day remittance SLA, payment of ₹561 is due by 2026-02-25 00:00:00.

AWB: AWB2495476990
Order ID: 110814941147
Delivery Date: 2026-02-23
Destination: Bhavnagar
COD Amount: ₹561

Please confirm remittance status.

Regards,
Finance Ops — AI Logistics Control Tower",DERIVED (package_amount used as COD-amount proxy — see docs/data_assumptions.md)
Carrier C,AWB4848047325,110714929752,2026-02-23,1399,2026-02-25,Overdue,P1 - Urgent,"[Remittance Due] AWB AWB4848047325 — COD ₹1,399 — Carrier C","Dear Carrier C Finance Team,

The following COD shipment was delivered on 2026-02-23. Per the 2-day remittance SLA, payment of ₹1,399 is due by 2026-02-25 00:00:00.

AWB: AWB4848047325
Order ID: 110714929752
Delivery Date: 2026-02-23
Destination: Kanchipuram
COD Amount: ₹1,399

Please confirm remittance status.

Regards,
Finance Ops — AI Logistics Control Tower",DERIVED (package_amount used as COD-amount proxy — see docs/data_assumptions.md)
Carrier D,AWB9985249547,110614918938,2026-02-23,1113,2026-02-25,Overdue,P1 - Urgent,"[Remittance Due] AWB AWB9985249547 — COD ₹1,113 — Carrier D","Dear Carrier D Finance Team,

The following COD shipment was delivered on 2026-02-23. Per the 2-day remittance SLA, payment of ₹1,113 is due by 2026-02-25 00:00:00.

AWB: AWB9985249547
Order ID: 110614918938
Delivery Date: 2026-02-23
Destination: East Sikkim
COD Amount: ₹1,113

Please confirm remittance status.

Regards,
Finance Ops — AI Logistics Control Tower",DERIVED (package_amount used as COD-amount proxy — see docs/data_assumptions.md)
Carrier D,AWB7410682560,110414889188,2026-02-23,644,2026-02-25,Overdue,P1 - Urgent,[Remittance Due] AWB AWB7410682560 — COD ₹644 — Carrier D,"Dear Carrier D Finance Team,

The following COD shipment was delivered on 2026-02-23. Per the 2-day remittance SLA, payment of ₹644 is due by 2026-02-25 00:00:00.

AWB: AWB7410682560
Order ID: 110414889188
Delivery Date: 2026-02-23
Destination: Kamrup
COD Amount: ₹644

Please confirm remittance status.

Regards,
Finance Ops — AI Logistics Control Tower",DERIVED (package_amount used as COD-amount proxy — see docs/data_assumptions.md)
Carrier D,AWB7847165993,110314886190,2026-02-23,1123,2026-02-25,Overdue,P1 - Urgent,"[Remittance Due] AWB AWB7847165993 — COD ₹1,123 — Carrier D","Dear Carrier D Finance Team,

The following COD shipment was delivered on 2026-02-23. Per the 2-day remittance SLA, payment of ₹1,123 is due by 2026-02-25 00:00:00.

AWB: AWB7847165993
Order ID: 110314886190
Delivery Date: 2026-02-23
Destination: Jyotiba Phule Nagar
COD Amount: ₹1,123

Please confirm remittance status.

Regards,
Finance Ops — AI Logistics Control Tower",DERIVED (package_amount used as COD-amount proxy — see docs/data_assumptions.md)
Carrier A,AWB5209477999,110614918068,2026-02-24,301,2026-02-26,Overdue,P1 - Urgent,[Remittance Due] AWB AWB5209477999 — COD ₹301 — Carrier A,"Dear Carrier A Finance Team,

The following COD shipment was delivered on 2026-02-24. Per the 2-day remittance SLA, payment of ₹301 is due by 2026-02-26 00:00:00.

AWB: AWB5209477999
Order ID: 110614918068
Delivery Date: 2026-02-24
Destination: Junagadh
COD Amount: ₹301

Please confirm remittance status.

Regards,
Finance Ops — AI Logistics Control Tower",DERIVED (package_amount used as COD-amount proxy — see docs/data_assumptions.md)
Carrier B,AWB5879163218,111014965076,2026-02-24,1786,2026-02-26,Overdue,P1 - Urgent,"[Remittance Due] AWB AWB5879163218 — COD ₹1,786 — Carrier B","Dear Carrier B Finance Team,

The following COD shipment was delivered on 2026-02-24. Per the 2-day remittance SLA, payment of ₹1,786 is due by 2026-02-26 00:00:00.

AWB: AWB5879163218
Order ID: 111014965076
Delivery Date: 2026-02-24
Destination: Medak
COD Amount: ₹1,786

Please confirm remittance status.

Regards,
Finance Ops — AI Logistics Control Tower",DERIVED (package_amount used as COD-amount proxy — see docs/data_assumptions.md)
Carrier A,AWB6199721400,110514909248,2026-02-24,449,2026-02-26,Overdue,P1 - Urgent,[Remittance Due] AWB AWB6199721400 — COD ₹449 — Carrier A,"Dear Carrier A Finance Team,

The following COD shipment was delivered on 2026-02-24. Per the 2-day remittance SLA, payment of ₹449 is due by 2026-02-26 00:00:00.

AWB: AWB6199721400
Order ID: 110514909248
Delivery Date: 2026-02-24
Destination: Pakur
COD Amount: ₹449

Please confirm remittance status.

Regards,
Finance Ops — AI Logistics Control Tower",DERIVED (package_amount used as COD-amount proxy — see docs/data_assumptions.md)
Carrier D,AWB1165430086,110814945784,2026-02-24,1378,2026-02-26,Overdue,P1 - Urgent,"[Remittance Due] AWB AWB1165430086 — COD ₹1,378 — Carrier D","Dear Carrier D Finance Team,

The following COD shipment was delivered on 2026-02-24. Per the 2-day remittance SLA, payment of ₹1,378 is due by 2026-02-26 00:00:00.

AWB: AWB1165430086
Order ID: 110814945784
Delivery Date: 2026-02-24
Destination: Dimapur
COD Amount: ₹1,378

Please confirm remittance status.

Regards,
Finance Ops — AI Logistics Control Tower",DERIVED (package_amount used as COD-amount proxy — see docs/data_assumptions.md)
Carrier A,AWB7108795623,110714933534,2026-02-24,525,2026-02-26,Overdue,P1 - Urgent,[Remittance Due] AWB AWB7108795623 — COD ₹525 — Carrier A,"Dear Carrier A Finance Team,

The following COD shipment was delivered on 2026-02-24. Per the 2-day remittance SLA, payment of ₹525 is due by 2026-02-26 00:00:00.

AWB: AWB7108795623
Order ID: 110714933534
Delivery Date: 2026-02-24
Destination: Ghaziabad
COD Amount: ₹525

Please confirm remittance status.

Regards,
Finance Ops — AI Logistics Control Tower",DERIVED (package_amount used as COD-amount proxy — see docs/data_assumptions.md)
Carrier D,AWB2949044141,101514663414,2026-02-24,1578,2026-02-26,Overdue,P1 - Urgent,"[Remittance Due] AWB AWB2949044141 — COD ₹1,578 — Carrier D","Dear Carrier D Finance Team,

The following COD shipment was delivered on 2026-02-24. Per the 2-day remittance SLA, payment of ₹1,578 is due by 2026-02-26 00:00:00.

AWB: AWB2949044141
Order ID: 101514663414
Delivery Date: 2026-02-24
Destination: Bangalore
COD Amount: ₹1,578

Please confirm remittance status.

Regards,
Finance Ops — AI Logistics Control Tower",DERIVED (package_amount used as COD-amount proxy — see docs/data_assumptions.md)
Carrier B,AWB8679244071,110914957556,2026-02-24,649,2026-02-26,Overdue,P1 - Urgent,[Remittance Due] AWB AWB8679244071 — COD ₹649 — Carrier B,"Dear Carrier B Finance Team,

The following COD shipment was delivered on 2026-02-24. Per the 2-day remittance SLA, payment of ₹649 is due by 2026-02-26 00:00:00.

AWB: AWB8679244071
Order ID: 110914957556
Delivery Date: 2026-02-24
Destination: East Delhi
COD Amount: ₹649

Please confirm remittance status.

Regards,
Finance Ops — AI Logistics Control Tower",DERIVED (package_amount used as COD-amount proxy — see docs/data_assumptions.md)
Carrier B,AWB7465752099,110214868415,2026-02-24,299,2026-02-26,Overdue,P1 - Urgent,[Remittance Due] AWB AWB7465752099 — COD ₹299 — Carrier B,"Dear Carrier B Finance Team,

The following COD shipment was delivered on 2026-02-24. Per the 2-day remittance SLA, payment of ₹299 is due by 2026-02-26 00:00:00.

AWB: AWB7465752099
Order ID: 110214868415
Delivery Date: 2026-02-24
Destination: Ahmed Nagar
COD Amount: ₹299

Please confirm remittance status.

Regards,
Finance Ops — AI Logistics Control Tower",DERIVED (package_amount used as COD-amount proxy — see docs/data_assumptions.md)
Carrier A,AWB7447539508,110814944495,2026-02-24,1123,2026-02-26,Overdue,P1 - Urgent,"[Remittance Due] AWB AWB7447539508 — COD ₹1,123 — Carrier A","Dear Carrier A Finance Team,

The following COD shipment was delivered on 2026-02-24. Per the 2-day remittance SLA, payment of ₹1,123 is due by 2026-02-26 00:00:00.

AWB: AWB7447539508
Order ID: 110814944495
Delivery Date: 2026-02-24
Destination: Surat
COD Amount: ₹1,123

Please confirm remittance status.

Regards,
Finance Ops — AI Logistics Control Tower",DERIVED (package_amount used as COD-amount proxy — see docs/data_assumptions.md)
Carrier A,AWB1222133491,110714935649,2026-02-24,1104,2026-02-26,Overdue,P1 - Urgent,"[Remittance Due] AWB AWB1222133491 — COD ₹1,104 — Carrier A","Dear Carrier A Finance Team,

The following COD shipment was delivered on 2026-02-24. Per the 2-day remittance SLA, payment of ₹1,104 is due by 2026-02-26 00:00:00.

AWB: AWB1222133491
Order ID: 110714935649
Delivery Date: 2026-02-24
Destination: Dakshina Kannada
COD Amount: ₹1,104

Please confirm remittance status.

Regards,
Finance Ops — AI Logistics Control Tower",DERIVED (package_amount used as COD-amount proxy — see docs/data_assumptions.md)
Carrier A,AWB8059598646,110614920832,2026-02-24,1015,2026-02-26,Overdue,P1 - Urgent,"[Remittance Due] AWB AWB8059598646 — COD ₹1,015 — Carrier A","Dear Carrier A Finance Team,

The following COD shipment was delivered on 2026-02-24. Per the 2-day remittance SLA, payment of ₹1,015 is due by 2026-02-26 00:00:00.

AWB: AWB8059598646
Order ID: 110614920832
Delivery Date: 2026-02-24
Destination: Kheri
COD Amount: ₹1,015

Please confirm remittance status.

Regards,
Finance Ops — AI Logistics Control Tower",DERIVED (package_amount used as COD-amount proxy — see docs/data_assumptions.md)
Carrier A,AWB8828131005,110714926705,2026-02-24,717,2026-02-26,Overdue,P1 - Urgent,[Remittance Due] AWB AWB8828131005 — COD ₹717 — Carrier A,"Dear Carrier A Finance Team,

The following COD shipment was delivered on 2026-02-24. Per the 2-day remittance SLA, payment of ₹717 is due by 2026-02-26 00:00:00.

AWB: AWB8828131005
Order ID: 110714926705
Delivery Date: 2026-02-24
Destination: Sangrur
COD Amount: ₹717

Please confirm remittance status.

Regards,
Finance Ops — AI Logistics Control Tower",DERIVED (package_amount used as COD-amount proxy — see docs/data_assumptions.md)
Carrier C,AWB2239607824,110514900884,2026-02-24,1162,2026-02-26,Overdue,P1 - Urgent,"[Remittance Due] AWB AWB2239607824 — COD ₹1,162 — Carrier C","Dear Carrier C Finance Team,

The following COD shipment was delivered on 2026-02-24. Per the 2-day remittance SLA, payment of ₹1,162 is due by 2026-02-26 00:00:00.

AWB: AWB2239607824
Order ID: 110514900884
Delivery Date: 2026-02-24
Destination: Kurnool
COD Amount: ₹1,162

Please confirm remittance status.

Regards,
Finance Ops — AI Logistics Control Tower",DERIVED (package_amount used as COD-amount proxy — see docs/data_assumptions.md)
Carrier A,AWB2502458849,110614920305,2026-02-24,1886,2026-02-26,Overdue,P1 - Urgent,"[Remittance Due] AWB AWB2502458849 — COD ₹1,886 — Carrier A","Dear Carrier A Finance Team,

The following COD shipment was delivered on 2026-02-24. Per the 2-day remittance SLA, payment of ₹1,886 is due by 2026-02-26 00:00:00.

AWB: AWB2502458849
Order ID: 110614920305
Delivery Date: 2026-02-24
Destination: Bangalore
COD Amount: ₹1,886

Please confirm remittance status.

Regards,
Finance Ops — AI Logistics Control Tower",DERIVED (package_amount used as COD-amount proxy — see docs/data_assumptions.md)
Carrier A,AWB6638170473,110714925268,2026-02-24,767,2026-02-26,Overdue,P1 - Urgent,[Remittance Due] AWB AWB6638170473 — COD ₹767 — Carrier A,"Dear Carrier A Finance Team,

The following COD shipment was delivered on 2026-02-24. Per the 2-day remittance SLA, payment of ₹767 is due by 2026-02-26 00:00:00.

AWB: AWB6638170473
Order ID: 110714925268
Delivery Date: 2026-02-24
Destination: Mumbai
COD Amount: ₹767

Please confirm remittance status.

Regards,
Finance Ops — AI Logistics Control Tower",DERIVED (package_amount used as COD-amount proxy — see docs/data_assumptions.md)
Carrier C,AWB2826074417,103014831865,2026-02-24,1060,2026-02-26,Overdue,P1 - Urgent,"[Remittance Due] AWB AWB2826074417 — COD ₹1,060 — Carrier C","Dear Carrier C Finance Team,

The following COD shipment was delivered on 2026-02-24. Per the 2-day remittance SLA, payment of ₹1,060 is due by 2026-02-26 00:00:00.

AWB: AWB2826074417
Order ID: 103014831865
Delivery Date: 2026-02-24
Destination: Panchkula
COD Amount: ₹1,060

Please confirm remittance status.

Regards,
Finance Ops — AI Logistics Control Tower",DERIVED (package_amount used as COD-amount proxy — see docs/data_assumptions.md)
Carrier A,AWB7975451251,103014831070,2026-02-24,1667,2026-02-26,Overdue,P1 - Urgent,"[Remittance Due] AWB AWB7975451251 — COD ₹1,667 — Carrier A","Dear Carrier A Finance Team,

The following COD shipment was delivered on 2026-02-24. Per the 2-day remittance SLA, payment of ₹1,667 is due by 2026-02-26 00:00:00.

AWB: AWB7975451251
Order ID: 103014831070
Delivery Date: 2026-02-24
Destination: GHAZIABAD ROS
COD Amount: ₹1,667

Please confirm remittance status.

Regards,
Finance Ops — AI Logistics Control Tower",DERIVED (package_amount used as COD-amount proxy — see docs/data_assumptions.md)
Carrier D,AWB2848023872,110214871001,2026-02-24,229,2026-02-26,Overdue,P1 - Urgent,[Remittance Due] AWB AWB2848023872 — COD ₹229 — Carrier D,"Dear Carrier D Finance Team,

The following COD shipment was delivered on 2026-02-24. Per the 2-day remittance SLA, payment of ₹229 is due by 2026-02-26 00:00:00.

AWB: AWB2848023872
Order ID: 110214871001
Delivery Date: 2026-02-24
Destination: Vizianagaram
COD Amount: ₹229

Please confirm remittance status.

Regards,
Finance Ops — AI Logistics Control Tower",DERIVED (package_amount used as COD-amount proxy — see docs/data_assumptions.md)
Carrier C,AWB3498670992,110114858977,2026-02-24,616,2026-02-26,Overdue,P1 - Urgent,[Remittance Due] AWB AWB3498670992 — COD ₹616 — Carrier C,"Dear Carrier C Finance Team,

The following COD shipment was delivered on 2026-02-24. Per the 2-day remittance SLA, payment of ₹616 is due by 2026-02-26 00:00:00.

AWB: AWB3498670992
Order ID: 110114858977
Delivery Date: 2026-02-24
Destination: Nashik
COD Amount: ₹616

Please confirm remittance status.

Regards,
Finance Ops — AI Logistics Control Tower",DERIVED (package_amount used as COD-amount proxy — see docs/data_assumptions.md)
Carrier C,AWB9959127074,110914957593,2026-02-25,689,2026-02-27,Overdue,P1 - Urgent,[Remittance Due] AWB AWB9959127074 — COD ₹689 — Carrier C,"Dear Carrier C Finance Team,

The following COD shipment was delivered on 2026-02-25. Per the 2-day remittance SLA, payment of ₹689 is due by 2026-02-27 00:00:00.

AWB: AWB9959127074
Order ID: 110914957593
Delivery Date: 2026-02-25
Destination: Kanpur Nagar
COD Amount: ₹689

Please confirm remittance status.

Regards,
Finance Ops — AI Logistics Control Tower",DERIVED (package_amount used as COD-amount proxy — see docs/data_assumptions.md)
Carrier C,AWB5039845500,110914960688,2026-02-25,1288,2026-02-27,Overdue,P1 - Urgent,"[Remittance Due] AWB AWB5039845500 — COD ₹1,288 — Carrier C","Dear Carrier C Finance Team,

The following COD shipment was delivered on 2026-02-25. Per the 2-day remittance SLA, payment of ₹1,288 is due by 2026-02-27 00:00:00.

AWB: AWB5039845500
Order ID: 110914960688
Delivery Date: 2026-02-25
Destination: Jalandhar cantt.
COD Amount: ₹1,288

Please confirm remittance status.

Regards,
Finance Ops — AI Logistics Control Tower",DERIVED (package_amount used as COD-amount proxy — see docs/data_assumptions.md)
Carrier C,AWB3734927656,110914956938,2026-02-25,1090,2026-02-27,Overdue,P1 - Urgent,"[Remittance Due] AWB AWB3734927656 — COD ₹1,090 — Carrier C","Dear Carrier C Finance Team,

The following COD shipment was delivered on 2026-02-25. Per the 2-day remittance SLA, payment of ₹1,090 is due by 2026-02-27 00:00:00.

AWB: AWB3734927656
Order ID: 110914956938
Delivery Date: 2026-02-25
Destination: Jalandhar
COD Amount: ₹1,090

Please confirm remittance status.

Regards,
Finance Ops — AI Logistics Control Tower",DERIVED (package_amount used as COD-amount proxy — see docs/data_assumptions.md)
Carrier D,AWB5231467149,110614919216,2026-02-25,649,2026-02-27,Overdue,P1 - Urgent,[Remittance Due] AWB AWB5231467149 — COD ₹649 — Carrier D,"Dear Carrier D Finance Team,

The following COD shipment was delivered on 2026-02-25. Per the 2-day remittance SLA, payment of ₹649 is due by 2026-02-27 00:00:00.

AWB: AWB5231467149
Order ID: 110614919216
Delivery Date: 2026-02-25
Destination: Panipat
COD Amount: ₹649

Please confirm remittance status.

Regards,
Finance Ops — AI Logistics Control Tower",DERIVED (package_amount used as COD-amount proxy — see docs/data_assumptions.md)
Carrier D,AWB6778223854,102314765697,2026-02-25,4234,2026-02-27,Overdue,P1 - Urgent,"[Remittance Due] AWB AWB6778223854 — COD ₹4,234 — Carrier D","Dear Carrier D Finance Team,

The following COD shipment was delivered on 2026-02-25. Per the 2-day remittance SLA, payment of ₹4,234 is due by 2026-02-27 00:00:00.

AWB: AWB6778223854
Order ID: 102314765697
Delivery Date: 2026-02-25
Destination: Udham Singh Nagar
COD Amount: ₹4,234

Please confirm remittance status.

Regards,
Finance Ops — AI Logistics Control Tower",DERIVED (package_amount used as COD-amount proxy — see docs/data_assumptions.md)
Carrier B,AWB8600387354,110814949473,2026-02-25,322,2026-02-27,Overdue,P1 - Urgent,[Remittance Due] AWB AWB8600387354 — COD ₹322 — Carrier B,"Dear Carrier B Finance Team,

The following COD shipment was delivered on 2026-02-25. Per the 2-day remittance SLA, payment of ₹322 is due by 2026-02-27 00:00:00.

AWB: AWB8600387354
Order ID: 110814949473
Delivery Date: 2026-02-25
Destination: Mumbai
COD Amount: ₹322

Please confirm remittance status.

Regards,
Finance Ops — AI Logistics Control Tower",DERIVED (package_amount used as COD-amount proxy — see docs/data_assumptions.md)
Carrier D,AWB5111869177,110414887786,2026-02-25,669,2026-02-27,Overdue,P1 - Urgent,[Remittance Due] AWB AWB5111869177 — COD ₹669 — Carrier D,"Dear Carrier D Finance Team,

The following COD shipment was delivered on 2026-02-25. Per the 2-day remittance SLA, payment of ₹669 is due by 2026-02-27 00:00:00.

AWB: AWB5111869177
Order ID: 110414887786
Delivery Date: 2026-02-25
Destination: Mumbai
COD Amount: ₹669

Please confirm remittance status.

Regards,
Finance Ops — AI Logistics Control Tower",DERIVED (package_amount used as COD-amount proxy — see docs/data_assumptions.md)
Carrier A,AWB8437808192,110414890985,2026-02-25,499,2026-02-27,Overdue,P1 - Urgent,[Remittance Due] AWB AWB8437808192 — COD ₹499 — Carrier A,"Dear Carrier A Finance Team,

The following COD shipment was delivered on 2026-02-25. Per the 2-day remittance SLA, payment of ₹499 is due by 2026-02-27 00:00:00.

AWB: AWB8437808192
Order ID: 110414890985
Delivery Date: 2026-02-25
Destination: Tikamgarh
COD Amount: ₹499

Please confirm remittance status.

Regards,
Finance Ops — AI Logistics Control Tower",DERIVED (package_amount used as COD-amount proxy — see docs/data_assumptions.md)
Carrier A,AWB3114437942,102014731554,2026-02-25,799,2026-02-27,Overdue,P1 - Urgent,[Remittance Due] AWB AWB3114437942 — COD ₹799 — Carrier A,"Dear Carrier A Finance Team,

The following COD shipment was delivered on 2026-02-25. Per the 2-day remittance SLA, payment of ₹799 is due by 2026-02-27 00:00:00.

AWB: AWB3114437942
Order ID: 102014731554
Delivery Date: 2026-02-25
Destination: Debagarh
COD Amount: ₹799

Please confirm remittance status.

Regards,
Finance Ops — AI Logistics Control Tower",DERIVED (package_amount used as COD-amount proxy — see docs/data_assumptions.md)
Carrier A,AWB8062596700,110614918234,2026-02-25,898,2026-02-27,Overdue,P1 - Urgent,[Remittance Due] AWB AWB8062596700 — COD ₹898 — Carrier A,"Dear Carrier A Finance Team,

The following COD shipment was delivered on 2026-02-25. Per the 2-day remittance SLA, payment of ₹898 is due by 2026-02-27 00:00:00.

AWB: AWB8062596700
Order ID: 110614918234
Delivery Date: 2026-02-25
Destination: Nashik
COD Amount: ₹898

Please confirm remittance status.

Regards,
Finance Ops — AI Logistics Control Tower",DERIVED (package_amount used as COD-amount proxy — see docs/data_assumptions.md)
Carrier B,AWB7411357235,110414893348,2026-02-25,1170,2026-02-27,Overdue,P1 - Urgent,"[Remittance Due] AWB AWB7411357235 — COD ₹1,170 — Carrier B","Dear Carrier B Finance Team,

The following COD shipment was delivered on 2026-02-25. Per the 2-day remittance SLA, payment of ₹1,170 is due by 2026-02-27 00:00:00.

AWB: AWB7411357235
Order ID: 110414893348
Delivery Date: 2026-02-25
Destination: Damoh
COD Amount: ₹1,170

Please confirm remittance status.

Regards,
Finance Ops — AI Logistics Control Tower",DERIVED (package_amount used as COD-amount proxy — see docs/data_assumptions.md)
Carrier B,AWB8853913154,110214873314,2026-02-25,2448,2026-02-27,Overdue,P1 - Urgent,"[Remittance Due] AWB AWB8853913154 — COD ₹2,448 — Carrier B","Dear Carrier B Finance Team,

The following COD shipment was delivered on 2026-02-25. Per the 2-day remittance SLA, payment of ₹2,448 is due by 2026-02-27 00:00:00.

AWB: AWB8853913154
Order ID: 110214873314
Delivery Date: 2026-02-25
Destination: Ratnagiri
COD Amount: ₹2,448

Please confirm remittance status.

Regards,
Finance Ops — AI Logistics Control Tower",DERIVED (package_amount used as COD-amount proxy — see docs/data_assumptions.md)
Carrier D,AWB7906259051,110114857811,2026-02-25,369,2026-02-27,Overdue,P1 - Urgent,[Remittance Due] AWB AWB7906259051 — COD ₹369 — Carrier D,"Dear Carrier D Finance Team,

The following COD shipment was delivered on 2026-02-25. Per the 2-day remittance SLA, payment of ₹369 is due by 2026-02-27 00:00:00.

AWB: AWB7906259051
Order ID: 110114857811
Delivery Date: 2026-02-25
Destination: Siwan
COD Amount: ₹369

Please confirm remittance status.

Regards,
Finance Ops — AI Logistics Control Tower",DERIVED (package_amount used as COD-amount proxy — see docs/data_assumptions.md)
Carrier B,AWB1832203069,102114746055,2026-02-25,299,2026-02-27,Overdue,P1 - Urgent,[Remittance Due] AWB AWB1832203069 — COD ₹299 — Carrier B,"Dear Carrier B Finance Team,

The following COD shipment was delivered on 2026-02-25. Per the 2-day remittance SLA, payment of ₹299 is due by 2026-02-27 00:00:00.

AWB: AWB1832203069
Order ID: 102114746055
Delivery Date: 2026-02-25
Destination: Raigarh(MH)
COD Amount: ₹299

Please confirm remittance status.

Regards,
Finance Ops — AI Logistics Control Tower",DERIVED (package_amount used as COD-amount proxy — see docs/data_assumptions.md)
Carrier B,AWB6869682769,102614798400,2026-02-25,779,2026-02-27,Overdue,P1 - Urgent,[Remittance Due] AWB AWB6869682769 — COD ₹779 — Carrier B,"Dear Carrier B Finance Team,

The following COD shipment was delivered on 2026-02-25. Per the 2-day remittance SLA, payment of ₹779 is due by 2026-02-27 00:00:00.

AWB: AWB6869682769
Order ID: 102614798400
Delivery Date: 2026-02-25
Destination: Nuapada
COD Amount: ₹779

Please confirm remittance status.

Regards,
Finance Ops — AI Logistics Control Tower",DERIVED (package_amount used as COD-amount proxy — see docs/data_assumptions.md)
Carrier D,AWB6704377357,102614798772,2026-02-25,270,2026-02-27,Overdue,P1 - Urgent,[Remittance Due] AWB AWB6704377357 — COD ₹270 — Carrier D,"Dear Carrier D Finance Team,

The following COD shipment was delivered on 2026-02-25. Per the 2-day remittance SLA, payment of ₹270 is due by 2026-02-27 00:00:00.

AWB: AWB6704377357
Order ID: 102614798772
Delivery Date: 2026-02-25
Destination: Ganjam
COD Amount: ₹270

Please confirm remittance status.

Regards,
Finance Ops — AI Logistics Control Tower",DERIVED (package_amount used as COD-amount proxy — see docs/data_assumptions.md)
Carrier A,AWB5339977058,102414776957,2026-02-25,1189,2026-02-27,Overdue,P1 - Urgent,"[Remittance Due] AWB AWB5339977058 — COD ₹1,189 — Carrier A","Dear Carrier A Finance Team,

The following COD shipment was delivered on 2026-02-25. Per the 2-day remittance SLA, payment of ₹1,189 is due by 2026-02-27 00:00:00.

AWB: AWB5339977058
Order ID: 102414776957
Delivery Date: 2026-02-25
Destination: K.V.Rangareddy
COD Amount: ₹1,189

Please confirm remittance status.

Regards,
Finance Ops — AI Logistics Control Tower",DERIVED (package_amount used as COD-amount proxy — see docs/data_assumptions.md)
Carrier C,AWB8052724057,101814700901,2026-02-25,1843,2026-02-27,Overdue,P1 - Urgent,"[Remittance Due] AWB AWB8052724057 — COD ₹1,843 — Carrier C","Dear Carrier C Finance Team,

The following COD shipment was delivered on 2026-02-25. Per the 2-day remittance SLA, payment of ₹1,843 is due by 2026-02-27 00:00:00.

AWB: AWB8052724057
Order ID: 101814700901
Delivery Date: 2026-02-25
Destination: Nellore
COD Amount: ₹1,843

Please confirm remittance status.

Regards,
Finance Ops — AI Logistics Control Tower",DERIVED (package_amount used as COD-amount proxy — see docs/data_assumptions.md)
Carrier A,AWB5364244505,101214619834,2026-02-25,1990,2026-02-27,Overdue,P1 - Urgent,"[Remittance Due] AWB AWB5364244505 — COD ₹1,990 — Carrier A","Dear Carrier A Finance Team,

The following COD shipment was delivered on 2026-02-25. Per the 2-day remittance SLA, payment of ₹1,990 is due by 2026-02-27 00:00:00.

AWB: AWB5364244505
Order ID: 101214619834
Delivery Date: 2026-02-25
Destination: mumbai
COD Amount: ₹1,990

Please confirm remittance status.

Regards,
Finance Ops — AI Logistics Control Tower",DERIVED (package_amount used as COD-amount proxy — see docs/data_assumptions.md)
Carrier C,AWB8085664843,101914713661,2026-02-25,869,2026-02-27,Overdue,P1 - Urgent,[Remittance Due] AWB AWB8085664843 — COD ₹869 — Carrier C,"Dear Carrier C Finance Team,

The following COD shipment was delivered on 2026-02-25. Per the 2-day remittance SLA, payment of ₹869 is due by 2026-02-27 00:00:00.

AWB: AWB8085664843
Order ID: 101914713661
Delivery Date: 2026-02-25
Destination: Satna
COD Amount: ₹869

Please confirm remittance status.

Regards,
Finance Ops — AI Logistics Control Tower",DERIVED (package_amount used as COD-amount proxy — see docs/data_assumptions.md)
Carrier A,AWB9461529469,101614679865,2026-02-25,807,2026-02-27,Overdue,P1 - Urgent,[Remittance Due] AWB AWB9461529469 — COD ₹807 — Carrier A,"Dear Carrier A Finance Team,

The following COD shipment was delivered on 2026-02-25. Per the 2-day remittance SLA, payment of ₹807 is due by 2026-02-27 00:00:00.

AWB: AWB9461529469
Order ID: 101614679865
Delivery Date: 2026-02-25
Destination: Durg
COD Amount: ₹807

Please confirm remittance status.

Regards,
Finance Ops — AI Logistics Control Tower",DERIVED (package_amount used as COD-amount proxy — see docs/data_assumptions.md)
Carrier D,AWB4481883466,100714542501,2026-02-25,1490,2026-02-27,Overdue,P1 - Urgent,"[Remittance Due] AWB AWB4481883466 — COD ₹1,490 — Carrier D","Dear Carrier D Finance Team,

The following COD shipment was delivered on 2026-02-25. Per the 2-day remittance SLA, payment of ₹1,490 is due by 2026-02-27 00:00:00.

AWB: AWB4481883466
Order ID: 100714542501
Delivery Date: 2026-02-25
Destination: Debagarh
COD Amount: ₹1,490

Please confirm remittance status.

Regards,
Finance Ops — AI Logistics Control Tower",DERIVED (package_amount used as COD-amount proxy — see docs/data_assumptions.md)
Carrier D,AWB6799144668,110214875763,2026-02-28,2104,2026-03-02,Overdue,P1 - Urgent,"[Remittance Due] AWB AWB6799144668 — COD ₹2,104 — Carrier D","Dear Carrier D Finance Team,

The following COD shipment was delivered on 2026-02-28. Per the 2-day remittance SLA, payment of ₹2,104 is due by 2026-03-02 00:00:00.

AWB: AWB6799144668
Order ID: 110214875763
Delivery Date: 2026-02-28
Destination: Hoshangabad
COD Amount: ₹2,104

Please confirm remittance status.

Regards,
Finance Ops — AI Logistics Control Tower",DERIVED (package_amount used as COD-amount proxy — see docs/data_assumptions.md)
Carrier C,AWB6726645576,101714684268,2026-03-01,3996,2026-03-03,Overdue,P1 - Urgent,"[Remittance Due] AWB AWB6726645576 — COD ₹3,996 — Carrier C","Dear Carrier C Finance Team,

The following COD shipment was delivered on 2026-03-01. Per the 2-day remittance SLA, payment of ₹3,996 is due by 2026-03-03 00:00:00.

AWB: AWB6726645576
Order ID: 101714684268
Delivery Date: 2026-03-01
Destination: PUNE
COD Amount: ₹3,996

Please confirm remittance status.

Regards,
Finance Ops — AI Logistics Control Tower",DERIVED (package_amount used as COD-amount proxy — see docs/data_assumptions.md)
Carrier A,AWB0428376996,110614921804,2026-03-02,2252,2026-03-04,Overdue,P1 - Urgent,"[Remittance Due] AWB AWB0428376996 — COD ₹2,252 — Carrier A","Dear Carrier A Finance Team,

The following COD shipment was delivered on 2026-03-02. Per the 2-day remittance SLA, payment of ₹2,252 is due by 2026-03-04 00:00:00.

AWB: AWB0428376996
Order ID: 110614921804
Delivery Date: 2026-03-02
Destination: Pune
COD Amount: ₹2,252

Please confirm remittance status.

Regards,
Finance Ops — AI Logistics Control Tower",DERIVED (package_amount used as COD-amount proxy — see docs/data_assumptions.md)
Carrier A,AWB3546018094,111114975392,2026-02-26,779,2026-02-28,Overdue,P2 - High,[Remittance Due] AWB AWB3546018094 — COD ₹779 — Carrier A,"Dear Carrier A Finance Team,

The following COD shipment was delivered on 2026-02-26. Per the 2-day remittance SLA, payment of ₹779 is due by 2026-02-28 00:00:00.

AWB: AWB3546018094
Order ID: 111114975392
Delivery Date: 2026-02-26
Destination: Mumbai
COD Amount: ₹779

Please confirm remittance status.

Regards,
Finance Ops — AI Logistics Control Tower",DERIVED (package_amount used as COD-amount proxy — see docs/data_assumptions.md)
Carrier C,AWB3838453145,110614917137,2026-02-26,899,2026-02-28,Overdue,P2 - High,[Remittance Due] AWB AWB3838453145 — COD ₹899 — Carrier C,"Dear Carrier C Finance Team,

The following COD shipment was delivered on 2026-02-26. Per the 2-day remittance SLA, payment of ₹899 is due by 2026-02-28 00:00:00.

AWB: AWB3838453145
Order ID: 110614917137
Delivery Date: 2026-02-26
Destination: Bangalore
COD Amount: ₹899

Please confirm remittance status.

Regards,
Finance Ops — AI Logistics Control Tower",DERIVED (package_amount used as COD-amount proxy — see docs/data_assumptions.md)
Carrier A,AWB4582814863,110814942918,2026-02-26,521,2026-02-28,Overdue,P2 - High,[Remittance Due] AWB AWB4582814863 — COD ₹521 — Carrier A,"Dear Carrier A Finance Team,

The following COD shipment was delivered on 2026-02-26. Per the 2-day remittance SLA, payment of ₹521 is due by 2026-02-28 00:00:00.

AWB: AWB4582814863
Order ID: 110814942918
Delivery Date: 2026-02-26
Destination: Siwan
COD Amount: ₹521

Please confirm remittance status.

Regards,
Finance Ops — AI Logistics Control Tower",DERIVED (package_amount used as COD-amount proxy — see docs/data_assumptions.md)
Carrier B,AWB3134982908,110514899655,2026-02-26,619,2026-02-28,Overdue,P2 - High,[Remittance Due] AWB AWB3134982908 — COD ₹619 — Carrier B,"Dear Carrier B Finance Team,

The following COD shipment was delivered on 2026-02-26. Per the 2-day remittance SLA, payment of ₹619 is due by 2026-02-28 00:00:00.

AWB: AWB3134982908
Order ID: 110514899655
Delivery Date: 2026-02-26
Destination: Bellary
COD Amount: ₹619

Please confirm remittance status.

Regards,
Finance Ops — AI Logistics Control Tower",DERIVED (package_amount used as COD-amount proxy — see docs/data_assumptions.md)
Carrier B,AWB0954842042,110714933854,2026-02-26,1350,2026-02-28,Overdue,P2 - High,"[Remittance Due] AWB AWB0954842042 — COD ₹1,350 — Carrier B","Dear Carrier B Finance Team,

The following COD shipment was delivered on 2026-02-26. Per the 2-day remittance SLA, payment of ₹1,350 is due by 2026-02-28 00:00:00.

AWB: AWB0954842042
Order ID: 110714933854
Delivery Date: 2026-02-26
Destination: Bangalore
COD Amount: ₹1,350

Please confirm remittance status.

Regards,
Finance Ops — AI Logistics Control Tower",DERIVED (package_amount used as COD-amount proxy — see docs/data_assumptions.md)
Carrier A,AWB8836092619,110614921409,2026-02-26,433,2026-02-28,Overdue,P2 - High,[Remittance Due] AWB AWB8836092619 — COD ₹433 — Carrier A,"Dear Carrier A Finance Team,

The following COD shipment was delivered on 2026-02-26. Per the 2-day remittance SLA, payment of ₹433 is due by 2026-02-28 00:00:00.

AWB: AWB8836092619
Order ID: 110614921409
Delivery Date: 2026-02-26
Destination: Thane
COD Amount: ₹433

Please confirm remittance status.

Regards,
Finance Ops — AI Logistics Control Tower",DERIVED (package_amount used as COD-amount proxy — see docs/data_assumptions.md)
Carrier C,AWB7104228975,110714936029,2026-02-26,757,2026-02-28,Overdue,P2 - High,[Remittance Due] AWB AWB7104228975 — COD ₹757 — Carrier C,"Dear Carrier C Finance Team,

The following COD shipment was delivered on 2026-02-26. Per the 2-day remittance SLA, payment of ₹757 is due by 2026-02-28 00:00:00.

AWB: AWB7104228975
Order ID: 110714936029
Delivery Date: 2026-02-26
Destination: Kanchipuram
COD Amount: ₹757

Please confirm remittance status.

Regards,
Finance Ops — AI Logistics Control Tower",DERIVED (package_amount used as COD-amount proxy — see docs/data_assumptions.md)
Carrier A,AWB1543760487,110614920176,2026-02-26,799,2026-02-28,Overdue,P2 - High,[Remittance Due] AWB AWB1543760487 — COD ₹799 — Carrier A,"Dear Carrier A Finance Team,

The following COD shipment was delivered on 2026-02-26. Per the 2-day remittance SLA, payment of ₹799 is due by 2026-02-28 00:00:00.

AWB: AWB1543760487
Order ID: 110614920176
Delivery Date: 2026-02-26
Destination: Thane
COD Amount: ₹799

Please confirm remittance status.

Regards,
Finance Ops — AI Logistics Control Tower",DERIVED (package_amount used as COD-amount proxy — see docs/data_assumptions.md)
Carrier C,AWB7641795463,103014831978,2026-02-26,499,2026-02-28,Overdue,P2 - High,[Remittance Due] AWB AWB7641795463 — COD ₹499 — Carrier C,"Dear Carrier C Finance Team,

The following COD shipment was delivered on 2026-02-26. Per the 2-day remittance SLA, payment of ₹499 is due by 2026-02-28 00:00:00.

AWB: AWB7641795463
Order ID: 103014831978
Delivery Date: 2026-02-26
Destination: Kishanganj
COD Amount: ₹499

Please confirm remittance status.

Regards,
Finance Ops — AI Logistics Control Tower",DERIVED (package_amount used as COD-amount proxy — see docs/data_assumptions.md)
Carrier B,AWB0844477641,102914824875,2026-02-26,809,2026-02-28,Overdue,P2 - High,[Remittance Due] AWB AWB0844477641 — COD ₹809 — Carrier B,"Dear Carrier B Finance Team,

The following COD shipment was delivered on 2026-02-26. Per the 2-day remittance SLA, payment of ₹809 is due by 2026-02-28 00:00:00.

AWB: AWB0844477641
Order ID: 102914824875
Delivery Date: 2026-02-26
Destination: Malappuram
COD Amount: ₹809

Please confirm remittance status.

Regards,
Finance Ops — AI Logistics Control Tower",DERIVED (package_amount used as COD-amount proxy — see docs/data_assumptions.md)
Carrier B,AWB8915541209,102914820035,2026-02-26,1147,2026-02-28,Overdue,P2 - High,"[Remittance Due] AWB AWB8915541209 — COD ₹1,147 — Carrier B","Dear Carrier B Finance Team,

The following COD shipment was delivered on 2026-02-26. Per the 2-day remittance SLA, payment of ₹1,147 is due by 2026-02-28 00:00:00.

AWB: AWB8915541209
Order ID: 102914820035
Delivery Date: 2026-02-26
Destination: Chittoor
COD Amount: ₹1,147

Please confirm remittance status.

Regards,
Finance Ops — AI Logistics Control Tower",DERIVED (package_amount used as COD-amount proxy — see docs/data_assumptions.md)
Carrier A,AWB0545021968,102514793386,2026-02-26,1047,2026-02-28,Overdue,P2 - High,"[Remittance Due] AWB AWB0545021968 — COD ₹1,047 — Carrier A","Dear Carrier A Finance Team,

The following COD shipment was delivered on 2026-02-26. Per the 2-day remittance SLA, payment of ₹1,047 is due by 2026-02-28 00:00:00.

AWB: AWB0545021968
Order ID: 102514793386
Delivery Date: 2026-02-26
Destination: Thane
COD Amount: ₹1,047

Please confirm remittance status.

Regards,
Finance Ops — AI Logistics Control Tower",DERIVED (package_amount used as COD-amount proxy — see docs/data_assumptions.md)
Carrier C,AWB3747013829,102114744631,2026-02-26,427,2026-02-28,Overdue,P2 - High,[Remittance Due] AWB AWB3747013829 — COD ₹427 — Carrier C,"Dear Carrier C Finance Team,

The following COD shipment was delivered on 2026-02-26. Per the 2-day remittance SLA, payment of ₹427 is due by 2026-02-28 00:00:00.

AWB: AWB3747013829
Order ID: 102114744631
Delivery Date: 2026-02-26
Destination: Cuddapah
COD Amount: ₹427

Please confirm remittance status.

Regards,
Finance Ops — AI Logistics Control Tower",DERIVED (package_amount used as COD-amount proxy — see docs/data_assumptions.md)
Carrier C,AWB0093458873,103014838145,2026-02-26,829,2026-02-28,Overdue,P2 - High,[Remittance Due] AWB AWB0093458873 — COD ₹829 — Carrier C,"Dear Carrier C Finance Team,

The following COD shipment was delivered on 2026-02-26. Per the 2-day remittance SLA, payment of ₹829 is due by 2026-02-28 00:00:00.

AWB: AWB0093458873
Order ID: 103014838145
Delivery Date: 2026-02-26
Destination: SOLAPUR
COD Amount: ₹829

Please confirm remittance status.

Regards,
Finance Ops — AI Logistics Control Tower",DERIVED (package_amount used as COD-amount proxy — see docs/data_assumptions.md)
Carrier D,AWB4647486242,102714805313,2026-02-26,349,2026-02-28,Overdue,P2 - High,[Remittance Due] AWB AWB4647486242 — COD ₹349 — Carrier D,"Dear Carrier D Finance Team,

The following COD shipment was delivered on 2026-02-26. Per the 2-day remittance SLA, payment of ₹349 is due by 2026-02-28 00:00:00.

AWB: AWB4647486242
Order ID: 102714805313
Delivery Date: 2026-02-26
Destination: Medak
COD Amount: ₹349

Please confirm remittance status.

Regards,
Finance Ops — AI Logistics Control Tower",DERIVED (package_amount used as COD-amount proxy — see docs/data_assumptions.md)
Carrier D,AWB2608527779,102714804493,2026-02-26,279,2026-02-28,Overdue,P2 - High,[Remittance Due] AWB AWB2608527779 — COD ₹279 — Carrier D,"Dear Carrier D Finance Team,

The following COD shipment was delivered on 2026-02-26. Per the 2-day remittance SLA, payment of ₹279 is due by 2026-02-28 00:00:00.

AWB: AWB2608527779
Order ID: 102714804493
Delivery Date: 2026-02-26
Destination: Saran
COD Amount: ₹279

Please confirm remittance status.

Regards,
Finance Ops — AI Logistics Control Tower",DERIVED (package_amount used as COD-amount proxy — see docs/data_assumptions.md)
Carrier B,AWB0475202971,101714694944,2026-02-26,699,2026-02-28,Overdue,P2 - High,[Remittance Due] AWB AWB0475202971 — COD ₹699 — Carrier B,"Dear Carrier B Finance Team,

The following COD shipment was delivered on 2026-02-26. Per the 2-day remittance SLA, payment of ₹699 is due by 2026-02-28 00:00:00.

AWB: AWB0475202971
Order ID: 101714694944
Delivery Date: 2026-02-26
Destination: Gadchiroli
COD Amount: ₹699

Please confirm remittance status.

Regards,
Finance Ops — AI Logistics Control Tower",DERIVED (package_amount used as COD-amount proxy — see docs/data_assumptions.md)
Carrier A,AWB4993175200,92114316502,2026-02-26,709,2026-02-28,Overdue,P2 - High,[Remittance Due] AWB AWB4993175200 — COD ₹709 — Carrier A,"Dear Carrier A Finance Team,

The following COD shipment was delivered on 2026-02-26. Per the 2-day remittance SLA, payment of ₹709 is due by 2026-02-28 00:00:00.

AWB: AWB4993175200
Order ID: 92114316502
Delivery Date: 2026-02-26
Destination: Muzaffarpur
COD Amount: ₹709

Please confirm remittance status.

Regards,
Finance Ops — AI Logistics Control Tower",DERIVED (package_amount used as COD-amount proxy — see docs/data_assumptions.md)
Carrier C,AWB7034609604,102114736587,2026-02-26,311,2026-02-28,Overdue,P2 - High,[Remittance Due] AWB AWB7034609604 — COD ₹311 — Carrier C,"Dear Carrier C Finance Team,

The following COD shipment was delivered on 2026-02-26. Per the 2-day remittance SLA, payment of ₹311 is due by 2026-02-28 00:00:00.

AWB: AWB7034609604
Order ID: 102114736587
Delivery Date: 2026-02-26
Destination: Mahabub Nagar
COD Amount: ₹311

Please confirm remittance status.

Regards,
Finance Ops — AI Logistics Control Tower",DERIVED (package_amount used as COD-amount proxy — see docs/data_assumptions.md)
Carrier C,AWB0101126128,101914714171,2026-02-26,499,2026-02-28,Overdue,P2 - High,[Remittance Due] AWB AWB0101126128 — COD ₹499 — Carrier C,"Dear Carrier C Finance Team,

The following COD shipment was delivered on 2026-02-26. Per the 2-day remittance SLA, payment of ₹499 is due by 2026-02-28 00:00:00.

AWB: AWB0101126128
Order ID: 101914714171
Delivery Date: 2026-02-26
Destination: Muzaffarpur
COD Amount: ₹499

Please confirm remittance status.

Regards,
Finance Ops — AI Logistics Control Tower",DERIVED (package_amount used as COD-amount proxy — see docs/data_assumptions.md)
Carrier D,AWB8421925340,102414781135,2026-02-26,499,2026-02-28,Overdue,P2 - High,[Remittance Due] AWB AWB8421925340 — COD ₹499 — Carrier D,"Dear Carrier D Finance Team,

The following COD shipment was delivered on 2026-02-26. Per the 2-day remittance SLA, payment of ₹499 is due by 2026-02-28 00:00:00.

AWB: AWB8421925340
Order ID: 102414781135
Delivery Date: 2026-02-26
Destination: Ghaziabad
COD Amount: ₹499

Please confirm remittance status.

Regards,
Finance Ops — AI Logistics Control Tower",DERIVED (package_amount used as COD-amount proxy — see docs/data_assumptions.md)
Carrier C,AWB3651865745,101714692780,2026-02-26,576,2026-02-28,Overdue,P2 - High,[Remittance Due] AWB AWB3651865745 — COD ₹576 — Carrier C,"Dear Carrier C Finance Team,

The following COD shipment was delivered on 2026-02-26. Per the 2-day remittance SLA, payment of ₹576 is due by 2026-02-28 00:00:00.

AWB: AWB3651865745
Order ID: 101714692780
Delivery Date: 2026-02-26
Destination: East Sikkim
COD Amount: ₹576

Please confirm remittance status.

Regards,
Finance Ops — AI Logistics Control Tower",DERIVED (package_amount used as COD-amount proxy — see docs/data_assumptions.md)
Carrier D,AWB1580069894,101214622712,2026-02-26,779,2026-02-28,Overdue,P2 - High,[Remittance Due] AWB AWB1580069894 — COD ₹779 — Carrier D,"Dear Carrier D Finance Team,

The following COD shipment was delivered on 2026-02-26. Per the 2-day remittance SLA, payment of ₹779 is due by 2026-02-28 00:00:00.

AWB: AWB1580069894
Order ID: 101214622712
Delivery Date: 2026-02-26
Destination: Jalna
COD Amount: ₹779

Please confirm remittance status.

Regards,
Finance Ops — AI Logistics Control Tower",DERIVED (package_amount used as COD-amount proxy — see docs/data_assumptions.md)
Carrier D,AWB2962750579,92114319501,2026-02-26,699,2026-02-28,Overdue,P2 - High,[Remittance Due] AWB AWB2962750579 — COD ₹699 — Carrier D,"Dear Carrier D Finance Team,

The following COD shipment was delivered on 2026-02-26. Per the 2-day remittance SLA, payment of ₹699 is due by 2026-02-28 00:00:00.

AWB: AWB2962750579
Order ID: 92114319501
Delivery Date: 2026-02-26
Destination: East Godavari
COD Amount: ₹699

Please confirm remittance status.

Regards,
Finance Ops — AI Logistics Control Tower",DERIVED (package_amount used as COD-amount proxy — see docs/data_assumptions.md)
Carrier A,AWB2828629060,110914960163,2026-02-27,717,2026-03-01,Overdue,P2 - High,[Remittance Due] AWB AWB2828629060 — COD ₹717 — Carrier A,"Dear Carrier A Finance Team,

The following COD shipment was delivered on 2026-02-27. Per the 2-day remittance SLA, payment of ₹717 is due by 2026-03-01 00:00:00.

AWB: AWB2828629060
Order ID: 110914960163
Delivery Date: 2026-02-27
Destination: Gurgaon
COD Amount: ₹717

Please confirm remittance status.

Regards,
Finance Ops — AI Logistics Control Tower",DERIVED (package_amount used as COD-amount proxy — see docs/data_assumptions.md)
Carrier B,AWB4845786841,110514906613,2026-02-27,1511,2026-03-01,Overdue,P2 - High,"[Remittance Due] AWB AWB4845786841 — COD ₹1,511 — Carrier B","Dear Carrier B Finance Team,

The following COD shipment was delivered on 2026-02-27. Per the 2-day remittance SLA, payment of ₹1,511 is due by 2026-03-01 00:00:00.

AWB: AWB4845786841
Order ID: 110514906613
Delivery Date: 2026-02-27
Destination: Rajkot
COD Amount: ₹1,511

Please confirm remittance status.

Regards,
Finance Ops — AI Logistics Control Tower",DERIVED (package_amount used as COD-amount proxy — see docs/data_assumptions.md)
Carrier A,AWB1472067787,111014965881,2026-02-27,1500,2026-03-01,Overdue,P2 - High,"[Remittance Due] AWB AWB1472067787 — COD ₹1,500 — Carrier A","Dear Carrier A Finance Team,

The following COD shipment was delivered on 2026-02-27. Per the 2-day remittance SLA, payment of ₹1,500 is due by 2026-03-01 00:00:00.

AWB: AWB1472067787
Order ID: 111014965881
Delivery Date: 2026-02-27
Destination: Pune
COD Amount: ₹1,500

Please confirm remittance status.

Regards,
Finance Ops — AI Logistics Control Tower",DERIVED (package_amount used as COD-amount proxy — see docs/data_assumptions.md)
Carrier D,AWB4653742022,110314882074,2026-02-27,859,2026-03-01,Overdue,P2 - High,[Remittance Due] AWB AWB4653742022 — COD ₹859 — Carrier D,"Dear Carrier D Finance Team,

The following COD shipment was delivered on 2026-02-27. Per the 2-day remittance SLA, payment of ₹859 is due by 2026-03-01 00:00:00.

AWB: AWB4653742022
Order ID: 110314882074
Delivery Date: 2026-02-27
Destination: Dhemaji
COD Amount: ₹859

Please confirm remittance status.

Regards,
Finance Ops — AI Logistics Control Tower",DERIVED (package_amount used as COD-amount proxy — see docs/data_assumptions.md)
Carrier A,AWB0521377310,110614924079,2026-02-27,520,2026-03-01,Overdue,P2 - High,[Remittance Due] AWB AWB0521377310 — COD ₹520 — Carrier A,"Dear Carrier A Finance Team,

The following COD shipment was delivered on 2026-02-27. Per the 2-day remittance SLA, payment of ₹520 is due by 2026-03-01 00:00:00.

AWB: AWB0521377310
Order ID: 110614924079
Delivery Date: 2026-02-27
Destination: Pakur
COD Amount: ₹520

Please confirm remittance status.

Regards,
Finance Ops — AI Logistics Control Tower",DERIVED (package_amount used as COD-amount proxy — see docs/data_assumptions.md)
Carrier C,AWB7500335536,102614797843,2026-02-27,724,2026-03-01,Overdue,P2 - High,[Remittance Due] AWB AWB7500335536 — COD ₹724 — Carrier C,"Dear Carrier C Finance Team,

The following COD shipment was delivered on 2026-02-27. Per the 2-day remittance SLA, payment of ₹724 is due by 2026-03-01 00:00:00.

AWB: AWB7500335536
Order ID: 102614797843
Delivery Date: 2026-02-27
Destination: Lohit
COD Amount: ₹724

Please confirm remittance status.

Regards,
Finance Ops — AI Logistics Control Tower",DERIVED (package_amount used as COD-amount proxy — see docs/data_assumptions.md)
Carrier B,AWB7633899186,110214867030,2026-02-27,400,2026-03-01,Overdue,P2 - High,[Remittance Due] AWB AWB7633899186 — COD ₹400 — Carrier B,"Dear Carrier B Finance Team,

The following COD shipment was delivered on 2026-02-27. Per the 2-day remittance SLA, payment of ₹400 is due by 2026-03-01 00:00:00.

AWB: AWB7633899186
Order ID: 110214867030
Delivery Date: 2026-02-27
Destination: Warangal
COD Amount: ₹400

Please confirm remittance status.

Regards,
Finance Ops — AI Logistics Control Tower",DERIVED (package_amount used as COD-amount proxy — see docs/data_assumptions.md)
Carrier B,AWB9540844439,110214870340,2026-02-27,1025,2026-03-01,Overdue,P2 - High,"[Remittance Due] AWB AWB9540844439 — COD ₹1,025 — Carrier B","Dear Carrier B Finance Team,

The following COD shipment was delivered on 2026-02-27. Per the 2-day remittance SLA, payment of ₹1,025 is due by 2026-03-01 00:00:00.

AWB: AWB9540844439
Order ID: 110214870340
Delivery Date: 2026-02-27
Destination: Kalahandi
COD Amount: ₹1,025

Please confirm remittance status.

Regards,
Finance Ops — AI Logistics Control Tower",DERIVED (package_amount used as COD-amount proxy — see docs/data_assumptions.md)
Carrier A,AWB3628405601,102614794975,2026-02-27,759,2026-03-01,Overdue,P2 - High,[Remittance Due] AWB AWB3628405601 — COD ₹759 — Carrier A,"Dear Carrier A Finance Team,

The following COD shipment was delivered on 2026-02-27. Per the 2-day remittance SLA, payment of ₹759 is due by 2026-03-01 00:00:00.

AWB: AWB3628405601
Order ID: 102614794975
Delivery Date: 2026-02-27
Destination: Ananthapur
COD Amount: ₹759

Please confirm remittance status.

Regards,
Finance Ops — AI Logistics Control Tower",DERIVED (package_amount used as COD-amount proxy — see docs/data_assumptions.md)
Carrier C,AWB6523849946,102814816059,2026-02-27,319,2026-03-01,Overdue,P2 - High,[Remittance Due] AWB AWB6523849946 — COD ₹319 — Carrier C,"Dear Carrier C Finance Team,

The following COD shipment was delivered on 2026-02-27. Per the 2-day remittance SLA, payment of ₹319 is due by 2026-03-01 00:00:00.

AWB: AWB6523849946
Order ID: 102814816059
Delivery Date: 2026-02-27
Destination: Bhilwara
COD Amount: ₹319

Please confirm remittance status.

Regards,
Finance Ops — AI Logistics Control Tower",DERIVED (package_amount used as COD-amount proxy — see docs/data_assumptions.md)
Carrier D,AWB5068673091,101714692347,2026-02-27,829,2026-03-01,Overdue,P2 - High,[Remittance Due] AWB AWB5068673091 — COD ₹829 — Carrier D,"Dear Carrier D Finance Team,

The following COD shipment was delivered on 2026-02-27. Per the 2-day remittance SLA, payment of ₹829 is due by 2026-03-01 00:00:00.

AWB: AWB5068673091
Order ID: 101714692347
Delivery Date: 2026-02-27
Destination: Bhavnagar
COD Amount: ₹829

Please confirm remittance status.

Regards,
Finance Ops — AI Logistics Control Tower",DERIVED (package_amount used as COD-amount proxy — see docs/data_assumptions.md)
Carrier D,AWB1752711086,102414783418,2026-02-27,998,2026-03-01,Overdue,P2 - High,[Remittance Due] AWB AWB1752711086 — COD ₹998 — Carrier D,"Dear Carrier D Finance Team,

The following COD shipment was delivered on 2026-02-27. Per the 2-day remittance SLA, payment of ₹998 is due by 2026-03-01 00:00:00.

AWB: AWB1752711086
Order ID: 102414783418
Delivery Date: 2026-02-27
Destination: Etawah
COD Amount: ₹998

Please confirm remittance status.

Regards,
Finance Ops — AI Logistics Control Tower",DERIVED (package_amount used as COD-amount proxy — see docs/data_assumptions.md)
Carrier D,AWB3784918080,101814707350,2026-02-27,1845,2026-03-01,Overdue,P2 - High,"[Remittance Due] AWB AWB3784918080 — COD ₹1,845 — Carrier D","Dear Carrier D Finance Team,

The following COD shipment was delivered on 2026-02-27. Per the 2-day remittance SLA, payment of ₹1,845 is due by 2026-03-01 00:00:00.

AWB: AWB3784918080
Order ID: 101814707350
Delivery Date: 2026-02-27
Destination: Dhubri
COD Amount: ₹1,845

Please confirm remittance status.

Regards,
Finance Ops — AI Logistics Control Tower",DERIVED (package_amount used as COD-amount proxy — see docs/data_assumptions.md)
Carrier C,AWB8759469740,102214751734,2026-02-27,1070,2026-03-01,Overdue,P2 - High,"[Remittance Due] AWB AWB8759469740 — COD ₹1,070 — Carrier C","Dear Carrier C Finance Team,

The following COD shipment was delivered on 2026-02-27. Per the 2-day remittance SLA, payment of ₹1,070 is due by 2026-03-01 00:00:00.

AWB: AWB8759469740
Order ID: 102214751734
Delivery Date: 2026-02-27
Destination: Ganjam
COD Amount: ₹1,070

Please confirm remittance status.

Regards,
Finance Ops — AI Logistics Control Tower",DERIVED (package_amount used as COD-amount proxy — see docs/data_assumptions.md)
Carrier D,AWB9858882913,102214754906,2026-02-27,1553,2026-03-01,Overdue,P2 - High,"[Remittance Due] AWB AWB9858882913 — COD ₹1,553 — Carrier D","Dear Carrier D Finance Team,

The following COD shipment was delivered on 2026-02-27. Per the 2-day remittance SLA, payment of ₹1,553 is due by 2026-03-01 00:00:00.

AWB: AWB9858882913
Order ID: 102214754906
Delivery Date: 2026-02-27
Destination: Debagarh
COD Amount: ₹1,553

Please confirm remittance status.

Regards,
Finance Ops — AI Logistics Control Tower",DERIVED (package_amount used as COD-amount proxy — see docs/data_assumptions.md)
Carrier D,AWB4156330352,102114746124,2026-02-27,491,2026-03-01,Overdue,P2 - High,[Remittance Due] AWB AWB4156330352 — COD ₹491 — Carrier D,"Dear Carrier D Finance Team,

The following COD shipment was delivered on 2026-02-27. Per the 2-day remittance SLA, payment of ₹491 is due by 2026-03-01 00:00:00.

AWB: AWB4156330352
Order ID: 102114746124
Delivery Date: 2026-02-27
Destination: Krishna
COD Amount: ₹491

Please confirm remittance status.

Regards,
Finance Ops — AI Logistics Control Tower",DERIVED (package_amount used as COD-amount proxy — see docs/data_assumptions.md)
Carrier C,AWB3810219442,92314406628,2026-02-27,999,2026-03-01,Overdue,P2 - High,[Remittance Due] AWB AWB3810219442 — COD ₹999 — Carrier C,"Dear Carrier C Finance Team,

The following COD shipment was delivered on 2026-02-27. Per the 2-day remittance SLA, payment of ₹999 is due by 2026-03-01 00:00:00.

AWB: AWB3810219442
Order ID: 92314406628
Delivery Date: 2026-02-27
Destination: Gadchiroli
COD Amount: ₹999

Please confirm remittance status.

Regards,
Finance Ops — AI Logistics Control Tower",DERIVED (package_amount used as COD-amount proxy — see docs/data_assumptions.md)
Carrier C,AWB6048804600,101914709724,2026-02-27,249,2026-03-01,Overdue,P2 - High,[Remittance Due] AWB AWB6048804600 — COD ₹249 — Carrier C,"Dear Carrier C Finance Team,

The following COD shipment was delivered on 2026-02-27. Per the 2-day remittance SLA, payment of ₹249 is due by 2026-03-01 00:00:00.

AWB: AWB6048804600
Order ID: 101914709724
Delivery Date: 2026-02-27
Destination: West Godavari
COD Amount: ₹249

Please confirm remittance status.

Regards,
Finance Ops — AI Logistics Control Tower",DERIVED (package_amount used as COD-amount proxy — see docs/data_assumptions.md)
Carrier A,AWB0060957995,102214760175,2026-02-27,1145,2026-03-01,Overdue,P2 - High,"[Remittance Due] AWB AWB0060957995 — COD ₹1,145 — Carrier A","Dear Carrier A Finance Team,

The following COD shipment was delivered on 2026-02-27. Per the 2-day remittance SLA, payment of ₹1,145 is due by 2026-03-01 00:00:00.

AWB: AWB0060957995
Order ID: 102214760175
Delivery Date: 2026-02-27
Destination: Bhavnagar
COD Amount: ₹1,145

Please confirm remittance status.

Regards,
Finance Ops — AI Logistics Control Tower",DERIVED (package_amount used as COD-amount proxy — see docs/data_assumptions.md)
Carrier D,AWB7322800978,101914710890,2026-02-27,1332,2026-03-01,Overdue,P2 - High,"[Remittance Due] AWB AWB7322800978 — COD ₹1,332 — Carrier D","Dear Carrier D Finance Team,

The following COD shipment was delivered on 2026-02-27. Per the 2-day remittance SLA, payment of ₹1,332 is due by 2026-03-01 00:00:00.

AWB: AWB7322800978
Order ID: 101914710890
Delivery Date: 2026-02-27
Destination: Jaipur
COD Amount: ₹1,332

Please confirm remittance status.

Regards,
Finance Ops — AI Logistics Control Tower",DERIVED (package_amount used as COD-amount proxy — see docs/data_assumptions.md)
Carrier C,AWB5874252998,110614919637,2026-02-28,1947,2026-03-02,Overdue,P2 - High,"[Remittance Due] AWB AWB5874252998 — COD ₹1,947 — Carrier C","Dear Carrier C Finance Team,

The following COD shipment was delivered on 2026-02-28. Per the 2-day remittance SLA, payment of ₹1,947 is due by 2026-03-02 00:00:00.

AWB: AWB5874252998
Order ID: 110614919637
Delivery Date: 2026-02-28
Destination: Surat
COD Amount: ₹1,947

Please confirm remittance status.

Regards,
Finance Ops — AI Logistics Control Tower",DERIVED (package_amount used as COD-amount proxy — see docs/data_assumptions.md)
Carrier D,AWB7602441083,110614918223,2026-02-28,853,2026-03-02,Overdue,P2 - High,[Remittance Due] AWB AWB7602441083 — COD ₹853 — Carrier D,"Dear Carrier D Finance Team,

The following COD shipment was delivered on 2026-02-28. Per the 2-day remittance SLA, payment of ₹853 is due by 2026-03-02 00:00:00.

AWB: AWB7602441083
Order ID: 110614918223
Delivery Date: 2026-02-28
Destination: Kalahandi
COD Amount: ₹853

Please confirm remittance status.

Regards,
Finance Ops — AI Logistics Control Tower",DERIVED (package_amount used as COD-amount proxy — see docs/data_assumptions.md)
Carrier D,AWB5446273722,110414889597,2026-02-28,349,2026-03-02,Overdue,P2 - High,[Remittance Due] AWB AWB5446273722 — COD ₹349 — Carrier D,"Dear Carrier D Finance Team,

The following COD shipment was delivered on 2026-02-28. Per the 2-day remittance SLA, payment of ₹349 is due by 2026-03-02 00:00:00.

AWB: AWB5446273722
Order ID: 110414889597
Delivery Date: 2026-02-28
Destination: Papum Pare
COD Amount: ₹349

Please confirm remittance status.

Regards,
Finance Ops — AI Logistics Control Tower",DERIVED (package_amount used as COD-amount proxy — see docs/data_assumptions.md)
Carrier D,AWB7215669814,110714928895,2026-02-28,769,2026-03-02,Overdue,P2 - High,[Remittance Due] AWB AWB7215669814 — COD ₹769 — Carrier D,"Dear Carrier D Finance Team,

The following COD shipment was delivered on 2026-02-28. Per the 2-day remittance SLA, payment of ₹769 is due by 2026-03-02 00:00:00.

AWB: AWB7215669814
Order ID: 110714928895
Delivery Date: 2026-02-28
Destination: Kasargod
COD Amount: ₹769

Please confirm remittance status.

Regards,
Finance Ops — AI Logistics Control Tower",DERIVED (package_amount used as COD-amount proxy — see docs/data_assumptions.md)
Carrier D,AWB0721856269,102714805754,2026-02-28,779,2026-03-02,Overdue,P2 - High,[Remittance Due] AWB AWB0721856269 — COD ₹779 — Carrier D,"Dear Carrier D Finance Team,

The following COD shipment was delivered on 2026-02-28. Per the 2-day remittance SLA, payment of ₹779 is due by 2026-03-02 00:00:00.

AWB: AWB0721856269
Order ID: 102714805754
Delivery Date: 2026-02-28
Destination: Durg
COD Amount: ₹779

Please confirm remittance status.

Regards,
Finance Ops — AI Logistics Control Tower",DERIVED (package_amount used as COD-amount proxy — see docs/data_assumptions.md)
Carrier D,AWB5132649196,102414776842,2026-02-28,989,2026-03-02,Overdue,P2 - High,[Remittance Due] AWB AWB5132649196 — COD ₹989 — Carrier D,"Dear Carrier D Finance Team,

The following COD shipment was delivered on 2026-02-28. Per the 2-day remittance SLA, payment of ₹989 is due by 2026-03-02 00:00:00.

AWB: AWB5132649196
Order ID: 102414776842
Delivery Date: 2026-02-28
Destination: Bemetara
COD Amount: ₹989

Please confirm remittance status.

Regards,
Finance Ops — AI Logistics Control Tower",DERIVED (package_amount used as COD-amount proxy — see docs/data_assumptions.md)
Carrier D,AWB9714049951,100114457246,2026-02-28,1159,2026-03-02,Overdue,P2 - High,"[Remittance Due] AWB AWB9714049951 — COD ₹1,159 — Carrier D","Dear Carrier D Finance Team,

The following COD shipment was delivered on 2026-02-28. Per the 2-day remittance SLA, payment of ₹1,159 is due by 2026-03-02 00:00:00.

AWB: AWB9714049951
Order ID: 100114457246
Delivery Date: 2026-02-28
Destination: Junagadh
COD Amount: ₹1,159

Please confirm remittance status.

Regards,
Finance Ops — AI Logistics Control Tower",DERIVED (package_amount used as COD-amount proxy — see docs/data_assumptions.md)
Carrier B,AWB9680658133,102014721022,2026-02-28,943,2026-03-02,Overdue,P2 - High,[Remittance Due] AWB AWB9680658133 — COD ₹943 — Carrier B,"Dear Carrier B Finance Team,

The following COD shipment was delivered on 2026-02-28. Per the 2-day remittance SLA, payment of ₹943 is due by 2026-03-02 00:00:00.

AWB: AWB9680658133
Order ID: 102014721022
Delivery Date: 2026-02-28
Destination: Damoh
COD Amount: ₹943

Please confirm remittance status.

Regards,
Finance Ops — AI Logistics Control Tower",DERIVED (package_amount used as COD-amount proxy — see docs/data_assumptions.md)
Carrier D,AWB4147895210,101814697537,2026-02-28,748,2026-03-02,Overdue,P2 - High,[Remittance Due] AWB AWB4147895210 — COD ₹748 — Carrier D,"Dear Carrier D Finance Team,

The following COD shipment was delivered on 2026-02-28. Per the 2-day remittance SLA, payment of ₹748 is due by 2026-03-02 00:00:00.

AWB: AWB4147895210
Order ID: 101814697537
Delivery Date: 2026-02-28
Destination: Adilabad
COD Amount: ₹748

Please confirm remittance status.

Regards,
Finance Ops — AI Logistics Control Tower",DERIVED (package_amount used as COD-amount proxy — see docs/data_assumptions.md)
Carrier C,AWB6494226458,102114742293,2026-02-28,526,2026-03-02,Overdue,P2 - High,[Remittance Due] AWB AWB6494226458 — COD ₹526 — Carrier C,"Dear Carrier C Finance Team,

The following COD shipment was delivered on 2026-02-28. Per the 2-day remittance SLA, payment of ₹526 is due by 2026-03-02 00:00:00.

AWB: AWB6494226458
Order ID: 102114742293
Delivery Date: 2026-02-28
Destination: Prakasam
COD Amount: ₹526

Please confirm remittance status.

Regards,
Finance Ops — AI Logistics Control Tower",DERIVED (package_amount used as COD-amount proxy — see docs/data_assumptions.md)
Carrier B,AWB9092601836,101414643536,2026-02-28,499,2026-03-02,Overdue,P2 - High,[Remittance Due] AWB AWB9092601836 — COD ₹499 — Carrier B,"Dear Carrier B Finance Team,

The following COD shipment was delivered on 2026-02-28. Per the 2-day remittance SLA, payment of ₹499 is due by 2026-03-02 00:00:00.

AWB: AWB9092601836
Order ID: 101414643536
Delivery Date: 2026-02-28
Destination: East Godavari
COD Amount: ₹499

Please confirm remittance status.

Regards,
Finance Ops — AI Logistics Control Tower",DERIVED (package_amount used as COD-amount proxy — see docs/data_assumptions.md)
Carrier C,AWB9740326134,101514659035,2026-02-28,1289,2026-03-02,Overdue,P2 - High,"[Remittance Due] AWB AWB9740326134 — COD ₹1,289 — Carrier C","Dear Carrier C Finance Team,

The following COD shipment was delivered on 2026-02-28. Per the 2-day remittance SLA, payment of ₹1,289 is due by 2026-03-02 00:00:00.

AWB: AWB9740326134
Order ID: 101514659035
Delivery Date: 2026-02-28
Destination: Nashik
COD Amount: ₹1,289

Please confirm remittance status.

Regards,
Finance Ops — AI Logistics Control Tower",DERIVED (package_amount used as COD-amount proxy — see docs/data_assumptions.md)
Carrier A,AWB5230863105,101314632127,2026-02-28,499,2026-03-02,Overdue,P2 - High,[Remittance Due] AWB AWB5230863105 — COD ₹499 — Carrier A,"Dear Carrier A Finance Team,

The following COD shipment was delivered on 2026-02-28. Per the 2-day remittance SLA, payment of ₹499 is due by 2026-03-02 00:00:00.

AWB: AWB5230863105
Order ID: 101314632127
Delivery Date: 2026-02-28
Destination: Kannur
COD Amount: ₹499

Please confirm remittance status.

Regards,
Finance Ops — AI Logistics Control Tower",DERIVED (package_amount used as COD-amount proxy — see docs/data_assumptions.md)
Carrier D,AWB8963366986,101114592501,2026-02-28,374,2026-03-02,Overdue,P2 - High,[Remittance Due] AWB AWB8963366986 — COD ₹374 — Carrier D,"Dear Carrier D Finance Team,

The following COD shipment was delivered on 2026-02-28. Per the 2-day remittance SLA, payment of ₹374 is due by 2026-03-02 00:00:00.

AWB: AWB8963366986
Order ID: 101114592501
Delivery Date: 2026-02-28
Destination: Damoh
COD Amount: ₹374

Please confirm remittance status.

Regards,
Finance Ops — AI Logistics Control Tower",DERIVED (package_amount used as COD-amount proxy — see docs/data_assumptions.md)
Carrier D,AWB0520296058,101014579281,2026-02-28,699,2026-03-02,Overdue,P2 - High,[Remittance Due] AWB AWB0520296058 — COD ₹699 — Carrier D,"Dear Carrier D Finance Team,

The following COD shipment was delivered on 2026-02-28. Per the 2-day remittance SLA, payment of ₹699 is due by 2026-03-02 00:00:00.

AWB: AWB0520296058
Order ID: 101014579281
Delivery Date: 2026-02-28
Destination: Chittoor
COD Amount: ₹699

Please confirm remittance status.

Regards,
Finance Ops — AI Logistics Control Tower",DERIVED (package_amount used as COD-amount proxy — see docs/data_assumptions.md)
Carrier B,AWB7547139694,100214467849,2026-02-28,839,2026-03-02,Overdue,P2 - High,[Remittance Due] AWB AWB7547139694 — COD ₹839 — Carrier B,"Dear Carrier B Finance Team,

The following COD shipment was delivered on 2026-02-28. Per the 2-day remittance SLA, payment of ₹839 is due by 2026-03-02 00:00:00.

AWB: AWB7547139694
Order ID: 100214467849
Delivery Date: 2026-02-28
Destination: Kalahandi
COD Amount: ₹839

Please confirm remittance status.

Regards,
Finance Ops — AI Logistics Control Tower",DERIVED (package_amount used as COD-amount proxy — see docs/data_assumptions.md)
Carrier D,AWB5511261953,100914567813,2026-02-28,481,2026-03-02,Overdue,P2 - High,[Remittance Due] AWB AWB5511261953 — COD ₹481 — Carrier D,"Dear Carrier D Finance Team,

The following COD shipment was delivered on 2026-02-28. Per the 2-day remittance SLA, payment of ₹481 is due by 2026-03-02 00:00:00.

AWB: AWB5511261953
Order ID: 100914567813
Delivery Date: 2026-02-28
Destination: Goalpara
COD Amount: ₹481

Please confirm remittance status.

Regards,
Finance Ops — AI Logistics Control Tower",DERIVED (package_amount used as COD-amount proxy — see docs/data_assumptions.md)
Carrier A,AWB3086863229,100314482310,2026-02-28,489,2026-03-02,Overdue,P2 - High,[Remittance Due] AWB AWB3086863229 — COD ₹489 — Carrier A,"Dear Carrier A Finance Team,

The following COD shipment was delivered on 2026-02-28. Per the 2-day remittance SLA, payment of ₹489 is due by 2026-03-02 00:00:00.

AWB: AWB3086863229
Order ID: 100314482310
Delivery Date: 2026-02-28
Destination: Sambalpur
COD Amount: ₹489

Please confirm remittance status.

Regards,
Finance Ops — AI Logistics Control Tower",DERIVED (package_amount used as COD-amount proxy — see docs/data_assumptions.md)
Carrier D,AWB0233000292,110514911162,2026-03-01,779,2026-03-03,Overdue,P2 - High,[Remittance Due] AWB AWB0233000292 — COD ₹779 — Carrier D,"Dear Carrier D Finance Team,

The following COD shipment was delivered on 2026-03-01. Per the 2-day remittance SLA, payment of ₹779 is due by 2026-03-03 00:00:00.

AWB: AWB0233000292
Order ID: 110514911162
Delivery Date: 2026-03-01
Destination: South Goa
COD Amount: ₹779

Please confirm remittance status.

Regards,
Finance Ops — AI Logistics Control Tower",DERIVED (package_amount used as COD-amount proxy — see docs/data_assumptions.md)
Carrier A,AWB1396153113,110414892820,2026-03-01,1458,2026-03-03,Overdue,P2 - High,"[Remittance Due] AWB AWB1396153113 — COD ₹1,458 — Carrier A","Dear Carrier A Finance Team,

The following COD shipment was delivered on 2026-03-01. Per the 2-day remittance SLA, payment of ₹1,458 is due by 2026-03-03 00:00:00.

AWB: AWB1396153113
Order ID: 110414892820
Delivery Date: 2026-03-01
Destination: Mumbai
COD Amount: ₹1,458

Please confirm remittance status.

Regards,
Finance Ops — AI Logistics Control Tower",DERIVED (package_amount used as COD-amount proxy — see docs/data_assumptions.md)
Carrier A,AWB5884204933,102014730358,2026-03-01,549,2026-03-03,Overdue,P2 - High,[Remittance Due] AWB AWB5884204933 — COD ₹549 — Carrier A,"Dear Carrier A Finance Team,

The following COD shipment was delivered on 2026-03-01. Per the 2-day remittance SLA, payment of ₹549 is due by 2026-03-03 00:00:00.

AWB: AWB5884204933
Order ID: 102014730358
Delivery Date: 2026-03-01
Destination: East Sikkim
COD Amount: ₹549

Please confirm remittance status.

Regards,
Finance Ops — AI Logistics Control Tower",DERIVED (package_amount used as COD-amount proxy — see docs/data_assumptions.md)
Carrier C,AWB4978120682,102914825392,2026-03-01,719,2026-03-03,Overdue,P2 - High,[Remittance Due] AWB AWB4978120682 — COD ₹719 — Carrier C,"Dear Carrier C Finance Team,

The following COD shipment was delivered on 2026-03-01. Per the 2-day remittance SLA, payment of ₹719 is due by 2026-03-03 00:00:00.

AWB: AWB4978120682
Order ID: 102914825392
Delivery Date: 2026-03-01
Destination: East Sikkim
COD Amount: ₹719

Please confirm remittance status.

Regards,
Finance Ops — AI Logistics Control Tower",DERIVED (package_amount used as COD-amount proxy — see docs/data_assumptions.md)
Carrier D,AWB7606851082,102814816679,2026-03-01,885,2026-03-03,Overdue,P2 - High,[Remittance Due] AWB AWB7606851082 — COD ₹885 — Carrier D,"Dear Carrier D Finance Team,

The following COD shipment was delivered on 2026-03-01. Per the 2-day remittance SLA, payment of ₹885 is due by 2026-03-03 00:00:00.

AWB: AWB7606851082
Order ID: 102814816679
Delivery Date: 2026-03-01
Destination: Jalpaiguri
COD Amount: ₹885

Please confirm remittance status.

Regards,
Finance Ops — AI Logistics Control Tower",DERIVED (package_amount used as COD-amount proxy — see docs/data_assumptions.md)
Carrier D,AWB7670945282,102914827339,2026-03-01,699,2026-03-03,Overdue,P2 - High,[Remittance Due] AWB AWB7670945282 — COD ₹699 — Carrier D,"Dear Carrier D Finance Team,

The following COD shipment was delivered on 2026-03-01. Per the 2-day remittance SLA, payment of ₹699 is due by 2026-03-03 00:00:00.

AWB: AWB7670945282
Order ID: 102914827339
Delivery Date: 2026-03-01
Destination: Dhubri
COD Amount: ₹699

Please confirm remittance status.

Regards,
Finance Ops — AI Logistics Control Tower",DERIVED (package_amount used as COD-amount proxy — see docs/data_assumptions.md)
Carrier C,AWB0307215718,102614801515,2026-03-01,571,2026-03-03,Overdue,P2 - High,[Remittance Due] AWB AWB0307215718 — COD ₹571 — Carrier C,"Dear Carrier C Finance Team,

The following COD shipment was delivered on 2026-03-01. Per the 2-day remittance SLA, payment of ₹571 is due by 2026-03-03 00:00:00.

AWB: AWB0307215718
Order ID: 102614801515
Delivery Date: 2026-03-01
Destination: Nayagarh
COD Amount: ₹571

Please confirm remittance status.

Regards,
Finance Ops — AI Logistics Control Tower",DERIVED (package_amount used as COD-amount proxy — see docs/data_assumptions.md)
Carrier D,AWB9038446328,102214759084,2026-03-01,779,2026-03-03,Overdue,P2 - High,[Remittance Due] AWB AWB9038446328 — COD ₹779 — Carrier D,"Dear Carrier D Finance Team,

The following COD shipment was delivered on 2026-03-01. Per the 2-day remittance SLA, payment of ₹779 is due by 2026-03-03 00:00:00.

AWB: AWB9038446328
Order ID: 102214759084
Delivery Date: 2026-03-01
Destination: West Godavari
COD Amount: ₹779

Please confirm remittance status.

Regards,
Finance Ops — AI Logistics Control Tower",DERIVED (package_amount used as COD-amount proxy — see docs/data_assumptions.md)
Carrier B,AWB0557858310,102214753884,2026-03-01,825,2026-03-03,Overdue,P2 - High,[Remittance Due] AWB AWB0557858310 — COD ₹825 — Carrier B,"Dear Carrier B Finance Team,

The following COD shipment was delivered on 2026-03-01. Per the 2-day remittance SLA, payment of ₹825 is due by 2026-03-03 00:00:00.

AWB: AWB0557858310
Order ID: 102214753884
Delivery Date: 2026-03-01
Destination: Raisen
COD Amount: ₹825

Please confirm remittance status.

Regards,
Finance Ops — AI Logistics Control Tower",DERIVED (package_amount used as COD-amount proxy — see docs/data_assumptions.md)
Carrier B,AWB8015773006,102214757487,2026-03-01,1511,2026-03-03,Overdue,P2 - High,"[Remittance Due] AWB AWB8015773006 — COD ₹1,511 — Carrier B","Dear Carrier B Finance Team,

The following COD shipment was delivered on 2026-03-01. Per the 2-day remittance SLA, payment of ₹1,511 is due by 2026-03-03 00:00:00.

AWB: AWB8015773006
Order ID: 102214757487
Delivery Date: 2026-03-01
Destination: NOIDA
COD Amount: ₹1,511

Please confirm remittance status.

Regards,
Finance Ops — AI Logistics Control Tower",DERIVED (package_amount used as COD-amount proxy — see docs/data_assumptions.md)
Carrier B,AWB1364400961,102114735632,2026-03-01,449,2026-03-03,Overdue,P2 - High,[Remittance Due] AWB AWB1364400961 — COD ₹449 — Carrier B,"Dear Carrier B Finance Team,

The following COD shipment was delivered on 2026-03-01. Per the 2-day remittance SLA, payment of ₹449 is due by 2026-03-03 00:00:00.

AWB: AWB1364400961
Order ID: 102114735632
Delivery Date: 2026-03-01
Destination: Jaipur
COD Amount: ₹449

Please confirm remittance status.

Regards,
Finance Ops — AI Logistics Control Tower",DERIVED (package_amount used as COD-amount proxy — see docs/data_assumptions.md)
Carrier C,AWB8816838939,101314633055,2026-03-01,507,2026-03-03,Overdue,P2 - High,[Remittance Due] AWB AWB8816838939 — COD ₹507 — Carrier C,"Dear Carrier C Finance Team,

The following COD shipment was delivered on 2026-03-01. Per the 2-day remittance SLA, payment of ₹507 is due by 2026-03-03 00:00:00.

AWB: AWB8816838939
Order ID: 101314633055
Delivery Date: 2026-03-01
Destination: Dhubri
COD Amount: ₹507

Please confirm remittance status.

Regards,
Finance Ops — AI Logistics Control Tower",DERIVED (package_amount used as COD-amount proxy — see docs/data_assumptions.md)
Carrier D,AWB8787677292,101614679943,2026-03-01,789,2026-03-03,Overdue,P2 - High,[Remittance Due] AWB AWB8787677292 — COD ₹789 — Carrier D,"Dear Carrier D Finance Team,

The following COD shipment was delivered on 2026-03-01. Per the 2-day remittance SLA, payment of ₹789 is due by 2026-03-03 00:00:00.

AWB: AWB8787677292
Order ID: 101614679943
Delivery Date: 2026-03-01
Destination: Thane
COD Amount: ₹789

Please confirm remittance status.

Regards,
Finance Ops — AI Logistics Control Tower",DERIVED (package_amount used as COD-amount proxy — see docs/data_assumptions.md)
Carrier C,AWB7223025250,100414507068,2026-03-01,501,2026-03-03,Overdue,P2 - High,[Remittance Due] AWB AWB7223025250 — COD ₹501 — Carrier C,"Dear Carrier C Finance Team,

The following COD shipment was delivered on 2026-03-01. Per the 2-day remittance SLA, payment of ₹501 is due by 2026-03-03 00:00:00.

AWB: AWB7223025250
Order ID: 100414507068
Delivery Date: 2026-03-01
Destination: Natham
COD Amount: ₹501

Please confirm remittance status.

Regards,
Finance Ops — AI Logistics Control Tower",DERIVED (package_amount used as COD-amount proxy — see docs/data_assumptions.md)
Carrier C,AWB3986053472,101014589747,2026-03-01,686,2026-03-03,Overdue,P2 - High,[Remittance Due] AWB AWB3986053472 — COD ₹686 — Carrier C,"Dear Carrier C Finance Team,

The following COD shipment was delivered on 2026-03-01. Per the 2-day remittance SLA, payment of ₹686 is due by 2026-03-03 00:00:00.

AWB: AWB3986053472
Order ID: 101014589747
Delivery Date: 2026-03-01
Destination: Krishnagiri
COD Amount: ₹686

Please confirm remittance status.

Regards,
Finance Ops — AI Logistics Control Tower",DERIVED (package_amount used as COD-amount proxy — see docs/data_assumptions.md)
Carrier B,AWB7607420594,100214465873,2026-03-01,500,2026-03-03,Overdue,P2 - High,[Remittance Due] AWB AWB7607420594 — COD ₹500 — Carrier B,"Dear Carrier B Finance Team,

The following COD shipment was delivered on 2026-03-01. Per the 2-day remittance SLA, payment of ₹500 is due by 2026-03-03 00:00:00.

AWB: AWB7607420594
Order ID: 100214465873
Delivery Date: 2026-03-01
Destination: Ganjam
COD Amount: ₹500

Please confirm remittance status.

Regards,
Finance Ops — AI Logistics Control Tower",DERIVED (package_amount used as COD-amount proxy — see docs/data_assumptions.md)
Carrier C,AWB6141469162,101014579680,2026-03-01,311,2026-03-03,Overdue,P2 - High,[Remittance Due] AWB AWB6141469162 — COD ₹311 — Carrier C,"Dear Carrier C Finance Team,

The following COD shipment was delivered on 2026-03-01. Per the 2-day remittance SLA, payment of ₹311 is due by 2026-03-03 00:00:00.

AWB: AWB6141469162
Order ID: 101014579680
Delivery Date: 2026-03-01
Destination: Adilabad
COD Amount: ₹311

Please confirm remittance status.

Regards,
Finance Ops — AI Logistics Control Tower",DERIVED (package_amount used as COD-amount proxy — see docs/data_assumptions.md)
Carrier A,AWB2185637003,100714539891,2026-03-01,1356,2026-03-03,Overdue,P2 - High,"[Remittance Due] AWB AWB2185637003 — COD ₹1,356 — Carrier A","Dear Carrier A Finance Team,

The following COD shipment was delivered on 2026-03-01. Per the 2-day remittance SLA, payment of ₹1,356 is due by 2026-03-03 00:00:00.

AWB: AWB2185637003
Order ID: 100714539891
Delivery Date: 2026-03-01
Destination: Chhatarpur
COD Amount: ₹1,356

Please confirm remittance status.

Regards,
Finance Ops — AI Logistics Control Tower",DERIVED (package_amount used as COD-amount proxy — see docs/data_assumptions.md)
Carrier B,AWB9819330361,110614919826,2026-03-02,1499,2026-03-04,Overdue,P2 - High,"[Remittance Due] AWB AWB9819330361 — COD ₹1,499 — Carrier B","Dear Carrier B Finance Team,

The following COD shipment was delivered on 2026-03-02. Per the 2-day remittance SLA, payment of ₹1,499 is due by 2026-03-04 00:00:00.

AWB: AWB9819330361
Order ID: 110614919826
Delivery Date: 2026-03-02
Destination: Bangalore
COD Amount: ₹1,499

Please confirm remittance status.

Regards,
Finance Ops — AI Logistics Control Tower",DERIVED (package_amount used as COD-amount proxy — see docs/data_assumptions.md)
Carrier D,AWB6077045631,110514909045,2026-03-02,1746,2026-03-04,Overdue,P2 - High,"[Remittance Due] AWB AWB6077045631 — COD ₹1,746 — Carrier D","Dear Carrier D Finance Team,

The following COD shipment was delivered on 2026-03-02. Per the 2-day remittance SLA, payment of ₹1,746 is due by 2026-03-04 00:00:00.

AWB: AWB6077045631
Order ID: 110514909045
Delivery Date: 2026-03-02
Destination: Osmanabad
COD Amount: ₹1,746

Please confirm remittance status.

Regards,
Finance Ops — AI Logistics Control Tower",DERIVED (package_amount used as COD-amount proxy — see docs/data_assumptions.md)
Carrier C,AWB8785837754,102914827079,2026-03-02,642,2026-03-04,Overdue,P2 - High,[Remittance Due] AWB AWB8785837754 — COD ₹642 — Carrier C,"Dear Carrier C Finance Team,

The following COD shipment was delivered on 2026-03-02. Per the 2-day remittance SLA, payment of ₹642 is due by 2026-03-04 00:00:00.

AWB: AWB8785837754
Order ID: 102914827079
Delivery Date: 2026-03-02
Destination: Etawah
COD Amount: ₹642

Please confirm remittance status.

Regards,
Finance Ops — AI Logistics Control Tower",DERIVED (package_amount used as COD-amount proxy — see docs/data_assumptions.md)
Carrier C,AWB3026291695,101714684111,2026-03-02,499,2026-03-04,Overdue,P2 - High,[Remittance Due] AWB AWB3026291695 — COD ₹499 — Carrier C,"Dear Carrier C Finance Team,

The following COD shipment was delivered on 2026-03-02. Per the 2-day remittance SLA, payment of ₹499 is due by 2026-03-04 00:00:00.

AWB: AWB3026291695
Order ID: 101714684111
Delivery Date: 2026-03-02
Destination: Hoshangabad
COD Amount: ₹499

Please confirm remittance status.

Regards,
Finance Ops — AI Logistics Control Tower",DERIVED (package_amount used as COD-amount proxy — see docs/data_assumptions.md)
Carrier D,AWB4158789524,101514660025,2026-03-02,699,2026-03-04,Overdue,P2 - High,[Remittance Due] AWB AWB4158789524 — COD ₹699 — Carrier D,"Dear Carrier D Finance Team,

The following COD shipment was delivered on 2026-03-02. Per the 2-day remittance SLA, payment of ₹699 is due by 2026-03-04 00:00:00.

AWB: AWB4158789524
Order ID: 101514660025
Delivery Date: 2026-03-02
Destination: Amravati
COD Amount: ₹699

Please confirm remittance status.

Regards,
Finance Ops — AI Logistics Control Tower",DERIVED (package_amount used as COD-amount proxy — see docs/data_assumptions.md)
Carrier A,AWB0917020784,92814411690,2026-03-02,269,2026-03-04,Overdue,P2 - High,[Remittance Due] AWB AWB0917020784 — COD ₹269 — Carrier A,"Dear Carrier A Finance Team,

The following COD shipment was delivered on 2026-03-02. Per the 2-day remittance SLA, payment of ₹269 is due by 2026-03-04 00:00:00.

AWB: AWB0917020784
Order ID: 92814411690
Delivery Date: 2026-03-02
Destination: Visakhapatnam
COD Amount: ₹269

Please confirm remittance status.

Regards,
Finance Ops — AI Logistics Control Tower",DERIVED (package_amount used as COD-amount proxy — see docs/data_assumptions.md)
Carrier B,AWB9668134286,101314627671,2026-03-02,499,2026-03-04,Overdue,P2 - High,[Remittance Due] AWB AWB9668134286 — COD ₹499 — Carrier B,"Dear Carrier B Finance Team,

The following COD shipment was delivered on 2026-03-02. Per the 2-day remittance SLA, payment of ₹499 is due by 2026-03-04 00:00:00.

AWB: AWB9668134286
Order ID: 101314627671
Delivery Date: 2026-03-02
Destination: Prakasam
COD Amount: ₹499

Please confirm remittance status.

Regards,
Finance Ops — AI Logistics Control Tower",DERIVED (package_amount used as COD-amount proxy — see docs/data_assumptions.md)
Carrier A,AWB2965384245,101214623861,2026-03-02,719,2026-03-04,Overdue,P2 - High,[Remittance Due] AWB AWB2965384245 — COD ₹719 — Carrier A,"Dear Carrier A Finance Team,

The following COD shipment was delivered on 2026-03-02. Per the 2-day remittance SLA, payment of ₹719 is due by 2026-03-04 00:00:00.

AWB: AWB2965384245
Order ID: 101214623861
Delivery Date: 2026-03-02
Destination: Cuddapah
COD Amount: ₹719

Please confirm remittance status.

Regards,
Finance Ops — AI Logistics Control Tower",DERIVED (package_amount used as COD-amount proxy — see docs/data_assumptions.md)
Carrier D,AWB1245687991,101214622344,2026-03-02,747,2026-03-04,Overdue,P2 - High,[Remittance Due] AWB AWB1245687991 — COD ₹747 — Carrier D,"Dear Carrier D Finance Team,

The following COD shipment was delivered on 2026-03-02. Per the 2-day remittance SLA, payment of ₹747 is due by 2026-03-04 00:00:00.

AWB: AWB1245687991
Order ID: 101214622344
Delivery Date: 2026-03-02
Destination: Vadodara
COD Amount: ₹747

Please confirm remittance status.

Regards,
Finance Ops — AI Logistics Control Tower",DERIVED (package_amount used as COD-amount proxy — see docs/data_assumptions.md)
Carrier D,AWB7470402535,100414504761,2026-03-02,700,2026-03-04,Overdue,P2 - High,[Remittance Due] AWB AWB7470402535 — COD ₹700 — Carrier D,"Dear Carrier D Finance Team,

The following COD shipment was delivered on 2026-03-02. Per the 2-day remittance SLA, payment of ₹700 is due by 2026-03-04 00:00:00.

AWB: AWB7470402535
Order ID: 100414504761
Delivery Date: 2026-03-02
Destination: Kapurthala
COD Amount: ₹700

Please confirm remittance status.

Regards,
Finance Ops — AI Logistics Control Tower",DERIVED (package_amount used as COD-amount proxy — see docs/data_assumptions.md)
Carrier D,AWB2048356188,100714542345,2026-03-02,1816,2026-03-04,Overdue,P2 - High,"[Remittance Due] AWB AWB2048356188 — COD ₹1,816 — Carrier D","Dear Carrier D Finance Team,

The following COD shipment was delivered on 2026-03-02. Per the 2-day remittance SLA, payment of ₹1,816 is due by 2026-03-04 00:00:00.

AWB: AWB2048356188
Order ID: 100714542345
Delivery Date: 2026-03-02
Destination: Ganjam
COD Amount: ₹1,816

Please confirm remittance status.

Regards,
Finance Ops — AI Logistics Control Tower",DERIVED (package_amount used as COD-amount proxy — see docs/data_assumptions.md)
Carrier D,AWB9809056388,101314633325,2026-03-02,759,2026-03-04,Overdue,P2 - High,[Remittance Due] AWB AWB9809056388 — COD ₹759 — Carrier D,"Dear Carrier D Finance Team,

The following COD shipment was delivered on 2026-03-02. Per the 2-day remittance SLA, payment of ₹759 is due by 2026-03-04 00:00:00.

AWB: AWB9809056388
Order ID: 101314633325
Delivery Date: 2026-03-02
Destination: Tirunelveli
COD Amount: ₹759

Please confirm remittance status.

Regards,
Finance Ops — AI Logistics Control Tower",DERIVED (package_amount used as COD-amount proxy — see docs/data_assumptions.md)
Carrier B,AWB8481538221,100914564089,2026-03-02,499,2026-03-04,Overdue,P2 - High,[Remittance Due] AWB AWB8481538221 — COD ₹499 — Carrier B,"Dear Carrier B Finance Team,

The following COD shipment was delivered on 2026-03-02. Per the 2-day remittance SLA, payment of ₹499 is due by 2026-03-04 00:00:00.

AWB: AWB8481538221
Order ID: 100914564089
Delivery Date: 2026-03-02
Destination: Nayagarh
COD Amount: ₹499

Please confirm remittance status.

Regards,
Finance Ops — AI Logistics Control Tower",DERIVED (package_amount used as COD-amount proxy — see docs/data_assumptions.md)
Carrier D,AWB2323775646,100414505024,2026-03-02,659,2026-03-04,Overdue,P2 - High,[Remittance Due] AWB AWB2323775646 — COD ₹659 — Carrier D,"Dear Carrier D Finance Team,

The following COD shipment was delivered on 2026-03-02. Per the 2-day remittance SLA, payment of ₹659 is due by 2026-03-04 00:00:00.

AWB: AWB2323775646
Order ID: 100414505024
Delivery Date: 2026-03-02
Destination: Vadodara
COD Amount: ₹659

Please confirm remittance status.

Regards,
Finance Ops — AI Logistics Control Tower",DERIVED (package_amount used as COD-amount proxy — see docs/data_assumptions.md)
Carrier C,AWB2869186117,100614538254,2026-03-02,849,2026-03-04,Overdue,P2 - High,[Remittance Due] AWB AWB2869186117 — COD ₹849 — Carrier C,"Dear Carrier C Finance Team,

The following COD shipment was delivered on 2026-03-02. Per the 2-day remittance SLA, payment of ₹849 is due by 2026-03-04 00:00:00.

AWB: AWB2869186117
Order ID: 100614538254
Delivery Date: 2026-03-02
Destination: Damoh
COD Amount: ₹849

Please confirm remittance status.

Regards,
Finance Ops — AI Logistics Control Tower",DERIVED (package_amount used as COD-amount proxy — see docs/data_assumptions.md)
Carrier D,AWB8454567262,102414783473,2026-03-03,688,2026-03-05,Due Today,P2 - High,[Remittance Due] AWB AWB8454567262 — COD ₹688 — Carrier D,"Dear Carrier D Finance Team,

The following COD shipment was delivered on 2026-03-03. Per the 2-day remittance SLA, payment of ₹688 is due by 2026-03-05 00:00:00.

AWB: AWB8454567262
Order ID: 102414783473
Delivery Date: 2026-03-03
Destination: Sambalpur
COD Amount: ₹688

Please confirm remittance status.

Regards,
Finance Ops — AI Logistics Control Tower",DERIVED (package_amount used as COD-amount proxy — see docs/data_assumptions.md)
Carrier B,AWB2289935899,101914713814,2026-03-03,542,2026-03-05,Due Today,P2 - High,[Remittance Due] AWB AWB2289935899 — COD ₹542 — Carrier B,"Dear Carrier B Finance Team,

The following COD shipment was delivered on 2026-03-03. Per the 2-day remittance SLA, payment of ₹542 is due by 2026-03-05 00:00:00.

AWB: AWB2289935899
Order ID: 101914713814
Delivery Date: 2026-03-03
Destination: Thiruvananthapuram
COD Amount: ₹542

Please confirm remittance status.

Regards,
Finance Ops — AI Logistics Control Tower",DERIVED (package_amount used as COD-amount proxy — see docs/data_assumptions.md)
Carrier C,AWB2078004185,101314636459,2026-03-03,1239,2026-03-05,Due Today,P2 - High,"[Remittance Due] AWB AWB2078004185 — COD ₹1,239 — Carrier C","Dear Carrier C Finance Team,

The following COD shipment was delivered on 2026-03-03. Per the 2-day remittance SLA, payment of ₹1,239 is due by 2026-03-05 00:00:00.

AWB: AWB2078004185
Order ID: 101314636459
Delivery Date: 2026-03-03
Destination: Cuddapah
COD Amount: ₹1,239

Please confirm remittance status.

Regards,
Finance Ops — AI Logistics Control Tower",DERIVED (package_amount used as COD-amount proxy — see docs/data_assumptions.md)
Carrier D,AWB6557499197,101714684455,2026-03-03,699,2026-03-05,Due Today,P2 - High,[Remittance Due] AWB AWB6557499197 — COD ₹699 — Carrier D,"Dear Carrier D Finance Team,

The following COD shipment was delivered on 2026-03-03. Per the 2-day remittance SLA, payment of ₹699 is due by 2026-03-05 00:00:00.

AWB: AWB6557499197
Order ID: 101714684455
Delivery Date: 2026-03-03
Destination: Wardha
COD Amount: ₹699

Please confirm remittance status.

Regards,
Finance Ops — AI Logistics Control Tower",DERIVED (package_amount used as COD-amount proxy — see docs/data_assumptions.md)
Carrier D,AWB0675563638,91314211611,2026-03-03,749,2026-03-05,Due Today,P2 - High,[Remittance Due] AWB AWB0675563638 — COD ₹749 — Carrier D,"Dear Carrier D Finance Team,

The following COD shipment was delivered on 2026-03-03. Per the 2-day remittance SLA, payment of ₹749 is due by 2026-03-05 00:00:00.

AWB: AWB0675563638
Order ID: 91314211611
Delivery Date: 2026-03-03
Destination: East Sikkim
COD Amount: ₹749

Please confirm remittance status.

Regards,
Finance Ops — AI Logistics Control Tower",DERIVED (package_amount used as COD-amount proxy — see docs/data_assumptions.md)
Carrier C,AWB5641576877,101114605698,2026-03-03,989,2026-03-05,Due Today,P2 - High,[Remittance Due] AWB AWB5641576877 — COD ₹989 — Carrier C,"Dear Carrier C Finance Team,

The following COD shipment was delivered on 2026-03-03. Per the 2-day remittance SLA, payment of ₹989 is due by 2026-03-05 00:00:00.

AWB: AWB5641576877
Order ID: 101114605698
Delivery Date: 2026-03-03
Destination: Medak
COD Amount: ₹989

Please confirm remittance status.

Regards,
Finance Ops — AI Logistics Control Tower",DERIVED (package_amount used as COD-amount proxy — see docs/data_assumptions.md)
Carrier C,AWB5520329538,101214613314,2026-03-03,809,2026-03-05,Due Today,P2 - High,[Remittance Due] AWB AWB5520329538 — COD ₹809 — Carrier C,"Dear Carrier C Finance Team,

The following COD shipment was delivered on 2026-03-03. Per the 2-day remittance SLA, payment of ₹809 is due by 2026-03-05 00:00:00.

AWB: AWB5520329538
Order ID: 101214613314
Delivery Date: 2026-03-03
Destination: Ganjam
COD Amount: ₹809

Please confirm remittance status.

Regards,
Finance Ops — AI Logistics Control Tower",DERIVED (package_amount used as COD-amount proxy — see docs/data_assumptions.md)
Carrier C,AWB3183762724,100514515705,2026-03-03,403,2026-03-05,Due Today,P2 - High,[Remittance Due] AWB AWB3183762724 — COD ₹403 — Carrier C,"Dear Carrier C Finance Team,

The following COD shipment was delivered on 2026-03-03. Per the 2-day remittance SLA, payment of ₹403 is due by 2026-03-05 00:00:00.

AWB: AWB3183762724
Order ID: 100514515705
Delivery Date: 2026-03-03
Destination: Pathanamthitta
COD Amount: ₹403

Please confirm remittance status.

Regards,
Finance Ops — AI Logistics Control Tower",DERIVED (package_amount used as COD-amount proxy — see docs/data_assumptions.md)
Carrier A,AWB1821619746,100514529239,2026-03-03,965,2026-03-05,Due Today,P2 - High,[Remittance Due] AWB AWB1821619746 — COD ₹965 — Carrier A,"Dear Carrier A Finance Team,

The following COD shipment was delivered on 2026-03-03. Per the 2-day remittance SLA, payment of ₹965 is due by 2026-03-05 00:00:00.

AWB: AWB1821619746
Order ID: 100514529239
Delivery Date: 2026-03-03
Destination: Maharajganj
COD Amount: ₹965

Please confirm remittance status.

Regards,
Finance Ops — AI Logistics Control Tower",DERIVED (package_amount used as COD-amount proxy — see docs/data_assumptions.md)
Carrier D,AWB3448872934,100314480285,2026-03-03,379,2026-03-05,Due Today,P2 - High,[Remittance Due] AWB AWB3448872934 — COD ₹379 — Carrier D,"Dear Carrier D Finance Team,

The following COD shipment was delivered on 2026-03-03. Per the 2-day remittance SLA, payment of ₹379 is due by 2026-03-05 00:00:00.

AWB: AWB3448872934
Order ID: 100314480285
Delivery Date: 2026-03-03
Destination: Sambalpur
COD Amount: ₹379

Please confirm remittance status.

Regards,
Finance Ops — AI Logistics Control Tower",DERIVED (package_amount used as COD-amount proxy — see docs/data_assumptions.md)
Carrier D,AWB8211715110,101114606565,2026-03-03,477,2026-03-05,Due Today,P2 - High,[Remittance Due] AWB AWB8211715110 — COD ₹477 — Carrier D,"Dear Carrier D Finance Team,

The following COD shipment was delivered on 2026-03-03. Per the 2-day remittance SLA, payment of ₹477 is due by 2026-03-05 00:00:00.

AWB: AWB8211715110
Order ID: 101114606565
Delivery Date: 2026-03-03
Destination: Mahabub Nagar
COD Amount: ₹477

Please confirm remittance status.

Regards,
Finance Ops — AI Logistics Control Tower",DERIVED (package_amount used as COD-amount proxy — see docs/data_assumptions.md)
Carrier B,AWB9750001214,100814551950,2026-03-03,1229,2026-03-05,Due Today,P2 - High,"[Remittance Due] AWB AWB9750001214 — COD ₹1,229 — Carrier B","Dear Carrier B Finance Team,

The following COD shipment was delivered on 2026-03-03. Per the 2-day remittance SLA, payment of ₹1,229 is due by 2026-03-05 00:00:00.

AWB: AWB9750001214
Order ID: 100814551950
Delivery Date: 2026-03-03
Destination: K.V.Rangareddy
COD Amount: ₹1,229

Please confirm remittance status.

Regards,
Finance Ops — AI Logistics Control Tower",DERIVED (package_amount used as COD-amount proxy — see docs/data_assumptions.md)
Carrier D,AWB9022920808,101014583241,2026-03-03,448,2026-03-05,Due Today,P2 - High,[Remittance Due] AWB AWB9022920808 — COD ₹448 — Carrier D,"Dear Carrier D Finance Team,

The following COD shipment was delivered on 2026-03-03. Per the 2-day remittance SLA, payment of ₹448 is due by 2026-03-05 00:00:00.

AWB: AWB9022920808
Order ID: 101014583241
Delivery Date: 2026-03-03
Destination: Krishna
COD Amount: ₹448

Please confirm remittance status.

Regards,
Finance Ops — AI Logistics Control Tower",DERIVED (package_amount used as COD-amount proxy — see docs/data_assumptions.md)
Carrier A,AWB0597109955,101214623632,2026-03-04,709,2026-03-06,Pending,P3 - Standard,[Remittance Due] AWB AWB0597109955 — COD ₹709 — Carrier A,"Dear Carrier A Finance Team,

The following COD shipment was delivered on 2026-03-04. Per the 2-day remittance SLA, payment of ₹709 is due by 2026-03-06 00:00:00.

AWB: AWB0597109955
Order ID: 101214623632
Delivery Date: 2026-03-04
Destination: Nalgonda
COD Amount: ₹709

Please confirm remittance status.

Regards,
Finance Ops — AI Logistics Control Tower",DERIVED (package_amount used as COD-amount proxy — see docs/data_assumptions.md)
Carrier C,AWB7853426039,101214611902,2026-03-04,709,2026-03-06,Pending,P3 - Standard,[Remittance Due] AWB AWB7853426039 — COD ₹709 — Carrier C,"Dear Carrier C Finance Team,

The following COD shipment was delivered on 2026-03-04. Per the 2-day remittance SLA, payment of ₹709 is due by 2026-03-06 00:00:00.

AWB: AWB7853426039
Order ID: 101214611902
Delivery Date: 2026-03-04
Destination: Warangal
COD Amount: ₹709

Please confirm remittance status.

Regards,
Finance Ops — AI Logistics Control Tower",DERIVED (package_amount used as COD-amount proxy — see docs/data_assumptions.md)
Carrier B,AWB4200702684,101114603392,2026-03-04,605,2026-03-06,Pending,P3 - Standard,[Remittance Due] AWB AWB4200702684 — COD ₹605 — Carrier B,"Dear Carrier B Finance Team,

The following COD shipment was delivered on 2026-03-04. Per the 2-day remittance SLA, payment of ₹605 is due by 2026-03-06 00:00:00.

AWB: AWB4200702684
Order ID: 101114603392
Delivery Date: 2026-03-04
Destination: West Godavari
COD Amount: ₹605

Please confirm remittance status.

Regards,
Finance Ops — AI Logistics Control Tower",DERIVED (package_amount used as COD-amount proxy — see docs/data_assumptions.md)
Carrier C,AWB7448430598,91514237187,2026-03-05,399,2026-03-07,Pending,P3 - Standard,[Remittance Due] AWB AWB7448430598 — COD ₹399 — Carrier C,"Dear Carrier C Finance Team,

The following COD shipment was delivered on 2026-03-05. Per the 2-day remittance SLA, payment of ₹399 is due by 2026-03-07 00:00:00.

AWB: AWB7448430598
Order ID: 91514237187
Delivery Date: 2026-03-05
Destination: Srikakulam
COD Amount: ₹399

Please confirm remittance status.

Regards,
Finance Ops — AI Logistics Control Tower",DERIVED (package_amount used as COD-amount proxy — see docs/data_assumptions.md)
Carrier A,AWB8837158878,100814558401,2026-03-05,1264,2026-03-07,Pending,P3 - Standard,"[Remittance Due] AWB AWB8837158878 — COD ₹1,264 — Carrier A","Dear Carrier A Finance Team,

The following COD shipment was delivered on 2026-03-05. Per the 2-day remittance SLA, payment of ₹1,264 is due by 2026-03-07 00:00:00.

AWB: AWB8837158878
Order ID: 100814558401
Delivery Date: 2026-03-05
Destination: Vadodara
COD Amount: ₹1,264

Please confirm remittance status.

Regards,
Finance Ops — AI Logistics Control Tower",DERIVED (package_amount used as COD-amount proxy — see docs/data_assumptions.md)
