shipment_id,awb,order_id,carrier,lane_class,customer_city,current_status,edd,days_to_edd,edd_already_breached,edd_risk_score,risk_tier,attempt_number,alert_priority,care_team_update,push_notification_title,push_notification_body,recommended_action,data_confidence
A2C1837EA7,AWB6803819888,110214870821,Carrier C,National,Lucknow,In-Transit,2026-01-04,-60,True,57.9,Medium,0,P1 - Urgent,"AWB AWB6803819888 (Lucknow, National lane) has PASSED its promised EDD (2026-01-04) and is still showing 'In-Transit'. Proactively contact the customer with a revised delivery estimate before they contact us.",An update on your order,Order #110214870821 is taking longer than expected. We're actively tracking it and will share an updated delivery estimate shortly. Sorry for the wait.,Send proactive delivery-reminder notification; monitor next scan,AI_PREDICTED (risk score) + MOCK (message content — no real push notification or care-team ticket is actually sent; see docs/data_assumptions.md)
2F374FE0F6,AWB4542489435,110614917515,Carrier B,National,South Delhi,Order Packed,2026-01-04,-60,True,60.0,High,0,P1 - Urgent,"AWB AWB4542489435 (South Delhi, National lane) has PASSED its promised EDD (2026-01-04) and is still showing 'Order Packed'. Proactively contact the customer with a revised delivery estimate before they contact us.",An update on your order,Order #110614917515 is taking longer than expected. We're actively tracking it and will share an updated delivery estimate shortly. Sorry for the wait.,Proactive customer outreach + prioritize reattempt slot within 24h; flag to carrier ops,AI_PREDICTED (risk score) + MOCK (message content — no real push notification or care-team ticket is actually sent; see docs/data_assumptions.md)
9E544CCE0E,AWB9614846756,111114977718,Carrier A,Metro,Bangalore,In-Transit,2026-01-04,-60,True,63.5,High,0,P1 - Urgent,"AWB AWB9614846756 (Bangalore, Metro lane) has PASSED its promised EDD (2026-01-04) and is still showing 'In-Transit'. Proactively contact the customer with a revised delivery estimate before they contact us.",An update on your order,Order #111114977718 is taking longer than expected. We're actively tracking it and will share an updated delivery estimate shortly. Sorry for the wait.,Proactive customer outreach + prioritize reattempt slot within 24h; flag to carrier ops,AI_PREDICTED (risk score) + MOCK (message content — no real push notification or care-team ticket is actually sent; see docs/data_assumptions.md)
98157A5528,AWB7061030440,111014972142,Carrier C,National,Mysore,In-Transit,2026-01-05,-59,True,55.4,Medium,0,P1 - Urgent,"AWB AWB7061030440 (Mysore, National lane) has PASSED its promised EDD (2026-01-05) and is still showing 'In-Transit'. Proactively contact the customer with a revised delivery estimate before they contact us.",An update on your order,Order #111014972142 is taking longer than expected. We're actively tracking it and will share an updated delivery estimate shortly. Sorry for the wait.,Route to NDR Recovery Agent — customer contact for reattempt,AI_PREDICTED (risk score) + MOCK (message content — no real push notification or care-team ticket is actually sent; see docs/data_assumptions.md)
B6A483289C,AWB7580581563,110514906834,Carrier D,National,Erode,Out of delivery,2026-01-06,-58,True,54.7,Medium,2,P1 - Urgent,"AWB AWB7580581563 (Erode, National lane) has PASSED its promised EDD (2026-01-06) and is still showing 'Out of delivery'. Proactively contact the customer with a revised delivery estimate before they contact us.",An update on your order,Order #110514906834 is taking longer than expected. We're actively tracking it and will share an updated delivery estimate shortly. Sorry for the wait.,Route to NDR Recovery Agent — customer contact for reattempt,AI_PREDICTED (risk score) + MOCK (message content — no real push notification or care-team ticket is actually sent; see docs/data_assumptions.md)
0D93AD750E,AWB6865065799,111214986508,Carrier B,Metro,Pune,In-Transit,2026-01-06,-58,True,63.0,High,0,P1 - Urgent,"AWB AWB6865065799 (Pune, Metro lane) has PASSED its promised EDD (2026-01-06) and is still showing 'In-Transit'. Proactively contact the customer with a revised delivery estimate before they contact us.",An update on your order,Order #111214986508 is taking longer than expected. We're actively tracking it and will share an updated delivery estimate shortly. Sorry for the wait.,Proactive customer outreach + prioritize reattempt slot within 24h; flag to carrier ops,AI_PREDICTED (risk score) + MOCK (message content — no real push notification or care-team ticket is actually sent; see docs/data_assumptions.md)
670A152043,AWB8297032169,110914956981,Carrier D,National,North Delhi,Pickup done,2026-01-06,-58,True,58.1,Medium,0,P1 - Urgent,"AWB AWB8297032169 (North Delhi, National lane) has PASSED its promised EDD (2026-01-06) and is still showing 'Pickup done'. Proactively contact the customer with a revised delivery estimate before they contact us.",An update on your order,Order #110914956981 is taking longer than expected. We're actively tracking it and will share an updated delivery estimate shortly. Sorry for the wait.,Send proactive delivery-reminder notification; monitor next scan,AI_PREDICTED (risk score) + MOCK (message content — no real push notification or care-team ticket is actually sent; see docs/data_assumptions.md)
AFBB31FB52,AWB5956236445,111114976066,Carrier C,National,Patna,In-Transit,2026-01-06,-58,True,62.4,High,0,P1 - Urgent,"AWB AWB5956236445 (Patna, National lane) has PASSED its promised EDD (2026-01-06) and is still showing 'In-Transit'. Proactively contact the customer with a revised delivery estimate before they contact us.",An update on your order,Order #111114976066 is taking longer than expected. We're actively tracking it and will share an updated delivery estimate shortly. Sorry for the wait.,Route to NDR Recovery Agent — customer contact for reattempt,AI_PREDICTED (risk score) + MOCK (message content — no real push notification or care-team ticket is actually sent; see docs/data_assumptions.md)
333E574912,AWB0937425335,111114976682,Carrier C,National,Jaipur,Out of delivery,2026-01-06,-58,True,37.0,Medium,1,P1 - Urgent,"AWB AWB0937425335 (Jaipur, National lane) has PASSED its promised EDD (2026-01-06) and is still showing 'Out of delivery'. Proactively contact the customer with a revised delivery estimate before they contact us.",An update on your order,Order #111114976682 is taking longer than expected. We're actively tracking it and will share an updated delivery estimate shortly. Sorry for the wait.,Route to NDR Recovery Agent — customer contact for reattempt,AI_PREDICTED (risk score) + MOCK (message content — no real push notification or care-team ticket is actually sent; see docs/data_assumptions.md)
BB85574EC0,AWB4891200702,100114747530,Carrier C,National,Kota,Pickup done,2026-01-07,-57,True,45.2,Medium,0,P1 - Urgent,"AWB AWB4891200702 (Kota, National lane) has PASSED its promised EDD (2026-01-07) and is still showing 'Pickup done'. Proactively contact the customer with a revised delivery estimate before they contact us.",An update on your order,Order #100114747530 is taking longer than expected. We're actively tracking it and will share an updated delivery estimate shortly. Sorry for the wait.,Send proactive delivery-reminder notification; monitor next scan,AI_PREDICTED (risk score) + MOCK (message content — no real push notification or care-team ticket is actually sent; see docs/data_assumptions.md)
859434B4AD,AWB1618803466,111114975402,Carrier D,Metro,Ahmedabad,Out of delivery,2026-01-07,-57,True,46.1,Medium,1,P1 - Urgent,"AWB AWB1618803466 (Ahmedabad, Metro lane) has PASSED its promised EDD (2026-01-07) and is still showing 'Out of delivery'. Proactively contact the customer with a revised delivery estimate before they contact us.",An update on your order,Order #111114975402 is taking longer than expected. We're actively tracking it and will share an updated delivery estimate shortly. Sorry for the wait.,Route to NDR Recovery Agent — customer contact for reattempt,AI_PREDICTED (risk score) + MOCK (message content — no real push notification or care-team ticket is actually sent; see docs/data_assumptions.md)
CF63240F6F,AWB2843583327,110114863550,Carrier A,National,Kullu,Out of delivery,2026-01-08,-56,True,43.8,Medium,2,P1 - Urgent,"AWB AWB2843583327 (Kullu, National lane) has PASSED its promised EDD (2026-01-08) and is still showing 'Out of delivery'. Proactively contact the customer with a revised delivery estimate before they contact us.",An update on your order,Order #110114863550 is taking longer than expected. We're actively tracking it and will share an updated delivery estimate shortly. Sorry for the wait.,Route to NDR Recovery Agent — customer contact for reattempt,AI_PREDICTED (risk score) + MOCK (message content — no real push notification or care-team ticket is actually sent; see docs/data_assumptions.md)
290E0E249D,AWB6591670545,110814938954,Carrier D,National,Ranchi,In-Transit,2026-01-09,-55,True,56.7,Medium,0,P1 - Urgent,"AWB AWB6591670545 (Ranchi, National lane) has PASSED its promised EDD (2026-01-09) and is still showing 'In-Transit'. Proactively contact the customer with a revised delivery estimate before they contact us.",An update on your order,Order #110814938954 is taking longer than expected. We're actively tracking it and will share an updated delivery estimate shortly. Sorry for the wait.,Send proactive delivery-reminder notification; monitor next scan,AI_PREDICTED (risk score) + MOCK (message content — no real push notification or care-team ticket is actually sent; see docs/data_assumptions.md)
73B33125A4,AWB7111316078,110714936239,Carrier B,National,jodhpur,In-Transit,2026-01-10,-54,True,58.2,Medium,0,P1 - Urgent,"AWB AWB7111316078 (jodhpur, National lane) has PASSED its promised EDD (2026-01-10) and is still showing 'In-Transit'. Proactively contact the customer with a revised delivery estimate before they contact us.",An update on your order,Order #110714936239 is taking longer than expected. We're actively tracking it and will share an updated delivery estimate shortly. Sorry for the wait.,Send proactive delivery-reminder notification; monitor next scan,AI_PREDICTED (risk score) + MOCK (message content — no real push notification or care-team ticket is actually sent; see docs/data_assumptions.md)
25382B6D16,AWB1861497372,110914952324,Carrier A,Regional,Ratlam,In-Transit,2026-01-11,-53,True,55.4,Medium,0,P1 - Urgent,"AWB AWB1861497372 (Ratlam, Regional lane) has PASSED its promised EDD (2026-01-11) and is still showing 'In-Transit'. Proactively contact the customer with a revised delivery estimate before they contact us.",An update on your order,Order #110914952324 is taking longer than expected. We're actively tracking it and will share an updated delivery estimate shortly. Sorry for the wait.,Send proactive delivery-reminder notification; monitor next scan,AI_PREDICTED (risk score) + MOCK (message content — no real push notification or care-team ticket is actually sent; see docs/data_assumptions.md)
899D2419BB,AWB0515568904,110414891252,Carrier B,National,Tumkur,Out of delivery,2026-01-11,-53,True,61.4,High,1,P1 - Urgent,"AWB AWB0515568904 (Tumkur, National lane) has PASSED its promised EDD (2026-01-11) and is still showing 'Out of delivery'. Proactively contact the customer with a revised delivery estimate before they contact us.",An update on your order,Order #110414891252 is taking longer than expected. We're actively tracking it and will share an updated delivery estimate shortly. Sorry for the wait.,Route to NDR Recovery Agent — customer contact for reattempt,AI_PREDICTED (risk score) + MOCK (message content — no real push notification or care-team ticket is actually sent; see docs/data_assumptions.md)
960CF0B0B3,AWB5823018524,110714927605,Carrier B,National,Lucknow,In-Transit,2026-01-12,-52,True,64.1,High,0,P1 - Urgent,"AWB AWB5823018524 (Lucknow, National lane) has PASSED its promised EDD (2026-01-12) and is still showing 'In-Transit'. Proactively contact the customer with a revised delivery estimate before they contact us.",An update on your order,Order #110714927605 is taking longer than expected. We're actively tracking it and will share an updated delivery estimate shortly. Sorry for the wait.,Route to NDR Recovery Agent — customer contact for reattempt,AI_PREDICTED (risk score) + MOCK (message content — no real push notification or care-team ticket is actually sent; see docs/data_assumptions.md)
AC8F5F8006,AWB2641252229,111114976956,Carrier A,National,Amritsar,In-Transit,2026-01-12,-52,True,59.7,Medium,0,P1 - Urgent,"AWB AWB2641252229 (Amritsar, National lane) has PASSED its promised EDD (2026-01-12) and is still showing 'In-Transit'. Proactively contact the customer with a revised delivery estimate before they contact us.",An update on your order,Order #111114976956 is taking longer than expected. We're actively tracking it and will share an updated delivery estimate shortly. Sorry for the wait.,Route to NDR Recovery Agent — customer contact for reattempt,AI_PREDICTED (risk score) + MOCK (message content — no real push notification or care-team ticket is actually sent; see docs/data_assumptions.md)
CAAF292DE0,AWB5625166410,111014961828,Carrier D,National,Dakshina Kannada,Out of delivery,2026-01-12,-52,True,58.3,Medium,2,P1 - Urgent,"AWB AWB5625166410 (Dakshina Kannada, National lane) has PASSED its promised EDD (2026-01-12) and is still showing 'Out of delivery'. Proactively contact the customer with a revised delivery estimate before they contact us.",An update on your order,Order #111014961828 is taking longer than expected. We're actively tracking it and will share an updated delivery estimate shortly. Sorry for the wait.,Route to NDR Recovery Agent — customer contact for reattempt,AI_PREDICTED (risk score) + MOCK (message content — no real push notification or care-team ticket is actually sent; see docs/data_assumptions.md)
B0087C4ECE,AWB7546295233,110814941285,Carrier A,National,Daman,Out of delivery,2026-01-12,-52,True,56.0,Medium,1,P1 - Urgent,"AWB AWB7546295233 (Daman, National lane) has PASSED its promised EDD (2026-01-12) and is still showing 'Out of delivery'. Proactively contact the customer with a revised delivery estimate before they contact us.",An update on your order,Order #110814941285 is taking longer than expected. We're actively tracking it and will share an updated delivery estimate shortly. Sorry for the wait.,Route to NDR Recovery Agent — customer contact for reattempt,AI_PREDICTED (risk score) + MOCK (message content — no real push notification or care-team ticket is actually sent; see docs/data_assumptions.md)
2CA2EDF283,AWB0364512370,111014966921,Carrier D,National,Lucknow,Pickup done,2026-01-13,-51,True,51.4,Medium,0,P1 - Urgent,"AWB AWB0364512370 (Lucknow, National lane) has PASSED its promised EDD (2026-01-13) and is still showing 'Pickup done'. Proactively contact the customer with a revised delivery estimate before they contact us.",An update on your order,Order #111014966921 is taking longer than expected. We're actively tracking it and will share an updated delivery estimate shortly. Sorry for the wait.,Send proactive delivery-reminder notification; monitor next scan,AI_PREDICTED (risk score) + MOCK (message content — no real push notification or care-team ticket is actually sent; see docs/data_assumptions.md)
2254A83ECA,AWB4081481399,110814944456,Carrier B,National,Patiala,Order Packed,2026-01-13,-51,True,54.5,Medium,0,P1 - Urgent,"AWB AWB4081481399 (Patiala, National lane) has PASSED its promised EDD (2026-01-13) and is still showing 'Order Packed'. Proactively contact the customer with a revised delivery estimate before they contact us.",An update on your order,Order #110814944456 is taking longer than expected. We're actively tracking it and will share an updated delivery estimate shortly. Sorry for the wait.,Send proactive delivery-reminder notification; monitor next scan,AI_PREDICTED (risk score) + MOCK (message content — no real push notification or care-team ticket is actually sent; see docs/data_assumptions.md)
F3C108D556,AWB0277783507,103114842046,Carrier B,National,East Delhi,Out of delivery,2026-01-13,-51,True,40.6,Medium,1,P1 - Urgent,"AWB AWB0277783507 (East Delhi, National lane) has PASSED its promised EDD (2026-01-13) and is still showing 'Out of delivery'. Proactively contact the customer with a revised delivery estimate before they contact us.",An update on your order,Order #103114842046 is taking longer than expected. We're actively tracking it and will share an updated delivery estimate shortly. Sorry for the wait.,Route to NDR Recovery Agent — customer contact for reattempt,AI_PREDICTED (risk score) + MOCK (message content — no real push notification or care-team ticket is actually sent; see docs/data_assumptions.md)
C696EE67CF,AWB7406887171,111214991601,Carrier C,Local,Mumbai,In-Transit,2026-01-14,-50,True,54.0,Medium,0,P1 - Urgent,"AWB AWB7406887171 (Mumbai, Local lane) has PASSED its promised EDD (2026-01-14) and is still showing 'In-Transit'. Proactively contact the customer with a revised delivery estimate before they contact us.",An update on your order,Order #111214991601 is taking longer than expected. We're actively tracking it and will share an updated delivery estimate shortly. Sorry for the wait.,Send proactive delivery-reminder notification; monitor next scan,AI_PREDICTED (risk score) + MOCK (message content — no real push notification or care-team ticket is actually sent; see docs/data_assumptions.md)
5575BDE762,AWB4371161116,111214985219,Carrier D,Metro,Pune,In-Transit,2026-01-14,-50,True,55.9,Medium,0,P1 - Urgent,"AWB AWB4371161116 (Pune, Metro lane) has PASSED its promised EDD (2026-01-14) and is still showing 'In-Transit'. Proactively contact the customer with a revised delivery estimate before they contact us.",An update on your order,Order #111214985219 is taking longer than expected. We're actively tracking it and will share an updated delivery estimate shortly. Sorry for the wait.,Send proactive delivery-reminder notification; monitor next scan,AI_PREDICTED (risk score) + MOCK (message content — no real push notification or care-team ticket is actually sent; see docs/data_assumptions.md)
71DB202580,AWB5894429778,111114984106,Carrier B,National,Alwar,Order Packed,2026-01-14,-50,True,61.6,High,0,P1 - Urgent,"AWB AWB5894429778 (Alwar, National lane) has PASSED its promised EDD (2026-01-14) and is still showing 'Order Packed'. Proactively contact the customer with a revised delivery estimate before they contact us.",An update on your order,Order #111114984106 is taking longer than expected. We're actively tracking it and will share an updated delivery estimate shortly. Sorry for the wait.,Proactive customer outreach + prioritize reattempt slot within 24h; flag to carrier ops,AI_PREDICTED (risk score) + MOCK (message content — no real push notification or care-team ticket is actually sent; see docs/data_assumptions.md)
E131297B58,AWB1121906502,111114973816,Carrier C,Metro,Hyderabad,In-Transit,2026-01-14,-50,True,73.2,High,0,P1 - Urgent,"AWB AWB1121906502 (Hyderabad, Metro lane) has PASSED its promised EDD (2026-01-14) and is still showing 'In-Transit'. Proactively contact the customer with a revised delivery estimate before they contact us.",An update on your order,Order #111114973816 is taking longer than expected. We're actively tracking it and will share an updated delivery estimate shortly. Sorry for the wait.,Proactive customer outreach + prioritize reattempt slot within 24h; flag to carrier ops,AI_PREDICTED (risk score) + MOCK (message content — no real push notification or care-team ticket is actually sent; see docs/data_assumptions.md)
42920E1516,AWB1464789862,111114981630,Carrier C,Metro,Bangalore,In-Transit,2026-01-14,-50,True,66.4,High,0,P1 - Urgent,"AWB AWB1464789862 (Bangalore, Metro lane) has PASSED its promised EDD (2026-01-14) and is still showing 'In-Transit'. Proactively contact the customer with a revised delivery estimate before they contact us.",An update on your order,Order #111114981630 is taking longer than expected. We're actively tracking it and will share an updated delivery estimate shortly. Sorry for the wait.,Proactive customer outreach + prioritize reattempt slot within 24h; flag to carrier ops,AI_PREDICTED (risk score) + MOCK (message content — no real push notification or care-team ticket is actually sent; see docs/data_assumptions.md)
55313E820F,AWB7955148734,111114978954,Carrier C,Metro,New Delhi,In-Transit,2026-01-15,-49,True,64.6,High,0,P1 - Urgent,"AWB AWB7955148734 (New Delhi, Metro lane) has PASSED its promised EDD (2026-01-15) and is still showing 'In-Transit'. Proactively contact the customer with a revised delivery estimate before they contact us.",An update on your order,Order #111114978954 is taking longer than expected. We're actively tracking it and will share an updated delivery estimate shortly. Sorry for the wait.,Proactive customer outreach + prioritize reattempt slot within 24h; flag to carrier ops,AI_PREDICTED (risk score) + MOCK (message content — no real push notification or care-team ticket is actually sent; see docs/data_assumptions.md)
2A7B1A3661,AWB0588874415,110914951741,Carrier D,National,Morbi,In-Transit,2026-01-15,-49,True,58.1,Medium,0,P1 - Urgent,"AWB AWB0588874415 (Morbi, National lane) has PASSED its promised EDD (2026-01-15) and is still showing 'In-Transit'. Proactively contact the customer with a revised delivery estimate before they contact us.",An update on your order,Order #110914951741 is taking longer than expected. We're actively tracking it and will share an updated delivery estimate shortly. Sorry for the wait.,Send proactive delivery-reminder notification; monitor next scan,AI_PREDICTED (risk score) + MOCK (message content — no real push notification or care-team ticket is actually sent; see docs/data_assumptions.md)
52F7F5E8CC,AWB0552317185,110914953721,Carrier D,National,Karbi Anglong,In-Transit,2026-01-15,-49,True,61.5,High,0,P1 - Urgent,"AWB AWB0552317185 (Karbi Anglong, National lane) has PASSED its promised EDD (2026-01-15) and is still showing 'In-Transit'. Proactively contact the customer with a revised delivery estimate before they contact us.",An update on your order,Order #110914953721 is taking longer than expected. We're actively tracking it and will share an updated delivery estimate shortly. Sorry for the wait.,Route to NDR Recovery Agent — customer contact for reattempt,AI_PREDICTED (risk score) + MOCK (message content — no real push notification or care-team ticket is actually sent; see docs/data_assumptions.md)
2C4C9906CB,AWB4796329640,101514657017,Carrier D,National,Ludhiana,In-Transit,2026-01-16,-48,True,60.0,High,0,P1 - Urgent,"AWB AWB4796329640 (Ludhiana, National lane) has PASSED its promised EDD (2026-01-16) and is still showing 'In-Transit'. Proactively contact the customer with a revised delivery estimate before they contact us.",An update on your order,Order #101514657017 is taking longer than expected. We're actively tracking it and will share an updated delivery estimate shortly. Sorry for the wait.,Proactive customer outreach + prioritize reattempt slot within 24h; flag to carrier ops,AI_PREDICTED (risk score) + MOCK (message content — no real push notification or care-team ticket is actually sent; see docs/data_assumptions.md)
E7054815AB,AWB2393568624,110814948833,Carrier A,National,Gaya,Out of delivery,2026-01-16,-48,True,50.5,Medium,1,P1 - Urgent,"AWB AWB2393568624 (Gaya, National lane) has PASSED its promised EDD (2026-01-16) and is still showing 'Out of delivery'. Proactively contact the customer with a revised delivery estimate before they contact us.",An update on your order,Order #110814948833 is taking longer than expected. We're actively tracking it and will share an updated delivery estimate shortly. Sorry for the wait.,Route to NDR Recovery Agent — customer contact for reattempt,AI_PREDICTED (risk score) + MOCK (message content — no real push notification or care-team ticket is actually sent; see docs/data_assumptions.md)
613B3D65FA,AWB3350253098,110614915198,Carrier C,Metro,Gautam Buddha Nagar,In-Transit,2026-01-18,-46,True,70.1,High,0,P1 - Urgent,"AWB AWB3350253098 (Gautam Buddha Nagar, Metro lane) has PASSED its promised EDD (2026-01-18) and is still showing 'In-Transit'. Proactively contact the customer with a revised delivery estimate before they contact us.",An update on your order,Order #110614915198 is taking longer than expected. We're actively tracking it and will share an updated delivery estimate shortly. Sorry for the wait.,Proactive customer outreach + prioritize reattempt slot within 24h; flag to carrier ops,AI_PREDICTED (risk score) + MOCK (message content — no real push notification or care-team ticket is actually sent; see docs/data_assumptions.md)
73A274B0BC,AWB2467911406,110814939973,Carrier D,National,Patna,Order Packed,2026-01-18,-46,True,71.7,High,0,P1 - Urgent,"AWB AWB2467911406 (Patna, National lane) has PASSED its promised EDD (2026-01-18) and is still showing 'Order Packed'. Proactively contact the customer with a revised delivery estimate before they contact us.",An update on your order,Order #110814939973 is taking longer than expected. We're actively tracking it and will share an updated delivery estimate shortly. Sorry for the wait.,Proactive customer outreach + prioritize reattempt slot within 24h; flag to carrier ops,AI_PREDICTED (risk score) + MOCK (message content — no real push notification or care-team ticket is actually sent; see docs/data_assumptions.md)
A78BF643D2,AWB5717109161,111214985692,Carrier C,Local,Mumbai,Out of delivery,2026-01-18,-46,True,40.3,Medium,2,P1 - Urgent,"AWB AWB5717109161 (Mumbai, Local lane) has PASSED its promised EDD (2026-01-18) and is still showing 'Out of delivery'. Proactively contact the customer with a revised delivery estimate before they contact us.",An update on your order,Order #111214985692 is taking longer than expected. We're actively tracking it and will share an updated delivery estimate shortly. Sorry for the wait.,Route to NDR Recovery Agent — customer contact for reattempt,AI_PREDICTED (risk score) + MOCK (message content — no real push notification or care-team ticket is actually sent; see docs/data_assumptions.md)
6BAC439549,AWB7452165702,111114980708,Carrier D,National,East Delhi,Out of delivery,2026-01-18,-46,True,57.6,Medium,1,P1 - Urgent,"AWB AWB7452165702 (East Delhi, National lane) has PASSED its promised EDD (2026-01-18) and is still showing 'Out of delivery'. Proactively contact the customer with a revised delivery estimate before they contact us.",An update on your order,Order #111114980708 is taking longer than expected. We're actively tracking it and will share an updated delivery estimate shortly. Sorry for the wait.,Route to NDR Recovery Agent — customer contact for reattempt,AI_PREDICTED (risk score) + MOCK (message content — no real push notification or care-team ticket is actually sent; see docs/data_assumptions.md)
FC21ECE517,AWB2701343505,110814945017,Carrier C,Regional,Chinchwad,Order Packed,2026-01-19,-45,True,40.4,Medium,0,P1 - Urgent,"AWB AWB2701343505 (Chinchwad, Regional lane) has PASSED its promised EDD (2026-01-19) and is still showing 'Order Packed'. Proactively contact the customer with a revised delivery estimate before they contact us.",An update on your order,Order #110814945017 is taking longer than expected. We're actively tracking it and will share an updated delivery estimate shortly. Sorry for the wait.,Send proactive delivery-reminder notification; monitor next scan,AI_PREDICTED (risk score) + MOCK (message content — no real push notification or care-team ticket is actually sent; see docs/data_assumptions.md)
868FA1A83D,AWB8470624119,110714927450,Carrier A,National,Kota,In-Transit,2026-01-19,-45,True,53.7,Medium,0,P1 - Urgent,"AWB AWB8470624119 (Kota, National lane) has PASSED its promised EDD (2026-01-19) and is still showing 'In-Transit'. Proactively contact the customer with a revised delivery estimate before they contact us.",An update on your order,Order #110714927450 is taking longer than expected. We're actively tracking it and will share an updated delivery estimate shortly. Sorry for the wait.,Send proactive delivery-reminder notification; monitor next scan,AI_PREDICTED (risk score) + MOCK (message content — no real push notification or care-team ticket is actually sent; see docs/data_assumptions.md)
C38E599FD9,AWB2095365767,110714932162,Carrier A,Regional,Nashik,In-Transit,2026-01-20,-44,True,46.7,Medium,0,P1 - Urgent,"AWB AWB2095365767 (Nashik, Regional lane) has PASSED its promised EDD (2026-01-20) and is still showing 'In-Transit'. Proactively contact the customer with a revised delivery estimate before they contact us.",An update on your order,Order #110714932162 is taking longer than expected. We're actively tracking it and will share an updated delivery estimate shortly. Sorry for the wait.,Send proactive delivery-reminder notification; monitor next scan,AI_PREDICTED (risk score) + MOCK (message content — no real push notification or care-team ticket is actually sent; see docs/data_assumptions.md)
2CFE9B9066,AWB0573455820,100714543882,Carrier D,National,East Khasi Hills,Out of delivery,2026-01-20,-44,True,61.5,High,1,P1 - Urgent,"AWB AWB0573455820 (East Khasi Hills, National lane) has PASSED its promised EDD (2026-01-20) and is still showing 'Out of delivery'. Proactively contact the customer with a revised delivery estimate before they contact us.",An update on your order,Order #100714543882 is taking longer than expected. We're actively tracking it and will share an updated delivery estimate shortly. Sorry for the wait.,Route to NDR Recovery Agent — customer contact for reattempt,AI_PREDICTED (risk score) + MOCK (message content — no real push notification or care-team ticket is actually sent; see docs/data_assumptions.md)
37718F2E76,AWB6145051553,110914960838,Carrier A,National,Ajmer,Pickup done,2026-01-20,-44,True,49.9,Medium,0,P1 - Urgent,"AWB AWB6145051553 (Ajmer, National lane) has PASSED its promised EDD (2026-01-20) and is still showing 'Pickup done'. Proactively contact the customer with a revised delivery estimate before they contact us.",An update on your order,Order #110914960838 is taking longer than expected. We're actively tracking it and will share an updated delivery estimate shortly. Sorry for the wait.,Send proactive delivery-reminder notification; monitor next scan,AI_PREDICTED (risk score) + MOCK (message content — no real push notification or care-team ticket is actually sent; see docs/data_assumptions.md)
0A3A703939,AWB7141863622,110714933585,Carrier A,National,Jammu,Out of delivery,2026-01-20,-44,True,43.1,Medium,1,P1 - Urgent,"AWB AWB7141863622 (Jammu, National lane) has PASSED its promised EDD (2026-01-20) and is still showing 'Out of delivery'. Proactively contact the customer with a revised delivery estimate before they contact us.",An update on your order,Order #110714933585 is taking longer than expected. We're actively tracking it and will share an updated delivery estimate shortly. Sorry for the wait.,Route to NDR Recovery Agent — customer contact for reattempt,AI_PREDICTED (risk score) + MOCK (message content — no real push notification or care-team ticket is actually sent; see docs/data_assumptions.md)
20829CDBA4,AWB3072864852,102914826751,Carrier C,National,Medak,Out of delivery,2026-01-21,-43,True,46.6,Medium,1,P1 - Urgent,"AWB AWB3072864852 (Medak, National lane) has PASSED its promised EDD (2026-01-21) and is still showing 'Out of delivery'. Proactively contact the customer with a revised delivery estimate before they contact us.",An update on your order,Order #102914826751 is taking longer than expected. We're actively tracking it and will share an updated delivery estimate shortly. Sorry for the wait.,Route to NDR Recovery Agent — customer contact for reattempt,AI_PREDICTED (risk score) + MOCK (message content — no real push notification or care-team ticket is actually sent; see docs/data_assumptions.md)
98857F9EE0,AWB2750312338,110814948699,Carrier D,National,Una,In-Transit,2026-01-21,-43,True,60.3,High,0,P1 - Urgent,"AWB AWB2750312338 (Una, National lane) has PASSED its promised EDD (2026-01-21) and is still showing 'In-Transit'. Proactively contact the customer with a revised delivery estimate before they contact us.",An update on your order,Order #110814948699 is taking longer than expected. We're actively tracking it and will share an updated delivery estimate shortly. Sorry for the wait.,Proactive customer outreach + prioritize reattempt slot within 24h; flag to carrier ops,AI_PREDICTED (risk score) + MOCK (message content — no real push notification or care-team ticket is actually sent; see docs/data_assumptions.md)
642CED45EE,AWB8884540979,103114848172,Carrier B,National,West Delhi,In-Transit,2026-01-21,-43,True,60.6,High,0,P1 - Urgent,"AWB AWB8884540979 (West Delhi, National lane) has PASSED its promised EDD (2026-01-21) and is still showing 'In-Transit'. Proactively contact the customer with a revised delivery estimate before they contact us.",An update on your order,Order #103114848172 is taking longer than expected. We're actively tracking it and will share an updated delivery estimate shortly. Sorry for the wait.,Proactive customer outreach + prioritize reattempt slot within 24h; flag to carrier ops,AI_PREDICTED (risk score) + MOCK (message content — no real push notification or care-team ticket is actually sent; see docs/data_assumptions.md)
7E7A2AE807,AWB0642556100,110614921202,Carrier D,Regional,Indore,In-Transit,2026-01-21,-43,True,62.4,High,0,P1 - Urgent,"AWB AWB0642556100 (Indore, Regional lane) has PASSED its promised EDD (2026-01-21) and is still showing 'In-Transit'. Proactively contact the customer with a revised delivery estimate before they contact us.",An update on your order,Order #110614921202 is taking longer than expected. We're actively tracking it and will share an updated delivery estimate shortly. Sorry for the wait.,Proactive customer outreach + prioritize reattempt slot within 24h; flag to carrier ops,AI_PREDICTED (risk score) + MOCK (message content — no real push notification or care-team ticket is actually sent; see docs/data_assumptions.md)
A4FD498C8A,AWB8245486139,110514909354,Carrier C,National,Ernakulam,Out of delivery,2026-01-21,-43,True,42.8,Medium,2,P1 - Urgent,"AWB AWB8245486139 (Ernakulam, National lane) has PASSED its promised EDD (2026-01-21) and is still showing 'Out of delivery'. Proactively contact the customer with a revised delivery estimate before they contact us.",An update on your order,Order #110514909354 is taking longer than expected. We're actively tracking it and will share an updated delivery estimate shortly. Sorry for the wait.,Route to NDR Recovery Agent — customer contact for reattempt,AI_PREDICTED (risk score) + MOCK (message content — no real push notification or care-team ticket is actually sent; see docs/data_assumptions.md)
7ACFB94220,AWB3609494420,110714932528,Carrier D,National,Ferozepur,In-Transit,2026-01-21,-43,True,56.8,Medium,0,P1 - Urgent,"AWB AWB3609494420 (Ferozepur, National lane) has PASSED its promised EDD (2026-01-21) and is still showing 'In-Transit'. Proactively contact the customer with a revised delivery estimate before they contact us.",An update on your order,Order #110714932528 is taking longer than expected. We're actively tracking it and will share an updated delivery estimate shortly. Sorry for the wait.,Send proactive delivery-reminder notification; monitor next scan,AI_PREDICTED (risk score) + MOCK (message content — no real push notification or care-team ticket is actually sent; see docs/data_assumptions.md)
6BF50AA0F4,AWB9201484974,110314876351,Carrier B,Metro,Gurgaon,In-Transit,2026-01-22,-42,True,71.7,High,0,P1 - Urgent,"AWB AWB9201484974 (Gurgaon, Metro lane) has PASSED its promised EDD (2026-01-22) and is still showing 'In-Transit'. Proactively contact the customer with a revised delivery estimate before they contact us.",An update on your order,Order #110314876351 is taking longer than expected. We're actively tracking it and will share an updated delivery estimate shortly. Sorry for the wait.,Route to NDR Recovery Agent — customer contact for reattempt,AI_PREDICTED (risk score) + MOCK (message content — no real push notification or care-team ticket is actually sent; see docs/data_assumptions.md)
E395DB08F0,AWB5881106276,110914957203,Carrier A,National,Palakkad,Out of delivery,2026-01-22,-42,True,42.6,Medium,2,P1 - Urgent,"AWB AWB5881106276 (Palakkad, National lane) has PASSED its promised EDD (2026-01-22) and is still showing 'Out of delivery'. Proactively contact the customer with a revised delivery estimate before they contact us.",An update on your order,Order #110914957203 is taking longer than expected. We're actively tracking it and will share an updated delivery estimate shortly. Sorry for the wait.,Route to NDR Recovery Agent — customer contact for reattempt,AI_PREDICTED (risk score) + MOCK (message content — no real push notification or care-team ticket is actually sent; see docs/data_assumptions.md)
B0C2A3F21C,AWB4656798674,111114979314,Carrier A,Metro,Gurgaon,Order Packed,2026-01-22,-42,True,62.0,High,0,P1 - Urgent,"AWB AWB4656798674 (Gurgaon, Metro lane) has PASSED its promised EDD (2026-01-22) and is still showing 'Order Packed'. Proactively contact the customer with a revised delivery estimate before they contact us.",An update on your order,Order #111114979314 is taking longer than expected. We're actively tracking it and will share an updated delivery estimate shortly. Sorry for the wait.,Proactive customer outreach + prioritize reattempt slot within 24h; flag to carrier ops,AI_PREDICTED (risk score) + MOCK (message content — no real push notification or care-team ticket is actually sent; see docs/data_assumptions.md)
9087D44CEB,AWB6894977557,111214991287,Carrier D,Local,Mumbai,Out of delivery,2026-01-22,-42,True,37.8,Medium,1,P1 - Urgent,"AWB AWB6894977557 (Mumbai, Local lane) has PASSED its promised EDD (2026-01-22) and is still showing 'Out of delivery'. Proactively contact the customer with a revised delivery estimate before they contact us.",An update on your order,Order #111214991287 is taking longer than expected. We're actively tracking it and will share an updated delivery estimate shortly. Sorry for the wait.,Route to NDR Recovery Agent — customer contact for reattempt,AI_PREDICTED (risk score) + MOCK (message content — no real push notification or care-team ticket is actually sent; see docs/data_assumptions.md)
E14F96347C,AWB0176014761,101514662134,Carrier C,National,Kachchh,Out of delivery,2026-01-22,-42,True,41.6,Medium,2,P1 - Urgent,"AWB AWB0176014761 (Kachchh, National lane) has PASSED its promised EDD (2026-01-22) and is still showing 'Out of delivery'. Proactively contact the customer with a revised delivery estimate before they contact us.",An update on your order,Order #101514662134 is taking longer than expected. We're actively tracking it and will share an updated delivery estimate shortly. Sorry for the wait.,Route to NDR Recovery Agent — customer contact for reattempt,AI_PREDICTED (risk score) + MOCK (message content — no real push notification or care-team ticket is actually sent; see docs/data_assumptions.md)
14E2DE9247,AWB0778265159,101914712058,Carrier D,National,Ghaziabad,In-Transit,2026-01-23,-41,True,71.2,High,0,P1 - Urgent,"AWB AWB0778265159 (Ghaziabad, National lane) has PASSED its promised EDD (2026-01-23) and is still showing 'In-Transit'. Proactively contact the customer with a revised delivery estimate before they contact us.",An update on your order,Order #101914712058 is taking longer than expected. We're actively tracking it and will share an updated delivery estimate shortly. Sorry for the wait.,Proactive customer outreach + prioritize reattempt slot within 24h; flag to carrier ops,AI_PREDICTED (risk score) + MOCK (message content — no real push notification or care-team ticket is actually sent; see docs/data_assumptions.md)
A8B626E653,AWB9995488057,101514944067,Carrier B,National,Hisar,In-Transit,2026-01-23,-41,True,51.2,Medium,0,P1 - Urgent,"AWB AWB9995488057 (Hisar, National lane) has PASSED its promised EDD (2026-01-23) and is still showing 'In-Transit'. Proactively contact the customer with a revised delivery estimate before they contact us.",An update on your order,Order #101514944067 is taking longer than expected. We're actively tracking it and will share an updated delivery estimate shortly. Sorry for the wait.,Send proactive delivery-reminder notification; monitor next scan,AI_PREDICTED (risk score) + MOCK (message content — no real push notification or care-team ticket is actually sent; see docs/data_assumptions.md)
6859F20399,AWB2654868565,110714934741,Carrier B,Metro,Gurgaon,Pickup done,2026-01-23,-41,True,61.1,High,0,P1 - Urgent,"AWB AWB2654868565 (Gurgaon, Metro lane) has PASSED its promised EDD (2026-01-23) and is still showing 'Pickup done'. Proactively contact the customer with a revised delivery estimate before they contact us.",An update on your order,Order #110714934741 is taking longer than expected. We're actively tracking it and will share an updated delivery estimate shortly. Sorry for the wait.,Proactive customer outreach + prioritize reattempt slot within 24h; flag to carrier ops,AI_PREDICTED (risk score) + MOCK (message content — no real push notification or care-team ticket is actually sent; see docs/data_assumptions.md)
0AD0C5EA4D,AWB2236338821,110814946321,Carrier C,Regional,PUNE (District),In-Transit,2026-01-23,-41,True,46.0,Medium,0,P1 - Urgent,"AWB AWB2236338821 (PUNE (District), Regional lane) has PASSED its promised EDD (2026-01-23) and is still showing 'In-Transit'. Proactively contact the customer with a revised delivery estimate before they contact us.",An update on your order,Order #110814946321 is taking longer than expected. We're actively tracking it and will share an updated delivery estimate shortly. Sorry for the wait.,Send proactive delivery-reminder notification; monitor next scan,AI_PREDICTED (risk score) + MOCK (message content — no real push notification or care-team ticket is actually sent; see docs/data_assumptions.md)
511C4FAAF0,AWB7740299898,110614920554,Carrier B,Local,Mumbai,In-Transit,2026-01-24,-40,True,55.9,Medium,0,P1 - Urgent,"AWB AWB7740299898 (Mumbai, Local lane) has PASSED its promised EDD (2026-01-24) and is still showing 'In-Transit'. Proactively contact the customer with a revised delivery estimate before they contact us.",An update on your order,Order #110614920554 is taking longer than expected. We're actively tracking it and will share an updated delivery estimate shortly. Sorry for the wait.,Send proactive delivery-reminder notification; monitor next scan,AI_PREDICTED (risk score) + MOCK (message content — no real push notification or care-team ticket is actually sent; see docs/data_assumptions.md)
D20E797E90,AWB3684651120,111014967134,Carrier B,Metro,Pune,In-Transit,2026-01-24,-40,True,62.6,High,0,P1 - Urgent,"AWB AWB3684651120 (Pune, Metro lane) has PASSED its promised EDD (2026-01-24) and is still showing 'In-Transit'. Proactively contact the customer with a revised delivery estimate before they contact us.",An update on your order,Order #111014967134 is taking longer than expected. We're actively tracking it and will share an updated delivery estimate shortly. Sorry for the wait.,Proactive customer outreach + prioritize reattempt slot within 24h; flag to carrier ops,AI_PREDICTED (risk score) + MOCK (message content — no real push notification or care-team ticket is actually sent; see docs/data_assumptions.md)
28073F4DF6,AWB1025590603,110714934814,Carrier B,Metro,Hyderabad,In-Transit,2026-01-24,-40,True,72.5,High,0,P1 - Urgent,"AWB AWB1025590603 (Hyderabad, Metro lane) has PASSED its promised EDD (2026-01-24) and is still showing 'In-Transit'. Proactively contact the customer with a revised delivery estimate before they contact us.",An update on your order,Order #110714934814 is taking longer than expected. We're actively tracking it and will share an updated delivery estimate shortly. Sorry for the wait.,Proactive customer outreach + prioritize reattempt slot within 24h; flag to carrier ops,AI_PREDICTED (risk score) + MOCK (message content — no real push notification or care-team ticket is actually sent; see docs/data_assumptions.md)
6C27151A61,AWB5519686422,110914960927,Carrier D,National,Nalgonda,In-Transit,2026-01-25,-39,True,67.5,High,0,P1 - Urgent,"AWB AWB5519686422 (Nalgonda, National lane) has PASSED its promised EDD (2026-01-25) and is still showing 'In-Transit'. Proactively contact the customer with a revised delivery estimate before they contact us.",An update on your order,Order #110914960927 is taking longer than expected. We're actively tracking it and will share an updated delivery estimate shortly. Sorry for the wait.,Route to NDR Recovery Agent — customer contact for reattempt,AI_PREDICTED (risk score) + MOCK (message content — no real push notification or care-team ticket is actually sent; see docs/data_assumptions.md)
F21D79868B,AWB5620194123,110814937226,Carrier B,National,Jyotiba Phule Nagar,In-Transit,2026-01-25,-39,True,54.1,Medium,0,P1 - Urgent,"AWB AWB5620194123 (Jyotiba Phule Nagar, National lane) has PASSED its promised EDD (2026-01-25) and is still showing 'In-Transit'. Proactively contact the customer with a revised delivery estimate before they contact us.",An update on your order,Order #110814937226 is taking longer than expected. We're actively tracking it and will share an updated delivery estimate shortly. Sorry for the wait.,Route to NDR Recovery Agent — customer contact for reattempt,AI_PREDICTED (risk score) + MOCK (message content — no real push notification or care-team ticket is actually sent; see docs/data_assumptions.md)
A52ACB9E3F,AWB6920930366,110814941751,Carrier A,Local,Mumbai,In-Transit,2026-01-25,-39,True,49.3,Medium,0,P1 - Urgent,"AWB AWB6920930366 (Mumbai, Local lane) has PASSED its promised EDD (2026-01-25) and is still showing 'In-Transit'. Proactively contact the customer with a revised delivery estimate before they contact us.",An update on your order,Order #110814941751 is taking longer than expected. We're actively tracking it and will share an updated delivery estimate shortly. Sorry for the wait.,Send proactive delivery-reminder notification; monitor next scan,AI_PREDICTED (risk score) + MOCK (message content — no real push notification or care-team ticket is actually sent; see docs/data_assumptions.md)
1A6E0D7A9A,AWB7050743860,110914959035,Carrier D,Metro,Gurgaon,In-Transit,2026-01-25,-39,True,58.9,Medium,0,P1 - Urgent,"AWB AWB7050743860 (Gurgaon, Metro lane) has PASSED its promised EDD (2026-01-25) and is still showing 'In-Transit'. Proactively contact the customer with a revised delivery estimate before they contact us.",An update on your order,Order #110914959035 is taking longer than expected. We're actively tracking it and will share an updated delivery estimate shortly. Sorry for the wait.,Route to NDR Recovery Agent — customer contact for reattempt,AI_PREDICTED (risk score) + MOCK (message content — no real push notification or care-team ticket is actually sent; see docs/data_assumptions.md)
77ED6805B7,AWB6659092877,101314865922,Carrier D,National,Una,In-Transit,2026-01-25,-39,True,58.1,Medium,0,P1 - Urgent,"AWB AWB6659092877 (Una, National lane) has PASSED its promised EDD (2026-01-25) and is still showing 'In-Transit'. Proactively contact the customer with a revised delivery estimate before they contact us.",An update on your order,Order #101314865922 is taking longer than expected. We're actively tracking it and will share an updated delivery estimate shortly. Sorry for the wait.,Send proactive delivery-reminder notification; monitor next scan,AI_PREDICTED (risk score) + MOCK (message content — no real push notification or care-team ticket is actually sent; see docs/data_assumptions.md)
DADB1CC178,AWB9380978674,110914953668,Carrier B,Regional,Latur,Out of delivery,2026-01-25,-39,True,43.9,Medium,2,P1 - Urgent,"AWB AWB9380978674 (Latur, Regional lane) has PASSED its promised EDD (2026-01-25) and is still showing 'Out of delivery'. Proactively contact the customer with a revised delivery estimate before they contact us.",An update on your order,Order #110914953668 is taking longer than expected. We're actively tracking it and will share an updated delivery estimate shortly. Sorry for the wait.,Route to NDR Recovery Agent — customer contact for reattempt,AI_PREDICTED (risk score) + MOCK (message content — no real push notification or care-team ticket is actually sent; see docs/data_assumptions.md)
34C6D01AE9,AWB0453000790,111114983592,Carrier B,Metro,Pune,Pickup done,2026-01-26,-38,True,57.8,Medium,0,P1 - Urgent,"AWB AWB0453000790 (Pune, Metro lane) has PASSED its promised EDD (2026-01-26) and is still showing 'Pickup done'. Proactively contact the customer with a revised delivery estimate before they contact us.",An update on your order,Order #111114983592 is taking longer than expected. We're actively tracking it and will share an updated delivery estimate shortly. Sorry for the wait.,Send proactive delivery-reminder notification; monitor next scan,AI_PREDICTED (risk score) + MOCK (message content — no real push notification or care-team ticket is actually sent; see docs/data_assumptions.md)
708F178AF9,AWB4010765891,110714930286,Carrier D,National,Ernakulam,Order Packed,2026-01-26,-38,True,72.9,High,0,P1 - Urgent,"AWB AWB4010765891 (Ernakulam, National lane) has PASSED its promised EDD (2026-01-26) and is still showing 'Order Packed'. Proactively contact the customer with a revised delivery estimate before they contact us.",An update on your order,Order #110714930286 is taking longer than expected. We're actively tracking it and will share an updated delivery estimate shortly. Sorry for the wait.,Proactive customer outreach + prioritize reattempt slot within 24h; flag to carrier ops,AI_PREDICTED (risk score) + MOCK (message content — no real push notification or care-team ticket is actually sent; see docs/data_assumptions.md)
D632327020,AWB9110201552,110714924637,Carrier C,National,Ghaziabad,In-Transit,2026-01-26,-38,True,60.6,High,0,P1 - Urgent,"AWB AWB9110201552 (Ghaziabad, National lane) has PASSED its promised EDD (2026-01-26) and is still showing 'In-Transit'. Proactively contact the customer with a revised delivery estimate before they contact us.",An update on your order,Order #110714924637 is taking longer than expected. We're actively tracking it and will share an updated delivery estimate shortly. Sorry for the wait.,Proactive customer outreach + prioritize reattempt slot within 24h; flag to carrier ops,AI_PREDICTED (risk score) + MOCK (message content — no real push notification or care-team ticket is actually sent; see docs/data_assumptions.md)
FA8ECDB59E,AWB7935966647,111014968584,Carrier D,National,West Delhi,Order Packed,2026-01-26,-38,True,63.5,High,0,P1 - Urgent,"AWB AWB7935966647 (West Delhi, National lane) has PASSED its promised EDD (2026-01-26) and is still showing 'Order Packed'. Proactively contact the customer with a revised delivery estimate before they contact us.",An update on your order,Order #111014968584 is taking longer than expected. We're actively tracking it and will share an updated delivery estimate shortly. Sorry for the wait.,Proactive customer outreach + prioritize reattempt slot within 24h; flag to carrier ops,AI_PREDICTED (risk score) + MOCK (message content — no real push notification or care-team ticket is actually sent; see docs/data_assumptions.md)
613BC7345D,AWB8707769816,110214874783,Carrier C,National,Sonbhadra,Pickup done,2026-01-26,-38,True,61.1,High,0,P1 - Urgent,"AWB AWB8707769816 (Sonbhadra, National lane) has PASSED its promised EDD (2026-01-26) and is still showing 'Pickup done'. Proactively contact the customer with a revised delivery estimate before they contact us.",An update on your order,Order #110214874783 is taking longer than expected. We're actively tracking it and will share an updated delivery estimate shortly. Sorry for the wait.,Proactive customer outreach + prioritize reattempt slot within 24h; flag to carrier ops,AI_PREDICTED (risk score) + MOCK (message content — no real push notification or care-team ticket is actually sent; see docs/data_assumptions.md)
0E38C6919F,AWB4715303007,110914955262,Carrier D,National,Prakasam,Out of delivery,2026-01-26,-38,True,58.5,Medium,1,P1 - Urgent,"AWB AWB4715303007 (Prakasam, National lane) has PASSED its promised EDD (2026-01-26) and is still showing 'Out of delivery'. Proactively contact the customer with a revised delivery estimate before they contact us.",An update on your order,Order #110914955262 is taking longer than expected. We're actively tracking it and will share an updated delivery estimate shortly. Sorry for the wait.,Route to NDR Recovery Agent — customer contact for reattempt,AI_PREDICTED (risk score) + MOCK (message content — no real push notification or care-team ticket is actually sent; see docs/data_assumptions.md)
D2270A9528,AWB8407027823,111214985501,Carrier A,Metro,Bangalore,In-Transit,2026-01-26,-38,True,60.8,High,0,P1 - Urgent,"AWB AWB8407027823 (Bangalore, Metro lane) has PASSED its promised EDD (2026-01-26) and is still showing 'In-Transit'. Proactively contact the customer with a revised delivery estimate before they contact us.",An update on your order,Order #111214985501 is taking longer than expected. We're actively tracking it and will share an updated delivery estimate shortly. Sorry for the wait.,Proactive customer outreach + prioritize reattempt slot within 24h; flag to carrier ops,AI_PREDICTED (risk score) + MOCK (message content — no real push notification or care-team ticket is actually sent; see docs/data_assumptions.md)
A165A74496,AWB8096733662,110814944704,Carrier A,Metro,Pune,Out of delivery,2026-01-26,-38,True,42.2,Medium,2,P1 - Urgent,"AWB AWB8096733662 (Pune, Metro lane) has PASSED its promised EDD (2026-01-26) and is still showing 'Out of delivery'. Proactively contact the customer with a revised delivery estimate before they contact us.",An update on your order,Order #110814944704 is taking longer than expected. We're actively tracking it and will share an updated delivery estimate shortly. Sorry for the wait.,Route to NDR Recovery Agent — customer contact for reattempt,AI_PREDICTED (risk score) + MOCK (message content — no real push notification or care-team ticket is actually sent; see docs/data_assumptions.md)
52DAF3AAFE,AWB3745669029,110614916620,Carrier D,National,Darjiling,Out of delivery,2026-01-27,-37,True,46.8,Medium,2,P1 - Urgent,"AWB AWB3745669029 (Darjiling, National lane) has PASSED its promised EDD (2026-01-27) and is still showing 'Out of delivery'. Proactively contact the customer with a revised delivery estimate before they contact us.",An update on your order,Order #110614916620 is taking longer than expected. We're actively tracking it and will share an updated delivery estimate shortly. Sorry for the wait.,Route to NDR Recovery Agent — customer contact for reattempt,AI_PREDICTED (risk score) + MOCK (message content — no real push notification or care-team ticket is actually sent; see docs/data_assumptions.md)
DF3DBC36ED,AWB5509213274,110914952964,Carrier D,National,Jaipur,In-Transit,2026-01-28,-36,True,64.2,High,0,P1 - Urgent,"AWB AWB5509213274 (Jaipur, National lane) has PASSED its promised EDD (2026-01-28) and is still showing 'In-Transit'. Proactively contact the customer with a revised delivery estimate before they contact us.",An update on your order,Order #110914952964 is taking longer than expected. We're actively tracking it and will share an updated delivery estimate shortly. Sorry for the wait.,Proactive customer outreach + prioritize reattempt slot within 24h; flag to carrier ops,AI_PREDICTED (risk score) + MOCK (message content — no real push notification or care-team ticket is actually sent; see docs/data_assumptions.md)
38877CDBCD,AWB6413576142,110914950107,Carrier C,National,Kota,In-Transit,2026-01-28,-36,True,52.4,Medium,0,P1 - Urgent,"AWB AWB6413576142 (Kota, National lane) has PASSED its promised EDD (2026-01-28) and is still showing 'In-Transit'. Proactively contact the customer with a revised delivery estimate before they contact us.",An update on your order,Order #110914950107 is taking longer than expected. We're actively tracking it and will share an updated delivery estimate shortly. Sorry for the wait.,Send proactive delivery-reminder notification; monitor next scan,AI_PREDICTED (risk score) + MOCK (message content — no real push notification or care-team ticket is actually sent; see docs/data_assumptions.md)
6895B400A0,AWB5311939180,111114975416,Carrier C,Regional,Raigarh(MH),In-Transit,2026-01-28,-36,True,37.4,Medium,0,P1 - Urgent,"AWB AWB5311939180 (Raigarh(MH), Regional lane) has PASSED its promised EDD (2026-01-28) and is still showing 'In-Transit'. Proactively contact the customer with a revised delivery estimate before they contact us.",An update on your order,Order #111114975416 is taking longer than expected. We're actively tracking it and will share an updated delivery estimate shortly. Sorry for the wait.,Send proactive delivery-reminder notification; monitor next scan,AI_PREDICTED (risk score) + MOCK (message content — no real push notification or care-team ticket is actually sent; see docs/data_assumptions.md)
DFF011D119,AWB3373458943,110514904468,Carrier A,Regional,Raipur,Pickup done,2026-01-29,-35,True,48.5,Medium,0,P1 - Urgent,"AWB AWB3373458943 (Raipur, Regional lane) has PASSED its promised EDD (2026-01-29) and is still showing 'Pickup done'. Proactively contact the customer with a revised delivery estimate before they contact us.",An update on your order,Order #110514904468 is taking longer than expected. We're actively tracking it and will share an updated delivery estimate shortly. Sorry for the wait.,Send proactive delivery-reminder notification; monitor next scan,AI_PREDICTED (risk score) + MOCK (message content — no real push notification or care-team ticket is actually sent; see docs/data_assumptions.md)
1FD71621D7,AWB4149653480,111014971881,Carrier C,National,Guntur,Pickup done,2026-01-29,-35,True,60.6,High,0,P1 - Urgent,"AWB AWB4149653480 (Guntur, National lane) has PASSED its promised EDD (2026-01-29) and is still showing 'Pickup done'. Proactively contact the customer with a revised delivery estimate before they contact us.",An update on your order,Order #111014971881 is taking longer than expected. We're actively tracking it and will share an updated delivery estimate shortly. Sorry for the wait.,Proactive customer outreach + prioritize reattempt slot within 24h; flag to carrier ops,AI_PREDICTED (risk score) + MOCK (message content — no real push notification or care-team ticket is actually sent; see docs/data_assumptions.md)
809F9EDCC4,AWB8570293832,110714933823,Carrier D,National,Maharajganj,In-Transit,2026-01-30,-34,True,50.1,Medium,0,P1 - Urgent,"AWB AWB8570293832 (Maharajganj, National lane) has PASSED its promised EDD (2026-01-30) and is still showing 'In-Transit'. Proactively contact the customer with a revised delivery estimate before they contact us.",An update on your order,Order #110714933823 is taking longer than expected. We're actively tracking it and will share an updated delivery estimate shortly. Sorry for the wait.,Send proactive delivery-reminder notification; monitor next scan,AI_PREDICTED (risk score) + MOCK (message content — no real push notification or care-team ticket is actually sent; see docs/data_assumptions.md)
1D1E11CF54,AWB6868151020,110814936759,Carrier A,National,Dehradun,In-Transit,2026-01-30,-34,True,54.6,Medium,0,P1 - Urgent,"AWB AWB6868151020 (Dehradun, National lane) has PASSED its promised EDD (2026-01-30) and is still showing 'In-Transit'. Proactively contact the customer with a revised delivery estimate before they contact us.",An update on your order,Order #110814936759 is taking longer than expected. We're actively tracking it and will share an updated delivery estimate shortly. Sorry for the wait.,Send proactive delivery-reminder notification; monitor next scan,AI_PREDICTED (risk score) + MOCK (message content — no real push notification or care-team ticket is actually sent; see docs/data_assumptions.md)
E4FB1BFAD4,AWB2087849839,102814810084,Carrier B,National,Jhujhunu,In-Transit,2026-01-30,-34,True,55.9,Medium,0,P1 - Urgent,"AWB AWB2087849839 (Jhujhunu, National lane) has PASSED its promised EDD (2026-01-30) and is still showing 'In-Transit'. Proactively contact the customer with a revised delivery estimate before they contact us.",An update on your order,Order #102814810084 is taking longer than expected. We're actively tracking it and will share an updated delivery estimate shortly. Sorry for the wait.,Send proactive delivery-reminder notification; monitor next scan,AI_PREDICTED (risk score) + MOCK (message content — no real push notification or care-team ticket is actually sent; see docs/data_assumptions.md)
C198C5F957,AWB2516080331,92914422358,Carrier D,National,Yamuna Nagar,In-Transit,2026-01-30,-34,True,56.0,Medium,0,P1 - Urgent,"AWB AWB2516080331 (Yamuna Nagar, National lane) has PASSED its promised EDD (2026-01-30) and is still showing 'In-Transit'. Proactively contact the customer with a revised delivery estimate before they contact us.",An update on your order,Order #92914422358 is taking longer than expected. We're actively tracking it and will share an updated delivery estimate shortly. Sorry for the wait.,Send proactive delivery-reminder notification; monitor next scan,AI_PREDICTED (risk score) + MOCK (message content — no real push notification or care-team ticket is actually sent; see docs/data_assumptions.md)
A50389CF3D,AWB1351180474,110814948745,Carrier B,Regional,Gwalior,Out of delivery,2026-01-30,-34,True,40.4,Medium,2,P1 - Urgent,"AWB AWB1351180474 (Gwalior, Regional lane) has PASSED its promised EDD (2026-01-30) and is still showing 'Out of delivery'. Proactively contact the customer with a revised delivery estimate before they contact us.",An update on your order,Order #110814948745 is taking longer than expected. We're actively tracking it and will share an updated delivery estimate shortly. Sorry for the wait.,Route to NDR Recovery Agent — customer contact for reattempt,AI_PREDICTED (risk score) + MOCK (message content — no real push notification or care-team ticket is actually sent; see docs/data_assumptions.md)
D50618AC70,AWB5158057494,110814937680,Carrier D,National,North West Delhi,Out of delivery,2026-01-30,-34,True,48.9,Medium,1,P1 - Urgent,"AWB AWB5158057494 (North West Delhi, National lane) has PASSED its promised EDD (2026-01-30) and is still showing 'Out of delivery'. Proactively contact the customer with a revised delivery estimate before they contact us.",An update on your order,Order #110814937680 is taking longer than expected. We're actively tracking it and will share an updated delivery estimate shortly. Sorry for the wait.,Route to NDR Recovery Agent — customer contact for reattempt,AI_PREDICTED (risk score) + MOCK (message content — no real push notification or care-team ticket is actually sent; see docs/data_assumptions.md)
8748E5DFE5,AWB3924001288,110814947369,Carrier B,Regional,Latur,Out of delivery,2026-01-30,-34,True,60.3,High,1,P1 - Urgent,"AWB AWB3924001288 (Latur, Regional lane) has PASSED its promised EDD (2026-01-30) and is still showing 'Out of delivery'. Proactively contact the customer with a revised delivery estimate before they contact us.",An update on your order,Order #110814947369 is taking longer than expected. We're actively tracking it and will share an updated delivery estimate shortly. Sorry for the wait.,Route to NDR Recovery Agent — customer contact for reattempt,AI_PREDICTED (risk score) + MOCK (message content — no real push notification or care-team ticket is actually sent; see docs/data_assumptions.md)
D9C05656A2,AWB9032474474,110514907665,Carrier C,National,Ludhiana,Pickup done,2026-01-31,-33,True,62.6,High,0,P1 - Urgent,"AWB AWB9032474474 (Ludhiana, National lane) has PASSED its promised EDD (2026-01-31) and is still showing 'Pickup done'. Proactively contact the customer with a revised delivery estimate before they contact us.",An update on your order,Order #110514907665 is taking longer than expected. We're actively tracking it and will share an updated delivery estimate shortly. Sorry for the wait.,Proactive customer outreach + prioritize reattempt slot within 24h; flag to carrier ops,AI_PREDICTED (risk score) + MOCK (message content — no real push notification or care-team ticket is actually sent; see docs/data_assumptions.md)
1C2D18D259,AWB6884107613,110614917180,Carrier C,Regional,Bilaspur(CGH),Order Packed,2026-02-02,-31,True,43.2,Medium,0,P1 - Urgent,"AWB AWB6884107613 (Bilaspur(CGH), Regional lane) has PASSED its promised EDD (2026-02-02) and is still showing 'Order Packed'. Proactively contact the customer with a revised delivery estimate before they contact us.",An update on your order,Order #110614917180 is taking longer than expected. We're actively tracking it and will share an updated delivery estimate shortly. Sorry for the wait.,Send proactive delivery-reminder notification; monitor next scan,AI_PREDICTED (risk score) + MOCK (message content — no real push notification or care-team ticket is actually sent; see docs/data_assumptions.md)
3DC61D4832,AWB3590856101,102814809749,Carrier D,National,Mandi,In-Transit,2026-02-02,-31,True,62.9,High,0,P1 - Urgent,"AWB AWB3590856101 (Mandi, National lane) has PASSED its promised EDD (2026-02-02) and is still showing 'In-Transit'. Proactively contact the customer with a revised delivery estimate before they contact us.",An update on your order,Order #102814809749 is taking longer than expected. We're actively tracking it and will share an updated delivery estimate shortly. Sorry for the wait.,Proactive customer outreach + prioritize reattempt slot within 24h; flag to carrier ops,AI_PREDICTED (risk score) + MOCK (message content — no real push notification or care-team ticket is actually sent; see docs/data_assumptions.md)
5A2217080C,AWB9330356187,110214872700,Carrier B,Metro,Bangalore,In-Transit,2026-02-03,-30,True,63.2,High,0,P1 - Urgent,"AWB AWB9330356187 (Bangalore, Metro lane) has PASSED its promised EDD (2026-02-03) and is still showing 'In-Transit'. Proactively contact the customer with a revised delivery estimate before they contact us.",An update on your order,Order #110214872700 is taking longer than expected. We're actively tracking it and will share an updated delivery estimate shortly. Sorry for the wait.,Proactive customer outreach + prioritize reattempt slot within 24h; flag to carrier ops,AI_PREDICTED (risk score) + MOCK (message content — no real push notification or care-team ticket is actually sent; see docs/data_assumptions.md)
43C42C72C1,AWB4275005241,110914955789,Carrier A,Metro,Pune,Out of delivery,2026-02-04,-29,True,34.0,Medium,1,P1 - Urgent,"AWB AWB4275005241 (Pune, Metro lane) has PASSED its promised EDD (2026-02-04) and is still showing 'Out of delivery'. Proactively contact the customer with a revised delivery estimate before they contact us.",An update on your order,Order #110914955789 is taking longer than expected. We're actively tracking it and will share an updated delivery estimate shortly. Sorry for the wait.,Route to NDR Recovery Agent — customer contact for reattempt,AI_PREDICTED (risk score) + MOCK (message content — no real push notification or care-team ticket is actually sent; see docs/data_assumptions.md)
AFEE49ACBD,AWB4822977678,110514911019,Carrier A,Metro,Hyderabad,Pickup done,2026-02-05,-28,True,67.7,High,0,P1 - Urgent,"AWB AWB4822977678 (Hyderabad, Metro lane) has PASSED its promised EDD (2026-02-05) and is still showing 'Pickup done'. Proactively contact the customer with a revised delivery estimate before they contact us.",An update on your order,Order #110514911019 is taking longer than expected. We're actively tracking it and will share an updated delivery estimate shortly. Sorry for the wait.,Proactive customer outreach + prioritize reattempt slot within 24h; flag to carrier ops,AI_PREDICTED (risk score) + MOCK (message content — no real push notification or care-team ticket is actually sent; see docs/data_assumptions.md)
5681361CFC,AWB3120369581,110214869899,Carrier C,National,Saharanpur,In-Transit,2026-02-05,-28,True,53.4,Medium,0,P1 - Urgent,"AWB AWB3120369581 (Saharanpur, National lane) has PASSED its promised EDD (2026-02-05) and is still showing 'In-Transit'. Proactively contact the customer with a revised delivery estimate before they contact us.",An update on your order,Order #110214869899 is taking longer than expected. We're actively tracking it and will share an updated delivery estimate shortly. Sorry for the wait.,Send proactive delivery-reminder notification; monitor next scan,AI_PREDICTED (risk score) + MOCK (message content — no real push notification or care-team ticket is actually sent; see docs/data_assumptions.md)
094FF7FAAC,AWB2502185300,110314884179,Carrier A,Metro,Gautam Buddha Nagar,In-Transit,2026-02-05,-28,True,58.7,Medium,0,P1 - Urgent,"AWB AWB2502185300 (Gautam Buddha Nagar, Metro lane) has PASSED its promised EDD (2026-02-05) and is still showing 'In-Transit'. Proactively contact the customer with a revised delivery estimate before they contact us.",An update on your order,Order #110314884179 is taking longer than expected. We're actively tracking it and will share an updated delivery estimate shortly. Sorry for the wait.,Send proactive delivery-reminder notification; monitor next scan,AI_PREDICTED (risk score) + MOCK (message content — no real push notification or care-team ticket is actually sent; see docs/data_assumptions.md)
AC22F7D6FC,AWB3942140167,110914960006,Carrier D,Metro,Bangalore,In-Transit,2026-02-05,-28,True,66.1,High,0,P1 - Urgent,"AWB AWB3942140167 (Bangalore, Metro lane) has PASSED its promised EDD (2026-02-05) and is still showing 'In-Transit'. Proactively contact the customer with a revised delivery estimate before they contact us.",An update on your order,Order #110914960006 is taking longer than expected. We're actively tracking it and will share an updated delivery estimate shortly. Sorry for the wait.,Proactive customer outreach + prioritize reattempt slot within 24h; flag to carrier ops,AI_PREDICTED (risk score) + MOCK (message content — no real push notification or care-team ticket is actually sent; see docs/data_assumptions.md)
8965F6BD78,AWB8947942914,110914953797,Carrier B,Metro,Kolkata,In-Transit,2026-02-06,-27,True,61.8,High,0,P1 - Urgent,"AWB AWB8947942914 (Kolkata, Metro lane) has PASSED its promised EDD (2026-02-06) and is still showing 'In-Transit'. Proactively contact the customer with a revised delivery estimate before they contact us.",An update on your order,Order #110914953797 is taking longer than expected. We're actively tracking it and will share an updated delivery estimate shortly. Sorry for the wait.,Proactive customer outreach + prioritize reattempt slot within 24h; flag to carrier ops,AI_PREDICTED (risk score) + MOCK (message content — no real push notification or care-team ticket is actually sent; see docs/data_assumptions.md)
CC93316A9B,AWB1878965369,110614921031,Carrier A,Local,Mumbai,In-Transit,2026-02-08,-25,True,65.6,High,0,P1 - Urgent,"AWB AWB1878965369 (Mumbai, Local lane) has PASSED its promised EDD (2026-02-08) and is still showing 'In-Transit'. Proactively contact the customer with a revised delivery estimate before they contact us.",An update on your order,Order #110614921031 is taking longer than expected. We're actively tracking it and will share an updated delivery estimate shortly. Sorry for the wait.,Proactive customer outreach + prioritize reattempt slot within 24h; flag to carrier ops,AI_PREDICTED (risk score) + MOCK (message content — no real push notification or care-team ticket is actually sent; see docs/data_assumptions.md)
598F824A6D,AWB1448252483,110514908435,Carrier D,National,Nellore,Order Packed,2026-02-09,-24,True,54.5,Medium,0,P1 - Urgent,"AWB AWB1448252483 (Nellore, National lane) has PASSED its promised EDD (2026-02-09) and is still showing 'Order Packed'. Proactively contact the customer with a revised delivery estimate before they contact us.",An update on your order,Order #110514908435 is taking longer than expected. We're actively tracking it and will share an updated delivery estimate shortly. Sorry for the wait.,Send proactive delivery-reminder notification; monitor next scan,AI_PREDICTED (risk score) + MOCK (message content — no real push notification or care-team ticket is actually sent; see docs/data_assumptions.md)
C861FA17CD,AWB3721046183,110814938370,Carrier B,National,North Delhi,Out of delivery,2026-02-09,-24,True,46.0,Medium,1,P1 - Urgent,"AWB AWB3721046183 (North Delhi, National lane) has PASSED its promised EDD (2026-02-09) and is still showing 'Out of delivery'. Proactively contact the customer with a revised delivery estimate before they contact us.",An update on your order,Order #110814938370 is taking longer than expected. We're actively tracking it and will share an updated delivery estimate shortly. Sorry for the wait.,Route to NDR Recovery Agent — customer contact for reattempt,AI_PREDICTED (risk score) + MOCK (message content — no real push notification or care-team ticket is actually sent; see docs/data_assumptions.md)
33F7B75114,AWB8589206358,102514791707,Carrier C,National,Surendra Nagar,Out of delivery,2026-02-09,-24,True,45.0,Medium,2,P1 - Urgent,"AWB AWB8589206358 (Surendra Nagar, National lane) has PASSED its promised EDD (2026-02-09) and is still showing 'Out of delivery'. Proactively contact the customer with a revised delivery estimate before they contact us.",An update on your order,Order #102514791707 is taking longer than expected. We're actively tracking it and will share an updated delivery estimate shortly. Sorry for the wait.,Route to NDR Recovery Agent — customer contact for reattempt,AI_PREDICTED (risk score) + MOCK (message content — no real push notification or care-team ticket is actually sent; see docs/data_assumptions.md)
EE9B0F16DE,AWB4977372926,110514908436,Carrier C,National,Nellore,In-Transit,2026-02-10,-23,True,61.2,High,0,P1 - Urgent,"AWB AWB4977372926 (Nellore, National lane) has PASSED its promised EDD (2026-02-10) and is still showing 'In-Transit'. Proactively contact the customer with a revised delivery estimate before they contact us.",An update on your order,Order #110514908436 is taking longer than expected. We're actively tracking it and will share an updated delivery estimate shortly. Sorry for the wait.,Proactive customer outreach + prioritize reattempt slot within 24h; flag to carrier ops,AI_PREDICTED (risk score) + MOCK (message content — no real push notification or care-team ticket is actually sent; see docs/data_assumptions.md)
F86039FCD7,AWB2547755311,110414896424,Carrier A,National,South Delhi,In-Transit,2026-02-11,-22,True,54.0,Medium,0,P1 - Urgent,"AWB AWB2547755311 (South Delhi, National lane) has PASSED its promised EDD (2026-02-11) and is still showing 'In-Transit'. Proactively contact the customer with a revised delivery estimate before they contact us.",An update on your order,Order #110414896424 is taking longer than expected. We're actively tracking it and will share an updated delivery estimate shortly. Sorry for the wait.,Send proactive delivery-reminder notification; monitor next scan,AI_PREDICTED (risk score) + MOCK (message content — no real push notification or care-team ticket is actually sent; see docs/data_assumptions.md)
41461AB4C3,AWB7140626207,110414891134,Carrier A,National,Firozpur,Pickup done,2026-02-11,-22,True,49.8,Medium,0,P1 - Urgent,"AWB AWB7140626207 (Firozpur, National lane) has PASSED its promised EDD (2026-02-11) and is still showing 'Pickup done'. Proactively contact the customer with a revised delivery estimate before they contact us.",An update on your order,Order #110414891134 is taking longer than expected. We're actively tracking it and will share an updated delivery estimate shortly. Sorry for the wait.,Send proactive delivery-reminder notification; monitor next scan,AI_PREDICTED (risk score) + MOCK (message content — no real push notification or care-team ticket is actually sent; see docs/data_assumptions.md)
A908B5E185,AWB4009048302,110714936115,Carrier D,Metro,Chennai,In-Transit,2026-02-11,-22,True,62.3,High,0,P1 - Urgent,"AWB AWB4009048302 (Chennai, Metro lane) has PASSED its promised EDD (2026-02-11) and is still showing 'In-Transit'. Proactively contact the customer with a revised delivery estimate before they contact us.",An update on your order,Order #110714936115 is taking longer than expected. We're actively tracking it and will share an updated delivery estimate shortly. Sorry for the wait.,Proactive customer outreach + prioritize reattempt slot within 24h; flag to carrier ops,AI_PREDICTED (risk score) + MOCK (message content — no real push notification or care-team ticket is actually sent; see docs/data_assumptions.md)
7E126F8A00,AWB5524209810,111014970158,Carrier B,National,South West Delhi,In-Transit,2026-02-11,-22,True,55.2,Medium,0,P1 - Urgent,"AWB AWB5524209810 (South West Delhi, National lane) has PASSED its promised EDD (2026-02-11) and is still showing 'In-Transit'. Proactively contact the customer with a revised delivery estimate before they contact us.",An update on your order,Order #111014970158 is taking longer than expected. We're actively tracking it and will share an updated delivery estimate shortly. Sorry for the wait.,Send proactive delivery-reminder notification; monitor next scan,AI_PREDICTED (risk score) + MOCK (message content — no real push notification or care-team ticket is actually sent; see docs/data_assumptions.md)
CF28A822A3,AWB9064660561,110414898571,Carrier D,National,Moradabad,In-Transit,2026-02-11,-22,True,64.4,High,0,P1 - Urgent,"AWB AWB9064660561 (Moradabad, National lane) has PASSED its promised EDD (2026-02-11) and is still showing 'In-Transit'. Proactively contact the customer with a revised delivery estimate before they contact us.",An update on your order,Order #110414898571 is taking longer than expected. We're actively tracking it and will share an updated delivery estimate shortly. Sorry for the wait.,Proactive customer outreach + prioritize reattempt slot within 24h; flag to carrier ops,AI_PREDICTED (risk score) + MOCK (message content — no real push notification or care-team ticket is actually sent; see docs/data_assumptions.md)
8629954C93,AWB0100127512,111114976339,Carrier A,Local,Thane,Pickup done,2026-02-13,-20,True,63.3,High,0,P1 - Urgent,"AWB AWB0100127512 (Thane, Local lane) has PASSED its promised EDD (2026-02-13) and is still showing 'Pickup done'. Proactively contact the customer with a revised delivery estimate before they contact us.",An update on your order,Order #111114976339 is taking longer than expected. We're actively tracking it and will share an updated delivery estimate shortly. Sorry for the wait.,Proactive customer outreach + prioritize reattempt slot within 24h; flag to carrier ops,AI_PREDICTED (risk score) + MOCK (message content — no real push notification or care-team ticket is actually sent; see docs/data_assumptions.md)
B6F392D601,AWB5452064454,110814942467,Carrier A,Metro,Hyderabad,In-Transit,2026-02-13,-20,True,62.2,High,0,P1 - Urgent,"AWB AWB5452064454 (Hyderabad, Metro lane) has PASSED its promised EDD (2026-02-13) and is still showing 'In-Transit'. Proactively contact the customer with a revised delivery estimate before they contact us.",An update on your order,Order #110814942467 is taking longer than expected. We're actively tracking it and will share an updated delivery estimate shortly. Sorry for the wait.,Proactive customer outreach + prioritize reattempt slot within 24h; flag to carrier ops,AI_PREDICTED (risk score) + MOCK (message content — no real push notification or care-team ticket is actually sent; see docs/data_assumptions.md)
B9B550470E,AWB9023672846,111014961667,Carrier A,Metro,Gurgaon,Out of delivery,2026-02-14,-19,True,41.3,Medium,1,P1 - Urgent,"AWB AWB9023672846 (Gurgaon, Metro lane) has PASSED its promised EDD (2026-02-14) and is still showing 'Out of delivery'. Proactively contact the customer with a revised delivery estimate before they contact us.",An update on your order,Order #111014961667 is taking longer than expected. We're actively tracking it and will share an updated delivery estimate shortly. Sorry for the wait.,Route to NDR Recovery Agent — customer contact for reattempt,AI_PREDICTED (risk score) + MOCK (message content — no real push notification or care-team ticket is actually sent; see docs/data_assumptions.md)
6A586AEF58,AWB3457524407,110914955924,Carrier A,Metro,Bangalore,Out of delivery,2026-02-14,-19,True,53.5,Medium,2,P1 - Urgent,"AWB AWB3457524407 (Bangalore, Metro lane) has PASSED its promised EDD (2026-02-14) and is still showing 'Out of delivery'. Proactively contact the customer with a revised delivery estimate before they contact us.",An update on your order,Order #110914955924 is taking longer than expected. We're actively tracking it and will share an updated delivery estimate shortly. Sorry for the wait.,Route to NDR Recovery Agent — customer contact for reattempt,AI_PREDICTED (risk score) + MOCK (message content — no real push notification or care-team ticket is actually sent; see docs/data_assumptions.md)
7885A7F996,AWB5659560139,103114851404,Carrier C,National,Ajmer,In-Transit,2026-02-15,-18,True,52.7,Medium,0,P1 - Urgent,"AWB AWB5659560139 (Ajmer, National lane) has PASSED its promised EDD (2026-02-15) and is still showing 'In-Transit'. Proactively contact the customer with a revised delivery estimate before they contact us.",An update on your order,Order #103114851404 is taking longer than expected. We're actively tracking it and will share an updated delivery estimate shortly. Sorry for the wait.,Send proactive delivery-reminder notification; monitor next scan,AI_PREDICTED (risk score) + MOCK (message content — no real push notification or care-team ticket is actually sent; see docs/data_assumptions.md)
D1B8F31A13,AWB0015575490,110314883303,Carrier B,National,Champhai,In-Transit,2026-02-16,-17,True,53.4,Medium,0,P1 - Urgent,"AWB AWB0015575490 (Champhai, National lane) has PASSED its promised EDD (2026-02-16) and is still showing 'In-Transit'. Proactively contact the customer with a revised delivery estimate before they contact us.",An update on your order,Order #110314883303 is taking longer than expected. We're actively tracking it and will share an updated delivery estimate shortly. Sorry for the wait.,Send proactive delivery-reminder notification; monitor next scan,AI_PREDICTED (risk score) + MOCK (message content — no real push notification or care-team ticket is actually sent; see docs/data_assumptions.md)
B24D8B9252,AWB5233607038,110514902987,Carrier D,National,Dhanbad,Out of delivery,2026-02-17,-16,True,42.7,Medium,2,P1 - Urgent,"AWB AWB5233607038 (Dhanbad, National lane) has PASSED its promised EDD (2026-02-17) and is still showing 'Out of delivery'. Proactively contact the customer with a revised delivery estimate before they contact us.",An update on your order,Order #110514902987 is taking longer than expected. We're actively tracking it and will share an updated delivery estimate shortly. Sorry for the wait.,Route to NDR Recovery Agent — customer contact for reattempt,AI_PREDICTED (risk score) + MOCK (message content — no real push notification or care-team ticket is actually sent; see docs/data_assumptions.md)
6D84330B1F,AWB4881315008,110414894545,Carrier B,National,Aizawl,In-Transit,2026-02-18,-15,True,50.5,Medium,0,P1 - Urgent,"AWB AWB4881315008 (Aizawl, National lane) has PASSED its promised EDD (2026-02-18) and is still showing 'In-Transit'. Proactively contact the customer with a revised delivery estimate before they contact us.",An update on your order,Order #110414894545 is taking longer than expected. We're actively tracking it and will share an updated delivery estimate shortly. Sorry for the wait.,Send proactive delivery-reminder notification; monitor next scan,AI_PREDICTED (risk score) + MOCK (message content — no real push notification or care-team ticket is actually sent; see docs/data_assumptions.md)
E82E88DE6D,AWB5659369892,110314881249,Carrier D,National,Virudhunagar,Pickup done,2026-02-18,-15,True,60.1,High,0,P1 - Urgent,"AWB AWB5659369892 (Virudhunagar, National lane) has PASSED its promised EDD (2026-02-18) and is still showing 'Pickup done'. Proactively contact the customer with a revised delivery estimate before they contact us.",An update on your order,Order #110314881249 is taking longer than expected. We're actively tracking it and will share an updated delivery estimate shortly. Sorry for the wait.,Proactive customer outreach + prioritize reattempt slot within 24h; flag to carrier ops,AI_PREDICTED (risk score) + MOCK (message content — no real push notification or care-team ticket is actually sent; see docs/data_assumptions.md)
5E1A5D4724,AWB3824143579,111014964280,Carrier A,Metro,BANGALORE,In-Transit,2026-02-18,-15,True,66.0,High,0,P1 - Urgent,"AWB AWB3824143579 (BANGALORE, Metro lane) has PASSED its promised EDD (2026-02-18) and is still showing 'In-Transit'. Proactively contact the customer with a revised delivery estimate before they contact us.",An update on your order,Order #111014964280 is taking longer than expected. We're actively tracking it and will share an updated delivery estimate shortly. Sorry for the wait.,Proactive customer outreach + prioritize reattempt slot within 24h; flag to carrier ops,AI_PREDICTED (risk score) + MOCK (message content — no real push notification or care-team ticket is actually sent; see docs/data_assumptions.md)
360931CECF,AWB3844135441,110814940606,Carrier C,National,Jodhpur,Pickup done,2026-02-18,-15,True,53.4,Medium,0,P1 - Urgent,"AWB AWB3844135441 (Jodhpur, National lane) has PASSED its promised EDD (2026-02-18) and is still showing 'Pickup done'. Proactively contact the customer with a revised delivery estimate before they contact us.",An update on your order,Order #110814940606 is taking longer than expected. We're actively tracking it and will share an updated delivery estimate shortly. Sorry for the wait.,Send proactive delivery-reminder notification; monitor next scan,AI_PREDICTED (risk score) + MOCK (message content — no real push notification or care-team ticket is actually sent; see docs/data_assumptions.md)
B5C5BAC24F,AWB1705795524,103114850082,Carrier B,Metro,Gurgaon,In-Transit,2026-02-19,-14,True,59.1,Medium,0,P1 - Urgent,"AWB AWB1705795524 (Gurgaon, Metro lane) has PASSED its promised EDD (2026-02-19) and is still showing 'In-Transit'. Proactively contact the customer with a revised delivery estimate before they contact us.",An update on your order,Order #103114850082 is taking longer than expected. We're actively tracking it and will share an updated delivery estimate shortly. Sorry for the wait.,Route to NDR Recovery Agent — customer contact for reattempt,AI_PREDICTED (risk score) + MOCK (message content — no real push notification or care-team ticket is actually sent; see docs/data_assumptions.md)
1F5FCA1A7D,AWB3866518975,110914954355,Carrier B,Metro,Gautam Buddha Nagar,Order Packed,2026-02-19,-14,True,59.8,Medium,0,P1 - Urgent,"AWB AWB3866518975 (Gautam Buddha Nagar, Metro lane) has PASSED its promised EDD (2026-02-19) and is still showing 'Order Packed'. Proactively contact the customer with a revised delivery estimate before they contact us.",An update on your order,Order #110914954355 is taking longer than expected. We're actively tracking it and will share an updated delivery estimate shortly. Sorry for the wait.,Send proactive delivery-reminder notification; monitor next scan,AI_PREDICTED (risk score) + MOCK (message content — no real push notification or care-team ticket is actually sent; see docs/data_assumptions.md)
7C0461A6B7,AWB4417426131,110414898352,Carrier A,National,Kasargod,Out of delivery,2026-02-19,-14,True,40.9,Medium,1,P1 - Urgent,"AWB AWB4417426131 (Kasargod, National lane) has PASSED its promised EDD (2026-02-19) and is still showing 'Out of delivery'. Proactively contact the customer with a revised delivery estimate before they contact us.",An update on your order,Order #110414898352 is taking longer than expected. We're actively tracking it and will share an updated delivery estimate shortly. Sorry for the wait.,Route to NDR Recovery Agent — customer contact for reattempt,AI_PREDICTED (risk score) + MOCK (message content — no real push notification or care-team ticket is actually sent; see docs/data_assumptions.md)
4FF98F894A,AWB6249891275,110914960008,Carrier A,Metro,Bangalore,In-Transit,2026-02-19,-14,True,63.9,High,0,P1 - Urgent,"AWB AWB6249891275 (Bangalore, Metro lane) has PASSED its promised EDD (2026-02-19) and is still showing 'In-Transit'. Proactively contact the customer with a revised delivery estimate before they contact us.",An update on your order,Order #110914960008 is taking longer than expected. We're actively tracking it and will share an updated delivery estimate shortly. Sorry for the wait.,Proactive customer outreach + prioritize reattempt slot within 24h; flag to carrier ops,AI_PREDICTED (risk score) + MOCK (message content — no real push notification or care-team ticket is actually sent; see docs/data_assumptions.md)
1C01D7E5F9,AWB7131187438,110914955138,Carrier B,Regional,Indore,Pickup done,2026-02-19,-14,True,53.9,Medium,0,P1 - Urgent,"AWB AWB7131187438 (Indore, Regional lane) has PASSED its promised EDD (2026-02-19) and is still showing 'Pickup done'. Proactively contact the customer with a revised delivery estimate before they contact us.",An update on your order,Order #110914955138 is taking longer than expected. We're actively tracking it and will share an updated delivery estimate shortly. Sorry for the wait.,Send proactive delivery-reminder notification; monitor next scan,AI_PREDICTED (risk score) + MOCK (message content — no real push notification or care-team ticket is actually sent; see docs/data_assumptions.md)
E75159CA72,AWB9475085132,110614919042,Carrier D,National,Nellore,In-Transit,2026-02-20,-13,True,48.0,Medium,0,P1 - Urgent,"AWB AWB9475085132 (Nellore, National lane) has PASSED its promised EDD (2026-02-20) and is still showing 'In-Transit'. Proactively contact the customer with a revised delivery estimate before they contact us.",An update on your order,Order #110614919042 is taking longer than expected. We're actively tracking it and will share an updated delivery estimate shortly. Sorry for the wait.,Send proactive delivery-reminder notification; monitor next scan,AI_PREDICTED (risk score) + MOCK (message content — no real push notification or care-team ticket is actually sent; see docs/data_assumptions.md)
A8FDC1047A,AWB3844837304,110314876314,Carrier C,National,Bangalore Rural,Order Packed,2026-02-20,-13,True,59.6,Medium,0,P1 - Urgent,"AWB AWB3844837304 (Bangalore Rural, National lane) has PASSED its promised EDD (2026-02-20) and is still showing 'Order Packed'. Proactively contact the customer with a revised delivery estimate before they contact us.",An update on your order,Order #110314876314 is taking longer than expected. We're actively tracking it and will share an updated delivery estimate shortly. Sorry for the wait.,Send proactive delivery-reminder notification; monitor next scan,AI_PREDICTED (risk score) + MOCK (message content — no real push notification or care-team ticket is actually sent; see docs/data_assumptions.md)
65446849C3,AWB8234442621,110214865455,Carrier C,National,Haridwar,In-Transit,2026-02-20,-13,True,55.9,Medium,0,P1 - Urgent,"AWB AWB8234442621 (Haridwar, National lane) has PASSED its promised EDD (2026-02-20) and is still showing 'In-Transit'. Proactively contact the customer with a revised delivery estimate before they contact us.",An update on your order,Order #110214865455 is taking longer than expected. We're actively tracking it and will share an updated delivery estimate shortly. Sorry for the wait.,Send proactive delivery-reminder notification; monitor next scan,AI_PREDICTED (risk score) + MOCK (message content — no real push notification or care-team ticket is actually sent; see docs/data_assumptions.md)
73717DC4DA,AWB7072745916,111014968587,Carrier C,Metro,Bangalore,In-Transit,2026-02-21,-12,True,54.8,Medium,0,P1 - Urgent,"AWB AWB7072745916 (Bangalore, Metro lane) has PASSED its promised EDD (2026-02-21) and is still showing 'In-Transit'. Proactively contact the customer with a revised delivery estimate before they contact us.",An update on your order,Order #111014968587 is taking longer than expected. We're actively tracking it and will share an updated delivery estimate shortly. Sorry for the wait.,Send proactive delivery-reminder notification; monitor next scan,AI_PREDICTED (risk score) + MOCK (message content — no real push notification or care-team ticket is actually sent; see docs/data_assumptions.md)
7D0DE0CC85,AWB2310088930,111014966204,Carrier C,National,South West Delhi,In-Transit,2026-02-21,-12,True,49.5,Medium,0,P1 - Urgent,"AWB AWB2310088930 (South West Delhi, National lane) has PASSED its promised EDD (2026-02-21) and is still showing 'In-Transit'. Proactively contact the customer with a revised delivery estimate before they contact us.",An update on your order,Order #111014966204 is taking longer than expected. We're actively tracking it and will share an updated delivery estimate shortly. Sorry for the wait.,Send proactive delivery-reminder notification; monitor next scan,AI_PREDICTED (risk score) + MOCK (message content — no real push notification or care-team ticket is actually sent; see docs/data_assumptions.md)
4F865F2831,AWB1122050050,102214818800,Carrier D,National,Aligarh,In-Transit,2026-02-21,-12,True,59.0,Medium,0,P1 - Urgent,"AWB AWB1122050050 (Aligarh, National lane) has PASSED its promised EDD (2026-02-21) and is still showing 'In-Transit'. Proactively contact the customer with a revised delivery estimate before they contact us.",An update on your order,Order #102214818800 is taking longer than expected. We're actively tracking it and will share an updated delivery estimate shortly. Sorry for the wait.,Send proactive delivery-reminder notification; monitor next scan,AI_PREDICTED (risk score) + MOCK (message content — no real push notification or care-team ticket is actually sent; see docs/data_assumptions.md)
F5DA4553B8,AWB6935981870,110814948461,Carrier D,National,K.V.Rangareddy,Out of delivery,2026-02-22,-11,True,49.0,Medium,1,P1 - Urgent,"AWB AWB6935981870 (K.V.Rangareddy, National lane) has PASSED its promised EDD (2026-02-22) and is still showing 'Out of delivery'. Proactively contact the customer with a revised delivery estimate before they contact us.",An update on your order,Order #110814948461 is taking longer than expected. We're actively tracking it and will share an updated delivery estimate shortly. Sorry for the wait.,Route to NDR Recovery Agent — customer contact for reattempt,AI_PREDICTED (risk score) + MOCK (message content — no real push notification or care-team ticket is actually sent; see docs/data_assumptions.md)
1D645AA287,AWB7653706713,110814943402,Carrier C,National,Giridh,Pickup done,2026-02-22,-11,True,52.5,Medium,0,P1 - Urgent,"AWB AWB7653706713 (Giridh, National lane) has PASSED its promised EDD (2026-02-22) and is still showing 'Pickup done'. Proactively contact the customer with a revised delivery estimate before they contact us.",An update on your order,Order #110814943402 is taking longer than expected. We're actively tracking it and will share an updated delivery estimate shortly. Sorry for the wait.,Send proactive delivery-reminder notification; monitor next scan,AI_PREDICTED (risk score) + MOCK (message content — no real push notification or care-team ticket is actually sent; see docs/data_assumptions.md)
D67422753A,AWB8228448001,110914953098,Carrier B,Local,Thane,Out of delivery,2026-02-22,-11,True,40.9,Medium,1,P1 - Urgent,"AWB AWB8228448001 (Thane, Local lane) has PASSED its promised EDD (2026-02-22) and is still showing 'Out of delivery'. Proactively contact the customer with a revised delivery estimate before they contact us.",An update on your order,Order #110914953098 is taking longer than expected. We're actively tracking it and will share an updated delivery estimate shortly. Sorry for the wait.,Route to NDR Recovery Agent — customer contact for reattempt,AI_PREDICTED (risk score) + MOCK (message content — no real push notification or care-team ticket is actually sent; see docs/data_assumptions.md)
65E3A5B945,AWB6522179084,110414891580,Carrier A,National,Faridabad,Order Packed,2026-02-22,-11,True,51.4,Medium,0,P1 - Urgent,"AWB AWB6522179084 (Faridabad, National lane) has PASSED its promised EDD (2026-02-22) and is still showing 'Order Packed'. Proactively contact the customer with a revised delivery estimate before they contact us.",An update on your order,Order #110414891580 is taking longer than expected. We're actively tracking it and will share an updated delivery estimate shortly. Sorry for the wait.,Send proactive delivery-reminder notification; monitor next scan,AI_PREDICTED (risk score) + MOCK (message content — no real push notification or care-team ticket is actually sent; see docs/data_assumptions.md)
16E59F6581,AWB2400836038,110614920945,Carrier C,National,Ernakulam,Out of delivery,2026-02-23,-10,True,47.6,Medium,1,P1 - Urgent,"AWB AWB2400836038 (Ernakulam, National lane) has PASSED its promised EDD (2026-02-23) and is still showing 'Out of delivery'. Proactively contact the customer with a revised delivery estimate before they contact us.",An update on your order,Order #110614920945 is taking longer than expected. We're actively tracking it and will share an updated delivery estimate shortly. Sorry for the wait.,Route to NDR Recovery Agent — customer contact for reattempt,AI_PREDICTED (risk score) + MOCK (message content — no real push notification or care-team ticket is actually sent; see docs/data_assumptions.md)
123876DD48,AWB1173243475,102314764354,Carrier D,National,East Delhi,In-Transit,2026-02-24,-9,True,46.9,Medium,0,P1 - Urgent,"AWB AWB1173243475 (East Delhi, National lane) has PASSED its promised EDD (2026-02-24) and is still showing 'In-Transit'. Proactively contact the customer with a revised delivery estimate before they contact us.",An update on your order,Order #102314764354 is taking longer than expected. We're actively tracking it and will share an updated delivery estimate shortly. Sorry for the wait.,Send proactive delivery-reminder notification; monitor next scan,AI_PREDICTED (risk score) + MOCK (message content — no real push notification or care-team ticket is actually sent; see docs/data_assumptions.md)
A221E80565,AWB4545893455,111014964993,Carrier D,National,Meerut,In-Transit,2026-02-24,-9,True,55.0,Medium,0,P1 - Urgent,"AWB AWB4545893455 (Meerut, National lane) has PASSED its promised EDD (2026-02-24) and is still showing 'In-Transit'. Proactively contact the customer with a revised delivery estimate before they contact us.",An update on your order,Order #111014964993 is taking longer than expected. We're actively tracking it and will share an updated delivery estimate shortly. Sorry for the wait.,Send proactive delivery-reminder notification; monitor next scan,AI_PREDICTED (risk score) + MOCK (message content — no real push notification or care-team ticket is actually sent; see docs/data_assumptions.md)
FF021F1E0D,AWB5528583535,110414888129,Carrier C,Metro,Bangalore,Out of delivery,2026-02-24,-9,True,63.9,High,1,P1 - Urgent,"AWB AWB5528583535 (Bangalore, Metro lane) has PASSED its promised EDD (2026-02-24) and is still showing 'Out of delivery'. Proactively contact the customer with a revised delivery estimate before they contact us.",An update on your order,Order #110414888129 is taking longer than expected. We're actively tracking it and will share an updated delivery estimate shortly. Sorry for the wait.,Route to NDR Recovery Agent — customer contact for reattempt,AI_PREDICTED (risk score) + MOCK (message content — no real push notification or care-team ticket is actually sent; see docs/data_assumptions.md)
20C36326DD,AWB6140677936,103114849255,Carrier B,Regional,Damoh,Out of delivery,2026-02-24,-9,True,39.2,Medium,1,P1 - Urgent,"AWB AWB6140677936 (Damoh, Regional lane) has PASSED its promised EDD (2026-02-24) and is still showing 'Out of delivery'. Proactively contact the customer with a revised delivery estimate before they contact us.",An update on your order,Order #103114849255 is taking longer than expected. We're actively tracking it and will share an updated delivery estimate shortly. Sorry for the wait.,Route to NDR Recovery Agent — customer contact for reattempt,AI_PREDICTED (risk score) + MOCK (message content — no real push notification or care-team ticket is actually sent; see docs/data_assumptions.md)
DAFFDED09E,AWB2111518904,110514902680,Carrier B,National,Dimapur,Pickup done,2026-02-25,-8,True,57.6,Medium,0,P1 - Urgent,"AWB AWB2111518904 (Dimapur, National lane) has PASSED its promised EDD (2026-02-25) and is still showing 'Pickup done'. Proactively contact the customer with a revised delivery estimate before they contact us.",An update on your order,Order #110514902680 is taking longer than expected. We're actively tracking it and will share an updated delivery estimate shortly. Sorry for the wait.,Send proactive delivery-reminder notification; monitor next scan,AI_PREDICTED (risk score) + MOCK (message content — no real push notification or care-team ticket is actually sent; see docs/data_assumptions.md)
C9CCD90DC8,AWB7387097224,110714925159,Carrier A,Local,Mumbai,In-Transit,2026-02-26,-7,True,46.0,Medium,0,P1 - Urgent,"AWB AWB7387097224 (Mumbai, Local lane) has PASSED its promised EDD (2026-02-26) and is still showing 'In-Transit'. Proactively contact the customer with a revised delivery estimate before they contact us.",An update on your order,Order #110714925159 is taking longer than expected. We're actively tracking it and will share an updated delivery estimate shortly. Sorry for the wait.,Route to NDR Recovery Agent — customer contact for reattempt,AI_PREDICTED (risk score) + MOCK (message content — no real push notification or care-team ticket is actually sent; see docs/data_assumptions.md)
7941E959DE,AWB5467505769,110114857418,Carrier C,National,Jalandhar,Out of delivery,2026-02-26,-7,True,37.9,Medium,2,P1 - Urgent,"AWB AWB5467505769 (Jalandhar, National lane) has PASSED its promised EDD (2026-02-26) and is still showing 'Out of delivery'. Proactively contact the customer with a revised delivery estimate before they contact us.",An update on your order,Order #110114857418 is taking longer than expected. We're actively tracking it and will share an updated delivery estimate shortly. Sorry for the wait.,Route to NDR Recovery Agent — customer contact for reattempt,AI_PREDICTED (risk score) + MOCK (message content — no real push notification or care-team ticket is actually sent; see docs/data_assumptions.md)
423EC74DE2,AWB8185435538,110214875664,Carrier D,National,Firozpur,In-Transit,2026-02-26,-7,True,63.5,High,0,P1 - Urgent,"AWB AWB8185435538 (Firozpur, National lane) has PASSED its promised EDD (2026-02-26) and is still showing 'In-Transit'. Proactively contact the customer with a revised delivery estimate before they contact us.",An update on your order,Order #110214875664 is taking longer than expected. We're actively tracking it and will share an updated delivery estimate shortly. Sorry for the wait.,Route to NDR Recovery Agent — customer contact for reattempt,AI_PREDICTED (risk score) + MOCK (message content — no real push notification or care-team ticket is actually sent; see docs/data_assumptions.md)
A7D60E9A81,AWB9460238042,102814816779,Carrier D,National,West Godavari,Out of delivery,2026-02-26,-7,True,41.3,Medium,1,P1 - Urgent,"AWB AWB9460238042 (West Godavari, National lane) has PASSED its promised EDD (2026-02-26) and is still showing 'Out of delivery'. Proactively contact the customer with a revised delivery estimate before they contact us.",An update on your order,Order #102814816779 is taking longer than expected. We're actively tracking it and will share an updated delivery estimate shortly. Sorry for the wait.,Route to NDR Recovery Agent — customer contact for reattempt,AI_PREDICTED (risk score) + MOCK (message content — no real push notification or care-team ticket is actually sent; see docs/data_assumptions.md)
7F6F4AB038,AWB2931578398,101614683252,Carrier B,National,City,In-Transit,2026-02-26,-7,True,52.7,Medium,0,P1 - Urgent,"AWB AWB2931578398 (City, National lane) has PASSED its promised EDD (2026-02-26) and is still showing 'In-Transit'. Proactively contact the customer with a revised delivery estimate before they contact us.",An update on your order,Order #101614683252 is taking longer than expected. We're actively tracking it and will share an updated delivery estimate shortly. Sorry for the wait.,Send proactive delivery-reminder notification; monitor next scan,AI_PREDICTED (risk score) + MOCK (message content — no real push notification or care-team ticket is actually sent; see docs/data_assumptions.md)
1F0CA4AE6E,AWB8773575756,101914712361,Carrier B,Regional,Gadchiroli,Out of delivery,2026-02-26,-7,True,41.6,Medium,1,P1 - Urgent,"AWB AWB8773575756 (Gadchiroli, Regional lane) has PASSED its promised EDD (2026-02-26) and is still showing 'Out of delivery'. Proactively contact the customer with a revised delivery estimate before they contact us.",An update on your order,Order #101914712361 is taking longer than expected. We're actively tracking it and will share an updated delivery estimate shortly. Sorry for the wait.,Route to NDR Recovery Agent — customer contact for reattempt,AI_PREDICTED (risk score) + MOCK (message content — no real push notification or care-team ticket is actually sent; see docs/data_assumptions.md)
A8C92E9C79,AWB6335221883,110114860709,Carrier D,National,Rupnagar,Out of delivery,2026-02-27,-6,True,42.5,Medium,1,P1 - Urgent,"AWB AWB6335221883 (Rupnagar, National lane) has PASSED its promised EDD (2026-02-27) and is still showing 'Out of delivery'. Proactively contact the customer with a revised delivery estimate before they contact us.",An update on your order,Order #110114860709 is taking longer than expected. We're actively tracking it and will share an updated delivery estimate shortly. Sorry for the wait.,Route to NDR Recovery Agent — customer contact for reattempt,AI_PREDICTED (risk score) + MOCK (message content — no real push notification or care-team ticket is actually sent; see docs/data_assumptions.md)
EDDE361027,AWB7788594214,110414887801,Carrier D,National,Jorhat,Out of delivery,2026-02-27,-6,True,40.3,Medium,1,P1 - Urgent,"AWB AWB7788594214 (Jorhat, National lane) has PASSED its promised EDD (2026-02-27) and is still showing 'Out of delivery'. Proactively contact the customer with a revised delivery estimate before they contact us.",An update on your order,Order #110414887801 is taking longer than expected. We're actively tracking it and will share an updated delivery estimate shortly. Sorry for the wait.,Route to NDR Recovery Agent — customer contact for reattempt,AI_PREDICTED (risk score) + MOCK (message content — no real push notification or care-team ticket is actually sent; see docs/data_assumptions.md)
BB37531C4D,AWB7549259881,101814706084,Carrier B,National,Muzaffarpur,In-Transit,2026-02-27,-6,True,51.1,Medium,0,P1 - Urgent,"AWB AWB7549259881 (Muzaffarpur, National lane) has PASSED its promised EDD (2026-02-27) and is still showing 'In-Transit'. Proactively contact the customer with a revised delivery estimate before they contact us.",An update on your order,Order #101814706084 is taking longer than expected. We're actively tracking it and will share an updated delivery estimate shortly. Sorry for the wait.,Route to NDR Recovery Agent — customer contact for reattempt,AI_PREDICTED (risk score) + MOCK (message content — no real push notification or care-team ticket is actually sent; see docs/data_assumptions.md)
B61DDB654E,AWB6558298501,110414897397,Carrier C,National,Lucknow,Order Packed,2026-02-28,-5,True,56.4,Medium,0,P1 - Urgent,"AWB AWB6558298501 (Lucknow, National lane) has PASSED its promised EDD (2026-02-28) and is still showing 'Order Packed'. Proactively contact the customer with a revised delivery estimate before they contact us.",An update on your order,Order #110414897397 is taking longer than expected. We're actively tracking it and will share an updated delivery estimate shortly. Sorry for the wait.,Send proactive delivery-reminder notification; monitor next scan,AI_PREDICTED (risk score) + MOCK (message content — no real push notification or care-team ticket is actually sent; see docs/data_assumptions.md)
C9C15589ED,AWB5024581424,110414895916,Carrier D,National,Kamrup,In-Transit,2026-02-28,-5,True,51.0,Medium,0,P1 - Urgent,"AWB AWB5024581424 (Kamrup, National lane) has PASSED its promised EDD (2026-02-28) and is still showing 'In-Transit'. Proactively contact the customer with a revised delivery estimate before they contact us.",An update on your order,Order #110414895916 is taking longer than expected. We're actively tracking it and will share an updated delivery estimate shortly. Sorry for the wait.,Send proactive delivery-reminder notification; monitor next scan,AI_PREDICTED (risk score) + MOCK (message content — no real push notification or care-team ticket is actually sent; see docs/data_assumptions.md)
5EC76A379D,AWB6789258310,110314880577,Carrier D,National,East Sikkim,Out of delivery,2026-02-28,-5,True,47.2,Medium,1,P1 - Urgent,"AWB AWB6789258310 (East Sikkim, National lane) has PASSED its promised EDD (2026-02-28) and is still showing 'Out of delivery'. Proactively contact the customer with a revised delivery estimate before they contact us.",An update on your order,Order #110314880577 is taking longer than expected. We're actively tracking it and will share an updated delivery estimate shortly. Sorry for the wait.,Route to NDR Recovery Agent — customer contact for reattempt,AI_PREDICTED (risk score) + MOCK (message content — no real push notification or care-team ticket is actually sent; see docs/data_assumptions.md)
690CDFDE55,AWB5509026798,102814809467,Carrier B,National,East Godavari,In-Transit,2026-02-28,-5,True,53.2,Medium,0,P1 - Urgent,"AWB AWB5509026798 (East Godavari, National lane) has PASSED its promised EDD (2026-02-28) and is still showing 'In-Transit'. Proactively contact the customer with a revised delivery estimate before they contact us.",An update on your order,Order #102814809467 is taking longer than expected. We're actively tracking it and will share an updated delivery estimate shortly. Sorry for the wait.,Send proactive delivery-reminder notification; monitor next scan,AI_PREDICTED (risk score) + MOCK (message content — no real push notification or care-team ticket is actually sent; see docs/data_assumptions.md)
A0A13DD8BE,AWB9508474079,102314770606,Carrier B,National,Adilabad,Pickup done,2026-02-28,-5,True,49.9,Medium,0,P1 - Urgent,"AWB AWB9508474079 (Adilabad, National lane) has PASSED its promised EDD (2026-02-28) and is still showing 'Pickup done'. Proactively contact the customer with a revised delivery estimate before they contact us.",An update on your order,Order #102314770606 is taking longer than expected. We're actively tracking it and will share an updated delivery estimate shortly. Sorry for the wait.,Send proactive delivery-reminder notification; monitor next scan,AI_PREDICTED (risk score) + MOCK (message content — no real push notification or care-team ticket is actually sent; see docs/data_assumptions.md)
5BB53FF57C,AWB0892192559,92914425968,Carrier C,Metro,Chennai,Pickup done,2026-02-28,-5,True,59.5,Medium,0,P1 - Urgent,"AWB AWB0892192559 (Chennai, Metro lane) has PASSED its promised EDD (2026-02-28) and is still showing 'Pickup done'. Proactively contact the customer with a revised delivery estimate before they contact us.",An update on your order,Order #92914425968 is taking longer than expected. We're actively tracking it and will share an updated delivery estimate shortly. Sorry for the wait.,Send proactive delivery-reminder notification; monitor next scan,AI_PREDICTED (risk score) + MOCK (message content — no real push notification or care-team ticket is actually sent; see docs/data_assumptions.md)
ED231FFEEC,AWB5036772027,101914716056,Carrier D,National,Jaunpur,In-Transit,2026-02-28,-5,True,42.5,Medium,0,P1 - Urgent,"AWB AWB5036772027 (Jaunpur, National lane) has PASSED its promised EDD (2026-02-28) and is still showing 'In-Transit'. Proactively contact the customer with a revised delivery estimate before they contact us.",An update on your order,Order #101914716056 is taking longer than expected. We're actively tracking it and will share an updated delivery estimate shortly. Sorry for the wait.,Send proactive delivery-reminder notification; monitor next scan,AI_PREDICTED (risk score) + MOCK (message content — no real push notification or care-team ticket is actually sent; see docs/data_assumptions.md)
32C5F97E05,AWB4892827446,101314627612,Carrier B,National,Nayagarh,In-Transit,2026-02-28,-5,True,50.3,Medium,0,P1 - Urgent,"AWB AWB4892827446 (Nayagarh, National lane) has PASSED its promised EDD (2026-02-28) and is still showing 'In-Transit'. Proactively contact the customer with a revised delivery estimate before they contact us.",An update on your order,Order #101314627612 is taking longer than expected. We're actively tracking it and will share an updated delivery estimate shortly. Sorry for the wait.,Send proactive delivery-reminder notification; monitor next scan,AI_PREDICTED (risk score) + MOCK (message content — no real push notification or care-team ticket is actually sent; see docs/data_assumptions.md)
DBF986B0E1,AWB4657259138,103114843437,Carrier D,National,Kalahandi,Order Packed,2026-03-01,-4,True,45.1,Medium,0,P1 - Urgent,"AWB AWB4657259138 (Kalahandi, National lane) has PASSED its promised EDD (2026-03-01) and is still showing 'Order Packed'. Proactively contact the customer with a revised delivery estimate before they contact us.",An update on your order,Order #103114843437 is taking longer than expected. We're actively tracking it and will share an updated delivery estimate shortly. Sorry for the wait.,Send proactive delivery-reminder notification; monitor next scan,AI_PREDICTED (risk score) + MOCK (message content — no real push notification or care-team ticket is actually sent; see docs/data_assumptions.md)
F0A378F4EE,AWB0366278303,103014832434,Carrier A,Regional,Damoh,In-Transit,2026-03-01,-4,True,48.3,Medium,0,P1 - Urgent,"AWB AWB0366278303 (Damoh, Regional lane) has PASSED its promised EDD (2026-03-01) and is still showing 'In-Transit'. Proactively contact the customer with a revised delivery estimate before they contact us.",An update on your order,Order #103014832434 is taking longer than expected. We're actively tracking it and will share an updated delivery estimate shortly. Sorry for the wait.,Send proactive delivery-reminder notification; monitor next scan,AI_PREDICTED (risk score) + MOCK (message content — no real push notification or care-team ticket is actually sent; see docs/data_assumptions.md)
866212E18A,AWB5942056277,102214750979,Carrier C,Regional,Satara,In-Transit,2026-03-01,-4,True,41.2,Medium,0,P1 - Urgent,"AWB AWB5942056277 (Satara, Regional lane) has PASSED its promised EDD (2026-03-01) and is still showing 'In-Transit'. Proactively contact the customer with a revised delivery estimate before they contact us.",An update on your order,Order #102214750979 is taking longer than expected. We're actively tracking it and will share an updated delivery estimate shortly. Sorry for the wait.,Send proactive delivery-reminder notification; monitor next scan,AI_PREDICTED (risk score) + MOCK (message content — no real push notification or care-team ticket is actually sent; see docs/data_assumptions.md)
E2E74C6DBC,AWB6862340575,101814707028,Carrier D,National,Sambalpur,Out of delivery,2026-03-01,-4,True,30.8,Medium,1,P1 - Urgent,"AWB AWB6862340575 (Sambalpur, National lane) has PASSED its promised EDD (2026-03-01) and is still showing 'Out of delivery'. Proactively contact the customer with a revised delivery estimate before they contact us.",An update on your order,Order #101814707028 is taking longer than expected. We're actively tracking it and will share an updated delivery estimate shortly. Sorry for the wait.,Route to NDR Recovery Agent — customer contact for reattempt,AI_PREDICTED (risk score) + MOCK (message content — no real push notification or care-team ticket is actually sent; see docs/data_assumptions.md)
61C6991517,AWB4803320007,101514656835,Carrier B,Regional,Dewas,In-Transit,2026-03-02,-3,True,54.4,Medium,0,P1 - Urgent,"AWB AWB4803320007 (Dewas, Regional lane) has PASSED its promised EDD (2026-03-02) and is still showing 'In-Transit'. Proactively contact the customer with a revised delivery estimate before they contact us.",An update on your order,Order #101514656835 is taking longer than expected. We're actively tracking it and will share an updated delivery estimate shortly. Sorry for the wait.,Send proactive delivery-reminder notification; monitor next scan,AI_PREDICTED (risk score) + MOCK (message content — no real push notification or care-team ticket is actually sent; see docs/data_assumptions.md)
3770A117AC,AWB4958670026,101214623490,Carrier C,National,Srikakulam,Out of delivery,2026-03-02,-3,True,40.7,Medium,1,P1 - Urgent,"AWB AWB4958670026 (Srikakulam, National lane) has PASSED its promised EDD (2026-03-02) and is still showing 'Out of delivery'. Proactively contact the customer with a revised delivery estimate before they contact us.",An update on your order,Order #101214623490 is taking longer than expected. We're actively tracking it and will share an updated delivery estimate shortly. Sorry for the wait.,Route to NDR Recovery Agent — customer contact for reattempt,AI_PREDICTED (risk score) + MOCK (message content — no real push notification or care-team ticket is actually sent; see docs/data_assumptions.md)
8CD72C82F0,AWB4422573849,100814554966,Carrier D,National,Gumla,In-Transit,2026-03-02,-3,True,46.0,Medium,0,P1 - Urgent,"AWB AWB4422573849 (Gumla, National lane) has PASSED its promised EDD (2026-03-02) and is still showing 'In-Transit'. Proactively contact the customer with a revised delivery estimate before they contact us.",An update on your order,Order #100814554966 is taking longer than expected. We're actively tracking it and will share an updated delivery estimate shortly. Sorry for the wait.,Send proactive delivery-reminder notification; monitor next scan,AI_PREDICTED (risk score) + MOCK (message content — no real push notification or care-team ticket is actually sent; see docs/data_assumptions.md)
64F1185241,AWB0979682537,101114608602,Carrier C,Regional,Hoshangabad,In-Transit,2026-03-04,-1,True,40.0,Medium,0,P1 - Urgent,"AWB AWB0979682537 (Hoshangabad, Regional lane) has PASSED its promised EDD (2026-03-04) and is still showing 'In-Transit'. Proactively contact the customer with a revised delivery estimate before they contact us.",An update on your order,Order #101114608602 is taking longer than expected. We're actively tracking it and will share an updated delivery estimate shortly. Sorry for the wait.,Send proactive delivery-reminder notification; monitor next scan,AI_PREDICTED (risk score) + MOCK (message content — no real push notification or care-team ticket is actually sent; see docs/data_assumptions.md)
19FA6D0C83,AWB2231783547,100514515794,Carrier B,National,Kapurthala,In-Transit,2026-03-04,-1,True,47.7,Medium,0,P1 - Urgent,"AWB AWB2231783547 (Kapurthala, National lane) has PASSED its promised EDD (2026-03-04) and is still showing 'In-Transit'. Proactively contact the customer with a revised delivery estimate before they contact us.",An update on your order,Order #100514515794 is taking longer than expected. We're actively tracking it and will share an updated delivery estimate shortly. Sorry for the wait.,Send proactive delivery-reminder notification; monitor next scan,AI_PREDICTED (risk score) + MOCK (message content — no real push notification or care-team ticket is actually sent; see docs/data_assumptions.md)
B7ED27445A,AWB8603277191,101014585971,Carrier B,Regional,Raigarh,In-Transit,2026-03-05,0,False,60.4,High,0,P1 - Urgent,"AWB AWB8603277191 (Raigarh, Regional lane) is 60.4% likely to miss its EDD of 2026-03-05 (0 day(s) away). Reason: Carrier B historical EDD adherence is 67% on this sample; pickup SLA already breached",Your order may arrive a little later than planned,"Order #101014585971 is on its way, but there's a chance it may not arrive by 2026-03-05. We're on it — no action needed from you right now.",Proactive customer outreach + prioritize reattempt slot within 24h; flag to carrier ops,AI_PREDICTED (risk score) + MOCK (message content — no real push notification or care-team ticket is actually sent; see docs/data_assumptions.md)
9ECA573F8C,AWB4489000329,101314632522,Carrier D,National,Krishna,In-Transit,2026-03-06,1,False,44.9,Medium,0,P2 - High,"AWB AWB4489000329 (Krishna, National lane) is 44.9% likely to miss its EDD of 2026-03-06 (1 day(s) away). Reason: Carrier D historical EDD adherence is 67% on this sample",Your order may arrive a little later than planned,"Order #101314632522 is on its way, but there's a chance it may not arrive by 2026-03-06. We're on it — no action needed from you right now.",Send proactive delivery-reminder notification; monitor next scan,AI_PREDICTED (risk score) + MOCK (message content — no real push notification or care-team ticket is actually sent; see docs/data_assumptions.md)
5804559658,AWB7191825644,101114595806,Carrier D,National,Chittoor,In-Transit,2026-03-06,1,False,43.8,Medium,0,P2 - High,"AWB AWB7191825644 (Chittoor, National lane) is 43.8% likely to miss its EDD of 2026-03-06 (1 day(s) away). Reason: Carrier D historical EDD adherence is 67% on this sample; pickup SLA already breached; long-haul lane (~907 km)",Your order may arrive a little later than planned,"Order #101114595806 is on its way, but there's a chance it may not arrive by 2026-03-06. We're on it — no action needed from you right now.",Send proactive delivery-reminder notification; monitor next scan,AI_PREDICTED (risk score) + MOCK (message content — no real push notification or care-team ticket is actually sent; see docs/data_assumptions.md)
9BC6CECC80,AWB3804100004,100814551851,Carrier C,Regional,Durg,In-Transit,2026-03-06,1,False,43.0,Medium,0,P2 - High,"AWB AWB3804100004 (Durg, Regional lane) is 43.0% likely to miss its EDD of 2026-03-06 (1 day(s) away). Reason: Carrier C historical EDD adherence is 71% on this sample; pickup SLA already breached",Your order may arrive a little later than planned,"Order #100814551851 is on its way, but there's a chance it may not arrive by 2026-03-06. We're on it — no action needed from you right now.",Send proactive delivery-reminder notification; monitor next scan,AI_PREDICTED (risk score) + MOCK (message content — no real push notification or care-team ticket is actually sent; see docs/data_assumptions.md)
F759D5811C,AWB6121121783,100914572686,Carrier D,National,Ganganagar,In-Transit,2026-03-06,1,False,47.0,Medium,0,P2 - High,"AWB AWB6121121783 (Ganganagar, National lane) is 47.0% likely to miss its EDD of 2026-03-06 (1 day(s) away). Reason: Carrier D historical EDD adherence is 67% on this sample; pickup SLA already breached",Your order may arrive a little later than planned,"Order #100914572686 is on its way, but there's a chance it may not arrive by 2026-03-06. We're on it — no action needed from you right now.",Send proactive delivery-reminder notification; monitor next scan,AI_PREDICTED (risk score) + MOCK (message content — no real push notification or care-team ticket is actually sent; see docs/data_assumptions.md)
5A826A76C5,AWB2047809300,101414647462,Carrier A,National,Ajmer,In-Transit,2026-03-06,1,False,45.0,Medium,0,P2 - High,"AWB AWB2047809300 (Ajmer, National lane) is 45.0% likely to miss its EDD of 2026-03-06 (1 day(s) away). Reason: Carrier A historical EDD adherence is 66% on this sample",Your order may arrive a little later than planned,"Order #101414647462 is on its way, but there's a chance it may not arrive by 2026-03-06. We're on it — no action needed from you right now.",Send proactive delivery-reminder notification; monitor next scan,AI_PREDICTED (risk score) + MOCK (message content — no real push notification or care-team ticket is actually sent; see docs/data_assumptions.md)
968DADD764,AWB5809317133,100914570637,Carrier D,National,Malappuram,In-Transit,2026-03-06,1,False,43.5,Medium,0,P2 - High,"AWB AWB5809317133 (Malappuram, National lane) is 43.5% likely to miss its EDD of 2026-03-06 (1 day(s) away). Reason: Carrier D historical EDD adherence is 67% on this sample; long-haul lane (~1381 km)",Your order may arrive a little later than planned,"Order #100914570637 is on its way, but there's a chance it may not arrive by 2026-03-06. We're on it — no action needed from you right now.",Send proactive delivery-reminder notification; monitor next scan,AI_PREDICTED (risk score) + MOCK (message content — no real push notification or care-team ticket is actually sent; see docs/data_assumptions.md)
BDE3C64468,AWB7734251434,100914569088,Carrier A,Regional,Amravati,In-Transit,2026-03-06,1,False,53.2,Medium,0,P2 - High,"AWB AWB7734251434 (Amravati, Regional lane) is 53.2% likely to miss its EDD of 2026-03-06 (1 day(s) away). Reason: Carrier A historical EDD adherence is 66% on this sample; pickup SLA already breached",Your order may arrive a little later than planned,"Order #100914569088 is on its way, but there's a chance it may not arrive by 2026-03-06. We're on it — no action needed from you right now.",Send proactive delivery-reminder notification; monitor next scan,AI_PREDICTED (risk score) + MOCK (message content — no real push notification or care-team ticket is actually sent; see docs/data_assumptions.md)
CF2E8197B0,AWB6250435166,100614537243,Carrier C,National,Bareilly,In-Transit,2026-03-06,1,False,54.6,Medium,0,P2 - High,"AWB AWB6250435166 (Bareilly, National lane) is 54.6% likely to miss its EDD of 2026-03-06 (1 day(s) away). Reason: National lane has a below-average historical EDD rate (68%); Carrier C historical EDD adherence is 71% on this sample; long-haul lane (~1189 km)",Your order may arrive a little later than planned,"Order #100614537243 is on its way, but there's a chance it may not arrive by 2026-03-06. We're on it — no action needed from you right now.",Send proactive delivery-reminder notification; monitor next scan,AI_PREDICTED (risk score) + MOCK (message content — no real push notification or care-team ticket is actually sent; see docs/data_assumptions.md)
C0CEDCD4E9,AWB1914038037,92814413924,Carrier D,National,Valsad,In-Transit,2026-03-07,2,False,54.5,Medium,0,P3 - Standard,"AWB AWB1914038037 (Valsad, National lane) is 54.5% likely to miss its EDD of 2026-03-07 (2 day(s) away). Reason: Carrier D historical EDD adherence is 67% on this sample; pickup SLA already breached",Your order may arrive a little later than planned,"Order #92814413924 is on its way, but there's a chance it may not arrive by 2026-03-07. We're on it — no action needed from you right now.",Send proactive delivery-reminder notification; monitor next scan,AI_PREDICTED (risk score) + MOCK (message content — no real push notification or care-team ticket is actually sent; see docs/data_assumptions.md)
